{"type":"FeatureCollection","metadata":{"generated":1640873095000,"url":"https://earthquake.usgs.gov/earthquakes/feed/v1.0/summary/all_week.geojson","title":"USGS All Earthquakes, Past Week","status":200,"api":"1.10.3","count":1395},"features":[{"type":"Feature","properties":{"mag":2.4,"place":"12 km E of Glacier View, Alaska","time":1640871599565,"updated":1640872079770,"tz":null,"url":"https://earthquake.usgs.gov/earthquakes/eventpage/ak021gq7lg50","detail":"https://earthquake.usgs.gov/earthquakes/feed/v1.0/detail/ak021gq7lg50.geojson","felt":null,"cdi":null,"mmi":null,"alert":null,"status":"automatic","tsunami":0,"sig":89,"net":"ak","code":"021gq7lg50","ids":",ak021gq7lg50,","sources":",ak,","types":",origin,","nst":null,"dmin":null,"rms":0.65,"gap":null,"magType":"ml","type":"earthquake","title":"M 2.4 - 12 km E of Glacier View, Alaska"},"geometry":{"type":"Point","coordinates":[-147.4181,61.8216,79.9]},"id":"ak021gq7lg50"},
{"type":"Feature","properties":{"mag":4.9,"place":"46 km SW of Karluk, Alaska","time":1640870676360,"updated":1640873008345,"tz":null,"url":"https://earthquake.usgs.gov/earthquakes/eventpage/ak021gq7i6k6","detail":"https://earthquake.usgs.gov/earthquakes/feed/v1.0/detail/ak021gq7i6k6.geojson","felt":7,"cdi":3.1,"mmi":3.766,"alert":null,"status":"reviewed","tsunami":1,"sig":372,"net":"ak","code":"021gq7i6k6","ids":",ak021gq7i6k6,at00r4xjx0,us7000g7yj,","sources":",ak,at,us,","types":",dyfi,impact-link,origin,phase-data,shakemap,","nst":null,"dmin":null,"rms":0.41,"gap":null,"magType":"ml","type":"earthquake","title":"M 4.9 - 46 km SW of Karluk, Alaska"},"geometry":{"type":"Point","coordinates":[-154.9548,57.2462,57.8]},"id":"ak021gq7i6k6"},
{"type":"Feature","properties":{"mag":5.4,"place":"Molucca Sea","time":1640869999615,"updated":1640871747902,"tz":null,"url":"https://earthquake.usgs.gov/earthquakes/eventpage/us7000g7yh","detail":"https://earthquake.usgs.gov/earthquakes/feed/v1.0/detail/us7000g7yh.geojson","felt":null,"cdi":null,"mmi":3.401,"alert":"green","status":"reviewed","tsunami":0,"sig":449,"net":"us","code":"7000g7yh","ids":",us7000g7yh,","sources":",us,","types":",losspager,origin,phase-data,shakemap,","nst":null,"dmin":2.317,"rms":1.41,"gap":45,"magType":"mww","type":"earthquake","title":"M 5.4 - Molucca Sea"},"geometry":{"type":"Point","coordinates":[125.2453,-0.1663,59.61]},"id":"us7000g7yh"},
{"type":"Feature","properties":{"mag":0.8,"place":"3km NNW of Palomar Observatory, CA","time":1640868368820,"updated":1640868584498,"tz":null,"url":"https://earthquake.usgs.gov/earthquakes/eventpage/ci39899007","detail":"https://earthquake.usgs.gov/earthquakes/feed/v1.0/detail/ci39899007.geojson","felt":null,"cdi":null,"mmi":null,"alert":null,"status":"automatic","tsunami":0,"sig":10,"net":"ci","code":"39899007","ids":",ci39899007,","sources":",ci,","types":",nearby-cities,origin,phase-data,scitech-link,","nst":22,"dmin":0.1287,"rms":0.22,"gap":85,"magType":"ml","type":"earthquake","title":"M 0.8 - 3km NNW of Palomar Observatory, CA"},"geometry":{"type":"Point","coordinates":[-116.8783333,33.3798333,9.83]},"id":"ci39899007"},
{"type":"Feature","properties":{"mag":1.37,"place":"3km NNW of Palomar Observatory, CA","time":1640868229630,"updated":1640868907970,"tz":null,"url":"https://earthquake.usgs.gov/earthquakes/eventpage/ci39898999","detail":"https://earthquake.usgs.gov/earthquakes/feed/v1.0/detail/ci39898999.geojson","felt":null,"cdi":null,"mmi":null,"alert":null,"status":"automatic","tsunami":0,"sig":29,"net":"ci","code":"39898999","ids":",ci39898999,","sources":",ci,","types":",focal-mechanism,nearby-cities,origin,phase-data,scitech-link,","nst":49,"dmin":0.0294,"rms":0.2,"gap":26,"magType":"ml","type":"earthquake","title":"M 1.4 - 3km NNW of Palomar Observatory, CA"},"geometry":{"type":"Point","coordinates":[-116.8801667,33.3791667,5.42]},"id":"ci39898999"},
{"type":"Feature","properties":{"mag":2.51,"place":"6 km E of Elgin, South Carolina","time":1640866291310,"updated":1640872871664,"tz":null,"url":"https://earthquake.usgs.gov/earthquakes/eventpage/se60377991","detail":"https://earthquake.usgs.gov/earthquakes/feed/v1.0/detail/se60377991.geojson","felt":312,"cdi":3.4,"mmi":null,"alert":null,"status":"reviewed","tsunami":0,"sig":203,"net":"se","code":"60377991","ids":",se60377991,us7000g7y9,","sources":",se,us,","types":",dyfi,origin,phase-data,","nst":15,"dmin":0.3135,"rms":0.37,"gap":62,"magType":"md","type":"earthquake","title":"M 2.5 - 6 km E of Elgin, South Carolina"},"geometry":{"type":"Point","coordinates":[-80.7225,34.1685,2.51]},"id":"se60377991"},
{"type":"Feature","properties":{"mag":2,"place":"8 km W of Entiat, Washington","time":1640865767160,"updated":1640865907970,"tz":null,"url":"https://earthquake.usgs.gov/earthquakes/eventpage/uw61799847","detail":"https://earthquake.usgs.gov/earthquakes/feed/v1.0/detail/uw61799847.geojson","felt":null,"cdi":null,"mmi":null,"alert":null,"status":"automatic","tsunami":0,"sig":62,"net":"uw","code":"61799847","ids":",uw61799847,","sources":",uw,","types":",origin,phase-data,","nst":12,"dmin":null,"rms":0.0700000003,"gap":112,"magType":"md","type":"earthquake","title":"M 2.0 - 8 km W of Entiat, Washington"},"geometry":{"type":"Point","coordinates":[-120.324836730957,47.6768341064453,3.61999988555908]},"id":"uw61799847"},
{"type":"Feature","properties":{"mag":1.75,"place":"27 km W of Volcano, Hawaii","time":1640864887500,"updated":1640865076190,"tz":null,"url":"https://earthquake.usgs.gov/earthquakes/eventpage/hv72851452","detail":"https://earthquake.usgs.gov/earthquakes/feed/v1.0/detail/hv72851452.geojson","felt":null,"cdi":null,"mmi":null,"alert":null,"status":"automatic","tsunami":0,"sig":47,"net":"hv","code":"72851452","ids":",hv72851452,","sources":",hv,","types":",origin,phase-data,","nst":28,"dmin":null,"rms":0.310000002,"gap":100,"magType":"md","type":"earthquake","title":"M 1.8 - 27 km W of Volcano, Hawaii"},"geometry":{"type":"Point","coordinates":[-155.491836547852,19.4783325195312,-1.92999994754791]},"id":"hv72851452"},
{"type":"Feature","properties":{"mag":1.3,"place":"15 km SW of North Pole, Alaska","time":1640863827137,"updated":1640864122872,"tz":null,"url":"https://earthquake.usgs.gov/earthquakes/eventpage/ak021gq6ckzk","detail":"https://earthquake.usgs.gov/earthquakes/feed/v1.0/detail/ak021gq6ckzk.geojson","felt":null,"cdi":null,"mmi":null,"alert":null,"status":"automatic","tsunami":0,"sig":26,"net":"ak","code":"021gq6ckzk","ids":",ak021gq6ckzk,","sources":",ak,","types":",origin,","nst":null,"dmin":null,"rms":0.58,"gap":null,"magType":"ml","type":"earthquake","title":"M 1.3 - 15 km SW of North Pole, Alaska"},"geometry":{"type":"Point","coordinates":[-147.5928,64.6564,17.3]},"id":"ak021gq6ckzk"},
{"type":"Feature","properties":{"mag":2.04999995,"place":"7 km E of Pāhala, Hawaii","time":1640862212160,"updated":1640862397050,"tz":null,"url":"https://earthquake.usgs.gov/earthquakes/eventpage/hv72851412","detail":"https://earthquake.usgs.gov/earthquakes/feed/v1.0/detail/hv72851412.geojson","felt":null,"cdi":null,"mmi":null,"alert":null,"status":"automatic","tsunami":0,"sig":65,"net":"hv","code":"72851412","ids":",hv72851412,","sources":",hv,","types":",origin,phase-data,","nst":35,"dmin":null,"rms":0.119999997,"gap":171,"magType":"md","type":"earthquake","title":"M 2.0 - 7 km E of Pāhala, Hawaii"},"geometry":{"type":"Point","coordinates":[-155.410003662109,19.1984996795654,31.5799999237061]},"id":"hv72851412"},
{"type":"Feature","properties":{"mag":0.87,"place":"3km NNW of Palomar Observatory, CA","time":1640862014430,"updated":1640862231868,"tz":null,"url":"https://earthquake.usgs.gov/earthquakes/eventpage/ci39898991","detail":"https://earthquake.usgs.gov/earthquakes/feed/v1.0/detail/ci39898991.geojson","felt":null,"cdi":null,"mmi":null,"alert":null,"status":"automatic","tsunami":0,"sig":12,"net":"ci","code":"39898991","ids":",ci39898991,","sources":",ci,","types":",nearby-cities,origin,phase-data,scitech-link,","nst":28,"dmin":0.03036,"rms":0.22,"gap":41,"magType":"ml","type":"earthquake","title":"M 0.9 - 3km NNW of Palomar Observatory, CA"},"geometry":{"type":"Point","coordinates":[-116.8796667,33.3805,6.44]},"id":"ci39898991"},
{"type":"Feature","properties":{"mag":2.5,"place":"20 km N of Stanton, Texas","time":1640861581257,"updated":1640872816328,"tz":null,"url":"https://earthquake.usgs.gov/earthquakes/eventpage/us7000g7y0","detail":"https://earthquake.usgs.gov/earthquakes/feed/v1.0/detail/us7000g7y0.geojson","felt":1,"cdi":2.9,"mmi":null,"alert":null,"status":"reviewed","tsunami":0,"sig":96,"net":"us","code":"7000g7y0","ids":",us7000g7y0,","sources":",us,","types":",dyfi,origin,phase-data,","nst":null,"dmin":0.321,"rms":0.63,"gap":33,"magType":"mb_lg","type":"earthquake","title":"M 2.5 - 20 km N of Stanton, Texas"},"geometry":{"type":"Point","coordinates":[-101.7837,32.3103,1.97]},"id":"us7000g7y0"},
{"type":"Feature","properties":{"mag":2.22,"place":"6 km ENE of Pāhala, Hawaii","time":1640860902500,"updated":1640861233050,"tz":null,"url":"https://earthquake.usgs.gov/earthquakes/eventpage/hv72851387","detail":"https://earthquake.usgs.gov/earthquakes/feed/v1.0/detail/hv72851387.geojson","felt":null,"cdi":null,"mmi":null,"alert":null,"status":"automatic","tsunami":0,"sig":76,"net":"hv","code":"72851387","ids":",hv72851387,","sources":",hv,","types":",origin,phase-data,","nst":44,"dmin":null,"rms":0.119999997,"gap":125,"magType":"ml","type":"earthquake","title":"M 2.2 - 6 km ENE of Pāhala, Hawaii"},"geometry":{"type":"Point","coordinates":[-155.424331665039,19.236499786377,33.0900001525879]},"id":"hv72851387"},
{"type":"Feature","properties":{"mag":1.1,"place":"Southern Alaska","time":1640860772894,"updated":1640860966380,"tz":null,"url":"https://earthquake.usgs.gov/earthquakes/eventpage/ak021gq5t39l","detail":"https://earthquake.usgs.gov/earthquakes/feed/v1.0/detail/ak021gq5t39l.geojson","felt":null,"cdi":null,"mmi":null,"alert":null,"status":"automatic","tsunami":0,"sig":19,"net":"ak","code":"021gq5t39l","ids":",ak021gq5t39l,","sources":",ak,","types":",origin,","nst":null,"dmin":null,"rms":0.37,"gap":null,"magType":"ml","type":"earthquake","title":"M 1.1 - Southern Alaska"},"geometry":{"type":"Point","coordinates":[-149.3855,61.8979,18]},"id":"ak021gq5t39l"},
{"type":"Feature","properties":{"mag":2,"place":"35 km WSW of Salamatof, Alaska","time":1640860402050,"updated":1640863020477,"tz":null,"url":"https://earthquake.usgs.gov/earthquakes/eventpage/ak021gq5rs35","detail":"https://earthquake.usgs.gov/earthquakes/feed/v1.0/detail/ak021gq5rs35.geojson","felt":null,"cdi":null,"mmi":null,"alert":null,"status":"automatic","tsunami":0,"sig":62,"net":"ak","code":"021gq5rs35","ids":",ak021gq5rs35,","sources":",ak,","types":",origin,","nst":null,"dmin":null,"rms":0.53,"gap":null,"magType":"ml","type":"earthquake","title":"M 2.0 - 35 km WSW of Salamatof, Alaska"},"geometry":{"type":"Point","coordinates":[-151.9144,60.4998,65.2]},"id":"ak021gq5rs35"},
{"type":"Feature","properties":{"mag":4.5,"place":"232 km W of Hihifo, Tonga","time":1640859288681,"updated":1640860263040,"tz":null,"url":"https://earthquake.usgs.gov/earthquakes/eventpage/us7000g7xu","detail":"https://earthquake.usgs.gov/earthquakes/feed/v1.0/detail/us7000g7xu.geojson","felt":null,"cdi":null,"mmi":null,"alert":null,"status":"reviewed","tsunami":0,"sig":312,"net":"us","code":"7000g7xu","ids":",us7000g7xu,","sources":",us,","types":",origin,phase-data,","nst":null,"dmin":4.648,"rms":0.72,"gap":125,"magType":"mb","type":"earthquake","title":"M 4.5 - 232 km W of Hihifo, Tonga"},"geometry":{"type":"Point","coordinates":[-175.9522,-16.2429,359.44]},"id":"us7000g7xu"},
{"type":"Feature","properties":{"mag":2.03,"place":"8km SW of Petrolia, CA","time":1640858993750,"updated":1640864950688,"tz":null,"url":"https://earthquake.usgs.gov/earthquakes/eventpage/nc73669241","detail":"https://earthquake.usgs.gov/earthquakes/feed/v1.0/detail/nc73669241.geojson","felt":null,"cdi":null,"mmi":null,"alert":null,"status":"automatic","tsunami":0,"sig":63,"net":"nc","code":"73669241","ids":",nc73669241,","sources":",nc,","types":",nearby-cities,origin,phase-data,scitech-link,","nst":9,"dmin":0.07207,"rms":0.03,"gap":286,"magType":"md","type":"earthquake","title":"M 2.0 - 8km SW of Petrolia, CA"},"geometry":{"type":"Point","coordinates":[-124.3598328,40.2788315,19.86]},"id":"nc73669241"},
{"type":"Feature","properties":{"mag":1.01,"place":"19km E of Little Lake, CA","time":1640858845190,"updated":1640859053386,"tz":null,"url":"https://earthquake.usgs.gov/earthquakes/eventpage/ci39898983","detail":"https://earthquake.usgs.gov/earthquakes/feed/v1.0/detail/ci39898983.geojson","felt":null,"cdi":null,"mmi":null,"alert":null,"status":"automatic","tsunami":0,"sig":16,"net":"ci","code":"39898983","ids":",ci39898983,","sources":",ci,","types":",nearby-cities,origin,phase-data,scitech-link,","nst":15,"dmin":0.05984,"rms":0.1,"gap":68,"magType":"ml","type":"earthquake","title":"M 1.0 - 19km E of Little Lake, CA"},"geometry":{"type":"Point","coordinates":[-117.7001667,35.9036667,4.13]},"id":"ci39898983"},
{"type":"Feature","properties":{"mag":2.52,"place":"36km W of Petrolia, CA","time":1640858550650,"updated":1640863932059,"tz":null,"url":"https://earthquake.usgs.gov/earthquakes/eventpage/nc73669236","detail":"https://earthquake.usgs.gov/earthquakes/feed/v1.0/detail/nc73669236.geojson","felt":null,"cdi":null,"mmi":null,"alert":null,"status":"automatic","tsunami":0,"sig":98,"net":"nc","code":"73669236","ids":",nc73669236,","sources":",nc,","types":",nearby-cities,origin,phase-data,scitech-link,","nst":13,"dmin":0.3748,"rms":0.06,"gap":275,"magType":"md","type":"earthquake","title":"M 2.5 - 36km W of Petrolia, CA"},"geometry":{"type":"Point","coordinates":[-124.7109985,40.2835007,13.69]},"id":"nc73669236"},
{"type":"Feature","properties":{"mag":1.5,"place":"13km ENE of Ridgecrest, CA","time":1640857921040,"updated":1640858147426,"tz":null,"url":"https://earthquake.usgs.gov/earthquakes/eventpage/ci39898975","detail":"https://earthquake.usgs.gov/earthquakes/feed/v1.0/detail/ci39898975.geojson","felt":null,"cdi":null,"mmi":null,"alert":null,"status":"automatic","tsunami":0,"sig":35,"net":"ci","code":"39898975","ids":",ci39898975,","sources":",ci,","types":",nearby-cities,origin,phase-data,scitech-link,","nst":20,"dmin":0.09338,"rms":0.19,"gap":127,"magType":"ml","type":"earthquake","title":"M 1.5 - 13km ENE of Ridgecrest, CA"},"geometry":{"type":"Point","coordinates":[-117.5385,35.6563333,2.2]},"id":"ci39898975"},
{"type":"Feature","properties":{"mag":0.93,"place":"11km NE of Ocotillo Wells, CA","time":1640857756090,"updated":1640857962413,"tz":null,"url":"https://earthquake.usgs.gov/earthquakes/eventpage/ci39898967","detail":"https://earthquake.usgs.gov/earthquakes/feed/v1.0/detail/ci39898967.geojson","felt":null,"cdi":null,"mmi":null,"alert":null,"status":"automatic","tsunami":0,"sig":13,"net":"ci","code":"39898967","ids":",ci39898967,","sources":",ci,","types":",nearby-cities,origin,phase-data,scitech-link,","nst":15,"dmin":0.1152,"rms":0.19,"gap":83,"magType":"ml","type":"earthquake","title":"M 0.9 - 11km NE of Ocotillo Wells, CA"},"geometry":{"type":"Point","coordinates":[-116.0526667,33.2185,5.33]},"id":"ci39898967"},
{"type":"Feature","properties":{"mag":1.9,"place":"48 km NW of Skwentna, Alaska","time":1640857360248,"updated":1640857699156,"tz":null,"url":"https://earthquake.usgs.gov/earthquakes/eventpage/ak021gq58bdd","detail":"https://earthquake.usgs.gov/earthquakes/feed/v1.0/detail/ak021gq58bdd.geojson","felt":null,"cdi":null,"mmi":null,"alert":null,"status":"automatic","tsunami":0,"sig":56,"net":"ak","code":"021gq58bdd","ids":",ak021gq58bdd,","sources":",ak,","types":",origin,","nst":null,"dmin":null,"rms":0.6,"gap":null,"magType":"ml","type":"earthquake","title":"M 1.9 - 48 km NW of Skwentna, Alaska"},"geometry":{"type":"Point","coordinates":[-152.1668,62.2409,100.9]},"id":"ak021gq58bdd"},
{"type":"Feature","properties":{"mag":4.7,"place":"Mauritius - Reunion region","time":1640857142474,"updated":1640859543040,"tz":null,"url":"https://earthquake.usgs.gov/earthquakes/eventpage/us7000g7xq","detail":"https://earthquake.usgs.gov/earthquakes/feed/v1.0/detail/us7000g7xq.geojson","felt":null,"cdi":null,"mmi":null,"alert":null,"status":"reviewed","tsunami":0,"sig":340,"net":"us","code":"7000g7xq","ids":",us7000g7xq,","sources":",us,","types":",origin,phase-data,","nst":null,"dmin":3.007,"rms":0.66,"gap":142,"magType":"mb","type":"earthquake","title":"M 4.7 - Mauritius - Reunion region"},"geometry":{"type":"Point","coordinates":[66.5406,-20.1407,17.22]},"id":"us7000g7xq"},
{"type":"Feature","properties":{"mag":2.1099999,"place":"3 km SE of Pāhala, Hawaii","time":1640856948200,"updated":1640857136270,"tz":null,"url":"https://earthquake.usgs.gov/earthquakes/eventpage/hv72851322","detail":"https://earthquake.usgs.gov/earthquakes/feed/v1.0/detail/hv72851322.geojson","felt":null,"cdi":null,"mmi":null,"alert":null,"status":"automatic","tsunami":0,"sig":68,"net":"hv","code":"72851322","ids":",hv72851322,","sources":",hv,","types":",origin,phase-data,","nst":38,"dmin":null,"rms":0.100000001,"gap":118,"magType":"md","type":"earthquake","title":"M 2.1 - 3 km SE of Pāhala, Hawaii"},"geometry":{"type":"Point","coordinates":[-155.457992553711,19.1825008392334,37.2599983215332]},"id":"hv72851322"},
{"type":"Feature","properties":{"mag":1.09,"place":"22km NW of Parkfield, CA","time":1640856856710,"updated":1640861531730,"tz":null,"url":"https://earthquake.usgs.gov/earthquakes/eventpage/nc73669231","detail":"https://earthquake.usgs.gov/earthquakes/feed/v1.0/detail/nc73669231.geojson","felt":null,"cdi":null,"mmi":null,"alert":null,"status":"automatic","tsunami":0,"sig":18,"net":"nc","code":"73669231","ids":",nc73669231,","sources":",nc,","types":",nearby-cities,origin,phase-data,scitech-link,","nst":10,"dmin":0.03139,"rms":0.06,"gap":106,"magType":"md","type":"earthquake","title":"M 1.1 - 22km NW of Parkfield, CA"},"geometry":{"type":"Point","coordinates":[-120.6039963,36.0379982,2.32]},"id":"nc73669231"},
{"type":"Feature","properties":{"mag":1.96000004,"place":"3 km SE of Pāhala, Hawaii","time":1640856313900,"updated":1640856508020,"tz":null,"url":"https://earthquake.usgs.gov/earthquakes/eventpage/hv72851317","detail":"https://earthquake.usgs.gov/earthquakes/feed/v1.0/detail/hv72851317.geojson","felt":null,"cdi":null,"mmi":null,"alert":null,"status":"automatic","tsunami":0,"sig":59,"net":"hv","code":"72851317","ids":",hv72851317,","sources":",hv,","types":",origin,phase-data,","nst":37,"dmin":null,"rms":0.0900000036,"gap":121,"magType":"md","type":"earthquake","title":"M 2.0 - 3 km SE of Pāhala, Hawaii"},"geometry":{"type":"Point","coordinates":[-155.456665039062,19.1801662445068,37.5999984741211]},"id":"hv72851317"},
{"type":"Feature","properties":{"mag":1.4,"place":"15 km SW of North Pole, Alaska","time":1640855929970,"updated":1640856656866,"tz":null,"url":"https://earthquake.usgs.gov/earthquakes/eventpage/ak021gq536y7","detail":"https://earthquake.usgs.gov/earthquakes/feed/v1.0/detail/ak021gq536y7.geojson","felt":null,"cdi":null,"mmi":null,"alert":null,"status":"automatic","tsunami":0,"sig":30,"net":"ak","code":"021gq536y7","ids":",ak021gq536y7,","sources":",ak,","types":",origin,","nst":null,"dmin":null,"rms":1.01,"gap":null,"magType":"ml","type":"earthquake","title":"M 1.4 - 15 km SW of North Pole, Alaska"},"geometry":{"type":"Point","coordinates":[-147.5728,64.6524,5.8]},"id":"ak021gq536y7"},
{"type":"Feature","properties":{"mag":1.76,"place":"14km SE of Anza, CA","time":1640855859430,"updated":1640856501690,"tz":null,"url":"https://earthquake.usgs.gov/earthquakes/eventpage/ci39898959","detail":"https://earthquake.usgs.gov/earthquakes/feed/v1.0/detail/ci39898959.geojson","felt":null,"cdi":null,"mmi":null,"alert":null,"status":"automatic","tsunami":0,"sig":48,"net":"ci","code":"39898959","ids":",ci39898959,","sources":",ci,","types":",focal-mechanism,nearby-cities,origin,phase-data,scitech-link,","nst":62,"dmin":0.04277,"rms":0.21,"gap":22,"magType":"ml","type":"earthquake","title":"M 1.8 - 14km SE of Anza, CA"},"geometry":{"type":"Point","coordinates":[-116.5876667,33.4545,9.98]},"id":"ci39898959"},
{"type":"Feature","properties":{"mag":1.06,"place":"14km N of Ocotillo Wells, CA","time":1640855585630,"updated":1640855799465,"tz":null,"url":"https://earthquake.usgs.gov/earthquakes/eventpage/ci39898951","detail":"https://earthquake.usgs.gov/earthquakes/feed/v1.0/detail/ci39898951.geojson","felt":null,"cdi":null,"mmi":null,"alert":null,"status":"automatic","tsunami":0,"sig":17,"net":"ci","code":"39898951","ids":",ci39898951,","sources":",ci,","types":",nearby-cities,origin,phase-data,scitech-link,","nst":35,"dmin":0.1124,"rms":0.26,"gap":38,"magType":"ml","type":"earthquake","title":"M 1.1 - 14km N of Ocotillo Wells, CA"},"geometry":{"type":"Point","coordinates":[-116.1366667,33.2653333,3.85]},"id":"ci39898951"},
{"type":"Feature","properties":{"mag":1.79999995,"place":"10 km ENE of Pāhala, Hawaii","time":1640855338700,"updated":1640855534190,"tz":null,"url":"https://earthquake.usgs.gov/earthquakes/eventpage/hv72851312","detail":"https://earthquake.usgs.gov/earthquakes/feed/v1.0/detail/hv72851312.geojson","felt":null,"cdi":null,"mmi":null,"alert":null,"status":"automatic","tsunami":0,"sig":50,"net":"hv","code":"72851312","ids":",hv72851312,","sources":",hv,","types":",origin,phase-data,","nst":40,"dmin":null,"rms":0.0900000036,"gap":149,"magType":"md","type":"earthquake","title":"M 1.8 - 10 km ENE of Pāhala, Hawaii"},"geometry":{"type":"Point","coordinates":[-155.387329101562,19.228666305542,29.7399997711182]},"id":"hv72851312"},
{"type":"Feature","properties":{"mag":1.6,"place":"64 km SE of Denali National Park, Alaska","time":1640854408842,"updated":1640854822751,"tz":null,"url":"https://earthquake.usgs.gov/earthquakes/eventpage/ak021gq4p7rc","detail":"https://earthquake.usgs.gov/earthquakes/feed/v1.0/detail/ak021gq4p7rc.geojson","felt":null,"cdi":null,"mmi":null,"alert":null,"status":"automatic","tsunami":0,"sig":39,"net":"ak","code":"021gq4p7rc","ids":",ak021gq4p7rc,","sources":",ak,","types":",origin,","nst":null,"dmin":null,"rms":0.66,"gap":null,"magType":"ml","type":"earthquake","title":"M 1.6 - 64 km SE of Denali National Park, Alaska"},"geometry":{"type":"Point","coordinates":[-150.6707,63.2109,5.9]},"id":"ak021gq4p7rc"},
{"type":"Feature","properties":{"mag":4.9,"place":"61 km NE of Hirara, Japan","time":1640853936015,"updated":1640856100040,"tz":null,"url":"https://earthquake.usgs.gov/earthquakes/eventpage/us7000g7xd","detail":"https://earthquake.usgs.gov/earthquakes/feed/v1.0/detail/us7000g7xd.geojson","felt":null,"cdi":null,"mmi":null,"alert":null,"status":"reviewed","tsunami":0,"sig":369,"net":"us","code":"7000g7xd","ids":",us7000g7xd,","sources":",us,","types":",origin,phase-data,","nst":null,"dmin":2.535,"rms":0.91,"gap":82,"magType":"mb","type":"earthquake","title":"M 4.9 - 61 km NE of Hirara, Japan"},"geometry":{"type":"Point","coordinates":[125.6691,25.2464,11.4]},"id":"us7000g7xd"},
{"type":"Feature","properties":{"mag":0.41,"place":"13km WNW of Anza, CA","time":1640853239060,"updated":1640853459128,"tz":null,"url":"https://earthquake.usgs.gov/earthquakes/eventpage/ci39898943","detail":"https://earthquake.usgs.gov/earthquakes/feed/v1.0/detail/ci39898943.geojson","felt":null,"cdi":null,"mmi":null,"alert":null,"status":"automatic","tsunami":0,"sig":3,"net":"ci","code":"39898943","ids":",ci39898943,","sources":",ci,","types":",nearby-cities,origin,phase-data,scitech-link,","nst":19,"dmin":0.03986,"rms":0.14,"gap":56,"magType":"ml","type":"earthquake","title":"M 0.4 - 13km WNW of Anza, CA"},"geometry":{"type":"Point","coordinates":[-116.8113333,33.5878333,7.04]},"id":"ci39898943"},
{"type":"Feature","properties":{"mag":2.25,"place":"6 km SSW of Indios, Puerto Rico","time":1640852570050,"updated":1640854174482,"tz":null,"url":"https://earthquake.usgs.gov/earthquakes/eventpage/pr2021364002","detail":"https://earthquake.usgs.gov/earthquakes/feed/v1.0/detail/pr2021364002.geojson","felt":null,"cdi":null,"mmi":null,"alert":null,"status":"reviewed","tsunami":0,"sig":78,"net":"pr","code":"2021364002","ids":",pr2021364002,","sources":",pr,","types":",origin,phase-data,","nst":8,"dmin":0.0515,"rms":0.08,"gap":224,"magType":"md","type":"earthquake","title":"M 2.3 - 6 km SSW of Indios, Puerto Rico"},"geometry":{"type":"Point","coordinates":[-66.8406,17.941,10]},"id":"pr2021364002"},
{"type":"Feature","properties":{"mag":0.54,"place":"2km NNE of Palomar Observatory, CA","time":1640851877490,"updated":1640852098878,"tz":null,"url":"https://earthquake.usgs.gov/earthquakes/eventpage/ci39898935","detail":"https://earthquake.usgs.gov/earthquakes/feed/v1.0/detail/ci39898935.geojson","felt":null,"cdi":null,"mmi":null,"alert":null,"status":"automatic","tsunami":0,"sig":4,"net":"ci","code":"39898935","ids":",ci39898935,","sources":",ci,","types":",nearby-cities,origin,phase-data,scitech-link,","nst":16,"dmin":0.02112,"rms":0.23,"gap":95,"magType":"ml","type":"earthquake","title":"M 0.5 - 2km NNE of Palomar Observatory, CA"},"geometry":{"type":"Point","coordinates":[-116.8585,33.3745,6.48]},"id":"ci39898935"},
{"type":"Feature","properties":{"mag":2.04,"place":"3km NNW of Palomar Observatory, CA","time":1640851629370,"updated":1640858375142,"tz":null,"url":"https://earthquake.usgs.gov/earthquakes/eventpage/ci39898927","detail":"https://earthquake.usgs.gov/earthquakes/feed/v1.0/detail/ci39898927.geojson","felt":1,"cdi":2.2,"mmi":null,"alert":null,"status":"automatic","tsunami":0,"sig":64,"net":"ci","code":"39898927","ids":",ci39898927,","sources":",ci,","types":",dyfi,focal-mechanism,nearby-cities,origin,phase-data,scitech-link,","nst":62,"dmin":0.02813,"rms":0.23,"gap":26,"magType":"ml","type":"earthquake","title":"M 2.0 - 3km NNW of Palomar Observatory, CA"},"geometry":{"type":"Point","coordinates":[-116.8808333,33.3773333,5.26]},"id":"ci39898927"},
{"type":"Feature","properties":{"mag":2.36999989,"place":"47 km SE of Naalehu, Hawaii","time":1640851320730,"updated":1640852065040,"tz":null,"url":"https://earthquake.usgs.gov/earthquakes/eventpage/hv72851282","detail":"https://earthquake.usgs.gov/earthquakes/feed/v1.0/detail/hv72851282.geojson","felt":null,"cdi":null,"mmi":null,"alert":null,"status":"automatic","tsunami":0,"sig":86,"net":"hv","code":"72851282","ids":",us7000g7x7,hv72851282,","sources":",us,hv,","types":",origin,phase-data,","nst":30,"dmin":null,"rms":0.119999997,"gap":273,"magType":"md","type":"earthquake","title":"M 2.4 - 47 km SE of Naalehu, Hawaii"},"geometry":{"type":"Point","coordinates":[-155.24299621582,18.7798328399658,8.23999977111816]},"id":"hv72851282"},
{"type":"Feature","properties":{"mag":1.5,"place":"12 km S of Talkeetna, Alaska","time":1640851143514,"updated":1640851616242,"tz":null,"url":"https://earthquake.usgs.gov/earthquakes/eventpage/ak021gq450hg","detail":"https://earthquake.usgs.gov/earthquakes/feed/v1.0/detail/ak021gq450hg.geojson","felt":null,"cdi":null,"mmi":null,"alert":null,"status":"automatic","tsunami":0,"sig":35,"net":"ak","code":"021gq450hg","ids":",ak021gq450hg,","sources":",ak,","types":",origin,","nst":null,"dmin":null,"rms":0.54,"gap":null,"magType":"ml","type":"earthquake","title":"M 1.5 - 12 km S of Talkeetna, Alaska"},"geometry":{"type":"Point","coordinates":[-150.0841,62.2131,18.1]},"id":"ak021gq450hg"},
{"type":"Feature","properties":{"mag":0.53,"place":"3km NW of Palomar Observatory, CA","time":1640851107220,"updated":1640851325198,"tz":null,"url":"https://earthquake.usgs.gov/earthquakes/eventpage/ci39898919","detail":"https://earthquake.usgs.gov/earthquakes/feed/v1.0/detail/ci39898919.geojson","felt":null,"cdi":null,"mmi":null,"alert":null,"status":"automatic","tsunami":0,"sig":4,"net":"ci","code":"39898919","ids":",ci39898919,","sources":",ci,","types":",nearby-cities,origin,phase-data,scitech-link,","nst":13,"dmin":0.0315,"rms":0.24,"gap":90,"magType":"ml","type":"earthquake","title":"M 0.5 - 3km NW of Palomar Observatory, CA"},"geometry":{"type":"Point","coordinates":[-116.8833333,33.38,6.6]},"id":"ci39898919"},
{"type":"Feature","properties":{"mag":1.08,"place":"3km NNW of Palomar Observatory, CA","time":1640851016120,"updated":1640851248411,"tz":null,"url":"https://earthquake.usgs.gov/earthquakes/eventpage/ci39898911","detail":"https://earthquake.usgs.gov/earthquakes/feed/v1.0/detail/ci39898911.geojson","felt":null,"cdi":null,"mmi":null,"alert":null,"status":"automatic","tsunami":0,"sig":18,"net":"ci","code":"39898911","ids":",ci39898911,","sources":",ci,","types":",nearby-cities,origin,phase-data,scitech-link,","nst":35,"dmin":0.02905,"rms":0.21,"gap":28,"magType":"ml","type":"earthquake","title":"M 1.1 - 3km NNW of Palomar Observatory, CA"},"geometry":{"type":"Point","coordinates":[-116.8773333,33.38,5.92]},"id":"ci39898911"},
{"type":"Feature","properties":{"mag":0.54,"place":"3km NNW of Palomar Observatory, CA","time":1640850895360,"updated":1640851115884,"tz":null,"url":"https://earthquake.usgs.gov/earthquakes/eventpage/ci39898903","detail":"https://earthquake.usgs.gov/earthquakes/feed/v1.0/detail/ci39898903.geojson","felt":null,"cdi":null,"mmi":null,"alert":null,"status":"automatic","tsunami":0,"sig":4,"net":"ci","code":"39898903","ids":",ci39898903,","sources":",ci,","types":",nearby-cities,origin,phase-data,scitech-link,","nst":18,"dmin":0.03023,"rms":0.21,"gap":74,"magType":"ml","type":"earthquake","title":"M 0.5 - 3km NNW of Palomar Observatory, CA"},"geometry":{"type":"Point","coordinates":[-116.8793333,33.3805,5.81]},"id":"ci39898903"},
{"type":"Feature","properties":{"mag":2.59,"place":"4 km S of Guánica, Puerto Rico","time":1640850314980,"updated":1640851392172,"tz":null,"url":"https://earthquake.usgs.gov/earthquakes/eventpage/pr2021364001","detail":"https://earthquake.usgs.gov/earthquakes/feed/v1.0/detail/pr2021364001.geojson","felt":null,"cdi":null,"mmi":null,"alert":null,"status":"reviewed","tsunami":0,"sig":103,"net":"pr","code":"2021364001","ids":",pr2021364001,","sources":",pr,","types":",origin,phase-data,","nst":17,"dmin":0.0568,"rms":0.12,"gap":221,"magType":"md","type":"earthquake","title":"M 2.6 - 4 km S of Guánica, Puerto Rico"},"geometry":{"type":"Point","coordinates":[-66.9091,17.9268,14]},"id":"pr2021364001"},
{"type":"Feature","properties":{"mag":0.37,"place":"21km ESE of Anza, CA","time":1640849693540,"updated":1640849907152,"tz":null,"url":"https://earthquake.usgs.gov/earthquakes/eventpage/ci39898895","detail":"https://earthquake.usgs.gov/earthquakes/feed/v1.0/detail/ci39898895.geojson","felt":null,"cdi":null,"mmi":null,"alert":null,"status":"automatic","tsunami":0,"sig":2,"net":"ci","code":"39898895","ids":",ci39898895,","sources":",ci,","types":",nearby-cities,origin,phase-data,scitech-link,","nst":14,"dmin":0.0262,"rms":0.16,"gap":92,"magType":"ml","type":"earthquake","title":"M 0.4 - 21km ESE of Anza, CA"},"geometry":{"type":"Point","coordinates":[-116.4516667,33.5086667,7.77]},"id":"ci39898895"},
{"type":"Feature","properties":{"mag":0.56,"place":"5km S of Anza, CA","time":1640849302490,"updated":1640849516538,"tz":null,"url":"https://earthquake.usgs.gov/earthquakes/eventpage/ci39898887","detail":"https://earthquake.usgs.gov/earthquakes/feed/v1.0/detail/ci39898887.geojson","felt":null,"cdi":null,"mmi":null,"alert":null,"status":"automatic","tsunami":0,"sig":5,"net":"ci","code":"39898887","ids":",ci39898887,","sources":",ci,","types":",nearby-cities,origin,phase-data,scitech-link,","nst":15,"dmin":0.05482,"rms":0.24,"gap":65,"magType":"ml","type":"earthquake","title":"M 0.6 - 5km S of Anza, CA"},"geometry":{"type":"Point","coordinates":[-116.6661667,33.5093333,-0.07]},"id":"ci39898887"},
{"type":"Feature","properties":{"mag":2.11,"place":"4 km SSW of Indios, Puerto Rico","time":1640849164130,"updated":1640849889758,"tz":null,"url":"https://earthquake.usgs.gov/earthquakes/eventpage/pr2021364000","detail":"https://earthquake.usgs.gov/earthquakes/feed/v1.0/detail/pr2021364000.geojson","felt":null,"cdi":null,"mmi":null,"alert":null,"status":"reviewed","tsunami":0,"sig":68,"net":"pr","code":"2021364000","ids":",pr2021364000,","sources":",pr,","types":",origin,phase-data,","nst":11,"dmin":0.042,"rms":0.1,"gap":202,"magType":"md","type":"earthquake","title":"M 2.1 - 4 km SSW of Indios, Puerto Rico"},"geometry":{"type":"Point","coordinates":[-66.839,17.9631,15]},"id":"pr2021364000"},
{"type":"Feature","properties":{"mag":1.77999997,"place":"4 km SSE of Pāhala, Hawaii","time":1640848564930,"updated":1640848752370,"tz":null,"url":"https://earthquake.usgs.gov/earthquakes/eventpage/hv72851247","detail":"https://earthquake.usgs.gov/earthquakes/feed/v1.0/detail/hv72851247.geojson","felt":null,"cdi":null,"mmi":null,"alert":null,"status":"automatic","tsunami":0,"sig":49,"net":"hv","code":"72851247","ids":",hv72851247,","sources":",hv,","types":",origin,phase-data,","nst":31,"dmin":null,"rms":0.109999999,"gap":109,"magType":"md","type":"earthquake","title":"M 1.8 - 4 km SSE of Pāhala, Hawaii"},"geometry":{"type":"Point","coordinates":[-155.464828491211,19.1663341522217,35.0099983215332]},"id":"hv72851247"},
{"type":"Feature","properties":{"mag":1.3,"place":"40 km W of Salamatof, Alaska","time":1640848368329,"updated":1640848659755,"tz":null,"url":"https://earthquake.usgs.gov/earthquakes/eventpage/ak021gq3v1b2","detail":"https://earthquake.usgs.gov/earthquakes/feed/v1.0/detail/ak021gq3v1b2.geojson","felt":null,"cdi":null,"mmi":null,"alert":null,"status":"automatic","tsunami":0,"sig":26,"net":"ak","code":"021gq3v1b2","ids":",ak021gq3v1b2,","sources":",ak,","types":",origin,","nst":null,"dmin":null,"rms":0.48,"gap":null,"magType":"ml","type":"earthquake","title":"M 1.3 - 40 km W of Salamatof, Alaska"},"geometry":{"type":"Point","coordinates":[-152.0509,60.5521,82.2]},"id":"ak021gq3v1b2"},
{"type":"Feature","properties":{"mag":2.16000009,"place":"3 km SSE of Pāhala, Hawaii","time":1640848277780,"updated":1640848461520,"tz":null,"url":"https://earthquake.usgs.gov/earthquakes/eventpage/hv72851242","detail":"https://earthquake.usgs.gov/earthquakes/feed/v1.0/detail/hv72851242.geojson","felt":null,"cdi":null,"mmi":null,"alert":null,"status":"automatic","tsunami":0,"sig":72,"net":"hv","code":"72851242","ids":",hv72851242,","sources":",hv,","types":",origin,phase-data,","nst":40,"dmin":null,"rms":0.109999999,"gap":82,"magType":"md","type":"earthquake","title":"M 2.2 - 3 km SSE of Pāhala, Hawaii"},"geometry":{"type":"Point","coordinates":[-155.47200012207,19.1733341217041,33.7700004577637]},"id":"hv72851242"},
{"type":"Feature","properties":{"mag":5.2,"place":"79 km SW of Yonakuni, Japan","time":1640846828301,"updated":1640856317176,"tz":null,"url":"https://earthquake.usgs.gov/earthquakes/eventpage/us7000g7wt","detail":"https://earthquake.usgs.gov/earthquakes/feed/v1.0/detail/us7000g7wt.geojson","felt":5,"cdi":3.3,"mmi":null,"alert":null,"status":"reviewed","tsunami":0,"sig":418,"net":"us","code":"7000g7wt","ids":",us7000g7wt,","sources":",us,","types":",dyfi,origin,phase-data,","nst":null,"dmin":0.72,"rms":1.01,"gap":59,"magType":"mww","type":"earthquake","title":"M 5.2 - 79 km SW of Yonakuni, Japan"},"geometry":{"type":"Point","coordinates":[122.4613,23.9482,15.17]},"id":"us7000g7wt"},
{"type":"Feature","properties":{"mag":0.8,"place":"9 km NNE of Bridgeport, California","time":1640846636474,"updated":1640846891636,"tz":null,"url":"https://earthquake.usgs.gov/earthquakes/eventpage/nn00830733","detail":"https://earthquake.usgs.gov/earthquakes/feed/v1.0/detail/nn00830733.geojson","felt":null,"cdi":null,"mmi":null,"alert":null,"status":"automatic","tsunami":0,"sig":10,"net":"nn","code":"00830733","ids":",nn00830733,","sources":",nn,","types":",origin,phase-data,","nst":8,"dmin":0.198,"rms":0.0795,"gap":172.22,"magType":"ml","type":"earthquake","title":"M 0.8 - 9 km NNE of Bridgeport, California"},"geometry":{"type":"Point","coordinates":[-119.1887,38.3347,3.2]},"id":"nn00830733"},
{"type":"Feature","properties":{"mag":1.7,"place":"40 km N of Petersville, Alaska","time":1640846470630,"updated":1640847226755,"tz":null,"url":"https://earthquake.usgs.gov/earthquakes/eventpage/ak021gq3fqk4","detail":"https://earthquake.usgs.gov/earthquakes/feed/v1.0/detail/ak021gq3fqk4.geojson","felt":null,"cdi":null,"mmi":null,"alert":null,"status":"automatic","tsunami":0,"sig":44,"net":"ak","code":"021gq3fqk4","ids":",ak021gq3fqk4,","sources":",ak,","types":",origin,","nst":null,"dmin":null,"rms":0.59,"gap":null,"magType":"ml","type":"earthquake","title":"M 1.7 - 40 km N of Petersville, Alaska"},"geometry":{"type":"Point","coordinates":[-150.9083,62.8536,6.4]},"id":"ak021gq3fqk4"},
{"type":"Feature","properties":{"mag":2.55999994,"place":"42 km NW of Granite Falls, Washington","time":1640846457290,"updated":1640847615573,"tz":null,"url":"https://earthquake.usgs.gov/earthquakes/eventpage/uw61799827","detail":"https://earthquake.usgs.gov/earthquakes/feed/v1.0/detail/uw61799827.geojson","felt":1,"cdi":2.7,"mmi":null,"alert":null,"status":"automatic","tsunami":0,"sig":101,"net":"uw","code":"61799827","ids":",uw61799827,","sources":",uw,","types":",dyfi,origin,phase-data,","nst":27,"dmin":null,"rms":0.310000002,"gap":98,"magType":"md","type":"earthquake","title":"M 2.6 - 42 km NW of Granite Falls, Washington"},"geometry":{"type":"Point","coordinates":[-120.647163391113,48.1363334655762,-1.38999998569489]},"id":"uw61799827"},
{"type":"Feature","properties":{"mag":1.22,"place":"8km NE of Gilroy, CA","time":1640846130790,"updated":1640854451031,"tz":null,"url":"https://earthquake.usgs.gov/earthquakes/eventpage/nc73669216","detail":"https://earthquake.usgs.gov/earthquakes/feed/v1.0/detail/nc73669216.geojson","felt":null,"cdi":null,"mmi":null,"alert":null,"status":"automatic","tsunami":0,"sig":23,"net":"nc","code":"73669216","ids":",nc73669216,","sources":",nc,","types":",nearby-cities,origin,phase-data,scitech-link,","nst":6,"dmin":null,"rms":0.05,"gap":143,"magType":"md","type":"earthquake","title":"M 1.2 - 8km NE of Gilroy, CA"},"geometry":{"type":"Point","coordinates":[-121.4968338,37.0526657,4.89]},"id":"nc73669216"},
{"type":"Feature","properties":{"mag":0.87,"place":"12km W of Coalinga, CA","time":1640845479880,"updated":1640847130112,"tz":null,"url":"https://earthquake.usgs.gov/earthquakes/eventpage/nc73669211","detail":"https://earthquake.usgs.gov/earthquakes/feed/v1.0/detail/nc73669211.geojson","felt":null,"cdi":null,"mmi":null,"alert":null,"status":"automatic","tsunami":0,"sig":12,"net":"nc","code":"73669211","ids":",nc73669211,","sources":",nc,","types":",nearby-cities,origin,phase-data,scitech-link,","nst":9,"dmin":0.09795,"rms":0.03,"gap":147,"magType":"md","type":"earthquake","title":"M 0.9 - 12km W of Coalinga, CA"},"geometry":{"type":"Point","coordinates":[-120.4853363,36.1293335,7.66]},"id":"nc73669211"},
{"type":"Feature","properties":{"mag":1.34,"place":"11km SSW of Searles Valley, CA","time":1640844966620,"updated":1640845183178,"tz":null,"url":"https://earthquake.usgs.gov/earthquakes/eventpage/ci39898879","detail":"https://earthquake.usgs.gov/earthquakes/feed/v1.0/detail/ci39898879.geojson","felt":null,"cdi":null,"mmi":null,"alert":null,"status":"automatic","tsunami":0,"sig":28,"net":"ci","code":"39898879","ids":",ci39898879,","sources":",ci,","types":",nearby-cities,origin,phase-data,scitech-link,","nst":22,"dmin":0.0913,"rms":0.17,"gap":118,"magType":"ml","type":"earthquake","title":"M 1.3 - 11km SSW of Searles Valley, CA"},"geometry":{"type":"Point","coordinates":[-117.463,35.678,6.16]},"id":"ci39898879"},
{"type":"Feature","properties":{"mag":1.3,"place":"30 km SSW of Mina, Nevada","time":1640844881182,"updated":1640845121683,"tz":null,"url":"https://earthquake.usgs.gov/earthquakes/eventpage/nn00830732","detail":"https://earthquake.usgs.gov/earthquakes/feed/v1.0/detail/nn00830732.geojson","felt":null,"cdi":null,"mmi":null,"alert":null,"status":"automatic","tsunami":0,"sig":26,"net":"nn","code":"00830732","ids":",nn00830732,","sources":",nn,","types":",origin,phase-data,","nst":11,"dmin":0.248,"rms":0.2405,"gap":162.76,"magType":"ml","type":"earthquake","title":"M 1.3 - 30 km SSW of Mina, Nevada"},"geometry":{"type":"Point","coordinates":[-118.23,38.1286,0]},"id":"nn00830732"},
{"type":"Feature","properties":{"mag":1.6,"place":"18 km WNW of Kalifornsky, Alaska","time":1640844746526,"updated":1640845302081,"tz":null,"url":"https://earthquake.usgs.gov/earthquakes/eventpage/ak021gq39k0w","detail":"https://earthquake.usgs.gov/earthquakes/feed/v1.0/detail/ak021gq39k0w.geojson","felt":null,"cdi":null,"mmi":null,"alert":null,"status":"automatic","tsunami":0,"sig":39,"net":"ak","code":"021gq39k0w","ids":",ak021gq39k0w,","sources":",ak,","types":",origin,","nst":null,"dmin":null,"rms":0.57,"gap":null,"magType":"ml","type":"earthquake","title":"M 1.6 - 18 km WNW of Kalifornsky, Alaska"},"geometry":{"type":"Point","coordinates":[-151.6142,60.4733,61.8]},"id":"ak021gq39k0w"},
{"type":"Feature","properties":{"mag":0.92,"place":"8km WSW of Anza, CA","time":1640843244110,"updated":1640843458901,"tz":null,"url":"https://earthquake.usgs.gov/earthquakes/eventpage/ci39898863","detail":"https://earthquake.usgs.gov/earthquakes/feed/v1.0/detail/ci39898863.geojson","felt":null,"cdi":null,"mmi":null,"alert":null,"status":"automatic","tsunami":0,"sig":13,"net":"ci","code":"39898863","ids":",ci39898863,","sources":",ci,","types":",nearby-cities,origin,phase-data,scitech-link,","nst":41,"dmin":0.04532,"rms":0.18,"gap":35,"magType":"ml","type":"earthquake","title":"M 0.9 - 8km WSW of Anza, CA"},"geometry":{"type":"Point","coordinates":[-116.7468333,33.5206667,3.04]},"id":"ci39898863"},
{"type":"Feature","properties":{"mag":0.57,"place":"7km WSW of Anza, CA","time":1640842776750,"updated":1640842990158,"tz":null,"url":"https://earthquake.usgs.gov/earthquakes/eventpage/ci39898855","detail":"https://earthquake.usgs.gov/earthquakes/feed/v1.0/detail/ci39898855.geojson","felt":null,"cdi":null,"mmi":null,"alert":null,"status":"automatic","tsunami":0,"sig":5,"net":"ci","code":"39898855","ids":",ci39898855,","sources":",ci,","types":",nearby-cities,origin,phase-data,scitech-link,","nst":20,"dmin":0.03984,"rms":0.15,"gap":40,"magType":"ml","type":"earthquake","title":"M 0.6 - 7km WSW of Anza, CA"},"geometry":{"type":"Point","coordinates":[-116.7438333,33.5258333,4.13]},"id":"ci39898855"},
{"type":"Feature","properties":{"mag":1.6,"place":"52 km E of Egegik, Alaska","time":1640842470369,"updated":1640843483040,"tz":null,"url":"https://earthquake.usgs.gov/earthquakes/eventpage/ak021gq2surj","detail":"https://earthquake.usgs.gov/earthquakes/feed/v1.0/detail/ak021gq2surj.geojson","felt":null,"cdi":null,"mmi":null,"alert":null,"status":"automatic","tsunami":0,"sig":39,"net":"ak","code":"021gq2surj","ids":",us7000g7wg,ak021gq2surj,","sources":",us,ak,","types":",origin,phase-data,","nst":null,"dmin":null,"rms":0.71,"gap":null,"magType":"ml","type":"earthquake","title":"M 1.6 - 52 km E of Egegik, Alaska"},"geometry":{"type":"Point","coordinates":[-156.4825,58.1665,176.3]},"id":"ak021gq2surj"},
{"type":"Feature","properties":{"mag":-0.08,"place":"60 km W of Happy Valley, Alaska","time":1640842262730,"updated":1640845932980,"tz":null,"url":"https://earthquake.usgs.gov/earthquakes/eventpage/av91454356","detail":"https://earthquake.usgs.gov/earthquakes/feed/v1.0/detail/av91454356.geojson","felt":null,"cdi":null,"mmi":null,"alert":null,"status":"reviewed","tsunami":0,"sig":0,"net":"av","code":"91454356","ids":",av91454356,","sources":",av,","types":",origin,phase-data,","nst":5,"dmin":null,"rms":0.13,"gap":320,"magType":"ml","type":"earthquake","title":"M -0.1 - 60 km W of Happy Valley, Alaska"},"geometry":{"type":"Point","coordinates":[-152.7995,60.0358333333333,15.38]},"id":"av91454356"},
{"type":"Feature","properties":{"mag":2,"place":"31 km SSW of Glacier View, Alaska","time":1640842252306,"updated":1640842836858,"tz":null,"url":"https://earthquake.usgs.gov/earthquakes/eventpage/ak021gq2s1a2","detail":"https://earthquake.usgs.gov/earthquakes/feed/v1.0/detail/ak021gq2s1a2.geojson","felt":null,"cdi":null,"mmi":null,"alert":null,"status":"automatic","tsunami":0,"sig":62,"net":"ak","code":"021gq2s1a2","ids":",ak021gq2s1a2,","sources":",ak,","types":",origin,","nst":null,"dmin":null,"rms":1.02,"gap":null,"magType":"ml","type":"earthquake","title":"M 2.0 - 31 km SSW of Glacier View, Alaska"},"geometry":{"type":"Point","coordinates":[-147.8043,61.5328,20]},"id":"ak021gq2s1a2"},
{"type":"Feature","properties":{"mag":3,"place":"29 km SSE of Rampart, Alaska","time":1640841157383,"updated":1640842801040,"tz":null,"url":"https://earthquake.usgs.gov/earthquakes/eventpage/ak021gq2o5ae","detail":"https://earthquake.usgs.gov/earthquakes/feed/v1.0/detail/ak021gq2o5ae.geojson","felt":null,"cdi":null,"mmi":null,"alert":null,"status":"automatic","tsunami":0,"sig":138,"net":"ak","code":"021gq2o5ae","ids":",us7000g7w7,ak021gq2o5ae,","sources":",us,ak,","types":",origin,phase-data,","nst":null,"dmin":null,"rms":0.85,"gap":null,"magType":"ml","type":"earthquake","title":"M 3.0 - 29 km SSE of Rampart, Alaska"},"geometry":{"type":"Point","coordinates":[-149.9791,65.257,6.4]},"id":"ak021gq2o5ae"},
{"type":"Feature","properties":{"mag":1.3,"place":"20 km NNW of Susitna, Alaska","time":1640840988744,"updated":1640841152058,"tz":null,"url":"https://earthquake.usgs.gov/earthquakes/eventpage/ak021gq2nize","detail":"https://earthquake.usgs.gov/earthquakes/feed/v1.0/detail/ak021gq2nize.geojson","felt":null,"cdi":null,"mmi":null,"alert":null,"status":"automatic","tsunami":0,"sig":26,"net":"ak","code":"021gq2nize","ids":",ak021gq2nize,","sources":",ak,","types":",origin,","nst":null,"dmin":null,"rms":0.34,"gap":null,"magType":"ml","type":"earthquake","title":"M 1.3 - 20 km NNW of Susitna, Alaska"},"geometry":{"type":"Point","coordinates":[-150.6552,61.7116,65.1]},"id":"ak021gq2nize"},
{"type":"Feature","properties":{"mag":5.7,"place":"South Sandwich Islands region","time":1640840295250,"updated":1640847739918,"tz":null,"url":"https://earthquake.usgs.gov/earthquakes/eventpage/us7000g7w5","detail":"https://earthquake.usgs.gov/earthquakes/feed/v1.0/detail/us7000g7w5.geojson","felt":null,"cdi":null,"mmi":3.803,"alert":"green","status":"reviewed","tsunami":0,"sig":500,"net":"us","code":"7000g7w5","ids":",us7000g7w5,","sources":",us,","types":",losspager,moment-tensor,origin,phase-data,shakemap,","nst":null,"dmin":5.059,"rms":1.4,"gap":37,"magType":"mww","type":"earthquake","title":"M 5.7 - South Sandwich Islands region"},"geometry":{"type":"Point","coordinates":[-28.1373,-55.8891,36.55]},"id":"us7000g7w5"},
{"type":"Feature","properties":{"mag":2.1400001,"place":"7 km E of Pāhala, Hawaii","time":1640839809930,"updated":1640840004030,"tz":null,"url":"https://earthquake.usgs.gov/earthquakes/eventpage/hv72851157","detail":"https://earthquake.usgs.gov/earthquakes/feed/v1.0/detail/hv72851157.geojson","felt":null,"cdi":null,"mmi":null,"alert":null,"status":"automatic","tsunami":0,"sig":70,"net":"hv","code":"72851157","ids":",hv72851157,","sources":",hv,","types":",origin,phase-data,","nst":38,"dmin":null,"rms":0.109999999,"gap":151,"magType":"md","type":"earthquake","title":"M 2.1 - 7 km E of Pāhala, Hawaii"},"geometry":{"type":"Point","coordinates":[-155.408004760742,19.2098331451416,33.2299995422363]},"id":"hv72851157"},
{"type":"Feature","properties":{"mag":1.5,"place":"29 km SSE of Mina, Nevada","time":1640839720285,"updated":1640839932447,"tz":null,"url":"https://earthquake.usgs.gov/earthquakes/eventpage/nn00830729","detail":"https://earthquake.usgs.gov/earthquakes/feed/v1.0/detail/nn00830729.geojson","felt":null,"cdi":null,"mmi":null,"alert":null,"status":"automatic","tsunami":0,"sig":35,"net":"nn","code":"00830729","ids":",nn00830729,","sources":",nn,","types":",origin,phase-data,","nst":15,"dmin":0.026,"rms":0.0956,"gap":106.44,"magType":"ml","type":"earthquake","title":"M 1.5 - 29 km SSE of Mina, Nevada"},"geometry":{"type":"Point","coordinates":[-117.94,38.1607,11]},"id":"nn00830729"},
{"type":"Feature","properties":{"mag":2.2,"place":"74 km ENE of Port Alsworth, Alaska","time":1640839646794,"updated":1640839939662,"tz":null,"url":"https://earthquake.usgs.gov/earthquakes/eventpage/ak021gq2a6w9","detail":"https://earthquake.usgs.gov/earthquakes/feed/v1.0/detail/ak021gq2a6w9.geojson","felt":null,"cdi":null,"mmi":null,"alert":null,"status":"automatic","tsunami":0,"sig":74,"net":"ak","code":"021gq2a6w9","ids":",ak021gq2a6w9,","sources":",ak,","types":",origin,","nst":null,"dmin":null,"rms":0.87,"gap":null,"magType":"ml","type":"earthquake","title":"M 2.2 - 74 km ENE of Port Alsworth, Alaska"},"geometry":{"type":"Point","coordinates":[-153.0009,60.3435,145.7]},"id":"ak021gq2a6w9"},
{"type":"Feature","properties":{"mag":1.04,"place":"10km NE of Coso Junction, CA","time":1640839233010,"updated":1640839443469,"tz":null,"url":"https://earthquake.usgs.gov/earthquakes/eventpage/ci39898839","detail":"https://earthquake.usgs.gov/earthquakes/feed/v1.0/detail/ci39898839.geojson","felt":null,"cdi":null,"mmi":null,"alert":null,"status":"automatic","tsunami":0,"sig":17,"net":"ci","code":"39898839","ids":",ci39898839,","sources":",ci,","types":",nearby-cities,origin,phase-data,scitech-link,","nst":15,"dmin":0.01209,"rms":0.13,"gap":103,"magType":"ml","type":"earthquake","title":"M 1.0 - 10km NE of Coso Junction, CA"},"geometry":{"type":"Point","coordinates":[-117.8585,36.1058333,3.39]},"id":"ci39898839"},
{"type":"Feature","properties":{"mag":1.3,"place":"22 km WSW of Tyonek, Alaska","time":1640838610153,"updated":1640838847438,"tz":null,"url":"https://earthquake.usgs.gov/earthquakes/eventpage/ak021gq26ig7","detail":"https://earthquake.usgs.gov/earthquakes/feed/v1.0/detail/ak021gq26ig7.geojson","felt":null,"cdi":null,"mmi":null,"alert":null,"status":"automatic","tsunami":0,"sig":26,"net":"ak","code":"021gq26ig7","ids":",ak021gq26ig7,","sources":",ak,","types":",origin,","nst":null,"dmin":null,"rms":0.58,"gap":null,"magType":"ml","type":"earthquake","title":"M 1.3 - 22 km WSW of Tyonek, Alaska"},"geometry":{"type":"Point","coordinates":[-151.5442,61.022,63.8]},"id":"ak021gq26ig7"},
{"type":"Feature","properties":{"mag":1.7,"place":"40 km ESE of Denali National Park, Alaska","time":1640837820562,"updated":1640838075721,"tz":null,"url":"https://earthquake.usgs.gov/earthquakes/eventpage/ak021gq23pe0","detail":"https://earthquake.usgs.gov/earthquakes/feed/v1.0/detail/ak021gq23pe0.geojson","felt":null,"cdi":null,"mmi":null,"alert":null,"status":"automatic","tsunami":0,"sig":44,"net":"ak","code":"021gq23pe0","ids":",ak021gq23pe0,","sources":",ak,","types":",origin,","nst":null,"dmin":null,"rms":1.01,"gap":null,"magType":"ml","type":"earthquake","title":"M 1.7 - 40 km ESE of Denali National Park, Alaska"},"geometry":{"type":"Point","coordinates":[-151.0458,63.3421,33]},"id":"ak021gq23pe0"},
{"type":"Feature","properties":{"mag":1.7,"place":"37 km NNE of Petersville, Alaska","time":1640837493547,"updated":1640837704855,"tz":null,"url":"https://earthquake.usgs.gov/earthquakes/eventpage/ak021gq22hly","detail":"https://earthquake.usgs.gov/earthquakes/feed/v1.0/detail/ak021gq22hly.geojson","felt":null,"cdi":null,"mmi":null,"alert":null,"status":"automatic","tsunami":0,"sig":44,"net":"ak","code":"021gq22hly","ids":",ak021gq22hly,","sources":",ak,","types":",origin,","nst":null,"dmin":null,"rms":0.46,"gap":null,"magType":"ml","type":"earthquake","title":"M 1.7 - 37 km NNE of Petersville, Alaska"},"geometry":{"type":"Point","coordinates":[-150.5808,62.8238,78.1]},"id":"ak021gq22hly"},
{"type":"Feature","properties":{"mag":1.4,"place":"21 km N of Fishhook, Alaska","time":1640837439906,"updated":1640837704700,"tz":null,"url":"https://earthquake.usgs.gov/earthquakes/eventpage/ak021gq22aem","detail":"https://earthquake.usgs.gov/earthquakes/feed/v1.0/detail/ak021gq22aem.geojson","felt":null,"cdi":null,"mmi":null,"alert":null,"status":"automatic","tsunami":0,"sig":30,"net":"ak","code":"021gq22aem","ids":",ak021gq22aem,","sources":",ak,","types":",origin,","nst":null,"dmin":null,"rms":0.77,"gap":null,"magType":"ml","type":"earthquake","title":"M 1.4 - 21 km N of Fishhook, Alaska"},"geometry":{"type":"Point","coordinates":[-149.2723,61.9356,5.7]},"id":"ak021gq22aem"},
{"type":"Feature","properties":{"mag":4.1,"place":"65 km WSW of Lebu, Chile","time":1640837205510,"updated":1640838325040,"tz":null,"url":"https://earthquake.usgs.gov/earthquakes/eventpage/us7000g7vx","detail":"https://earthquake.usgs.gov/earthquakes/feed/v1.0/detail/us7000g7vx.geojson","felt":null,"cdi":null,"mmi":null,"alert":null,"status":"reviewed","tsunami":0,"sig":259,"net":"us","code":"7000g7vx","ids":",us7000g7vx,","sources":",us,","types":",origin,phase-data,","nst":null,"dmin":1.366,"rms":0.35,"gap":199,"magType":"mb","type":"earthquake","title":"M 4.1 - 65 km WSW of Lebu, Chile"},"geometry":{"type":"Point","coordinates":[-74.3745,-37.7368,10]},"id":"us7000g7vx"},
{"type":"Feature","properties":{"mag":1.71000004,"place":"4 km E of Pāhala, Hawaii","time":1640837104000,"updated":1640837302500,"tz":null,"url":"https://earthquake.usgs.gov/earthquakes/eventpage/hv72851132","detail":"https://earthquake.usgs.gov/earthquakes/feed/v1.0/detail/hv72851132.geojson","felt":null,"cdi":null,"mmi":null,"alert":null,"status":"automatic","tsunami":0,"sig":45,"net":"hv","code":"72851132","ids":",hv72851132,","sources":",hv,","types":",origin,phase-data,","nst":27,"dmin":null,"rms":0.140000001,"gap":151,"magType":"md","type":"earthquake","title":"M 1.7 - 4 km E of Pāhala, Hawaii"},"geometry":{"type":"Point","coordinates":[-155.432998657227,19.2016658782959,35.060001373291]},"id":"hv72851132"},
{"type":"Feature","properties":{"mag":2.1400001,"place":"2 km ESE of Pāhala, Hawaii","time":1640836975560,"updated":1640837179520,"tz":null,"url":"https://earthquake.usgs.gov/earthquakes/eventpage/hv72851127","detail":"https://earthquake.usgs.gov/earthquakes/feed/v1.0/detail/hv72851127.geojson","felt":null,"cdi":null,"mmi":null,"alert":null,"status":"automatic","tsunami":0,"sig":70,"net":"hv","code":"72851127","ids":",hv72851127,","sources":",hv,","types":",origin,phase-data,","nst":38,"dmin":null,"rms":0.109999999,"gap":149,"magType":"md","type":"earthquake","title":"M 2.1 - 2 km ESE of Pāhala, Hawaii"},"geometry":{"type":"Point","coordinates":[-155.453002929688,19.1926670074463,30.9599990844727]},"id":"hv72851127"},
{"type":"Feature","properties":{"mag":1.75,"place":"2 km S of Bridge Creek, Oklahoma","time":1640835605821,"updated":1640839416153,"tz":null,"url":"https://earthquake.usgs.gov/earthquakes/eventpage/ok2021znmw","detail":"https://earthquake.usgs.gov/earthquakes/feed/v1.0/detail/ok2021znmw.geojson","felt":3,"cdi":2.5,"mmi":null,"alert":null,"status":"automatic","tsunami":0,"sig":48,"net":"ok","code":"2021znmw","ids":",ok2021znmw,","sources":",ok,","types":",dyfi,origin,phase-data,","nst":11,"dmin":0.02887165733,"rms":0.8635998972,"gap":91.24485779,"magType":"ml","type":"earthquake","title":"M 1.8 - 2 km S of Bridge Creek, Oklahoma"},"geometry":{"type":"Point","coordinates":[-97.73506927,35.21473694,2.005192757]},"id":"ok2021znmw"},
{"type":"Feature","properties":{"mag":0.9,"place":"16 km ESE of Skwentna, Alaska","time":1640835093759,"updated":1640835370063,"tz":null,"url":"https://earthquake.usgs.gov/earthquakes/eventpage/ak021gq1lcdb","detail":"https://earthquake.usgs.gov/earthquakes/feed/v1.0/detail/ak021gq1lcdb.geojson","felt":null,"cdi":null,"mmi":null,"alert":null,"status":"automatic","tsunami":0,"sig":12,"net":"ak","code":"021gq1lcdb","ids":",ak021gq1lcdb,","sources":",ak,","types":",origin,","nst":null,"dmin":null,"rms":0.31,"gap":null,"magType":"ml","type":"earthquake","title":"M 0.9 - 16 km ESE of Skwentna, Alaska"},"geometry":{"type":"Point","coordinates":[-151.1193,61.9216,73.3]},"id":"ak021gq1lcdb"},
{"type":"Feature","properties":{"mag":0.8,"place":"27 km SSE of Mina, Nevada","time":1640833615672,"updated":1640833840620,"tz":null,"url":"https://earthquake.usgs.gov/earthquakes/eventpage/nn00830728","detail":"https://earthquake.usgs.gov/earthquakes/feed/v1.0/detail/nn00830728.geojson","felt":null,"cdi":null,"mmi":null,"alert":null,"status":"automatic","tsunami":0,"sig":10,"net":"nn","code":"00830728","ids":",nn00830728,","sources":",nn,","types":",origin,phase-data,","nst":8,"dmin":0.035,"rms":0.0469,"gap":161.95,"magType":"ml","type":"earthquake","title":"M 0.8 - 27 km SSE of Mina, Nevada"},"geometry":{"type":"Point","coordinates":[-117.9902,38.1642,1.7]},"id":"nn00830728"},
{"type":"Feature","properties":{"mag":1.7,"place":"27 km SSE of Mina, Nevada","time":1640833047905,"updated":1640833271177,"tz":null,"url":"https://earthquake.usgs.gov/earthquakes/eventpage/nn00830725","detail":"https://earthquake.usgs.gov/earthquakes/feed/v1.0/detail/nn00830725.geojson","felt":null,"cdi":null,"mmi":null,"alert":null,"status":"automatic","tsunami":0,"sig":44,"net":"nn","code":"00830725","ids":",nn00830725,","sources":",nn,","types":",origin,phase-data,","nst":12,"dmin":0.031,"rms":0.2704,"gap":122.15,"magType":"ml","type":"earthquake","title":"M 1.7 - 27 km SSE of Mina, Nevada"},"geometry":{"type":"Point","coordinates":[-117.9655,38.1726,0.7]},"id":"nn00830725"},
{"type":"Feature","properties":{"mag":1.5,"place":"23 km NE of Mono City, California","time":1640831512028,"updated":1640831884487,"tz":null,"url":"https://earthquake.usgs.gov/earthquakes/eventpage/nn00830723","detail":"https://earthquake.usgs.gov/earthquakes/feed/v1.0/detail/nn00830723.geojson","felt":null,"cdi":null,"mmi":null,"alert":null,"status":"automatic","tsunami":0,"sig":35,"net":"nn","code":"00830723","ids":",nn00830723,","sources":",nn,","types":",origin,phase-data,","nst":12,"dmin":0.342,"rms":0.2197,"gap":193.4,"magType":"ml","type":"earthquake","title":"M 1.5 - 23 km NE of Mono City, California"},"geometry":{"type":"Point","coordinates":[-118.927,38.1698,3.6]},"id":"nn00830723"},
{"type":"Feature","properties":{"mag":1.7,"place":"102 km NW of Yakutat, Alaska","time":1640830667750,"updated":1640831412231,"tz":null,"url":"https://earthquake.usgs.gov/earthquakes/eventpage/ak021gq0wxtj","detail":"https://earthquake.usgs.gov/earthquakes/feed/v1.0/detail/ak021gq0wxtj.geojson","felt":null,"cdi":null,"mmi":null,"alert":null,"status":"automatic","tsunami":0,"sig":44,"net":"ak","code":"021gq0wxtj","ids":",ak021gq0wxtj,","sources":",ak,","types":",origin,","nst":null,"dmin":null,"rms":0.44,"gap":null,"magType":"ml","type":"earthquake","title":"M 1.7 - 102 km NW of Yakutat, Alaska"},"geometry":{"type":"Point","coordinates":[-141.059,60.1796,3.5]},"id":"ak021gq0wxtj"},
{"type":"Feature","properties":{"mag":1.1,"place":"21km ESE of Little Lake, CA","time":1640829652270,"updated":1640829860450,"tz":null,"url":"https://earthquake.usgs.gov/earthquakes/eventpage/ci39898799","detail":"https://earthquake.usgs.gov/earthquakes/feed/v1.0/detail/ci39898799.geojson","felt":null,"cdi":null,"mmi":null,"alert":null,"status":"automatic","tsunami":0,"sig":19,"net":"ci","code":"39898799","ids":",ci39898799,","sources":",ci,","types":",nearby-cities,origin,phase-data,scitech-link,","nst":18,"dmin":0.05366,"rms":0.19,"gap":62,"magType":"ml","type":"earthquake","title":"M 1.1 - 21km ESE of Little Lake, CA"},"geometry":{"type":"Point","coordinates":[-117.7111667,35.8398333,4.24]},"id":"ci39898799"},
{"type":"Feature","properties":{"mag":1.13,"place":"10km NNE of Julian, CA","time":1640829539960,"updated":1640829764065,"tz":null,"url":"https://earthquake.usgs.gov/earthquakes/eventpage/ci39898791","detail":"https://earthquake.usgs.gov/earthquakes/feed/v1.0/detail/ci39898791.geojson","felt":null,"cdi":null,"mmi":null,"alert":null,"status":"automatic","tsunami":0,"sig":20,"net":"ci","code":"39898791","ids":",ci39898791,","sources":",ci,","types":",nearby-cities,origin,phase-data,scitech-link,","nst":35,"dmin":0.07311,"rms":0.19,"gap":50,"magType":"ml","type":"earthquake","title":"M 1.1 - 10km NNE of Julian, CA"},"geometry":{"type":"Point","coordinates":[-116.5681667,33.1683333,15.98]},"id":"ci39898791"},
{"type":"Feature","properties":{"mag":1.63,"place":"16km WSW of La Jolla, CA","time":1640829352090,"updated":1640829569449,"tz":null,"url":"https://earthquake.usgs.gov/earthquakes/eventpage/ci39898783","detail":"https://earthquake.usgs.gov/earthquakes/feed/v1.0/detail/ci39898783.geojson","felt":null,"cdi":null,"mmi":null,"alert":null,"status":"automatic","tsunami":0,"sig":41,"net":"ci","code":"39898783","ids":",ci39898783,","sources":",ci,","types":",nearby-cities,origin,phase-data,scitech-link,","nst":22,"dmin":0.2466,"rms":0.17,"gap":241,"magType":"ml","type":"earthquake","title":"M 1.6 - 16km WSW of La Jolla, CA"},"geometry":{"type":"Point","coordinates":[-117.4308333,32.7873333,15.31]},"id":"ci39898783"},
{"type":"Feature","properties":{"mag":1.1,"place":"26 km ENE of Beluga, Alaska","time":1640828604122,"updated":1640828746823,"tz":null,"url":"https://earthquake.usgs.gov/earthquakes/eventpage/ak021gq0h10c","detail":"https://earthquake.usgs.gov/earthquakes/feed/v1.0/detail/ak021gq0h10c.geojson","felt":null,"cdi":null,"mmi":null,"alert":null,"status":"automatic","tsunami":0,"sig":19,"net":"ak","code":"021gq0h10c","ids":",ak021gq0h10c,","sources":",ak,","types":",origin,","nst":null,"dmin":null,"rms":0.39,"gap":null,"magType":"ml","type":"earthquake","title":"M 1.1 - 26 km ENE of Beluga, Alaska"},"geometry":{"type":"Point","coordinates":[-150.6581,61.2575,51.1]},"id":"ak021gq0h10c"},
{"type":"Feature","properties":{"mag":2.3,"place":"4km SE of Carson, CA","time":1640827296550,"updated":1640852515463,"tz":null,"url":"https://earthquake.usgs.gov/earthquakes/eventpage/ci39898775","detail":"https://earthquake.usgs.gov/earthquakes/feed/v1.0/detail/ci39898775.geojson","felt":24,"cdi":3.1,"mmi":null,"alert":null,"status":"automatic","tsunami":0,"sig":89,"net":"ci","code":"39898775","ids":",ci39898775,","sources":",ci,","types":",dyfi,focal-mechanism,nearby-cities,origin,phase-data,scitech-link,","nst":44,"dmin":0.04928,"rms":0.35,"gap":66,"magType":"ml","type":"earthquake","title":"M 2.3 - 4km SE of Carson, CA"},"geometry":{"type":"Point","coordinates":[-118.2548333,33.8061667,10.7]},"id":"ci39898775"},
{"type":"Feature","properties":{"mag":4.3,"place":"101 km WNW of Ambon, Indonesia","time":1640827229273,"updated":1640828192040,"tz":null,"url":"https://earthquake.usgs.gov/earthquakes/eventpage/us7000g7vg","detail":"https://earthquake.usgs.gov/earthquakes/feed/v1.0/detail/us7000g7vg.geojson","felt":null,"cdi":null,"mmi":null,"alert":null,"status":"reviewed","tsunami":0,"sig":284,"net":"us","code":"7000g7vg","ids":",us7000g7vg,","sources":",us,","types":",origin,phase-data,","nst":null,"dmin":4.166,"rms":0.75,"gap":70,"magType":"mb","type":"earthquake","title":"M 4.3 - 101 km WNW of Ambon, Indonesia"},"geometry":{"type":"Point","coordinates":[127.314,-3.4225,74.43]},"id":"us7000g7vg"},
{"type":"Feature","properties":{"mag":4.2,"place":"103 km NNE of Bandar Abbas, Iran","time":1640826933914,"updated":1640829350040,"tz":null,"url":"https://earthquake.usgs.gov/earthquakes/eventpage/us7000g7vf","detail":"https://earthquake.usgs.gov/earthquakes/feed/v1.0/detail/us7000g7vf.geojson","felt":null,"cdi":null,"mmi":null,"alert":null,"status":"reviewed","tsunami":0,"sig":271,"net":"us","code":"7000g7vf","ids":",us7000g7vf,","sources":",us,","types":",origin,phase-data,","nst":null,"dmin":3.122,"rms":0.53,"gap":99,"magType":"mb","type":"earthquake","title":"M 4.2 - 103 km NNE of Bandar Abbas, Iran"},"geometry":{"type":"Point","coordinates":[56.6843,28.0508,34.68]},"id":"us7000g7vf"},
{"type":"Feature","properties":{"mag":1.7,"place":"5km NE of Larkfield-Wikiup, CA","time":1640826665820,"updated":1640827811449,"tz":null,"url":"https://earthquake.usgs.gov/earthquakes/eventpage/nc73669196","detail":"https://earthquake.usgs.gov/earthquakes/feed/v1.0/detail/nc73669196.geojson","felt":null,"cdi":null,"mmi":null,"alert":null,"status":"automatic","tsunami":0,"sig":44,"net":"nc","code":"73669196","ids":",nc73669196,","sources":",nc,","types":",nearby-cities,origin,phase-data,scitech-link,","nst":12,"dmin":0.1645,"rms":0.07,"gap":94,"magType":"md","type":"earthquake","title":"M 1.7 - 5km NE of Larkfield-Wikiup, CA"},"geometry":{"type":"Point","coordinates":[-122.7123337,38.5493317,2.14]},"id":"nc73669196"},
{"type":"Feature","properties":{"mag":1.91,"place":"3km SE of Carson, CA","time":1640826399670,"updated":1640828634666,"tz":null,"url":"https://earthquake.usgs.gov/earthquakes/eventpage/ci39898767","detail":"https://earthquake.usgs.gov/earthquakes/feed/v1.0/detail/ci39898767.geojson","felt":5,"cdi":2.3,"mmi":null,"alert":null,"status":"automatic","tsunami":0,"sig":57,"net":"ci","code":"39898767","ids":",ci39898767,","sources":",ci,","types":",dyfi,focal-mechanism,nearby-cities,origin,phase-data,scitech-link,","nst":33,"dmin":0.05608,"rms":0.38,"gap":76,"magType":"ml","type":"earthquake","title":"M 1.9 - 3km SE of Carson, CA"},"geometry":{"type":"Point","coordinates":[-118.2606667,33.8125,9.44]},"id":"ci39898767"},
{"type":"Feature","properties":{"mag":1.4,"place":"8 km W of Point MacKenzie, Alaska","time":1640826291733,"updated":1640826482464,"tz":null,"url":"https://earthquake.usgs.gov/earthquakes/eventpage/ak021gq08q7p","detail":"https://earthquake.usgs.gov/earthquakes/feed/v1.0/detail/ak021gq08q7p.geojson","felt":null,"cdi":null,"mmi":null,"alert":null,"status":"automatic","tsunami":0,"sig":30,"net":"ak","code":"021gq08q7p","ids":",ak021gq08q7p,","sources":",ak,","types":",origin,","nst":null,"dmin":null,"rms":0.61,"gap":null,"magType":"ml","type":"earthquake","title":"M 1.4 - 8 km W of Point MacKenzie, Alaska"},"geometry":{"type":"Point","coordinates":[-150.1323,61.3527,34.2]},"id":"ak021gq08q7p"},
{"type":"Feature","properties":{"mag":1.7,"place":"11km S of Progreso, B.C., MX","time":1640826223700,"updated":1640826448141,"tz":null,"url":"https://earthquake.usgs.gov/earthquakes/eventpage/ci39898759","detail":"https://earthquake.usgs.gov/earthquakes/feed/v1.0/detail/ci39898759.geojson","felt":null,"cdi":null,"mmi":null,"alert":null,"status":"automatic","tsunami":0,"sig":44,"net":"ci","code":"39898759","ids":",ci39898759,","sources":",ci,","types":",nearby-cities,origin,phase-data,scitech-link,","nst":12,"dmin":0.2014,"rms":0.15,"gap":220,"magType":"ml","type":"earthquake","title":"M 1.7 - 11km S of Progreso, B.C., MX"},"geometry":{"type":"Point","coordinates":[-115.5936667,32.4815,3.91]},"id":"ci39898759"},
{"type":"Feature","properties":{"mag":2.3,"place":"49 km SSE of Denali National Park, Alaska","time":1640824952291,"updated":1640827656040,"tz":null,"url":"https://earthquake.usgs.gov/earthquakes/eventpage/ak021gpzveb4","detail":"https://earthquake.usgs.gov/earthquakes/feed/v1.0/detail/ak021gpzveb4.geojson","felt":null,"cdi":null,"mmi":null,"alert":null,"status":"automatic","tsunami":0,"sig":81,"net":"ak","code":"021gpzveb4","ids":",us7000g7us,ak021gpzveb4,","sources":",us,ak,","types":",origin,phase-data,","nst":null,"dmin":null,"rms":0.81,"gap":null,"magType":"ml","type":"earthquake","title":"M 2.3 - 49 km SSE of Denali National Park, Alaska"},"geometry":{"type":"Point","coordinates":[-151.43,63.1168,2.5]},"id":"ak021gpzveb4"},
{"type":"Feature","properties":{"mag":4.7,"place":"5 km ESE of Chiba, Japan","time":1640824919265,"updated":1640846467747,"tz":null,"url":"https://earthquake.usgs.gov/earthquakes/eventpage/us7000g7ut","detail":"https://earthquake.usgs.gov/earthquakes/feed/v1.0/detail/us7000g7ut.geojson","felt":53,"cdi":3.4,"mmi":null,"alert":null,"status":"reviewed","tsunami":0,"sig":358,"net":"us","code":"7000g7ut","ids":",us7000g7ut,","sources":",us,","types":",dyfi,origin,phase-data,","nst":null,"dmin":1.853,"rms":0.73,"gap":102,"magType":"mb","type":"earthquake","title":"M 4.7 - 5 km ESE of Chiba, Japan"},"geometry":{"type":"Point","coordinates":[140.1699,35.5857,63.31]},"id":"us7000g7ut"},
{"type":"Feature","properties":{"mag":3.2,"place":"48 km SSE of Denali National Park, Alaska","time":1640824095183,"updated":1640845743198,"tz":null,"url":"https://earthquake.usgs.gov/earthquakes/eventpage/ak021gpzscxv","detail":"https://earthquake.usgs.gov/earthquakes/feed/v1.0/detail/ak021gpzscxv.geojson","felt":null,"cdi":null,"mmi":null,"alert":null,"status":"reviewed","tsunami":0,"sig":158,"net":"ak","code":"021gpzscxv","ids":",us7000g7uq,ak021gpzscxv,","sources":",us,ak,","types":",origin,phase-data,","nst":null,"dmin":null,"rms":0.88,"gap":null,"magType":"ml","type":"earthquake","title":"M 3.2 - 48 km SSE of Denali National Park, Alaska"},"geometry":{"type":"Point","coordinates":[-151.4949,63.1225,12.4]},"id":"ak021gpzscxv"},
{"type":"Feature","properties":{"mag":2.2,"place":"51 km SSE of Denali National Park, Alaska","time":1640823959675,"updated":1640827004040,"tz":null,"url":"https://earthquake.usgs.gov/earthquakes/eventpage/ak021gpzrt8j","detail":"https://earthquake.usgs.gov/earthquakes/feed/v1.0/detail/ak021gpzrt8j.geojson","felt":null,"cdi":null,"mmi":null,"alert":null,"status":"automatic","tsunami":0,"sig":74,"net":"ak","code":"021gpzrt8j","ids":",us7000g7up,ak021gpzrt8j,","sources":",us,ak,","types":",origin,phase-data,","nst":null,"dmin":null,"rms":0.9,"gap":null,"magType":"ml","type":"earthquake","title":"M 2.2 - 51 km SSE of Denali National Park, Alaska"},"geometry":{"type":"Point","coordinates":[-151.3537,63.1055,0]},"id":"ak021gpzrt8j"},
{"type":"Feature","properties":{"mag":4.8,"place":"Fiji region","time":1640823594928,"updated":1640824739040,"tz":null,"url":"https://earthquake.usgs.gov/earthquakes/eventpage/us7000g7un","detail":"https://earthquake.usgs.gov/earthquakes/feed/v1.0/detail/us7000g7un.geojson","felt":null,"cdi":null,"mmi":null,"alert":null,"status":"reviewed","tsunami":0,"sig":354,"net":"us","code":"7000g7un","ids":",us7000g7un,","sources":",us,","types":",origin,phase-data,","nst":null,"dmin":4.632,"rms":0.92,"gap":38,"magType":"mb","type":"earthquake","title":"M 4.8 - Fiji region"},"geometry":{"type":"Point","coordinates":[-179.3573,-21.7037,591.05]},"id":"us7000g7un"},
{"type":"Feature","properties":{"mag":1.56,"place":"6km NW of The Geysers, CA","time":1640823319570,"updated":1640824872804,"tz":null,"url":"https://earthquake.usgs.gov/earthquakes/eventpage/nc73669191","detail":"https://earthquake.usgs.gov/earthquakes/feed/v1.0/detail/nc73669191.geojson","felt":null,"cdi":null,"mmi":null,"alert":null,"status":"automatic","tsunami":0,"sig":37,"net":"nc","code":"73669191","ids":",nc73669191,","sources":",nc,","types":",nearby-cities,origin,phase-data,scitech-link,","nst":9,"dmin":0.009018,"rms":0.21,"gap":114,"magType":"md","type":"earthquake","title":"M 1.6 - 6km NW of The Geysers, CA"},"geometry":{"type":"Point","coordinates":[-122.7975006,38.8168335,0.76]},"id":"nc73669191"},
{"type":"Feature","properties":{"mag":2.3,"place":"60 km ENE of Ouzinkie, Alaska","time":1640820717890,"updated":1640820961986,"tz":null,"url":"https://earthquake.usgs.gov/earthquakes/eventpage/ak021gopypu5","detail":"https://earthquake.usgs.gov/earthquakes/feed/v1.0/detail/ak021gopypu5.geojson","felt":null,"cdi":null,"mmi":null,"alert":null,"status":"automatic","tsunami":0,"sig":81,"net":"ak","code":"021gopypu5","ids":",ak021gopypu5,","sources":",ak,","types":",origin,","nst":null,"dmin":null,"rms":0.41,"gap":null,"magType":"ml","type":"earthquake","title":"M 2.3 - 60 km ENE of Ouzinkie, Alaska"},"geometry":{"type":"Point","coordinates":[-151.5945,58.1822,17.7]},"id":"ak021gopypu5"},
{"type":"Feature","properties":{"mag":1.5,"place":"55 km SSE of Denali National Park, Alaska","time":1640819717622,"updated":1640820410796,"tz":null,"url":"https://earthquake.usgs.gov/earthquakes/eventpage/ak021gopv79p","detail":"https://earthquake.usgs.gov/earthquakes/feed/v1.0/detail/ak021gopv79p.geojson","felt":null,"cdi":null,"mmi":null,"alert":null,"status":"automatic","tsunami":0,"sig":35,"net":"ak","code":"021gopv79p","ids":",ak021gopv79p,","sources":",ak,","types":",origin,","nst":null,"dmin":null,"rms":0.89,"gap":null,"magType":"ml","type":"earthquake","title":"M 1.5 - 55 km SSE of Denali National Park, Alaska"},"geometry":{"type":"Point","coordinates":[-151.3576,63.0726,0]},"id":"ak021gopv79p"},
{"type":"Feature","properties":{"mag":1.54,"place":"13km SE of Bodfish, CA","time":1640819505310,"updated":1640820173210,"tz":null,"url":"https://earthquake.usgs.gov/earthquakes/eventpage/ci39898727","detail":"https://earthquake.usgs.gov/earthquakes/feed/v1.0/detail/ci39898727.geojson","felt":null,"cdi":null,"mmi":null,"alert":null,"status":"automatic","tsunami":0,"sig":36,"net":"ci","code":"39898727","ids":",ci39898727,","sources":",ci,","types":",focal-mechanism,nearby-cities,origin,phase-data,scitech-link,","nst":20,"dmin":0.1732,"rms":0.15,"gap":65,"magType":"ml","type":"earthquake","title":"M 1.5 - 13km SE of Bodfish, CA"},"geometry":{"type":"Point","coordinates":[-118.3868333,35.5045,8.39]},"id":"ci39898727"},
{"type":"Feature","properties":{"mag":1.6,"place":"43km W of Olancha, CA","time":1640819501530,"updated":1640819750234,"tz":null,"url":"https://earthquake.usgs.gov/earthquakes/eventpage/ci39898735","detail":"https://earthquake.usgs.gov/earthquakes/feed/v1.0/detail/ci39898735.geojson","felt":null,"cdi":null,"mmi":null,"alert":null,"status":"automatic","tsunami":0,"sig":39,"net":"ci","code":"39898735","ids":",ci39898735,","sources":",ci,","types":",nearby-cities,origin,phase-data,scitech-link,","nst":11,"dmin":0.511,"rms":0.22,"gap":237,"magType":"ml","type":"earthquake","title":"M 1.6 - 43km W of Olancha, CA"},"geometry":{"type":"Point","coordinates":[-118.4763333,36.2083333,15.17]},"id":"ci39898735"},
{"type":"Feature","properties":{"mag":4.2,"place":"8 km SW of Arkalochóri, Greece","time":1640819200057,"updated":1640856794661,"tz":null,"url":"https://earthquake.usgs.gov/earthquakes/eventpage/us7000g7ua","detail":"https://earthquake.usgs.gov/earthquakes/feed/v1.0/detail/us7000g7ua.geojson","felt":1,"cdi":2.7,"mmi":null,"alert":null,"status":"reviewed","tsunami":0,"sig":272,"net":"us","code":"7000g7ua","ids":",us7000g7ua,","sources":",us,","types":",dyfi,origin,phase-data,","nst":null,"dmin":0.325,"rms":1.71,"gap":163,"magType":"mb","type":"earthquake","title":"M 4.2 - 8 km SW of Arkalochóri, Greece"},"geometry":{"type":"Point","coordinates":[25.2031,35.0866,10]},"id":"us7000g7ua"},
{"type":"Feature","properties":{"mag":1.22,"place":"12km W of Toms Place, CA","time":1640819053660,"updated":1640824211284,"tz":null,"url":"https://earthquake.usgs.gov/earthquakes/eventpage/nc73669186","detail":"https://earthquake.usgs.gov/earthquakes/feed/v1.0/detail/nc73669186.geojson","felt":null,"cdi":null,"mmi":null,"alert":null,"status":"reviewed","tsunami":0,"sig":23,"net":"nc","code":"73669186","ids":",nc73669186,","sources":",nc,","types":",nearby-cities,origin,phase-data,scitech-link,","nst":16,"dmin":0.02228,"rms":0.04,"gap":171,"magType":"md","type":"earthquake","title":"M 1.2 - 12km W of Toms Place, CA"},"geometry":{"type":"Point","coordinates":[-118.821,37.5686667,4.07]},"id":"nc73669186"},
{"type":"Feature","properties":{"mag":1.5,"place":"California-Nevada border region","time":1640818960094,"updated":1640831949499,"tz":null,"url":"https://earthquake.usgs.gov/earthquakes/eventpage/nn00830701","detail":"https://earthquake.usgs.gov/earthquakes/feed/v1.0/detail/nn00830701.geojson","felt":null,"cdi":null,"mmi":null,"alert":null,"status":"reviewed","tsunami":0,"sig":35,"net":"nn","code":"00830701","ids":",nn00830701,","sources":",nn,","types":",origin,phase-data,","nst":19,"dmin":0.059,"rms":0.1883,"gap":111.91,"magType":"ml","type":"earthquake","title":"M 1.5 - California-Nevada border region"},"geometry":{"type":"Point","coordinates":[-119.485,38.5334,8]},"id":"nn00830701"},
{"type":"Feature","properties":{"mag":1.84,"place":"17km W of Searles Valley, CA","time":1640818945480,"updated":1640819586680,"tz":null,"url":"https://earthquake.usgs.gov/earthquakes/eventpage/ci39898719","detail":"https://earthquake.usgs.gov/earthquakes/feed/v1.0/detail/ci39898719.geojson","felt":null,"cdi":null,"mmi":null,"alert":null,"status":"automatic","tsunami":0,"sig":52,"net":"ci","code":"39898719","ids":",ci39898719,","sources":",ci,","types":",focal-mechanism,nearby-cities,origin,phase-data,scitech-link,","nst":25,"dmin":0.03667,"rms":0.15,"gap":78,"magType":"ml","type":"earthquake","title":"M 1.8 - 17km W of Searles Valley, CA"},"geometry":{"type":"Point","coordinates":[-117.5913333,35.7793333,7.68]},"id":"ci39898719"},
{"type":"Feature","properties":{"mag":4.8,"place":"119 km NNE of Lospalos, Timor Leste","time":1640818837107,"updated":1640819895040,"tz":null,"url":"https://earthquake.usgs.gov/earthquakes/eventpage/us7000g7u7","detail":"https://earthquake.usgs.gov/earthquakes/feed/v1.0/detail/us7000g7u7.geojson","felt":null,"cdi":null,"mmi":null,"alert":null,"status":"reviewed","tsunami":0,"sig":354,"net":"us","code":"7000g7u7","ids":",us7000g7u7,","sources":",us,","types":",origin,phase-data,","nst":null,"dmin":3.737,"rms":0.87,"gap":51,"magType":"mb","type":"earthquake","title":"M 4.8 - 119 km NNE of Lospalos, Timor Leste"},"geometry":{"type":"Point","coordinates":[127.548,-7.591,178.59]},"id":"us7000g7u7"},
{"type":"Feature","properties":{"mag":2.35,"place":"6 km ENE of Pāhala, Hawaii","time":1640818617370,"updated":1640818948400,"tz":null,"url":"https://earthquake.usgs.gov/earthquakes/eventpage/hv72850902","detail":"https://earthquake.usgs.gov/earthquakes/feed/v1.0/detail/hv72850902.geojson","felt":null,"cdi":null,"mmi":null,"alert":null,"status":"automatic","tsunami":0,"sig":85,"net":"hv","code":"72850902","ids":",hv72850902,","sources":",hv,","types":",origin,phase-data,","nst":38,"dmin":null,"rms":0.119999997,"gap":149,"magType":"ml","type":"earthquake","title":"M 2.4 - 6 km ENE of Pāhala, Hawaii"},"geometry":{"type":"Point","coordinates":[-155.420333862305,19.2238330841064,33.8499984741211]},"id":"hv72850902"},
{"type":"Feature","properties":{"mag":1.85000002,"place":"Island of Hawaii, Hawaii","time":1640818439760,"updated":1640818621820,"tz":null,"url":"https://earthquake.usgs.gov/earthquakes/eventpage/hv72850892","detail":"https://earthquake.usgs.gov/earthquakes/feed/v1.0/detail/hv72850892.geojson","felt":null,"cdi":null,"mmi":null,"alert":null,"status":"automatic","tsunami":0,"sig":53,"net":"hv","code":"72850892","ids":",hv72850892,","sources":",hv,","types":",origin,phase-data,","nst":30,"dmin":null,"rms":0.100000001,"gap":162,"magType":"md","type":"earthquake","title":"M 1.9 - Island of Hawaii, Hawaii"},"geometry":{"type":"Point","coordinates":[-155.414169311523,19.2093334197998,32.2099990844727]},"id":"hv72850892"},
{"type":"Feature","properties":{"mag":2.28,"place":"6 km SSW of Guánica, Puerto Rico","time":1640818438860,"updated":1640819802919,"tz":null,"url":"https://earthquake.usgs.gov/earthquakes/eventpage/pr2021363003","detail":"https://earthquake.usgs.gov/earthquakes/feed/v1.0/detail/pr2021363003.geojson","felt":null,"cdi":null,"mmi":null,"alert":null,"status":"reviewed","tsunami":0,"sig":80,"net":"pr","code":"2021363003","ids":",pr2021363003,","sources":",pr,","types":",origin,phase-data,","nst":10,"dmin":0.0785,"rms":0.12,"gap":231,"magType":"md","type":"earthquake","title":"M 2.3 - 6 km SSW of Guánica, Puerto Rico"},"geometry":{"type":"Point","coordinates":[-66.9328,17.9178,13]},"id":"pr2021363003"},
{"type":"Feature","properties":{"mag":4.4,"place":"256 km NW of Attu Station, Alaska","time":1640818231022,"updated":1640819466040,"tz":null,"url":"https://earthquake.usgs.gov/earthquakes/eventpage/us7000g7u4","detail":"https://earthquake.usgs.gov/earthquakes/feed/v1.0/detail/us7000g7u4.geojson","felt":null,"cdi":null,"mmi":null,"alert":null,"status":"reviewed","tsunami":0,"sig":298,"net":"us","code":"7000g7u4","ids":",us7000g7u4,","sources":",us,","types":",origin,phase-data,","nst":null,"dmin":2.808,"rms":1.05,"gap":176,"magType":"mb","type":"earthquake","title":"M 4.4 - 256 km NW of Attu Station, Alaska"},"geometry":{"type":"Point","coordinates":[170.3036,54.3866,10]},"id":"us7000g7u4"},
{"type":"Feature","properties":{"mag":3.26,"place":"43 km NW of San Antonio, Puerto Rico","time":1640817085910,"updated":1640820147326,"tz":null,"url":"https://earthquake.usgs.gov/earthquakes/eventpage/pr2021363004","detail":"https://earthquake.usgs.gov/earthquakes/feed/v1.0/detail/pr2021363004.geojson","felt":null,"cdi":null,"mmi":null,"alert":null,"status":"reviewed","tsunami":0,"sig":164,"net":"pr","code":"2021363004","ids":",pr2021363004,","sources":",pr,","types":",origin,phase-data,","nst":20,"dmin":0.4094,"rms":0.37,"gap":209,"magType":"md","type":"earthquake","title":"M 3.3 - 43 km NW of San Antonio, Puerto Rico"},"geometry":{"type":"Point","coordinates":[-67.3475,18.8018,8]},"id":"pr2021363004"},
{"type":"Feature","properties":{"mag":2.11,"place":"11 km WSW of Shamrock, Oklahoma","time":1640816914006,"updated":1640817121193,"tz":null,"url":"https://earthquake.usgs.gov/earthquakes/eventpage/ok2021zncp","detail":"https://earthquake.usgs.gov/earthquakes/feed/v1.0/detail/ok2021zncp.geojson","felt":null,"cdi":null,"mmi":null,"alert":null,"status":"automatic","tsunami":0,"sig":68,"net":"ok","code":"2021zncp","ids":",ok2021zncp,","sources":",ok,","types":",origin,phase-data,","nst":40,"dmin":0.1571410298,"rms":0.4501891213,"gap":98.12738037,"magType":"ml","type":"earthquake","title":"M 2.1 - 11 km WSW of Shamrock, Oklahoma"},"geometry":{"type":"Point","coordinates":[-96.69390106,35.86339569,2.514314413]},"id":"ok2021zncp"},
{"type":"Feature","properties":{"mag":1.6,"place":"39 km N of Valdez, Alaska","time":1640814736535,"updated":1640814918639,"tz":null,"url":"https://earthquake.usgs.gov/earthquakes/eventpage/ak021goow9h1","detail":"https://earthquake.usgs.gov/earthquakes/feed/v1.0/detail/ak021goow9h1.geojson","felt":null,"cdi":null,"mmi":null,"alert":null,"status":"automatic","tsunami":0,"sig":39,"net":"ak","code":"021goow9h1","ids":",ak021goow9h1,","sources":",ak,","types":",origin,","nst":null,"dmin":null,"rms":0.9,"gap":null,"magType":"ml","type":"earthquake","title":"M 1.6 - 39 km N of Valdez, Alaska"},"geometry":{"type":"Point","coordinates":[-146.2275,61.4824,19.7]},"id":"ak021goow9h1"},
{"type":"Feature","properties":{"mag":4.4,"place":"98 km NNW of Sola, Vanuatu","time":1640814566485,"updated":1640816213040,"tz":null,"url":"https://earthquake.usgs.gov/earthquakes/eventpage/us7000g7td","detail":"https://earthquake.usgs.gov/earthquakes/feed/v1.0/detail/us7000g7td.geojson","felt":null,"cdi":null,"mmi":null,"alert":null,"status":"reviewed","tsunami":0,"sig":298,"net":"us","code":"7000g7td","ids":",us7000g7td,","sources":",us,","types":",origin,phase-data,","nst":null,"dmin":2.332,"rms":0.83,"gap":139,"magType":"mb","type":"earthquake","title":"M 4.4 - 98 km NNW of Sola, Vanuatu"},"geometry":{"type":"Point","coordinates":[167.0955,-13.1036,193.6]},"id":"us7000g7td"},
{"type":"Feature","properties":{"mag":2.41,"place":"4 km SSW of Pāhala, Hawaii","time":1640814280980,"updated":1640816816040,"tz":null,"url":"https://earthquake.usgs.gov/earthquakes/eventpage/hv72850772","detail":"https://earthquake.usgs.gov/earthquakes/feed/v1.0/detail/hv72850772.geojson","felt":null,"cdi":null,"mmi":null,"alert":null,"status":"automatic","tsunami":0,"sig":89,"net":"hv","code":"72850772","ids":",us7000g7t8,hv72850772,","sources":",us,hv,","types":",origin,phase-data,","nst":45,"dmin":null,"rms":0.109999999,"gap":142,"magType":"ml","type":"earthquake","title":"M 2.4 - 4 km SSW of Pāhala, Hawaii"},"geometry":{"type":"Point","coordinates":[-155.496170043945,19.167667388916,35.75]},"id":"hv72850772"},
{"type":"Feature","properties":{"mag":5,"place":"northern Qinghai, China","time":1640813422368,"updated":1640814937040,"tz":null,"url":"https://earthquake.usgs.gov/earthquakes/eventpage/us7000g7t4","detail":"https://earthquake.usgs.gov/earthquakes/feed/v1.0/detail/us7000g7t4.geojson","felt":null,"cdi":null,"mmi":null,"alert":null,"status":"reviewed","tsunami":0,"sig":385,"net":"us","code":"7000g7t4","ids":",us7000g7t4,","sources":",us,","types":",origin,phase-data,","nst":null,"dmin":12.128,"rms":0.79,"gap":48,"magType":"mb","type":"earthquake","title":"M 5.0 - northern Qinghai, China"},"geometry":{"type":"Point","coordinates":[94.6658,37.0116,10]},"id":"us7000g7t4"},
{"type":"Feature","properties":{"mag":1.4,"place":"69 km N of Petersville, Alaska","time":1640813266971,"updated":1640815971336,"tz":null,"url":"https://earthquake.usgs.gov/earthquakes/eventpage/ak021gooqzwh","detail":"https://earthquake.usgs.gov/earthquakes/feed/v1.0/detail/ak021gooqzwh.geojson","felt":null,"cdi":null,"mmi":null,"alert":null,"status":"reviewed","tsunami":0,"sig":30,"net":"ak","code":"021gooqzwh","ids":",ak021gooqzwh,","sources":",ak,","types":",origin,phase-data,","nst":null,"dmin":null,"rms":0.31,"gap":null,"magType":"ml","type":"earthquake","title":"M 1.4 - 69 km N of Petersville, Alaska"},"geometry":{"type":"Point","coordinates":[-150.545,63.1102,120.8]},"id":"ak021gooqzwh"},
{"type":"Feature","properties":{"mag":0.7,"place":"20km NNE of Ridgecrest, CA","time":1640812757630,"updated":1640812969356,"tz":null,"url":"https://earthquake.usgs.gov/earthquakes/eventpage/ci39898687","detail":"https://earthquake.usgs.gov/earthquakes/feed/v1.0/detail/ci39898687.geojson","felt":null,"cdi":null,"mmi":null,"alert":null,"status":"automatic","tsunami":0,"sig":8,"net":"ci","code":"39898687","ids":",ci39898687,","sources":",ci,","types":",nearby-cities,origin,phase-data,scitech-link,","nst":10,"dmin":0.03519,"rms":0.16,"gap":93,"magType":"ml","type":"earthquake","title":"M 0.7 - 20km NNE of Ridgecrest, CA"},"geometry":{"type":"Point","coordinates":[-117.6293333,35.7918333,11.22]},"id":"ci39898687"},
{"type":"Feature","properties":{"mag":2.02,"place":"20km NE of Avalon, CA","time":1640812094360,"updated":1640812314736,"tz":null,"url":"https://earthquake.usgs.gov/earthquakes/eventpage/ci39898679","detail":"https://earthquake.usgs.gov/earthquakes/feed/v1.0/detail/ci39898679.geojson","felt":null,"cdi":null,"mmi":null,"alert":null,"status":"automatic","tsunami":0,"sig":63,"net":"ci","code":"39898679","ids":",ci39898679,","sources":",ci,","types":",nearby-cities,origin,phase-data,scitech-link,","nst":24,"dmin":0.1912,"rms":0.26,"gap":112,"magType":"ml","type":"earthquake","title":"M 2.0 - 20km NE of Avalon, CA"},"geometry":{"type":"Point","coordinates":[-118.1654968,33.4613342,13.08]},"id":"ci39898679"},
{"type":"Feature","properties":{"mag":1.78999996,"place":"10 km ENE of Pāhala, Hawaii","time":1640811529320,"updated":1640811723800,"tz":null,"url":"https://earthquake.usgs.gov/earthquakes/eventpage/hv72850697","detail":"https://earthquake.usgs.gov/earthquakes/feed/v1.0/detail/hv72850697.geojson","felt":null,"cdi":null,"mmi":null,"alert":null,"status":"automatic","tsunami":0,"sig":49,"net":"hv","code":"72850697","ids":",hv72850697,","sources":",hv,","types":",origin,phase-data,","nst":23,"dmin":null,"rms":0.119999997,"gap":158,"magType":"md","type":"earthquake","title":"M 1.8 - 10 km ENE of Pāhala, Hawaii"},"geometry":{"type":"Point","coordinates":[-155.385162353516,19.2456665039062,32.25]},"id":"hv72850697"},
{"type":"Feature","properties":{"mag":1.74,"place":"8km WNW of Lake Hughes, CA","time":1640811034470,"updated":1640811254637,"tz":null,"url":"https://earthquake.usgs.gov/earthquakes/eventpage/ci39898671","detail":"https://earthquake.usgs.gov/earthquakes/feed/v1.0/detail/ci39898671.geojson","felt":null,"cdi":null,"mmi":null,"alert":null,"status":"automatic","tsunami":0,"sig":47,"net":"ci","code":"39898671","ids":",ci39898671,","sources":",ci,","types":",nearby-cities,origin,phase-data,scitech-link,","nst":31,"dmin":0.07329,"rms":0.18,"gap":40,"magType":"ml","type":"earthquake","title":"M 1.7 - 8km WNW of Lake Hughes, CA"},"geometry":{"type":"Point","coordinates":[-118.522,34.704,7.11]},"id":"ci39898671"},
{"type":"Feature","properties":{"mag":1.42,"place":"13km ENE of Ridgecrest, CA","time":1640810786510,"updated":1640811001831,"tz":null,"url":"https://earthquake.usgs.gov/earthquakes/eventpage/ci39898663","detail":"https://earthquake.usgs.gov/earthquakes/feed/v1.0/detail/ci39898663.geojson","felt":null,"cdi":null,"mmi":null,"alert":null,"status":"automatic","tsunami":0,"sig":31,"net":"ci","code":"39898663","ids":",ci39898663,","sources":",ci,","types":",nearby-cities,origin,phase-data,scitech-link,","nst":12,"dmin":0.09351,"rms":0.17,"gap":128,"magType":"ml","type":"earthquake","title":"M 1.4 - 13km ENE of Ridgecrest, CA"},"geometry":{"type":"Point","coordinates":[-117.5351667,35.6588333,7.23]},"id":"ci39898663"},
{"type":"Feature","properties":{"mag":4.9,"place":"133 km NE of Lospalos, Timor Leste","time":1640809973608,"updated":1640811093040,"tz":null,"url":"https://earthquake.usgs.gov/earthquakes/eventpage/us7000g7s9","detail":"https://earthquake.usgs.gov/earthquakes/feed/v1.0/detail/us7000g7s9.geojson","felt":null,"cdi":null,"mmi":null,"alert":null,"status":"reviewed","tsunami":0,"sig":369,"net":"us","code":"7000g7s9","ids":",us7000g7s9,","sources":",us,","types":",origin,phase-data,","nst":null,"dmin":3.514,"rms":0.82,"gap":53,"magType":"mb","type":"earthquake","title":"M 4.9 - 133 km NE of Lospalos, Timor Leste"},"geometry":{"type":"Point","coordinates":[127.7736,-7.5896,170.29]},"id":"us7000g7s9"},
{"type":"Feature","properties":{"mag":3.4,"place":"32 km SE of Malaga, New Mexico","time":1640809723730,"updated":1640810110040,"tz":null,"url":"https://earthquake.usgs.gov/earthquakes/eventpage/us7000g7s2","detail":"https://earthquake.usgs.gov/earthquakes/feed/v1.0/detail/us7000g7s2.geojson","felt":null,"cdi":null,"mmi":null,"alert":null,"status":"reviewed","tsunami":0,"sig":178,"net":"us","code":"7000g7s2","ids":",us7000g7s2,","sources":",us,","types":",origin,phase-data,","nst":null,"dmin":0.098,"rms":0.41,"gap":61,"magType":"ml","type":"earthquake","title":"M 3.4 - 32 km SE of Malaga, New Mexico"},"geometry":{"type":"Point","coordinates":[-103.8564,31.9911,5.6]},"id":"us7000g7s2"},
{"type":"Feature","properties":{"mag":1.6,"place":"40 km N of Petersville, Alaska","time":1640809680196,"updated":1640810008556,"tz":null,"url":"https://earthquake.usgs.gov/earthquakes/eventpage/ak021goo5nf7","detail":"https://earthquake.usgs.gov/earthquakes/feed/v1.0/detail/ak021goo5nf7.geojson","felt":null,"cdi":null,"mmi":null,"alert":null,"status":"automatic","tsunami":0,"sig":39,"net":"ak","code":"021goo5nf7","ids":",ak021goo5nf7,","sources":",ak,","types":",origin,","nst":null,"dmin":null,"rms":0.28,"gap":null,"magType":"ml","type":"earthquake","title":"M 1.6 - 40 km N of Petersville, Alaska"},"geometry":{"type":"Point","coordinates":[-150.7495,62.8623,98.7]},"id":"ak021goo5nf7"},
{"type":"Feature","properties":{"mag":1.79999995,"place":"8 km E of Pāhala, Hawaii","time":1640808519380,"updated":1640808699600,"tz":null,"url":"https://earthquake.usgs.gov/earthquakes/eventpage/hv72850622","detail":"https://earthquake.usgs.gov/earthquakes/feed/v1.0/detail/hv72850622.geojson","felt":null,"cdi":null,"mmi":null,"alert":null,"status":"automatic","tsunami":0,"sig":50,"net":"hv","code":"72850622","ids":",hv72850622,","sources":",hv,","types":",origin,phase-data,","nst":36,"dmin":null,"rms":0.100000001,"gap":159,"magType":"md","type":"earthquake","title":"M 1.8 - 8 km E of Pāhala, Hawaii"},"geometry":{"type":"Point","coordinates":[-155.401000976562,19.2024993896484,31.3400001525879]},"id":"hv72850622"},
{"type":"Feature","properties":{"mag":1.53,"place":"4 km E of Butte, Montana","time":1640808271460,"updated":1640809777130,"tz":null,"url":"https://earthquake.usgs.gov/earthquakes/eventpage/mb80534754","detail":"https://earthquake.usgs.gov/earthquakes/feed/v1.0/detail/mb80534754.geojson","felt":null,"cdi":null,"mmi":null,"alert":null,"status":"reviewed","tsunami":0,"sig":36,"net":"mb","code":"80534754","ids":",mb80534754,","sources":",mb,","types":",origin,phase-data,","nst":15,"dmin":0.056,"rms":0.07,"gap":79,"magType":"ml","type":"quarry blast","title":"M 1.5 Quarry Blast - 4 km E of Butte, Montana"},"geometry":{"type":"Point","coordinates":[-112.4776667,45.9996667,-2]},"id":"mb80534754"},
{"type":"Feature","properties":{"mag":4.6,"place":"132 km NE of Lospalos, Timor Leste","time":1640807583449,"updated":1640808794040,"tz":null,"url":"https://earthquake.usgs.gov/earthquakes/eventpage/us7000g7ru","detail":"https://earthquake.usgs.gov/earthquakes/feed/v1.0/detail/us7000g7ru.geojson","felt":null,"cdi":null,"mmi":null,"alert":null,"status":"reviewed","tsunami":0,"sig":326,"net":"us","code":"7000g7ru","ids":",us7000g7ru,","sources":",us,","types":",origin,phase-data,","nst":null,"dmin":3.439,"rms":0.64,"gap":52,"magType":"mb","type":"earthquake","title":"M 4.6 - 132 km NE of Lospalos, Timor Leste"},"geometry":{"type":"Point","coordinates":[127.8424,-7.663,169.37]},"id":"us7000g7ru"},
{"type":"Feature","properties":{"mag":1.9,"place":"2 km ESE of Big Lake, Alaska","time":1640805741575,"updated":1640806171032,"tz":null,"url":"https://earthquake.usgs.gov/earthquakes/eventpage/ak021goniz65","detail":"https://earthquake.usgs.gov/earthquakes/feed/v1.0/detail/ak021goniz65.geojson","felt":null,"cdi":null,"mmi":null,"alert":null,"status":"automatic","tsunami":0,"sig":56,"net":"ak","code":"021goniz65","ids":",ak021goniz65,","sources":",ak,","types":",origin,","nst":null,"dmin":null,"rms":0.24,"gap":null,"magType":"ml","type":"earthquake","title":"M 1.9 - 2 km ESE of Big Lake, Alaska"},"geometry":{"type":"Point","coordinates":[-149.9141,61.5138,33.2]},"id":"ak021goniz65"},
{"type":"Feature","properties":{"mag":1.4,"place":"1 km S of Golden Valley, Nevada","time":1640805736037,"updated":1640831970211,"tz":null,"url":"https://earthquake.usgs.gov/earthquakes/eventpage/nn00830720","detail":"https://earthquake.usgs.gov/earthquakes/feed/v1.0/detail/nn00830720.geojson","felt":null,"cdi":null,"mmi":null,"alert":null,"status":"reviewed","tsunami":0,"sig":30,"net":"nn","code":"00830720","ids":",nn00830720,","sources":",nn,","types":",origin,phase-data,","nst":21,"dmin":0.021,"rms":0.1557,"gap":61.28,"magType":"ml","type":"earthquake","title":"M 1.4 - 1 km S of Golden Valley, Nevada"},"geometry":{"type":"Point","coordinates":[-119.8234,39.6021,10.7]},"id":"nn00830720"},
{"type":"Feature","properties":{"mag":4.9,"place":"119 km NE of Lospalos, Timor Leste","time":1640805672742,"updated":1640811212614,"tz":null,"url":"https://earthquake.usgs.gov/earthquakes/eventpage/us7000g7rd","detail":"https://earthquake.usgs.gov/earthquakes/feed/v1.0/detail/us7000g7rd.geojson","felt":1,"cdi":3.8,"mmi":null,"alert":null,"status":"reviewed","tsunami":0,"sig":370,"net":"us","code":"7000g7rd","ids":",us7000g7rd,","sources":",us,","types":",dyfi,origin,phase-data,","nst":null,"dmin":3.642,"rms":1.07,"gap":50,"magType":"mb","type":"earthquake","title":"M 4.9 - 119 km NE of Lospalos, Timor Leste"},"geometry":{"type":"Point","coordinates":[127.6382,-7.6467,169.03]},"id":"us7000g7rd"},
{"type":"Feature","properties":{"mag":1.8,"place":"13 km NE of Badger, Alaska","time":1640804952380,"updated":1640805248999,"tz":null,"url":"https://earthquake.usgs.gov/earthquakes/eventpage/ak021gong604","detail":"https://earthquake.usgs.gov/earthquakes/feed/v1.0/detail/ak021gong604.geojson","felt":null,"cdi":null,"mmi":null,"alert":null,"status":"automatic","tsunami":0,"sig":50,"net":"ak","code":"021gong604","ids":",ak021gong604,","sources":",ak,","types":",origin,","nst":null,"dmin":null,"rms":0.37,"gap":null,"magType":"ml","type":"earthquake","title":"M 1.8 - 13 km NE of Badger, Alaska"},"geometry":{"type":"Point","coordinates":[-147.3709,64.8961,13]},"id":"ak021gong604"},
{"type":"Feature","properties":{"mag":2.5,"place":"28 km ENE of Cantwell, Alaska","time":1640804576957,"updated":1640804878127,"tz":null,"url":"https://earthquake.usgs.gov/earthquakes/eventpage/ak021gonerkp","detail":"https://earthquake.usgs.gov/earthquakes/feed/v1.0/detail/ak021gonerkp.geojson","felt":null,"cdi":null,"mmi":null,"alert":null,"status":"automatic","tsunami":0,"sig":96,"net":"ak","code":"021gonerkp","ids":",ak021gonerkp,","sources":",ak,","types":",origin,","nst":null,"dmin":null,"rms":0.96,"gap":null,"magType":"ml","type":"earthquake","title":"M 2.5 - 28 km ENE of Cantwell, Alaska"},"geometry":{"type":"Point","coordinates":[-148.4121,63.47,0.5]},"id":"ak021gonerkp"},
{"type":"Feature","properties":{"mag":2.2,"place":"43 km SSW of Denali National Park, Alaska","time":1640804257311,"updated":1640804467032,"tz":null,"url":"https://earthquake.usgs.gov/earthquakes/eventpage/ak021gon52ub","detail":"https://earthquake.usgs.gov/earthquakes/feed/v1.0/detail/ak021gon52ub.geojson","felt":null,"cdi":null,"mmi":null,"alert":null,"status":"automatic","tsunami":0,"sig":74,"net":"ak","code":"021gon52ub","ids":",ak021gon52ub,","sources":",ak,","types":",origin,","nst":null,"dmin":null,"rms":0.58,"gap":null,"magType":"ml","type":"earthquake","title":"M 2.2 - 43 km SSW of Denali National Park, Alaska"},"geometry":{"type":"Point","coordinates":[-152.1865,63.2074,3.5]},"id":"ak021gon52ub"},
{"type":"Feature","properties":{"mag":1.94000006,"place":"13 km ESE of Pāhala, Hawaii","time":1640803004080,"updated":1640803334110,"tz":null,"url":"https://earthquake.usgs.gov/earthquakes/eventpage/hv72850507","detail":"https://earthquake.usgs.gov/earthquakes/feed/v1.0/detail/hv72850507.geojson","felt":null,"cdi":null,"mmi":null,"alert":null,"status":"automatic","tsunami":0,"sig":58,"net":"hv","code":"72850507","ids":",hv72850507,","sources":",hv,","types":",origin,phase-data,","nst":29,"dmin":null,"rms":0.0900000036,"gap":189,"magType":"md","type":"earthquake","title":"M 1.9 - 13 km ESE of Pāhala, Hawaii"},"geometry":{"type":"Point","coordinates":[-155.365997314453,19.1459999084473,30.0300006866455]},"id":"hv72850507"},
{"type":"Feature","properties":{"mag":7.3,"place":"121 km NNE of Lospalos, Timor Leste","time":1640802351877,"updated":1640857827741,"tz":null,"url":"https://earthquake.usgs.gov/earthquakes/eventpage/us7000g7lx","detail":"https://earthquake.usgs.gov/earthquakes/feed/v1.0/detail/us7000g7lx.geojson","felt":116,"cdi":7,"mmi":6.958,"alert":"green","status":"reviewed","tsunami":0,"sig":901,"net":"us","code":"7000g7lx","ids":",us7000g7lx,","sources":",us,","types":",dyfi,finite-fault,general-text,ground-failure,losspager,moment-tensor,origin,phase-data,shakemap,","nst":null,"dmin":3.704,"rms":1.13,"gap":15,"magType":"mww","type":"earthquake","title":"M 7.3 - 121 km NNE of Lospalos, Timor Leste"},"geometry":{"type":"Point","coordinates":[127.5808,-7.5924,166.92]},"id":"us7000g7lx"},
{"type":"Feature","properties":{"mag":0.82,"place":"6km NW of Parkfield, CA","time":1640801447770,"updated":1640805671019,"tz":null,"url":"https://earthquake.usgs.gov/earthquakes/eventpage/nc73669161","detail":"https://earthquake.usgs.gov/earthquakes/feed/v1.0/detail/nc73669161.geojson","felt":null,"cdi":null,"mmi":null,"alert":null,"status":"automatic","tsunami":0,"sig":10,"net":"nc","code":"73669161","ids":",nc73669161,","sources":",nc,","types":",nearby-cities,origin,phase-data,scitech-link,","nst":10,"dmin":0.02235,"rms":0.06,"gap":110,"magType":"md","type":"earthquake","title":"M 0.8 - 6km NW of Parkfield, CA"},"geometry":{"type":"Point","coordinates":[-120.4876633,35.9333344,4.58]},"id":"nc73669161"},
{"type":"Feature","properties":{"mag":3.6,"place":"51 km SSE of Old Harbor, Alaska","time":1640801123537,"updated":1640815379561,"tz":null,"url":"https://earthquake.usgs.gov/earthquakes/eventpage/ak021gomtwfm","detail":"https://earthquake.usgs.gov/earthquakes/feed/v1.0/detail/ak021gomtwfm.geojson","felt":null,"cdi":null,"mmi":1.988,"alert":null,"status":"reviewed","tsunami":0,"sig":199,"net":"ak","code":"021gomtwfm","ids":",us7000g7lv,ak021gomtwfm,","sources":",us,ak,","types":",origin,phase-data,shakemap,","nst":null,"dmin":null,"rms":0.46,"gap":null,"magType":"ml","type":"earthquake","title":"M 3.6 - 51 km SSE of Old Harbor, Alaska"},"geometry":{"type":"Point","coordinates":[-153.1367,56.748,4.9]},"id":"ak021gomtwfm"},
{"type":"Feature","properties":{"mag":1.8,"place":"47 km ESE of Pedro Bay, Alaska","time":1640800945072,"updated":1640805370040,"tz":null,"url":"https://earthquake.usgs.gov/earthquakes/eventpage/ak021gomt9io","detail":"https://earthquake.usgs.gov/earthquakes/feed/v1.0/detail/ak021gomt9io.geojson","felt":null,"cdi":null,"mmi":null,"alert":null,"status":"automatic","tsunami":0,"sig":50,"net":"ak","code":"021gomt9io","ids":",us7000g7lt,ak021gomt9io,","sources":",us,ak,","types":",origin,phase-data,","nst":null,"dmin":null,"rms":0.6,"gap":null,"magType":"ml","type":"earthquake","title":"M 1.8 - 47 km ESE of Pedro Bay, Alaska"},"geometry":{"type":"Point","coordinates":[-153.2851,59.6905,125.4]},"id":"ak021gomt9io"},
{"type":"Feature","properties":{"mag":1.73,"place":"14 km ESE of Pāhala, Hawaii","time":1640800914820,"updated":1640813207640,"tz":null,"url":"https://earthquake.usgs.gov/earthquakes/eventpage/hv72850482","detail":"https://earthquake.usgs.gov/earthquakes/feed/v1.0/detail/hv72850482.geojson","felt":null,"cdi":null,"mmi":null,"alert":null,"status":"reviewed","tsunami":0,"sig":46,"net":"hv","code":"72850482","ids":",hv72850482,","sources":",hv,","types":",origin,phase-data,","nst":22,"dmin":null,"rms":0.16,"gap":255,"magType":"ml","type":"earthquake","title":"M 1.7 - 14 km ESE of Pāhala, Hawaii"},"geometry":{"type":"Point","coordinates":[-155.3525,19.1478333333333,39.57]},"id":"hv72850482"},
{"type":"Feature","properties":{"mag":4.8,"place":"61 km NNE of Yonakuni, Japan","time":1640800715953,"updated":1640804614040,"tz":null,"url":"https://earthquake.usgs.gov/earthquakes/eventpage/us7000g7lu","detail":"https://earthquake.usgs.gov/earthquakes/feed/v1.0/detail/us7000g7lu.geojson","felt":null,"cdi":null,"mmi":null,"alert":null,"status":"reviewed","tsunami":0,"sig":354,"net":"us","code":"7000g7lu","ids":",us7000g7lu,","sources":",us,","types":",origin,phase-data,","nst":null,"dmin":0.543,"rms":1.29,"gap":43,"magType":"mb","type":"earthquake","title":"M 4.8 - 61 km NNE of Yonakuni, Japan"},"geometry":{"type":"Point","coordinates":[123.2995,24.9452,21.13]},"id":"us7000g7lu"},
{"type":"Feature","properties":{"mag":2.41,"place":"7km N of Petrolia, CA","time":1640800562610,"updated":1640833871590,"tz":null,"url":"https://earthquake.usgs.gov/earthquakes/eventpage/nc73669156","detail":"https://earthquake.usgs.gov/earthquakes/feed/v1.0/detail/nc73669156.geojson","felt":null,"cdi":null,"mmi":null,"alert":null,"status":"reviewed","tsunami":0,"sig":89,"net":"nc","code":"73669156","ids":",nc73669156,","sources":",nc,","types":",nearby-cities,origin,phase-data,scitech-link,","nst":19,"dmin":0.06571,"rms":0.1,"gap":121,"magType":"md","type":"earthquake","title":"M 2.4 - 7km N of Petrolia, CA"},"geometry":{"type":"Point","coordinates":[-124.2713333,40.387,27.9]},"id":"nc73669156"},
{"type":"Feature","properties":{"mag":1.6,"place":"41 km NW of Lake Louise, Alaska","time":1640800420146,"updated":1640800688351,"tz":null,"url":"https://earthquake.usgs.gov/earthquakes/eventpage/ak021gomism5","detail":"https://earthquake.usgs.gov/earthquakes/feed/v1.0/detail/ak021gomism5.geojson","felt":null,"cdi":null,"mmi":null,"alert":null,"status":"automatic","tsunami":0,"sig":39,"net":"ak","code":"021gomism5","ids":",ak021gomism5,","sources":",ak,","types":",origin,","nst":null,"dmin":null,"rms":0.97,"gap":null,"magType":"ml","type":"earthquake","title":"M 1.6 - 41 km NW of Lake Louise, Alaska"},"geometry":{"type":"Point","coordinates":[-147.1727,62.5099,0]},"id":"ak021gomism5"},
{"type":"Feature","properties":{"mag":2.01,"place":"6 km E of La Parguera, Puerto Rico","time":1640800241960,"updated":1640800885558,"tz":null,"url":"https://earthquake.usgs.gov/earthquakes/eventpage/pr2021363002","detail":"https://earthquake.usgs.gov/earthquakes/feed/v1.0/detail/pr2021363002.geojson","felt":null,"cdi":null,"mmi":null,"alert":null,"status":"reviewed","tsunami":0,"sig":62,"net":"pr","code":"2021363002","ids":",pr2021363002,","sources":",pr,","types":",origin,phase-data,","nst":7,"dmin":0.0564,"rms":0.06,"gap":193,"magType":"md","type":"earthquake","title":"M 2.0 - 6 km E of La Parguera, Puerto Rico"},"geometry":{"type":"Point","coordinates":[-66.9881,17.964,11]},"id":"pr2021363002"},
{"type":"Feature","properties":{"mag":1.4,"place":"41 km WSW of Clear, Alaska, Alaska","time":1640799648427,"updated":1640799946656,"tz":null,"url":"https://earthquake.usgs.gov/earthquakes/eventpage/ak021gomg0xa","detail":"https://earthquake.usgs.gov/earthquakes/feed/v1.0/detail/ak021gomg0xa.geojson","felt":null,"cdi":null,"mmi":null,"alert":null,"status":"automatic","tsunami":0,"sig":30,"net":"ak","code":"021gomg0xa","ids":",ak021gomg0xa,","sources":",ak,","types":",origin,","nst":null,"dmin":null,"rms":0.87,"gap":null,"magType":"ml","type":"earthquake","title":"M 1.4 - 41 km WSW of Clear, Alaska, Alaska"},"geometry":{"type":"Point","coordinates":[-150.0088,64.1721,4.8]},"id":"ak021gomg0xa"},
{"type":"Feature","properties":{"mag":4.5,"place":"74 km NNE of Yonakuni, Japan","time":1640799558264,"updated":1640802422040,"tz":null,"url":"https://earthquake.usgs.gov/earthquakes/eventpage/us7000g7ll","detail":"https://earthquake.usgs.gov/earthquakes/feed/v1.0/detail/us7000g7ll.geojson","felt":null,"cdi":null,"mmi":null,"alert":null,"status":"reviewed","tsunami":0,"sig":312,"net":"us","code":"7000g7ll","ids":",us7000g7ll,","sources":",us,","types":",origin,phase-data,","nst":null,"dmin":0.665,"rms":0.6,"gap":78,"magType":"mb","type":"earthquake","title":"M 4.5 - 74 km NNE of Yonakuni, Japan"},"geometry":{"type":"Point","coordinates":[123.2781,25.0901,17.85]},"id":"us7000g7ll"},
{"type":"Feature","properties":{"mag":2.14,"place":"3km SE of Carson, CA","time":1640798494690,"updated":1640830739818,"tz":null,"url":"https://earthquake.usgs.gov/earthquakes/eventpage/ci39898607","detail":"https://earthquake.usgs.gov/earthquakes/feed/v1.0/detail/ci39898607.geojson","felt":48,"cdi":4.3,"mmi":null,"alert":null,"status":"reviewed","tsunami":0,"sig":91,"net":"ci","code":"39898607","ids":",ci39898607,","sources":",ci,","types":",dyfi,nearby-cities,origin,phase-data,scitech-link,","nst":44,"dmin":0.05864,"rms":0.37,"gap":80,"magType":"ml","type":"earthquake","title":"M 2.1 - 3km SE of Carson, CA"},"geometry":{"type":"Point","coordinates":[-118.2638333,33.8128333,11.38]},"id":"ci39898607"},
{"type":"Feature","properties":{"mag":1.4,"place":"33 km NW of Ninilchik, Alaska","time":1640796989621,"updated":1640797191160,"tz":null,"url":"https://earthquake.usgs.gov/earthquakes/eventpage/ak021golxzbt","detail":"https://earthquake.usgs.gov/earthquakes/feed/v1.0/detail/ak021golxzbt.geojson","felt":null,"cdi":null,"mmi":null,"alert":null,"status":"automatic","tsunami":0,"sig":30,"net":"ak","code":"021golxzbt","ids":",ak021golxzbt,","sources":",ak,","types":",origin,","nst":null,"dmin":null,"rms":0.24,"gap":null,"magType":"ml","type":"earthquake","title":"M 1.4 - 33 km NW of Ninilchik, Alaska"},"geometry":{"type":"Point","coordinates":[-152.0365,60.2915,86.9]},"id":"ak021golxzbt"},
{"type":"Feature","properties":{"mag":5.1,"place":"27 km S of Pýrgos, Greece","time":1640796428710,"updated":1640865911684,"tz":null,"url":"https://earthquake.usgs.gov/earthquakes/eventpage/us6000gg5p","detail":"https://earthquake.usgs.gov/earthquakes/feed/v1.0/detail/us6000gg5p.geojson","felt":2,"cdi":4.3,"mmi":null,"alert":null,"status":"reviewed","tsunami":0,"sig":401,"net":"us","code":"6000gg5p","ids":",us6000gg5p,","sources":",us,","types":",dyfi,origin,phase-data,","nst":null,"dmin":0.556,"rms":0.79,"gap":44,"magType":"mww","type":"earthquake","title":"M 5.1 - 27 km S of Pýrgos, Greece"},"geometry":{"type":"Point","coordinates":[25.1017,34.7586,71]},"id":"us6000gg5p"},
{"type":"Feature","properties":{"mag":4.5,"place":"263 km NW of Attu Station, Alaska","time":1640795723669,"updated":1640824010040,"tz":null,"url":"https://earthquake.usgs.gov/earthquakes/eventpage/us6000gg5m","detail":"https://earthquake.usgs.gov/earthquakes/feed/v1.0/detail/us6000gg5m.geojson","felt":null,"cdi":null,"mmi":1.655,"alert":null,"status":"reviewed","tsunami":0,"sig":312,"net":"us","code":"6000gg5m","ids":",ak021goluho4,us6000gg5m,","sources":",ak,us,","types":",origin,phase-data,shakemap,","nst":null,"dmin":2.829,"rms":1.01,"gap":81,"magType":"mb","type":"earthquake","title":"M 4.5 - 263 km NW of Attu Station, Alaska"},"geometry":{"type":"Point","coordinates":[170.6501,54.6756,10]},"id":"us6000gg5m"},
{"type":"Feature","properties":{"mag":0.36,"place":"69 km WNW of Happy Valley, Alaska","time":1640795458110,"updated":1640807346500,"tz":null,"url":"https://earthquake.usgs.gov/earthquakes/eventpage/av91454016","detail":"https://earthquake.usgs.gov/earthquakes/feed/v1.0/detail/av91454016.geojson","felt":null,"cdi":null,"mmi":null,"alert":null,"status":"reviewed","tsunami":0,"sig":2,"net":"av","code":"91454016","ids":",av91454016,","sources":",av,","types":",origin,phase-data,","nst":4,"dmin":null,"rms":0.03,"gap":345,"magType":"ml","type":"earthquake","title":"M 0.4 - 69 km WNW of Happy Valley, Alaska"},"geometry":{"type":"Point","coordinates":[-152.9,60.1733333333333,17.89]},"id":"av91454016"},
{"type":"Feature","properties":{"mag":1.5,"place":"16 km WSW of Cooper Landing, Alaska","time":1640795216257,"updated":1640795377569,"tz":null,"url":"https://earthquake.usgs.gov/earthquakes/eventpage/ak021golrlw9","detail":"https://earthquake.usgs.gov/earthquakes/feed/v1.0/detail/ak021golrlw9.geojson","felt":null,"cdi":null,"mmi":null,"alert":null,"status":"automatic","tsunami":0,"sig":35,"net":"ak","code":"021golrlw9","ids":",ak021golrlw9,","sources":",ak,","types":",origin,","nst":null,"dmin":null,"rms":0.92,"gap":null,"magType":"ml","type":"earthquake","title":"M 1.5 - 16 km WSW of Cooper Landing, Alaska"},"geometry":{"type":"Point","coordinates":[-150.1049,60.4461,37.4]},"id":"ak021golrlw9"},
{"type":"Feature","properties":{"mag":1.09,"place":"39 km SW of Dillon, Montana","time":1640794990390,"updated":1640796191490,"tz":null,"url":"https://earthquake.usgs.gov/earthquakes/eventpage/mb80534724","detail":"https://earthquake.usgs.gov/earthquakes/feed/v1.0/detail/mb80534724.geojson","felt":null,"cdi":null,"mmi":null,"alert":null,"status":"reviewed","tsunami":0,"sig":18,"net":"mb","code":"80534724","ids":",mb80534724,","sources":",mb,","types":",origin,phase-data,","nst":5,"dmin":0.485,"rms":0.11,"gap":182,"magType":"ml","type":"earthquake","title":"M 1.1 - 39 km SW of Dillon, Montana"},"geometry":{"type":"Point","coordinates":[-113.0163333,44.9793333,5.99]},"id":"mb80534724"},
{"type":"Feature","properties":{"mag":1.4,"place":"9 km W of Houston, Alaska","time":1640794902205,"updated":1640795187005,"tz":null,"url":"https://earthquake.usgs.gov/earthquakes/eventpage/ak021golqi8n","detail":"https://earthquake.usgs.gov/earthquakes/feed/v1.0/detail/ak021golqi8n.geojson","felt":null,"cdi":null,"mmi":null,"alert":null,"status":"automatic","tsunami":0,"sig":30,"net":"ak","code":"021golqi8n","ids":",ak021golqi8n,","sources":",ak,","types":",origin,","nst":null,"dmin":null,"rms":0.52,"gap":null,"magType":"ml","type":"earthquake","title":"M 1.4 - 9 km W of Houston, Alaska"},"geometry":{"type":"Point","coordinates":[-149.9892,61.6184,31]},"id":"ak021golqi8n"},
{"type":"Feature","properties":{"mag":0.26,"place":"12km WNW of Toms Place, CA","time":1640794219890,"updated":1640808911305,"tz":null,"url":"https://earthquake.usgs.gov/earthquakes/eventpage/nc73669151","detail":"https://earthquake.usgs.gov/earthquakes/feed/v1.0/detail/nc73669151.geojson","felt":null,"cdi":null,"mmi":null,"alert":null,"status":"reviewed","tsunami":0,"sig":1,"net":"nc","code":"73669151","ids":",nc73669151,","sources":",nc,","types":",nearby-cities,origin,phase-data,scitech-link,","nst":4,"dmin":0.02098,"rms":0.02,"gap":286,"magType":"md","type":"earthquake","title":"M 0.3 - 12km WNW of Toms Place, CA"},"geometry":{"type":"Point","coordinates":[-118.8036667,37.5956667,3.83]},"id":"nc73669151"},
{"type":"Feature","properties":{"mag":0.82,"place":"39 km SW of Dillon, Montana","time":1640793928990,"updated":1640795977450,"tz":null,"url":"https://earthquake.usgs.gov/earthquakes/eventpage/mb80534719","detail":"https://earthquake.usgs.gov/earthquakes/feed/v1.0/detail/mb80534719.geojson","felt":null,"cdi":null,"mmi":null,"alert":null,"status":"reviewed","tsunami":0,"sig":10,"net":"mb","code":"80534719","ids":",mb80534719,","sources":",mb,","types":",origin,phase-data,","nst":5,"dmin":0.485,"rms":0.13,"gap":180,"magType":"ml","type":"earthquake","title":"M 0.8 - 39 km SW of Dillon, Montana"},"geometry":{"type":"Point","coordinates":[-113.0098333,44.9756667,5.99]},"id":"mb80534719"},
{"type":"Feature","properties":{"mag":2.9,"place":"15 km NNE of Hermleigh, Texas","time":1640793273112,"updated":1640822477040,"tz":null,"url":"https://earthquake.usgs.gov/earthquakes/eventpage/us6000gg5a","detail":"https://earthquake.usgs.gov/earthquakes/feed/v1.0/detail/us6000gg5a.geojson","felt":null,"cdi":null,"mmi":null,"alert":null,"status":"reviewed","tsunami":0,"sig":129,"net":"us","code":"6000gg5a","ids":",us6000gg5a,","sources":",us,","types":",origin,phase-data,","nst":null,"dmin":0.38,"rms":0.76,"gap":48,"magType":"mb_lg","type":"earthquake","title":"M 2.9 - 15 km NNE of Hermleigh, Texas"},"geometry":{"type":"Point","coordinates":[-100.6738,32.7566,5]},"id":"us6000gg5a"},
{"type":"Feature","properties":{"mag":0.9,"place":"30 km SSE of Mina, Nevada","time":1640792908008,"updated":1640831928587,"tz":null,"url":"https://earthquake.usgs.gov/earthquakes/eventpage/nn00830610","detail":"https://earthquake.usgs.gov/earthquakes/feed/v1.0/detail/nn00830610.geojson","felt":null,"cdi":null,"mmi":null,"alert":null,"status":"reviewed","tsunami":0,"sig":12,"net":"nn","code":"00830610","ids":",nn00830610,","sources":",nn,","types":",origin,phase-data,","nst":14,"dmin":0.037,"rms":0.1244,"gap":132.56,"magType":"ml","type":"earthquake","title":"M 0.9 - 30 km SSE of Mina, Nevada"},"geometry":{"type":"Point","coordinates":[-117.9203,38.1599,10.9]},"id":"nn00830610"},
{"type":"Feature","properties":{"mag":0.41,"place":"2km WNW of Idyllwild, CA","time":1640792897460,"updated":1640793114134,"tz":null,"url":"https://earthquake.usgs.gov/earthquakes/eventpage/ci39898559","detail":"https://earthquake.usgs.gov/earthquakes/feed/v1.0/detail/ci39898559.geojson","felt":null,"cdi":null,"mmi":null,"alert":null,"status":"automatic","tsunami":0,"sig":3,"net":"ci","code":"39898559","ids":",ci39898559,","sources":",ci,","types":",nearby-cities,origin,phase-data,scitech-link,","nst":14,"dmin":0.0359,"rms":0.28,"gap":111,"magType":"ml","type":"earthquake","title":"M 0.4 - 2km WNW of Idyllwild, CA"},"geometry":{"type":"Point","coordinates":[-116.734,33.745,17.86]},"id":"ci39898559"},
{"type":"Feature","properties":{"mag":1,"place":"33 km SE of Mina, Nevada","time":1640792835473,"updated":1640831926761,"tz":null,"url":"https://earthquake.usgs.gov/earthquakes/eventpage/nn00830609","detail":"https://earthquake.usgs.gov/earthquakes/feed/v1.0/detail/nn00830609.geojson","felt":null,"cdi":null,"mmi":null,"alert":null,"status":"reviewed","tsunami":0,"sig":15,"net":"nn","code":"00830609","ids":",nn00830609,","sources":",nn,","types":",origin,phase-data,","nst":13,"dmin":0.063,"rms":0.1204,"gap":155.5,"magType":"ml","type":"earthquake","title":"M 1.0 - 33 km SE of Mina, Nevada"},"geometry":{"type":"Point","coordinates":[-117.8814,38.1502,9.8]},"id":"nn00830609"},
{"type":"Feature","properties":{"mag":2.55,"place":"8km NW of Cobb, CA","time":1640792803820,"updated":1640853544059,"tz":null,"url":"https://earthquake.usgs.gov/earthquakes/eventpage/nc73669146","detail":"https://earthquake.usgs.gov/earthquakes/feed/v1.0/detail/nc73669146.geojson","felt":4,"cdi":2.2,"mmi":null,"alert":null,"status":"automatic","tsunami":0,"sig":101,"net":"nc","code":"73669146","ids":",nc73669146,","sources":",nc,","types":",dyfi,focal-mechanism,nearby-cities,origin,phase-data,scitech-link,","nst":31,"dmin":0.05312,"rms":0.11,"gap":77,"magType":"md","type":"earthquake","title":"M 2.6 - 8km NW of Cobb, CA"},"geometry":{"type":"Point","coordinates":[-122.7953339,38.8611679,2.73]},"id":"nc73669146"},
{"type":"Feature","properties":{"mag":2.6,"place":"6 km W of Nacogdoches, Texas","time":1640792468441,"updated":1640871351971,"tz":null,"url":"https://earthquake.usgs.gov/earthquakes/eventpage/us6000gg58","detail":"https://earthquake.usgs.gov/earthquakes/feed/v1.0/detail/us6000gg58.geojson","felt":20,"cdi":3.9,"mmi":null,"alert":null,"status":"reviewed","tsunami":0,"sig":112,"net":"us","code":"6000gg58","ids":",us6000gg58,","sources":",us,","types":",dyfi,origin,phase-data,","nst":null,"dmin":0.164,"rms":0.69,"gap":111,"magType":"mb_lg","type":"earthquake","title":"M 2.6 - 6 km W of Nacogdoches, Texas"},"geometry":{"type":"Point","coordinates":[-94.7194,31.6024,5]},"id":"us6000gg58"},
{"type":"Feature","properties":{"mag":2.27999997,"place":"3 km S of Pāhala, Hawaii","time":1640792448920,"updated":1640792644850,"tz":null,"url":"https://earthquake.usgs.gov/earthquakes/eventpage/hv72850362","detail":"https://earthquake.usgs.gov/earthquakes/feed/v1.0/detail/hv72850362.geojson","felt":null,"cdi":null,"mmi":null,"alert":null,"status":"automatic","tsunami":0,"sig":80,"net":"hv","code":"72850362","ids":",hv72850362,","sources":",hv,","types":",origin,phase-data,","nst":35,"dmin":null,"rms":0.129999995,"gap":89,"magType":"md","type":"earthquake","title":"M 2.3 - 3 km S of Pāhala, Hawaii"},"geometry":{"type":"Point","coordinates":[-155.483840942383,19.1718330383301,30.0100002288818]},"id":"hv72850362"},
{"type":"Feature","properties":{"mag":0.71,"place":"40 km SW of Dillon, Montana","time":1640792244380,"updated":1640795789700,"tz":null,"url":"https://earthquake.usgs.gov/earthquakes/eventpage/mb80534714","detail":"https://earthquake.usgs.gov/earthquakes/feed/v1.0/detail/mb80534714.geojson","felt":null,"cdi":null,"mmi":null,"alert":null,"status":"reviewed","tsunami":0,"sig":8,"net":"mb","code":"80534714","ids":",mb80534714,","sources":",mb,","types":",origin,phase-data,","nst":5,"dmin":0.489,"rms":0.09,"gap":183,"magType":"md","type":"earthquake","title":"M 0.7 - 40 km SW of Dillon, Montana"},"geometry":{"type":"Point","coordinates":[-113.0316667,44.9831667,5.99]},"id":"mb80534714"},
{"type":"Feature","properties":{"mag":2.63,"place":"19km W of Petrolia, CA","time":1640791998180,"updated":1640834770674,"tz":null,"url":"https://earthquake.usgs.gov/earthquakes/eventpage/nc73669141","detail":"https://earthquake.usgs.gov/earthquakes/feed/v1.0/detail/nc73669141.geojson","felt":null,"cdi":null,"mmi":null,"alert":null,"status":"reviewed","tsunami":0,"sig":106,"net":"nc","code":"73669141","ids":",nc73669141,","sources":",nc,","types":",nearby-cities,origin,phase-data,scitech-link,","nst":22,"dmin":0.1274,"rms":0.11,"gap":266,"magType":"md","type":"earthquake","title":"M 2.6 - 19km W of Petrolia, CA"},"geometry":{"type":"Point","coordinates":[-124.5086667,40.2976667,20.66]},"id":"nc73669141"},
{"type":"Feature","properties":{"mag":4.3,"place":"115 km SE of Gorontalo, Indonesia","time":1640791743113,"updated":1640821036040,"tz":null,"url":"https://earthquake.usgs.gov/earthquakes/eventpage/us6000gg55","detail":"https://earthquake.usgs.gov/earthquakes/feed/v1.0/detail/us6000gg55.geojson","felt":null,"cdi":null,"mmi":null,"alert":null,"status":"reviewed","tsunami":0,"sig":284,"net":"us","code":"6000gg55","ids":",us6000gg55,","sources":",us,","types":",origin,phase-data,","nst":null,"dmin":1.463,"rms":1.07,"gap":65,"magType":"mb","type":"earthquake","title":"M 4.3 - 115 km SE of Gorontalo, Indonesia"},"geometry":{"type":"Point","coordinates":[123.8906,-0.0924,87.18]},"id":"us6000gg55"},
{"type":"Feature","properties":{"mag":1.29,"place":"8km NW of The Geysers, CA","time":1640791541240,"updated":1640819591791,"tz":null,"url":"https://earthquake.usgs.gov/earthquakes/eventpage/nc73669136","detail":"https://earthquake.usgs.gov/earthquakes/feed/v1.0/detail/nc73669136.geojson","felt":null,"cdi":null,"mmi":null,"alert":null,"status":"reviewed","tsunami":0,"sig":26,"net":"nc","code":"73669136","ids":",nc73669136,","sources":",nc,","types":",focal-mechanism,nearby-cities,origin,phase-data,scitech-link,","nst":35,"dmin":0.01107,"rms":0.02,"gap":49,"magType":"md","type":"earthquake","title":"M 1.3 - 8km NW of The Geysers, CA"},"geometry":{"type":"Point","coordinates":[-122.8175,38.8328333,1.91]},"id":"nc73669136"},
{"type":"Feature","properties":{"mag":0.99,"place":"40 km SW of Dillon, Montana","time":1640791523720,"updated":1640795544080,"tz":null,"url":"https://earthquake.usgs.gov/earthquakes/eventpage/mb80534709","detail":"https://earthquake.usgs.gov/earthquakes/feed/v1.0/detail/mb80534709.geojson","felt":null,"cdi":null,"mmi":null,"alert":null,"status":"reviewed","tsunami":0,"sig":15,"net":"mb","code":"80534709","ids":",mb80534709,","sources":",mb,","types":",origin,phase-data,","nst":5,"dmin":0.488,"rms":0.1,"gap":182,"magType":"ml","type":"earthquake","title":"M 1.0 - 40 km SW of Dillon, Montana"},"geometry":{"type":"Point","coordinates":[-113.0261667,44.9811667,5.99]},"id":"mb80534709"},
{"type":"Feature","properties":{"mag":1.90999997,"place":"9 km ENE of Pāhala, Hawaii","time":1640791466880,"updated":1640791653780,"tz":null,"url":"https://earthquake.usgs.gov/earthquakes/eventpage/hv72850342","detail":"https://earthquake.usgs.gov/earthquakes/feed/v1.0/detail/hv72850342.geojson","felt":null,"cdi":null,"mmi":null,"alert":null,"status":"automatic","tsunami":0,"sig":56,"net":"hv","code":"72850342","ids":",hv72850342,","sources":",hv,","types":",origin,phase-data,","nst":30,"dmin":null,"rms":0.100000001,"gap":160,"magType":"md","type":"earthquake","title":"M 1.9 - 9 km ENE of Pāhala, Hawaii"},"geometry":{"type":"Point","coordinates":[-155.39533996582,19.2283325195312,31.7299995422363]},"id":"hv72850342"},
{"type":"Feature","properties":{"mag":3.64,"place":"93km W of Petrolia, CA","time":1640791435240,"updated":1640822431521,"tz":null,"url":"https://earthquake.usgs.gov/earthquakes/eventpage/nc73669126","detail":"https://earthquake.usgs.gov/earthquakes/feed/v1.0/detail/nc73669126.geojson","felt":null,"cdi":null,"mmi":1.224,"alert":null,"status":"reviewed","tsunami":0,"sig":204,"net":"nc","code":"73669126","ids":",nc73669126,us6000gg52,","sources":",nc,us,","types":",moment-tensor,nearby-cities,origin,phase-data,scitech-link,shakemap,","nst":28,"dmin":0.7997,"rms":0.23,"gap":293,"magType":"mw","type":"earthquake","title":"M 3.6 - 93km W of Petrolia, CA"},"geometry":{"type":"Point","coordinates":[-125.3868333,40.3326667,23.43]},"id":"nc73669126"},
{"type":"Feature","properties":{"mag":2.02,"place":"4 km ENE of Pāhala, Hawaii","time":1640791255350,"updated":1640819138040,"tz":null,"url":"https://earthquake.usgs.gov/earthquakes/eventpage/hv72850337","detail":"https://earthquake.usgs.gov/earthquakes/feed/v1.0/detail/hv72850337.geojson","felt":null,"cdi":null,"mmi":null,"alert":null,"status":"automatic","tsunami":0,"sig":63,"net":"hv","code":"72850337","ids":",us6000gg4y,hv72850337,","sources":",us,hv,","types":",origin,phase-data,","nst":41,"dmin":null,"rms":0.109999999,"gap":129,"magType":"ml","type":"earthquake","title":"M 2.0 - 4 km ENE of Pāhala, Hawaii"},"geometry":{"type":"Point","coordinates":[-155.432830810547,19.2151660919189,33.8699989318848]},"id":"hv72850337"},
{"type":"Feature","properties":{"mag":1.91,"place":"9 km E of Pāhala, Hawaii","time":1640791223340,"updated":1640791554460,"tz":null,"url":"https://earthquake.usgs.gov/earthquakes/eventpage/hv72850332","detail":"https://earthquake.usgs.gov/earthquakes/feed/v1.0/detail/hv72850332.geojson","felt":null,"cdi":null,"mmi":null,"alert":null,"status":"automatic","tsunami":0,"sig":56,"net":"hv","code":"72850332","ids":",hv72850332,","sources":",hv,","types":",origin,phase-data,","nst":22,"dmin":null,"rms":0.0900000036,"gap":179,"magType":"ml","type":"earthquake","title":"M 1.9 - 9 km E of Pāhala, Hawaii"},"geometry":{"type":"Point","coordinates":[-155.392333984375,19.199499130249,31.5100002288818]},"id":"hv72850332"},
{"type":"Feature","properties":{"mag":1.5,"place":"32 km SE of Mina, Nevada","time":1640791105544,"updated":1640831924722,"tz":null,"url":"https://earthquake.usgs.gov/earthquakes/eventpage/nn00830607","detail":"https://earthquake.usgs.gov/earthquakes/feed/v1.0/detail/nn00830607.geojson","felt":null,"cdi":null,"mmi":null,"alert":null,"status":"reviewed","tsunami":0,"sig":35,"net":"nn","code":"00830607","ids":",nn00830607,","sources":",nn,","types":",origin,phase-data,","nst":18,"dmin":0.061,"rms":0.1295,"gap":127.72,"magType":"ml","type":"earthquake","title":"M 1.5 - 32 km SE of Mina, Nevada"},"geometry":{"type":"Point","coordinates":[-117.884,38.1527,9.1]},"id":"nn00830607"},
{"type":"Feature","properties":{"mag":1.12,"place":"2km E of Yucaipa, CA","time":1640790616930,"updated":1640790837765,"tz":null,"url":"https://earthquake.usgs.gov/earthquakes/eventpage/ci39898527","detail":"https://earthquake.usgs.gov/earthquakes/feed/v1.0/detail/ci39898527.geojson","felt":null,"cdi":null,"mmi":null,"alert":null,"status":"automatic","tsunami":0,"sig":19,"net":"ci","code":"39898527","ids":",ci39898527,","sources":",ci,","types":",nearby-cities,origin,phase-data,scitech-link,","nst":27,"dmin":0.0735,"rms":0.21,"gap":84,"magType":"ml","type":"earthquake","title":"M 1.1 - 2km E of Yucaipa, CA"},"geometry":{"type":"Point","coordinates":[-117.0263333,34.0316667,9.12]},"id":"ci39898527"},
{"type":"Feature","properties":{"mag":1.04,"place":"4km SW of Lakeland Village, CA","time":1640790187310,"updated":1640790398570,"tz":null,"url":"https://earthquake.usgs.gov/earthquakes/eventpage/ci39898511","detail":"https://earthquake.usgs.gov/earthquakes/feed/v1.0/detail/ci39898511.geojson","felt":null,"cdi":null,"mmi":null,"alert":null,"status":"automatic","tsunami":0,"sig":17,"net":"ci","code":"39898511","ids":",ci39898511,","sources":",ci,","types":",nearby-cities,origin,phase-data,scitech-link,","nst":15,"dmin":0.06119,"rms":0.13,"gap":99,"magType":"ml","type":"earthquake","title":"M 1.0 - 4km SW of Lakeland Village, CA"},"geometry":{"type":"Point","coordinates":[-117.3693333,33.6101667,12.76]},"id":"ci39898511"},
{"type":"Feature","properties":{"mag":2.9,"place":"31 km NNE of Chickaloon, Alaska","time":1640790013139,"updated":1640818712040,"tz":null,"url":"https://earthquake.usgs.gov/earthquakes/eventpage/ak021gol0ib3","detail":"https://earthquake.usgs.gov/earthquakes/feed/v1.0/detail/ak021gol0ib3.geojson","felt":null,"cdi":null,"mmi":null,"alert":null,"status":"automatic","tsunami":0,"sig":129,"net":"ak","code":"021gol0ib3","ids":",us6000gg4v,ak021gol0ib3,","sources":",us,ak,","types":",origin,phase-data,","nst":null,"dmin":null,"rms":0.82,"gap":null,"magType":"ml","type":"earthquake","title":"M 2.9 - 31 km NNE of Chickaloon, Alaska"},"geometry":{"type":"Point","coordinates":[-148.1656,62.0446,33.7]},"id":"ak021gol0ib3"},
{"type":"Feature","properties":{"mag":3.3,"place":"261 km WSW of Pistol River, Oregon","time":1640789735444,"updated":1640843359040,"tz":null,"url":"https://earthquake.usgs.gov/earthquakes/eventpage/us6000gg50","detail":"https://earthquake.usgs.gov/earthquakes/feed/v1.0/detail/us6000gg50.geojson","felt":null,"cdi":null,"mmi":null,"alert":null,"status":"reviewed","tsunami":0,"sig":168,"net":"us","code":"6000gg50","ids":",us6000gg50,","sources":",us,","types":",origin,phase-data,","nst":null,"dmin":2.683,"rms":0.64,"gap":275,"magType":"ml","type":"earthquake","title":"M 3.3 - 261 km WSW of Pistol River, Oregon"},"geometry":{"type":"Point","coordinates":[-127.427,41.6135,8.54]},"id":"us6000gg50"},
{"type":"Feature","properties":{"mag":4.5,"place":"123 km WNW of Höfn, Iceland","time":1640789189574,"updated":1640843806040,"tz":null,"url":"https://earthquake.usgs.gov/earthquakes/eventpage/us6000gg4s","detail":"https://earthquake.usgs.gov/earthquakes/feed/v1.0/detail/us6000gg4s.geojson","felt":null,"cdi":null,"mmi":null,"alert":null,"status":"reviewed","tsunami":0,"sig":312,"net":"us","code":"6000gg4s","ids":",us6000gg4s,","sources":",us,","types":",origin,phase-data,","nst":null,"dmin":1.582,"rms":0.93,"gap":132,"magType":"mb","type":"earthquake","title":"M 4.5 - 123 km WNW of Höfn, Iceland"},"geometry":{"type":"Point","coordinates":[-17.6903,64.5192,6.02]},"id":"us6000gg4s"},
{"type":"Feature","properties":{"mag":1.75,"place":"4 km SW of Volcano, Hawaii","time":1640788526050,"updated":1640788857450,"tz":null,"url":"https://earthquake.usgs.gov/earthquakes/eventpage/hv72850272","detail":"https://earthquake.usgs.gov/earthquakes/feed/v1.0/detail/hv72850272.geojson","felt":null,"cdi":null,"mmi":null,"alert":null,"status":"automatic","tsunami":0,"sig":47,"net":"hv","code":"72850272","ids":",hv72850272,","sources":",hv,","types":",origin,phase-data,","nst":12,"dmin":null,"rms":0.280000001,"gap":73,"magType":"ml","type":"earthquake","title":"M 1.8 - 4 km SW of Volcano, Hawaii"},"geometry":{"type":"Point","coordinates":[-155.262329101562,19.4103336334229,2.94000005722046]},"id":"hv72850272"},
{"type":"Feature","properties":{"mag":2.65,"place":"4km NE of Prattville, CA","time":1640788343080,"updated":1640797248532,"tz":null,"url":"https://earthquake.usgs.gov/earthquakes/eventpage/nc73669121","detail":"https://earthquake.usgs.gov/earthquakes/feed/v1.0/detail/nc73669121.geojson","felt":2,"cdi":2.2,"mmi":null,"alert":null,"status":"automatic","tsunami":0,"sig":108,"net":"nc","code":"73669121","ids":",nc73669121,","sources":",nc,","types":",dyfi,nearby-cities,origin,phase-data,scitech-link,","nst":9,"dmin":0.3076,"rms":0.06,"gap":102,"magType":"md","type":"earthquake","title":"M 2.7 - 4km NE of Prattville, CA"},"geometry":{"type":"Point","coordinates":[-121.1210022,40.2270012,5.12]},"id":"nc73669121"},
{"type":"Feature","properties":{"mag":2.1,"place":"5 km SSE of Eielson Air Force Base, Alaska","time":1640788193377,"updated":1640788743664,"tz":null,"url":"https://earthquake.usgs.gov/earthquakes/eventpage/ak021gokldlq","detail":"https://earthquake.usgs.gov/earthquakes/feed/v1.0/detail/ak021gokldlq.geojson","felt":1,"cdi":2,"mmi":null,"alert":null,"status":"automatic","tsunami":0,"sig":68,"net":"ak","code":"021gokldlq","ids":",ak021gokldlq,","sources":",ak,","types":",dyfi,origin,","nst":null,"dmin":null,"rms":0.88,"gap":null,"magType":"ml","type":"earthquake","title":"M 2.1 - 5 km SSE of Eielson Air Force Base, Alaska"},"geometry":{"type":"Point","coordinates":[-147,64.6236,7.4]},"id":"ak021gokldlq"},
{"type":"Feature","properties":{"mag":0.84,"place":"11km NE of Coso Junction, CA","time":1640787282750,"updated":1640798982013,"tz":null,"url":"https://earthquake.usgs.gov/earthquakes/eventpage/ci39898487","detail":"https://earthquake.usgs.gov/earthquakes/feed/v1.0/detail/ci39898487.geojson","felt":null,"cdi":null,"mmi":null,"alert":null,"status":"reviewed","tsunami":0,"sig":11,"net":"ci","code":"39898487","ids":",ci39898487,","sources":",ci,","types":",nearby-cities,origin,phase-data,scitech-link,","nst":8,"dmin":0.005618,"rms":0.1,"gap":205,"magType":"ml","type":"earthquake","title":"M 0.8 - 11km NE of Coso Junction, CA"},"geometry":{"type":"Point","coordinates":[-117.8591667,36.1131667,3.45]},"id":"ci39898487"},
{"type":"Feature","properties":{"mag":2,"place":"47 km NNW of Valdez, Alaska","time":1640786755670,"updated":1640787030458,"tz":null,"url":"https://earthquake.usgs.gov/earthquakes/eventpage/ak021gokg8lp","detail":"https://earthquake.usgs.gov/earthquakes/feed/v1.0/detail/ak021gokg8lp.geojson","felt":null,"cdi":null,"mmi":null,"alert":null,"status":"automatic","tsunami":0,"sig":62,"net":"ak","code":"021gokg8lp","ids":",ak021gokg8lp,","sources":",ak,","types":",origin,","nst":null,"dmin":null,"rms":0.78,"gap":null,"magType":"ml","type":"earthquake","title":"M 2.0 - 47 km NNW of Valdez, Alaska"},"geometry":{"type":"Point","coordinates":[-146.6194,61.5387,27.7]},"id":"ak021gokg8lp"},
{"type":"Feature","properties":{"mag":4.7,"place":"257 km W of Ozernovskiy, Russia","time":1640786447453,"updated":1640787570040,"tz":null,"url":"https://earthquake.usgs.gov/earthquakes/eventpage/us6000gg4i","detail":"https://earthquake.usgs.gov/earthquakes/feed/v1.0/detail/us6000gg4i.geojson","felt":null,"cdi":null,"mmi":null,"alert":null,"status":"reviewed","tsunami":0,"sig":340,"net":"us","code":"6000gg4i","ids":",us6000gg4i,","sources":",us,","types":",origin,phase-data,","nst":null,"dmin":3.279,"rms":0.62,"gap":86,"magType":"mb","type":"earthquake","title":"M 4.7 - 257 km W of Ozernovskiy, Russia"},"geometry":{"type":"Point","coordinates":[152.8087,51.7684,404.12]},"id":"us6000gg4i"},
{"type":"Feature","properties":{"mag":4.9,"place":"north of Severnaya Zemlya","time":1640786311155,"updated":1640787108040,"tz":null,"url":"https://earthquake.usgs.gov/earthquakes/eventpage/us6000gg4h","detail":"https://earthquake.usgs.gov/earthquakes/feed/v1.0/detail/us6000gg4h.geojson","felt":null,"cdi":null,"mmi":null,"alert":null,"status":"reviewed","tsunami":0,"sig":369,"net":"us","code":"6000gg4h","ids":",us6000gg4h,","sources":",us,","types":",origin,phase-data,","nst":null,"dmin":11.695,"rms":0.49,"gap":39,"magType":"mb","type":"earthquake","title":"M 4.9 - north of Severnaya Zemlya"},"geometry":{"type":"Point","coordinates":[92.2956,85.1634,10]},"id":"us6000gg4h"},
{"type":"Feature","properties":{"mag":1.28,"place":"19km N of Ridgecrest, CA","time":1640784971290,"updated":1640798989959,"tz":null,"url":"https://earthquake.usgs.gov/earthquakes/eventpage/ci39898463","detail":"https://earthquake.usgs.gov/earthquakes/feed/v1.0/detail/ci39898463.geojson","felt":null,"cdi":null,"mmi":null,"alert":null,"status":"reviewed","tsunami":0,"sig":25,"net":"ci","code":"39898463","ids":",ci39898463,","sources":",ci,","types":",nearby-cities,origin,phase-data,scitech-link,","nst":24,"dmin":0.0512,"rms":0.22,"gap":79,"magType":"ml","type":"earthquake","title":"M 1.3 - 19km N of Ridgecrest, CA"},"geometry":{"type":"Point","coordinates":[-117.6505,35.788,7.83]},"id":"ci39898463"},
{"type":"Feature","properties":{"mag":4.6,"place":"199 km ENE of Levuka, Fiji","time":1640784580211,"updated":1640785498040,"tz":null,"url":"https://earthquake.usgs.gov/earthquakes/eventpage/us6000gg4d","detail":"https://earthquake.usgs.gov/earthquakes/feed/v1.0/detail/us6000gg4d.geojson","felt":null,"cdi":null,"mmi":null,"alert":null,"status":"reviewed","tsunami":0,"sig":326,"net":"us","code":"6000gg4d","ids":",us6000gg4d,","sources":",us,","types":",origin,phase-data,","nst":null,"dmin":2.934,"rms":0.66,"gap":110,"magType":"mb","type":"earthquake","title":"M 4.6 - 199 km ENE of Levuka, Fiji"},"geometry":{"type":"Point","coordinates":[-178.875,-17.5636,544.01]},"id":"us6000gg4d"},
{"type":"Feature","properties":{"mag":2.44,"place":"6 km ENE of Pāhala, Hawaii","time":1640784390650,"updated":1640785817040,"tz":null,"url":"https://earthquake.usgs.gov/earthquakes/eventpage/hv72850227","detail":"https://earthquake.usgs.gov/earthquakes/feed/v1.0/detail/hv72850227.geojson","felt":null,"cdi":null,"mmi":null,"alert":null,"status":"automatic","tsunami":0,"sig":92,"net":"hv","code":"72850227","ids":",us6000gg48,hv72850227,","sources":",us,hv,","types":",origin,phase-data,","nst":43,"dmin":null,"rms":0.129999995,"gap":130,"magType":"ml","type":"earthquake","title":"M 2.4 - 6 km ENE of Pāhala, Hawaii"},"geometry":{"type":"Point","coordinates":[-155.421661376953,19.2280006408691,33.3400001525879]},"id":"hv72850227"},
{"type":"Feature","properties":{"mag":2.4,"place":"46 km W of Mentone, Texas","time":1640783475982,"updated":1640785079040,"tz":null,"url":"https://earthquake.usgs.gov/earthquakes/eventpage/us6000gg44","detail":"https://earthquake.usgs.gov/earthquakes/feed/v1.0/detail/us6000gg44.geojson","felt":null,"cdi":null,"mmi":null,"alert":null,"status":"reviewed","tsunami":0,"sig":89,"net":"us","code":"6000gg44","ids":",us6000gg44,","sources":",us,","types":",origin,phase-data,","nst":null,"dmin":0.215,"rms":0.21,"gap":103,"magType":"ml","type":"earthquake","title":"M 2.4 - 46 km W of Mentone, Texas"},"geometry":{"type":"Point","coordinates":[-104.0851,31.7238,5]},"id":"us6000gg44"},
{"type":"Feature","properties":{"mag":0.93,"place":"6km NW of The Geysers, CA","time":1640783475460,"updated":1640818030607,"tz":null,"url":"https://earthquake.usgs.gov/earthquakes/eventpage/nc73669111","detail":"https://earthquake.usgs.gov/earthquakes/feed/v1.0/detail/nc73669111.geojson","felt":null,"cdi":null,"mmi":null,"alert":null,"status":"reviewed","tsunami":0,"sig":13,"net":"nc","code":"73669111","ids":",nc73669111,","sources":",nc,","types":",nearby-cities,origin,phase-data,scitech-link,","nst":35,"dmin":0.007533,"rms":0.03,"gap":47,"magType":"md","type":"earthquake","title":"M 0.9 - 6km NW of The Geysers, CA"},"geometry":{"type":"Point","coordinates":[-122.8033333,38.818,2.22]},"id":"nc73669111"},
{"type":"Feature","properties":{"mag":1.5,"place":"100 km SE of McCarthy, Alaska","time":1640783082311,"updated":1640783433459,"tz":null,"url":"https://earthquake.usgs.gov/earthquakes/eventpage/ak021gojuk93","detail":"https://earthquake.usgs.gov/earthquakes/feed/v1.0/detail/ak021gojuk93.geojson","felt":null,"cdi":null,"mmi":null,"alert":null,"status":"automatic","tsunami":0,"sig":35,"net":"ak","code":"021gojuk93","ids":",ak021gojuk93,","sources":",ak,","types":",origin,","nst":null,"dmin":null,"rms":0.3,"gap":null,"magType":"ml","type":"earthquake","title":"M 1.5 - 100 km SE of McCarthy, Alaska"},"geometry":{"type":"Point","coordinates":[-141.3923,60.9106,13.2]},"id":"ak021gojuk93"},
{"type":"Feature","properties":{"mag":1.4,"place":"11 km NNE of Four Mile Road, Alaska","time":1640782440434,"updated":1640782721813,"tz":null,"url":"https://earthquake.usgs.gov/earthquakes/eventpage/ak021gojjr7z","detail":"https://earthquake.usgs.gov/earthquakes/feed/v1.0/detail/ak021gojjr7z.geojson","felt":null,"cdi":null,"mmi":null,"alert":null,"status":"automatic","tsunami":0,"sig":30,"net":"ak","code":"021gojjr7z","ids":",ak021gojjr7z,","sources":",ak,","types":",origin,","nst":null,"dmin":null,"rms":0.65,"gap":null,"magType":"ml","type":"earthquake","title":"M 1.4 - 11 km NNE of Four Mile Road, Alaska"},"geometry":{"type":"Point","coordinates":[-149.0355,64.7038,14.2]},"id":"ak021gojjr7z"},
{"type":"Feature","properties":{"mag":1.77,"place":"2km WSW of Anderson Springs, CA","time":1640782152090,"updated":1640788571044,"tz":null,"url":"https://earthquake.usgs.gov/earthquakes/eventpage/nc73669106","detail":"https://earthquake.usgs.gov/earthquakes/feed/v1.0/detail/nc73669106.geojson","felt":null,"cdi":null,"mmi":null,"alert":null,"status":"automatic","tsunami":0,"sig":48,"net":"nc","code":"73669106","ids":",nc73669106,","sources":",nc,","types":",nearby-cities,origin,phase-data,scitech-link,","nst":8,"dmin":0.05269,"rms":0.05,"gap":172,"magType":"md","type":"earthquake","title":"M 1.8 - 2km WSW of Anderson Springs, CA"},"geometry":{"type":"Point","coordinates":[-122.711998,38.7668343,-0.74]},"id":"nc73669106"},
{"type":"Feature","properties":{"mag":0.32,"place":"17km E of Little Lake, CA","time":1640781744090,"updated":1640798991950,"tz":null,"url":"https://earthquake.usgs.gov/earthquakes/eventpage/ci39898423","detail":"https://earthquake.usgs.gov/earthquakes/feed/v1.0/detail/ci39898423.geojson","felt":null,"cdi":null,"mmi":null,"alert":null,"status":"reviewed","tsunami":0,"sig":2,"net":"ci","code":"39898423","ids":",ci39898423,","sources":",ci,","types":",nearby-cities,origin,phase-data,scitech-link,","nst":8,"dmin":0.06643,"rms":0.05,"gap":96,"magType":"ml","type":"earthquake","title":"M 0.3 - 17km E of Little Lake, CA"},"geometry":{"type":"Point","coordinates":[-117.7223333,35.9161667,10.13]},"id":"ci39898423"},
{"type":"Feature","properties":{"mag":1.88999999,"place":"3 km SSE of Pāhala, Hawaii","time":1640781449820,"updated":1640781647150,"tz":null,"url":"https://earthquake.usgs.gov/earthquakes/eventpage/hv72850197","detail":"https://earthquake.usgs.gov/earthquakes/feed/v1.0/detail/hv72850197.geojson","felt":null,"cdi":null,"mmi":null,"alert":null,"status":"automatic","tsunami":0,"sig":55,"net":"hv","code":"72850197","ids":",hv72850197,","sources":",hv,","types":",origin,phase-data,","nst":32,"dmin":null,"rms":0.119999997,"gap":112,"magType":"md","type":"earthquake","title":"M 1.9 - 3 km SSE of Pāhala, Hawaii"},"geometry":{"type":"Point","coordinates":[-155.46549987793,19.1753330230713,30.6200008392334]},"id":"hv72850197"},
{"type":"Feature","properties":{"mag":0.6,"place":"24 km N of Sutcliffe, Nevada","time":1640780814312,"updated":1640831962451,"tz":null,"url":"https://earthquake.usgs.gov/earthquakes/eventpage/nn00830718","detail":"https://earthquake.usgs.gov/earthquakes/feed/v1.0/detail/nn00830718.geojson","felt":null,"cdi":null,"mmi":null,"alert":null,"status":"reviewed","tsunami":0,"sig":6,"net":"nn","code":"00830718","ids":",nn00830718,","sources":",nn,","types":",origin,phase-data,","nst":3,"dmin":0.075,"rms":0.0035,"gap":244.6,"magType":"ml","type":"earthquake","title":"M 0.6 - 24 km N of Sutcliffe, Nevada"},"geometry":{"type":"Point","coordinates":[-119.6342,40.1667,7.5]},"id":"nn00830718"},
{"type":"Feature","properties":{"mag":0.84,"place":"14km NNE of Morgan Hill, CA","time":1640780749560,"updated":1640815690449,"tz":null,"url":"https://earthquake.usgs.gov/earthquakes/eventpage/nc73669101","detail":"https://earthquake.usgs.gov/earthquakes/feed/v1.0/detail/nc73669101.geojson","felt":null,"cdi":null,"mmi":null,"alert":null,"status":"reviewed","tsunami":0,"sig":11,"net":"nc","code":"73669101","ids":",nc73669101,","sources":",nc,","types":",nearby-cities,origin,phase-data,scitech-link,","nst":12,"dmin":0.04332,"rms":0.07,"gap":76,"magType":"md","type":"earthquake","title":"M 0.8 - 14km NNE of Morgan Hill, CA"},"geometry":{"type":"Point","coordinates":[-121.6188333,37.258,9.39]},"id":"nc73669101"},
{"type":"Feature","properties":{"mag":2.6,"place":"46 km W of Mentone, Texas","time":1640780544628,"updated":1640784688040,"tz":null,"url":"https://earthquake.usgs.gov/earthquakes/eventpage/us6000gg3r","detail":"https://earthquake.usgs.gov/earthquakes/feed/v1.0/detail/us6000gg3r.geojson","felt":null,"cdi":null,"mmi":null,"alert":null,"status":"reviewed","tsunami":0,"sig":104,"net":"us","code":"6000gg3r","ids":",us6000gg3r,","sources":",us,","types":",origin,phase-data,","nst":null,"dmin":0.199,"rms":0.34,"gap":65,"magType":"ml","type":"earthquake","title":"M 2.6 - 46 km W of Mentone, Texas"},"geometry":{"type":"Point","coordinates":[-104.0901,31.7408,5]},"id":"us6000gg3r"},
{"type":"Feature","properties":{"mag":0.2,"place":"24 km N of Sutcliffe, Nevada","time":1640779987494,"updated":1640831961341,"tz":null,"url":"https://earthquake.usgs.gov/earthquakes/eventpage/nn00830717","detail":"https://earthquake.usgs.gov/earthquakes/feed/v1.0/detail/nn00830717.geojson","felt":null,"cdi":null,"mmi":null,"alert":null,"status":"reviewed","tsunami":0,"sig":1,"net":"nn","code":"00830717","ids":",nn00830717,","sources":",nn,","types":",origin,phase-data,","nst":3,"dmin":0.072,"rms":0.0318,"gap":245.73,"magType":"ml","type":"earthquake","title":"M 0.2 - 24 km N of Sutcliffe, Nevada"},"geometry":{"type":"Point","coordinates":[-119.6387,40.1686,8.1]},"id":"nn00830717"},
{"type":"Feature","properties":{"mag":1.4,"place":"47 km N of Petersville, Alaska","time":1640779979732,"updated":1640780146736,"tz":null,"url":"https://earthquake.usgs.gov/earthquakes/eventpage/ak021gojavpx","detail":"https://earthquake.usgs.gov/earthquakes/feed/v1.0/detail/ak021gojavpx.geojson","felt":null,"cdi":null,"mmi":null,"alert":null,"status":"automatic","tsunami":0,"sig":30,"net":"ak","code":"021gojavpx","ids":",ak021gojavpx,","sources":",ak,","types":",origin,","nst":null,"dmin":null,"rms":0.57,"gap":null,"magType":"ml","type":"earthquake","title":"M 1.4 - 47 km N of Petersville, Alaska"},"geometry":{"type":"Point","coordinates":[-150.6831,62.918,83.3]},"id":"ak021gojavpx"},
{"type":"Feature","properties":{"mag":0.6,"place":"23 km N of Sutcliffe, Nevada","time":1640779723144,"updated":1640831960188,"tz":null,"url":"https://earthquake.usgs.gov/earthquakes/eventpage/nn00830716","detail":"https://earthquake.usgs.gov/earthquakes/feed/v1.0/detail/nn00830716.geojson","felt":null,"cdi":null,"mmi":null,"alert":null,"status":"reviewed","tsunami":0,"sig":6,"net":"nn","code":"00830716","ids":",nn00830716,","sources":",nn,","types":",origin,phase-data,","nst":3,"dmin":0.082,"rms":0.0005,"gap":242.66,"magType":"ml","type":"earthquake","title":"M 0.6 - 23 km N of Sutcliffe, Nevada"},"geometry":{"type":"Point","coordinates":[-119.6261,40.163,6]},"id":"nn00830716"},
{"type":"Feature","properties":{"mag":0.9,"place":"24 km N of Sutcliffe, Nevada","time":1640779232263,"updated":1640831959046,"tz":null,"url":"https://earthquake.usgs.gov/earthquakes/eventpage/nn00830715","detail":"https://earthquake.usgs.gov/earthquakes/feed/v1.0/detail/nn00830715.geojson","felt":null,"cdi":null,"mmi":null,"alert":null,"status":"reviewed","tsunami":0,"sig":12,"net":"nn","code":"00830715","ids":",nn00830715,","sources":",nn,","types":",origin,phase-data,","nst":4,"dmin":0.065,"rms":0.1447,"gap":245.26,"magType":"ml","type":"earthquake","title":"M 0.9 - 24 km N of Sutcliffe, Nevada"},"geometry":{"type":"Point","coordinates":[-119.6479,40.1691,9]},"id":"nn00830715"},
{"type":"Feature","properties":{"mag":1.3,"place":"24 km N of Sutcliffe, Nevada","time":1640779091075,"updated":1640831957799,"tz":null,"url":"https://earthquake.usgs.gov/earthquakes/eventpage/nn00830713","detail":"https://earthquake.usgs.gov/earthquakes/feed/v1.0/detail/nn00830713.geojson","felt":null,"cdi":null,"mmi":null,"alert":null,"status":"reviewed","tsunami":0,"sig":26,"net":"nn","code":"00830713","ids":",nn00830713,","sources":",nn,","types":",origin,phase-data,","nst":4,"dmin":0.07,"rms":0.1334,"gap":244.42,"magType":"ml","type":"earthquake","title":"M 1.3 - 24 km N of Sutcliffe, Nevada"},"geometry":{"type":"Point","coordinates":[-119.6402,40.1673,8.5]},"id":"nn00830713"},
{"type":"Feature","properties":{"mag":1.58,"place":"11 km NNW of Perry, Oklahoma","time":1640778570249,"updated":1640778718171,"tz":null,"url":"https://earthquake.usgs.gov/earthquakes/eventpage/ok2021zmhn","detail":"https://earthquake.usgs.gov/earthquakes/feed/v1.0/detail/ok2021zmhn.geojson","felt":null,"cdi":null,"mmi":null,"alert":null,"status":"automatic","tsunami":0,"sig":38,"net":"ok","code":"2021zmhn","ids":",ok2021zmhn,","sources":",ok,","types":",origin,phase-data,","nst":21,"dmin":0.08529362828,"rms":0.2220651679,"gap":121.8659821,"magType":"ml","type":"earthquake","title":"M 1.6 - 11 km NNW of Perry, Oklahoma"},"geometry":{"type":"Point","coordinates":[-97.35455322,36.37398148,3.834614515]},"id":"ok2021zmhn"},
{"type":"Feature","properties":{"mag":1.2,"place":"35 km NNE of Whittier, Alaska","time":1640778438422,"updated":1640813485539,"tz":null,"url":"https://earthquake.usgs.gov/earthquakes/eventpage/ak021goiwuzm","detail":"https://earthquake.usgs.gov/earthquakes/feed/v1.0/detail/ak021goiwuzm.geojson","felt":null,"cdi":null,"mmi":null,"alert":null,"status":"automatic","tsunami":0,"sig":22,"net":"ak","code":"021goiwuzm","ids":",ak021goiwuzm,","sources":",ak,","types":",origin,","nst":null,"dmin":null,"rms":0.78,"gap":null,"magType":"ml","type":"ice quake","title":"M 1.2 Ice Quake - 35 km NNE of Whittier, Alaska"},"geometry":{"type":"Point","coordinates":[-148.3876,61.0545,4.5]},"id":"ak021goiwuzm"},
{"type":"Feature","properties":{"mag":0.2,"place":"31 km WSW of Mina, Nevada","time":1640778435622,"updated":1640831956612,"tz":null,"url":"https://earthquake.usgs.gov/earthquakes/eventpage/nn00830712","detail":"https://earthquake.usgs.gov/earthquakes/feed/v1.0/detail/nn00830712.geojson","felt":null,"cdi":null,"mmi":null,"alert":null,"status":"reviewed","tsunami":0,"sig":1,"net":"nn","code":"00830712","ids":",nn00830712,","sources":",nn,","types":",origin,phase-data,","nst":9,"dmin":0.071,"rms":0.1146,"gap":157.9,"magType":"ml","type":"earthquake","title":"M 0.2 - 31 km WSW of Mina, Nevada"},"geometry":{"type":"Point","coordinates":[-118.4151,38.2428,10.7]},"id":"nn00830712"},
{"type":"Feature","properties":{"mag":1.4,"place":"35 km SE of Mina, Nevada","time":1640778017676,"updated":1640831922565,"tz":null,"url":"https://earthquake.usgs.gov/earthquakes/eventpage/nn00830604","detail":"https://earthquake.usgs.gov/earthquakes/feed/v1.0/detail/nn00830604.geojson","felt":null,"cdi":null,"mmi":null,"alert":null,"status":"reviewed","tsunami":0,"sig":30,"net":"nn","code":"00830604","ids":",nn00830604,","sources":",nn,","types":",origin,phase-data,","nst":15,"dmin":0.117,"rms":0.1214,"gap":113.18,"magType":"ml","type":"earthquake","title":"M 1.4 - 35 km SE of Mina, Nevada"},"geometry":{"type":"Point","coordinates":[-117.8177,38.1726,8.7]},"id":"nn00830604"},
{"type":"Feature","properties":{"mag":1.7,"place":"69 km SE of Pope-Vannoy Landing, Alaska","time":1640777761337,"updated":1640812483335,"tz":null,"url":"https://earthquake.usgs.gov/earthquakes/eventpage/ak021goiuc1v","detail":"https://earthquake.usgs.gov/earthquakes/feed/v1.0/detail/ak021goiuc1v.geojson","felt":null,"cdi":null,"mmi":null,"alert":null,"status":"reviewed","tsunami":0,"sig":44,"net":"ak","code":"021goiuc1v","ids":",ak021goiuc1v,","sources":",ak,","types":",origin,phase-data,","nst":null,"dmin":null,"rms":0.23,"gap":null,"magType":"ml","type":"earthquake","title":"M 1.7 - 69 km SE of Pope-Vannoy Landing, Alaska"},"geometry":{"type":"Point","coordinates":[-153.6325,59.1194,96.3]},"id":"ak021goiuc1v"},
{"type":"Feature","properties":{"mag":4.6,"place":"Izu Islands, Japan region","time":1640777636430,"updated":1640784380040,"tz":null,"url":"https://earthquake.usgs.gov/earthquakes/eventpage/us6000gg3k","detail":"https://earthquake.usgs.gov/earthquakes/feed/v1.0/detail/us6000gg3k.geojson","felt":null,"cdi":null,"mmi":null,"alert":null,"status":"reviewed","tsunami":0,"sig":326,"net":"us","code":"6000gg3k","ids":",us6000gg3k,","sources":",us,","types":",origin,phase-data,","nst":null,"dmin":2.99,"rms":0.7,"gap":137,"magType":"mb","type":"earthquake","title":"M 4.6 - Izu Islands, Japan region"},"geometry":{"type":"Point","coordinates":[142.3848,31.0638,10]},"id":"us6000gg3k"},
{"type":"Feature","properties":{"mag":2.7,"place":"21 km ENE of Girdwood, Alaska","time":1640777092668,"updated":1640783743040,"tz":null,"url":"https://earthquake.usgs.gov/earthquakes/eventpage/ak021gois06k","detail":"https://earthquake.usgs.gov/earthquakes/feed/v1.0/detail/ak021gois06k.geojson","felt":null,"cdi":null,"mmi":null,"alert":null,"status":"automatic","tsunami":0,"sig":112,"net":"ak","code":"021gois06k","ids":",us6000gg3i,ak021gois06k,","sources":",us,ak,","types":",origin,phase-data,","nst":null,"dmin":null,"rms":0.91,"gap":null,"magType":"ml","type":"earthquake","title":"M 2.7 - 21 km ENE of Girdwood, Alaska"},"geometry":{"type":"Point","coordinates":[-148.7905,61.0152,11.7]},"id":"ak021gois06k"},
{"type":"Feature","properties":{"mag":1.78999996,"place":"3 km SW of Volcano, Hawaii","time":1640776016750,"updated":1640776347180,"tz":null,"url":"https://earthquake.usgs.gov/earthquakes/eventpage/hv72850142","detail":"https://earthquake.usgs.gov/earthquakes/feed/v1.0/detail/hv72850142.geojson","felt":null,"cdi":null,"mmi":null,"alert":null,"status":"automatic","tsunami":0,"sig":49,"net":"hv","code":"72850142","ids":",hv72850142,","sources":",hv,","types":",origin,phase-data,","nst":12,"dmin":null,"rms":0.180000007,"gap":127,"magType":"md","type":"earthquake","title":"M 1.8 - 3 km SW of Volcano, Hawaii"},"geometry":{"type":"Point","coordinates":[-155.2568359375,19.4231662750244,2.75999999046326]},"id":"hv72850142"},
{"type":"Feature","properties":{"mag":2.66,"place":"2km NE of Petrolia, CA","time":1640775572330,"updated":1640832971502,"tz":null,"url":"https://earthquake.usgs.gov/earthquakes/eventpage/nc73669096","detail":"https://earthquake.usgs.gov/earthquakes/feed/v1.0/detail/nc73669096.geojson","felt":null,"cdi":null,"mmi":null,"alert":null,"status":"reviewed","tsunami":0,"sig":109,"net":"nc","code":"73669096","ids":",nc73669096,","sources":",nc,","types":",focal-mechanism,nearby-cities,origin,phase-data,scitech-link,","nst":23,"dmin":0.0219,"rms":0.13,"gap":111,"magType":"md","type":"earthquake","title":"M 2.7 - 2km NE of Petrolia, CA"},"geometry":{"type":"Point","coordinates":[-124.2693333,40.3406667,27.66]},"id":"nc73669096"},
{"type":"Feature","properties":{"mag":1.7,"place":"25 km W of Susitna, Alaska","time":1640775521951,"updated":1640776616108,"tz":null,"url":"https://earthquake.usgs.gov/earthquakes/eventpage/ak021goidu2h","detail":"https://earthquake.usgs.gov/earthquakes/feed/v1.0/detail/ak021goidu2h.geojson","felt":1,"cdi":2.7,"mmi":null,"alert":null,"status":"automatic","tsunami":0,"sig":45,"net":"ak","code":"021goidu2h","ids":",ak021goidu2h,","sources":",ak,","types":",dyfi,origin,","nst":null,"dmin":null,"rms":0.54,"gap":null,"magType":"ml","type":"earthquake","title":"M 1.7 - 25 km W of Susitna, Alaska"},"geometry":{"type":"Point","coordinates":[-150.9897,61.5547,74.1]},"id":"ak021goidu2h"},
{"type":"Feature","properties":{"mag":1.8,"place":"47 km NNW of Carlin, Nevada","time":1640774352256,"updated":1640831954802,"tz":null,"url":"https://earthquake.usgs.gov/earthquakes/eventpage/nn00830705","detail":"https://earthquake.usgs.gov/earthquakes/feed/v1.0/detail/nn00830705.geojson","felt":null,"cdi":null,"mmi":null,"alert":null,"status":"reviewed","tsunami":0,"sig":50,"net":"nn","code":"00830705","ids":",nn00830705,","sources":",nn,","types":",origin,phase-data,","nst":7,"dmin":0.154,"rms":0.1449,"gap":249.02,"magType":"ml","type":"earthquake","title":"M 1.8 - 47 km NNW of Carlin, Nevada"},"geometry":{"type":"Point","coordinates":[-116.2242,41.1286,2.3]},"id":"nn00830705"},
{"type":"Feature","properties":{"mag":1.99000001,"place":"Island of Hawaii, Hawaii","time":1640773447840,"updated":1640773651930,"tz":null,"url":"https://earthquake.usgs.gov/earthquakes/eventpage/hv72850137","detail":"https://earthquake.usgs.gov/earthquakes/feed/v1.0/detail/hv72850137.geojson","felt":null,"cdi":null,"mmi":null,"alert":null,"status":"automatic","tsunami":0,"sig":61,"net":"hv","code":"72850137","ids":",hv72850137,","sources":",hv,","types":",origin,phase-data,","nst":39,"dmin":null,"rms":0.119999997,"gap":163,"magType":"md","type":"earthquake","title":"M 2.0 - Island of Hawaii, Hawaii"},"geometry":{"type":"Point","coordinates":[-155.411834716797,19.2084999084473,32.5299987792969]},"id":"hv72850137"},
{"type":"Feature","properties":{"mag":0.5,"place":"25 km N of Sutcliffe, Nevada","time":1640773409542,"updated":1640831950773,"tz":null,"url":"https://earthquake.usgs.gov/earthquakes/eventpage/nn00830702","detail":"https://earthquake.usgs.gov/earthquakes/feed/v1.0/detail/nn00830702.geojson","felt":null,"cdi":null,"mmi":null,"alert":null,"status":"reviewed","tsunami":0,"sig":4,"net":"nn","code":"00830702","ids":",nn00830702,","sources":",nn,","types":",origin,phase-data,","nst":4,"dmin":0.059,"rms":0.1339,"gap":253.17,"magType":"ml","type":"earthquake","title":"M 0.5 - 25 km N of Sutcliffe, Nevada"},"geometry":{"type":"Point","coordinates":[-119.6554,40.1775,9.5]},"id":"nn00830702"},
{"type":"Feature","properties":{"mag":1.5,"place":"6 km NW of Knik, Alaska","time":1640773075898,"updated":1640773292761,"tz":null,"url":"https://earthquake.usgs.gov/earthquakes/eventpage/ak021goi52sl","detail":"https://earthquake.usgs.gov/earthquakes/feed/v1.0/detail/ak021goi52sl.geojson","felt":null,"cdi":null,"mmi":null,"alert":null,"status":"automatic","tsunami":0,"sig":35,"net":"ak","code":"021goi52sl","ids":",ak021goi52sl,","sources":",ak,","types":",origin,","nst":null,"dmin":null,"rms":0.77,"gap":null,"magType":"ml","type":"earthquake","title":"M 1.5 - 6 km NW of Knik, Alaska"},"geometry":{"type":"Point","coordinates":[-149.8048,61.5072,33.1]},"id":"ak021goi52sl"},
{"type":"Feature","properties":{"mag":2.68,"place":"26km W of Petrolia, CA","time":1640773067820,"updated":1640843216040,"tz":null,"url":"https://earthquake.usgs.gov/earthquakes/eventpage/nc73669091","detail":"https://earthquake.usgs.gov/earthquakes/feed/v1.0/detail/nc73669091.geojson","felt":null,"cdi":null,"mmi":null,"alert":null,"status":"reviewed","tsunami":0,"sig":110,"net":"nc","code":"73669091","ids":",nc73669091,us7000g7ul,","sources":",nc,us,","types":",nearby-cities,origin,phase-data,scitech-link,","nst":24,"dmin":0.1912,"rms":0.13,"gap":251,"magType":"md","type":"earthquake","title":"M 2.7 - 26km W of Petrolia, CA"},"geometry":{"type":"Point","coordinates":[-124.5916667,40.3053333,22.2]},"id":"nc73669091"},
{"type":"Feature","properties":{"mag":2.1,"place":"37 km SE of Mina, Nevada","time":1640772324071,"updated":1640831920255,"tz":null,"url":"https://earthquake.usgs.gov/earthquakes/eventpage/nn00830601","detail":"https://earthquake.usgs.gov/earthquakes/feed/v1.0/detail/nn00830601.geojson","felt":3,"cdi":2.2,"mmi":null,"alert":null,"status":"reviewed","tsunami":0,"sig":69,"net":"nn","code":"00830601","ids":",nn00830601,","sources":",nn,","types":",dyfi,origin,phase-data,","nst":19,"dmin":0.115,"rms":0.1305,"gap":92.82,"magType":"ml","type":"earthquake","title":"M 2.1 - 37 km SE of Mina, Nevada"},"geometry":{"type":"Point","coordinates":[-117.7727,38.1793,11.6]},"id":"nn00830601"},
{"type":"Feature","properties":{"mag":4.4,"place":"245 km NW of Attu Station, Alaska","time":1640771452253,"updated":1640772966040,"tz":null,"url":"https://earthquake.usgs.gov/earthquakes/eventpage/us6000gg31","detail":"https://earthquake.usgs.gov/earthquakes/feed/v1.0/detail/us6000gg31.geojson","felt":null,"cdi":null,"mmi":null,"alert":null,"status":"reviewed","tsunami":0,"sig":298,"net":"us","code":"6000gg31","ids":",us6000gg31,","sources":",us,","types":",origin,phase-data,","nst":null,"dmin":2.697,"rms":0.49,"gap":60,"magType":"mb","type":"earthquake","title":"M 4.4 - 245 km NW of Attu Station, Alaska"},"geometry":{"type":"Point","coordinates":[170.5246,54.377,10]},"id":"us6000gg31"},
{"type":"Feature","properties":{"mag":0.43,"place":"18km ENE of Little Lake, CA","time":1640770838570,"updated":1640799003020,"tz":null,"url":"https://earthquake.usgs.gov/earthquakes/eventpage/ci39898407","detail":"https://earthquake.usgs.gov/earthquakes/feed/v1.0/detail/ci39898407.geojson","felt":null,"cdi":null,"mmi":null,"alert":null,"status":"reviewed","tsunami":0,"sig":3,"net":"ci","code":"39898407","ids":",ci39898407,","sources":",ci,","types":",nearby-cities,origin,phase-data,scitech-link,","nst":7,"dmin":0.05853,"rms":0.11,"gap":155,"magType":"ml","type":"earthquake","title":"M 0.4 - 18km ENE of Little Lake, CA"},"geometry":{"type":"Point","coordinates":[-117.716,35.9823333,1.64]},"id":"ci39898407"},
{"type":"Feature","properties":{"mag":4.5,"place":"118 km S of San Pedro de Atacama, Chile","time":1640770691150,"updated":1640772726040,"tz":null,"url":"https://earthquake.usgs.gov/earthquakes/eventpage/us6000gg2z","detail":"https://earthquake.usgs.gov/earthquakes/feed/v1.0/detail/us6000gg2z.geojson","felt":null,"cdi":null,"mmi":null,"alert":null,"status":"reviewed","tsunami":0,"sig":312,"net":"us","code":"6000gg2z","ids":",us6000gg2z,","sources":",us,","types":",origin,phase-data,","nst":null,"dmin":1.022,"rms":0.43,"gap":102,"magType":"mb","type":"earthquake","title":"M 4.5 - 118 km S of San Pedro de Atacama, Chile"},"geometry":{"type":"Point","coordinates":[-68.1072,-23.9768,143.22]},"id":"us6000gg2z"},
{"type":"Feature","properties":{"mag":5,"place":"226 km WSW of Attu Station, Alaska","time":1640770141141,"updated":1640801991917,"tz":null,"url":"https://earthquake.usgs.gov/earthquakes/eventpage/ak021gohmccu","detail":"https://earthquake.usgs.gov/earthquakes/feed/v1.0/detail/ak021gohmccu.geojson","felt":null,"cdi":null,"mmi":2.919,"alert":null,"status":"reviewed","tsunami":0,"sig":385,"net":"ak","code":"021gohmccu","ids":",ak021gohmccu,","sources":",ak,","types":",origin,phase-data,shakemap,","nst":null,"dmin":null,"rms":2.72,"gap":null,"magType":"mb","type":"earthquake","title":"M 5.0 - 226 km WSW of Attu Station, Alaska"},"geometry":{"type":"Point","coordinates":[169.9015,52.4502,32.9]},"id":"ak021gohmccu"},
{"type":"Feature","properties":{"mag":5,"place":"248 km NW of Attu Station, Alaska","time":1640770138074,"updated":1640772039008,"tz":null,"url":"https://earthquake.usgs.gov/earthquakes/eventpage/us6000gg2x","detail":"https://earthquake.usgs.gov/earthquakes/feed/v1.0/detail/us6000gg2x.geojson","felt":1,"cdi":2,"mmi":null,"alert":null,"status":"reviewed","tsunami":0,"sig":385,"net":"us","code":"6000gg2x","ids":",us6000gg2x,","sources":",us,","types":",dyfi,origin,phase-data,","nst":null,"dmin":2.715,"rms":1.05,"gap":75,"magType":"mb","type":"earthquake","title":"M 5.0 - 248 km NW of Attu Station, Alaska"},"geometry":{"type":"Point","coordinates":[170.6438,54.4978,10]},"id":"us6000gg2x"},
{"type":"Feature","properties":{"mag":4.5,"place":"27 km NE of Belidzhi, Russia","time":1640769341582,"updated":1640772338040,"tz":null,"url":"https://earthquake.usgs.gov/earthquakes/eventpage/us6000gg2v","detail":"https://earthquake.usgs.gov/earthquakes/feed/v1.0/detail/us6000gg2v.geojson","felt":null,"cdi":null,"mmi":null,"alert":null,"status":"reviewed","tsunami":0,"sig":312,"net":"us","code":"6000gg2v","ids":",us6000gg2v,","sources":",us,","types":",origin,phase-data,","nst":null,"dmin":2.947,"rms":0.61,"gap":172,"magType":"mb","type":"earthquake","title":"M 4.5 - 27 km NE of Belidzhi, Russia"},"geometry":{"type":"Point","coordinates":[48.6731,42.0445,10]},"id":"us6000gg2v"},
{"type":"Feature","properties":{"mag":2.29,"place":"6 km E of Elgin, South Carolina","time":1640769125170,"updated":1640869763487,"tz":null,"url":"https://earthquake.usgs.gov/earthquakes/eventpage/se60141443","detail":"https://earthquake.usgs.gov/earthquakes/feed/v1.0/detail/se60141443.geojson","felt":125,"cdi":4.1,"mmi":null,"alert":null,"status":"reviewed","tsunami":0,"sig":132,"net":"se","code":"60141443","ids":",us6000gg2s,se60141443,","sources":",us,se,","types":",dyfi,origin,phase-data,","nst":15,"dmin":0.3149,"rms":0.44,"gap":62,"magType":"md","type":"earthquake","title":"M 2.3 - 6 km E of Elgin, South Carolina"},"geometry":{"type":"Point","coordinates":[-80.7236667,34.1696667,1.57]},"id":"se60141443"},
{"type":"Feature","properties":{"mag":2.27,"place":"3km ENE of Prattville, CA","time":1640769099400,"updated":1640831946343,"tz":null,"url":"https://earthquake.usgs.gov/earthquakes/eventpage/nc73669081","detail":"https://earthquake.usgs.gov/earthquakes/feed/v1.0/detail/nc73669081.geojson","felt":null,"cdi":null,"mmi":null,"alert":null,"status":"reviewed","tsunami":0,"sig":79,"net":"nc","code":"73669081","ids":",nc73669081,nn00830698,","sources":",nc,nn,","types":",nearby-cities,origin,phase-data,scitech-link,","nst":15,"dmin":0.03656,"rms":0.15,"gap":63,"magType":"md","type":"earthquake","title":"M 2.3 - 3km ENE of Prattville, CA"},"geometry":{"type":"Point","coordinates":[-121.1248333,40.2146667,6.1]},"id":"nc73669081"},
{"type":"Feature","properties":{"mag":1.88999999,"place":"2 km SSW of Pāhala, Hawaii","time":1640768781310,"updated":1640768973690,"tz":null,"url":"https://earthquake.usgs.gov/earthquakes/eventpage/hv72850082","detail":"https://earthquake.usgs.gov/earthquakes/feed/v1.0/detail/hv72850082.geojson","felt":null,"cdi":null,"mmi":null,"alert":null,"status":"automatic","tsunami":0,"sig":55,"net":"hv","code":"72850082","ids":",hv72850082,","sources":",hv,","types":",origin,phase-data,","nst":36,"dmin":null,"rms":0.140000001,"gap":85,"magType":"md","type":"earthquake","title":"M 1.9 - 2 km SSW of Pāhala, Hawaii"},"geometry":{"type":"Point","coordinates":[-155.487670898438,19.1809997558594,34.560001373291]},"id":"hv72850082"},
{"type":"Feature","properties":{"mag":1.3,"place":"18 km NNW of Stevens Village, Alaska","time":1640768448457,"updated":1640768954427,"tz":null,"url":"https://earthquake.usgs.gov/earthquakes/eventpage/ak021gohfzf8","detail":"https://earthquake.usgs.gov/earthquakes/feed/v1.0/detail/ak021gohfzf8.geojson","felt":null,"cdi":null,"mmi":null,"alert":null,"status":"automatic","tsunami":0,"sig":26,"net":"ak","code":"021gohfzf8","ids":",ak021gohfzf8,","sources":",ak,","types":",origin,","nst":null,"dmin":null,"rms":0.8,"gap":null,"magType":"ml","type":"earthquake","title":"M 1.3 - 18 km NNW of Stevens Village, Alaska"},"geometry":{"type":"Point","coordinates":[-149.1888,66.1678,17.3]},"id":"ak021gohfzf8"},
{"type":"Feature","properties":{"mag":1.64,"place":"17km S of Trona, CA","time":1640768003910,"updated":1640768639170,"tz":null,"url":"https://earthquake.usgs.gov/earthquakes/eventpage/ci39898399","detail":"https://earthquake.usgs.gov/earthquakes/feed/v1.0/detail/ci39898399.geojson","felt":null,"cdi":null,"mmi":null,"alert":null,"status":"automatic","tsunami":0,"sig":41,"net":"ci","code":"39898399","ids":",ci39898399,","sources":",ci,","types":",focal-mechanism,nearby-cities,origin,phase-data,scitech-link,","nst":26,"dmin":0.07463,"rms":0.17,"gap":108,"magType":"ml","type":"earthquake","title":"M 1.6 - 17km S of Trona, CA"},"geometry":{"type":"Point","coordinates":[-117.3763333,35.6125,4.16]},"id":"ci39898399"},
{"type":"Feature","properties":{"mag":0.47,"place":"9km E of Mammoth Lakes, CA","time":1640767800370,"updated":1640776510471,"tz":null,"url":"https://earthquake.usgs.gov/earthquakes/eventpage/nc73669071","detail":"https://earthquake.usgs.gov/earthquakes/feed/v1.0/detail/nc73669071.geojson","felt":null,"cdi":null,"mmi":null,"alert":null,"status":"reviewed","tsunami":0,"sig":3,"net":"nc","code":"73669071","ids":",nc73669071,","sources":",nc,","types":",nearby-cities,origin,phase-data,scitech-link,","nst":7,"dmin":0.01587,"rms":0.02,"gap":94,"magType":"md","type":"earthquake","title":"M 0.5 - 9km E of Mammoth Lakes, CA"},"geometry":{"type":"Point","coordinates":[-118.8735,37.6325,4.54]},"id":"nc73669071"},
{"type":"Feature","properties":{"mag":1.6,"place":"49 km SSE of Nelchina, Alaska","time":1640767349054,"updated":1640767661493,"tz":null,"url":"https://earthquake.usgs.gov/earthquakes/eventpage/ak021goh3iex","detail":"https://earthquake.usgs.gov/earthquakes/feed/v1.0/detail/ak021goh3iex.geojson","felt":null,"cdi":null,"mmi":null,"alert":null,"status":"automatic","tsunami":0,"sig":39,"net":"ak","code":"021goh3iex","ids":",ak021goh3iex,","sources":",ak,","types":",origin,","nst":null,"dmin":null,"rms":0.83,"gap":null,"magType":"ml","type":"earthquake","title":"M 1.6 - 49 km SSE of Nelchina, Alaska"},"geometry":{"type":"Point","coordinates":[-146.3547,61.5971,29]},"id":"ak021goh3iex"},
{"type":"Feature","properties":{"mag":2.22000003,"place":"2 km SE of Pāhala, Hawaii","time":1640766991110,"updated":1640767193420,"tz":null,"url":"https://earthquake.usgs.gov/earthquakes/eventpage/hv72850067","detail":"https://earthquake.usgs.gov/earthquakes/feed/v1.0/detail/hv72850067.geojson","felt":null,"cdi":null,"mmi":null,"alert":null,"status":"automatic","tsunami":0,"sig":76,"net":"hv","code":"72850067","ids":",hv72850067,","sources":",hv,","types":",origin,phase-data,","nst":39,"dmin":null,"rms":0.0900000036,"gap":111,"magType":"md","type":"earthquake","title":"M 2.2 - 2 km SE of Pāhala, Hawaii"},"geometry":{"type":"Point","coordinates":[-155.460662841797,19.1863327026367,36.8899993896484]},"id":"hv72850067"},
{"type":"Feature","properties":{"mag":1.18,"place":"22km SE of Bodfish, CA","time":1640766213080,"updated":1640766424534,"tz":null,"url":"https://earthquake.usgs.gov/earthquakes/eventpage/ci39898391","detail":"https://earthquake.usgs.gov/earthquakes/feed/v1.0/detail/ci39898391.geojson","felt":null,"cdi":null,"mmi":null,"alert":null,"status":"automatic","tsunami":0,"sig":21,"net":"ci","code":"39898391","ids":",ci39898391,","sources":",ci,","types":",nearby-cities,origin,phase-data,scitech-link,","nst":18,"dmin":0.1588,"rms":0.2,"gap":87,"magType":"ml","type":"earthquake","title":"M 1.2 - 22km SE of Bodfish, CA"},"geometry":{"type":"Point","coordinates":[-118.3331667,35.4333333,7.56]},"id":"ci39898391"},
{"type":"Feature","properties":{"mag":1.31,"place":"4 km WSW of Southworth, Washington","time":1640766073230,"updated":1640800934550,"tz":null,"url":"https://earthquake.usgs.gov/earthquakes/eventpage/uw61799742","detail":"https://earthquake.usgs.gov/earthquakes/feed/v1.0/detail/uw61799742.geojson","felt":null,"cdi":null,"mmi":null,"alert":null,"status":"reviewed","tsunami":0,"sig":26,"net":"uw","code":"61799742","ids":",uw61799742,","sources":",uw,","types":",origin,phase-data,","nst":23,"dmin":0.05391,"rms":0.16,"gap":52,"magType":"ml","type":"earthquake","title":"M 1.3 - 4 km WSW of Southworth, Washington"},"geometry":{"type":"Point","coordinates":[-122.553833333333,47.5041666666667,23.95]},"id":"uw61799742"},
{"type":"Feature","properties":{"mag":0.9,"place":"12 km SE of Desert Aire, Washington","time":1640765363140,"updated":1640805407650,"tz":null,"url":"https://earthquake.usgs.gov/earthquakes/eventpage/uw61799737","detail":"https://earthquake.usgs.gov/earthquakes/feed/v1.0/detail/uw61799737.geojson","felt":null,"cdi":null,"mmi":null,"alert":null,"status":"reviewed","tsunami":0,"sig":12,"net":"uw","code":"61799737","ids":",uw61799737,","sources":",uw,","types":",origin,phase-data,","nst":17,"dmin":0.02671,"rms":0.12,"gap":75,"magType":"ml","type":"earthquake","title":"M 0.9 - 12 km SE of Desert Aire, Washington"},"geometry":{"type":"Point","coordinates":[-119.799333333333,46.6055,7.59]},"id":"uw61799737"},
{"type":"Feature","properties":{"mag":2.79,"place":"22 km ESE of Kanarraville, Utah","time":1640765236720,"updated":1640797725390,"tz":null,"url":"https://earthquake.usgs.gov/earthquakes/eventpage/uu60474842","detail":"https://earthquake.usgs.gov/earthquakes/feed/v1.0/detail/uu60474842.geojson","felt":null,"cdi":null,"mmi":null,"alert":null,"status":"reviewed","tsunami":0,"sig":120,"net":"uu","code":"60474842","ids":",us6000gg2b,uu60474842,","sources":",us,uu,","types":",origin,phase-data,","nst":15,"dmin":0.1522,"rms":0.15,"gap":140,"magType":"ml","type":"earthquake","title":"M 2.8 - 22 km ESE of Kanarraville, Utah"},"geometry":{"type":"Point","coordinates":[-112.9646667,37.4386667,-0.63]},"id":"uu60474842"},
{"type":"Feature","properties":{"mag":4.5,"place":"44 km S of Pondaguitan, Philippines","time":1640765193973,"updated":1640766292040,"tz":null,"url":"https://earthquake.usgs.gov/earthquakes/eventpage/us6000gg2d","detail":"https://earthquake.usgs.gov/earthquakes/feed/v1.0/detail/us6000gg2d.geojson","felt":null,"cdi":null,"mmi":null,"alert":null,"status":"reviewed","tsunami":0,"sig":312,"net":"us","code":"6000gg2d","ids":",us6000gg2d,","sources":",us,","types":",origin,phase-data,","nst":null,"dmin":1.281,"rms":0.8,"gap":85,"magType":"mb","type":"earthquake","title":"M 4.5 - 44 km S of Pondaguitan, Philippines"},"geometry":{"type":"Point","coordinates":[126.2497,5.968,79.19]},"id":"us6000gg2d"},
{"type":"Feature","properties":{"mag":1.28,"place":"Western Montana","time":1640764906560,"updated":1640792003130,"tz":null,"url":"https://earthquake.usgs.gov/earthquakes/eventpage/mb80534689","detail":"https://earthquake.usgs.gov/earthquakes/feed/v1.0/detail/mb80534689.geojson","felt":null,"cdi":null,"mmi":null,"alert":null,"status":"reviewed","tsunami":0,"sig":25,"net":"mb","code":"80534689","ids":",mb80534689,","sources":",mb,","types":",origin,phase-data,","nst":11,"dmin":0.167,"rms":0.11,"gap":90,"magType":"ml","type":"earthquake","title":"M 1.3 - Western Montana"},"geometry":{"type":"Point","coordinates":[-113.8481667,47.3293333,15.31]},"id":"mb80534689"},
{"type":"Feature","properties":{"mag":1.3,"place":"18 km E of Saint Ignatius, Montana","time":1640764902100,"updated":1640791971090,"tz":null,"url":"https://earthquake.usgs.gov/earthquakes/eventpage/mb80534684","detail":"https://earthquake.usgs.gov/earthquakes/feed/v1.0/detail/mb80534684.geojson","felt":null,"cdi":null,"mmi":null,"alert":null,"status":"reviewed","tsunami":0,"sig":26,"net":"mb","code":"80534684","ids":",mb80534684,","sources":",mb,","types":",origin,phase-data,","nst":10,"dmin":0.163,"rms":0.15,"gap":89,"magType":"ml","type":"earthquake","title":"M 1.3 - 18 km E of Saint Ignatius, Montana"},"geometry":{"type":"Point","coordinates":[-113.8515,47.3258333,17.19]},"id":"mb80534684"},
{"type":"Feature","properties":{"mag":1.3,"place":"23 km N of Sutcliffe, Nevada","time":1640764810521,"updated":1640831943704,"tz":null,"url":"https://earthquake.usgs.gov/earthquakes/eventpage/nn00830696","detail":"https://earthquake.usgs.gov/earthquakes/feed/v1.0/detail/nn00830696.geojson","felt":null,"cdi":null,"mmi":null,"alert":null,"status":"reviewed","tsunami":0,"sig":26,"net":"nn","code":"00830696","ids":",nn00830696,","sources":",nn,","types":",origin,phase-data,","nst":9,"dmin":0.066,"rms":0.1753,"gap":183.13,"magType":"ml","type":"earthquake","title":"M 1.3 - 23 km N of Sutcliffe, Nevada"},"geometry":{"type":"Point","coordinates":[-119.6477,40.1555,7.4]},"id":"nn00830696"},
{"type":"Feature","properties":{"mag":0.3,"place":"24 km N of Sutcliffe, Nevada","time":1640764111779,"updated":1640831941045,"tz":null,"url":"https://earthquake.usgs.gov/earthquakes/eventpage/nn00830694","detail":"https://earthquake.usgs.gov/earthquakes/feed/v1.0/detail/nn00830694.geojson","felt":null,"cdi":null,"mmi":null,"alert":null,"status":"reviewed","tsunami":0,"sig":1,"net":"nn","code":"00830694","ids":",nn00830694,","sources":",nn,","types":",origin,phase-data,","nst":3,"dmin":0.074,"rms":0.0234,"gap":244.31,"magType":"ml","type":"earthquake","title":"M 0.3 - 24 km N of Sutcliffe, Nevada"},"geometry":{"type":"Point","coordinates":[-119.6355,40.1665,8.2]},"id":"nn00830694"},
{"type":"Feature","properties":{"mag":0.45,"place":"13 km SSW of Morton, Washington","time":1640763967770,"updated":1640804961730,"tz":null,"url":"https://earthquake.usgs.gov/earthquakes/eventpage/uw61799732","detail":"https://earthquake.usgs.gov/earthquakes/feed/v1.0/detail/uw61799732.geojson","felt":null,"cdi":null,"mmi":null,"alert":null,"status":"reviewed","tsunami":0,"sig":3,"net":"uw","code":"61799732","ids":",uw61799732,","sources":",uw,","types":",origin,phase-data,","nst":9,"dmin":0.1416,"rms":0.15,"gap":128,"magType":"ml","type":"earthquake","title":"M 0.5 - 13 km SSW of Morton, Washington"},"geometry":{"type":"Point","coordinates":[-122.313,46.4408333333333,15.13]},"id":"uw61799732"},
{"type":"Feature","properties":{"mag":2.2,"place":"39 km SSW of South Van Horn, Alaska","time":1640763686192,"updated":1640764334989,"tz":null,"url":"https://earthquake.usgs.gov/earthquakes/eventpage/ak021goghuvd","detail":"https://earthquake.usgs.gov/earthquakes/feed/v1.0/detail/ak021goghuvd.geojson","felt":null,"cdi":null,"mmi":null,"alert":null,"status":"automatic","tsunami":0,"sig":74,"net":"ak","code":"021goghuvd","ids":",ak021goghuvd,","sources":",ak,","types":",origin,","nst":null,"dmin":null,"rms":0.83,"gap":null,"magType":"ml","type":"earthquake","title":"M 2.2 - 39 km SSW of South Van Horn, Alaska"},"geometry":{"type":"Point","coordinates":[-148.0443,64.4687,5.2]},"id":"ak021goghuvd"},
{"type":"Feature","properties":{"mag":1.09,"place":"10 km E of Ashford, Washington","time":1640762785030,"updated":1640801617090,"tz":null,"url":"https://earthquake.usgs.gov/earthquakes/eventpage/uw61799727","detail":"https://earthquake.usgs.gov/earthquakes/feed/v1.0/detail/uw61799727.geojson","felt":null,"cdi":null,"mmi":null,"alert":null,"status":"reviewed","tsunami":0,"sig":18,"net":"uw","code":"61799727","ids":",uw61799727,","sources":",uw,","types":",origin,phase-data,","nst":22,"dmin":0.02371,"rms":0.12,"gap":63,"magType":"ml","type":"earthquake","title":"M 1.1 - 10 km E of Ashford, Washington"},"geometry":{"type":"Point","coordinates":[-121.897166666667,46.7596666666667,6.5]},"id":"uw61799727"},
{"type":"Feature","properties":{"mag":1.03,"place":"6km W of Cobb, CA","time":1640762254670,"updated":1640775531546,"tz":null,"url":"https://earthquake.usgs.gov/earthquakes/eventpage/nc73669066","detail":"https://earthquake.usgs.gov/earthquakes/feed/v1.0/detail/nc73669066.geojson","felt":null,"cdi":null,"mmi":null,"alert":null,"status":"reviewed","tsunami":0,"sig":16,"net":"nc","code":"73669066","ids":",nc73669066,","sources":",nc,","types":",nearby-cities,origin,phase-data,","nst":31,"dmin":0.01246,"rms":0.02,"gap":39,"magType":"md","type":"earthquake","title":"M 1.0 - 6km W of Cobb, CA"},"geometry":{"type":"Point","coordinates":[-122.7863333,38.8263333,1.79]},"id":"nc73669066"},
{"type":"Feature","properties":{"mag":1.04,"place":"9km NNE of Banning, CA","time":1640761972440,"updated":1640799131527,"tz":null,"url":"https://earthquake.usgs.gov/earthquakes/eventpage/ci39898375","detail":"https://earthquake.usgs.gov/earthquakes/feed/v1.0/detail/ci39898375.geojson","felt":null,"cdi":null,"mmi":null,"alert":null,"status":"reviewed","tsunami":0,"sig":17,"net":"ci","code":"39898375","ids":",ci39898375,","sources":",ci,","types":",nearby-cities,origin,phase-data,scitech-link,","nst":30,"dmin":0.1069,"rms":0.2,"gap":71,"magType":"ml","type":"earthquake","title":"M 1.0 - 9km NNE of Banning, CA"},"geometry":{"type":"Point","coordinates":[-116.8308333,33.9926667,16.16]},"id":"ci39898375"},
{"type":"Feature","properties":{"mag":1.94,"place":"1 km W of Bridge Creek, Oklahoma","time":1640761083898,"updated":1640831000815,"tz":null,"url":"https://earthquake.usgs.gov/earthquakes/eventpage/ok2021zlxx","detail":"https://earthquake.usgs.gov/earthquakes/feed/v1.0/detail/ok2021zlxx.geojson","felt":6,"cdi":3.2,"mmi":null,"alert":null,"status":"automatic","tsunami":0,"sig":60,"net":"ok","code":"2021zlxx","ids":",ok2021zlxx,","sources":",ok,","types":",dyfi,origin,phase-data,","nst":18,"dmin":0.002459940501,"rms":0.7687762004,"gap":60.51629639,"magType":"ml","type":"earthquake","title":"M 1.9 - 1 km W of Bridge Creek, Oklahoma"},"geometry":{"type":"Point","coordinates":[-97.75510406,35.23583984,2.305512667]},"id":"ok2021zlxx"},
{"type":"Feature","properties":{"mag":0.5,"place":"23 km N of Sutcliffe, Nevada","time":1640758412923,"updated":1640831939896,"tz":null,"url":"https://earthquake.usgs.gov/earthquakes/eventpage/nn00830692","detail":"https://earthquake.usgs.gov/earthquakes/feed/v1.0/detail/nn00830692.geojson","felt":null,"cdi":null,"mmi":null,"alert":null,"status":"reviewed","tsunami":0,"sig":4,"net":"nn","code":"00830692","ids":",nn00830692,","sources":",nn,","types":",origin,phase-data,","nst":3,"dmin":0.083,"rms":0.0027,"gap":240.14,"magType":"ml","type":"earthquake","title":"M 0.5 - 23 km N of Sutcliffe, Nevada"},"geometry":{"type":"Point","coordinates":[-119.6249,40.1593,5.7]},"id":"nn00830692"},
{"type":"Feature","properties":{"mag":0.22,"place":"15 km NNE of Ashford, Washington","time":1640757853690,"updated":1640804253060,"tz":null,"url":"https://earthquake.usgs.gov/earthquakes/eventpage/uw61799722","detail":"https://earthquake.usgs.gov/earthquakes/feed/v1.0/detail/uw61799722.geojson","felt":null,"cdi":null,"mmi":null,"alert":null,"status":"reviewed","tsunami":0,"sig":1,"net":"uw","code":"61799722","ids":",uw61799722,","sources":",uw,","types":",origin,phase-data,","nst":10,"dmin":0.01781,"rms":0.07,"gap":165,"magType":"ml","type":"earthquake","title":"M 0.2 - 15 km NNE of Ashford, Washington"},"geometry":{"type":"Point","coordinates":[-121.9545,46.8866666666667,8.06]},"id":"uw61799722"},
{"type":"Feature","properties":{"mag":1.82,"place":"5 km S of Pāhala, Hawaii","time":1640757794520,"updated":1640806198040,"tz":null,"url":"https://earthquake.usgs.gov/earthquakes/eventpage/hv72849937","detail":"https://earthquake.usgs.gov/earthquakes/feed/v1.0/detail/hv72849937.geojson","felt":null,"cdi":null,"mmi":null,"alert":null,"status":"reviewed","tsunami":0,"sig":51,"net":"hv","code":"72849937","ids":",hv72849937,","sources":",hv,","types":",origin,phase-data,","nst":28,"dmin":null,"rms":0.11,"gap":143,"magType":"md","type":"earthquake","title":"M 1.8 - 5 km S of Pāhala, Hawaii"},"geometry":{"type":"Point","coordinates":[-155.484833333333,19.1528333333333,35.98]},"id":"hv72849937"},
{"type":"Feature","properties":{"mag":1.92,"place":"9km NE of Coso Junction, CA","time":1640757049030,"updated":1640799197000,"tz":null,"url":"https://earthquake.usgs.gov/earthquakes/eventpage/ci39898359","detail":"https://earthquake.usgs.gov/earthquakes/feed/v1.0/detail/ci39898359.geojson","felt":null,"cdi":null,"mmi":null,"alert":null,"status":"reviewed","tsunami":0,"sig":57,"net":"ci","code":"39898359","ids":",ci39898359,","sources":",ci,","types":",focal-mechanism,nearby-cities,origin,phase-data,scitech-link,","nst":20,"dmin":0.02148,"rms":0.11,"gap":62,"magType":"ml","type":"earthquake","title":"M 1.9 - 9km NE of Coso Junction, CA"},"geometry":{"type":"Point","coordinates":[-117.879,36.1086667,3.86]},"id":"ci39898359"},
{"type":"Feature","properties":{"mag":1.42,"place":"13km NNE of Borrego Springs, CA","time":1640757027230,"updated":1640799207940,"tz":null,"url":"https://earthquake.usgs.gov/earthquakes/eventpage/ci39898351","detail":"https://earthquake.usgs.gov/earthquakes/feed/v1.0/detail/ci39898351.geojson","felt":null,"cdi":null,"mmi":null,"alert":null,"status":"reviewed","tsunami":0,"sig":31,"net":"ci","code":"39898351","ids":",ci39898351,","sources":",ci,","types":",focal-mechanism,nearby-cities,origin,phase-data,scitech-link,","nst":48,"dmin":0.008259,"rms":0.2,"gap":38,"magType":"ml","type":"earthquake","title":"M 1.4 - 13km NNE of Borrego Springs, CA"},"geometry":{"type":"Point","coordinates":[-116.3005,33.3591667,10.61]},"id":"ci39898351"},
{"type":"Feature","properties":{"mag":2,"place":"46 km E of Tonopah, Nevada","time":1640756900359,"updated":1640831916141,"tz":null,"url":"https://earthquake.usgs.gov/earthquakes/eventpage/nn00830598","detail":"https://earthquake.usgs.gov/earthquakes/feed/v1.0/detail/nn00830598.geojson","felt":null,"cdi":null,"mmi":null,"alert":null,"status":"reviewed","tsunami":0,"sig":62,"net":"nn","code":"00830598","ids":",nn00830598,","sources":",nn,","types":",origin,phase-data,","nst":22,"dmin":0.412,"rms":0.1944,"gap":164.66,"magType":"ml","type":"earthquake","title":"M 2.0 - 46 km E of Tonopah, Nevada"},"geometry":{"type":"Point","coordinates":[-116.7,38.0619,2.6]},"id":"nn00830598"},
{"type":"Feature","properties":{"mag":0.57,"place":"9km NE of Coso Junction, CA","time":1640755855380,"updated":1640799187296,"tz":null,"url":"https://earthquake.usgs.gov/earthquakes/eventpage/ci39898343","detail":"https://earthquake.usgs.gov/earthquakes/feed/v1.0/detail/ci39898343.geojson","felt":null,"cdi":null,"mmi":null,"alert":null,"status":"reviewed","tsunami":0,"sig":5,"net":"ci","code":"39898343","ids":",ci39898343,","sources":",ci,","types":",nearby-cities,origin,phase-data,scitech-link,","nst":8,"dmin":0.02104,"rms":0.08,"gap":173,"magType":"ml","type":"earthquake","title":"M 0.6 - 9km NE of Coso Junction, CA"},"geometry":{"type":"Point","coordinates":[-117.8711667,36.1011667,3.53]},"id":"ci39898343"},
{"type":"Feature","properties":{"mag":5.7,"place":"Crete, Greece","time":1640754490515,"updated":1640841128227,"tz":null,"url":"https://earthquake.usgs.gov/earthquakes/eventpage/us6000gg0y","detail":"https://earthquake.usgs.gov/earthquakes/feed/v1.0/detail/us6000gg0y.geojson","felt":43,"cdi":4.6,"mmi":4.001,"alert":"green","status":"reviewed","tsunami":0,"sig":520,"net":"us","code":"6000gg0y","ids":",us6000gg0y,","sources":",us,","types":",dyfi,losspager,origin,phase-data,shakemap,","nst":null,"dmin":0.459,"rms":0.8,"gap":36,"magType":"mww","type":"earthquake","title":"M 5.7 - Crete, Greece"},"geometry":{"type":"Point","coordinates":[25.1168,34.8666,70.62]},"id":"us6000gg0y"},
{"type":"Feature","properties":{"mag":2,"place":"3 km ENE of Pāhala, Hawaii","time":1640754465190,"updated":1640754663810,"tz":null,"url":"https://earthquake.usgs.gov/earthquakes/eventpage/hv72849902","detail":"https://earthquake.usgs.gov/earthquakes/feed/v1.0/detail/hv72849902.geojson","felt":null,"cdi":null,"mmi":null,"alert":null,"status":"automatic","tsunami":0,"sig":62,"net":"hv","code":"72849902","ids":",hv72849902,","sources":",hv,","types":",origin,phase-data,","nst":27,"dmin":null,"rms":0.119999997,"gap":134,"magType":"md","type":"earthquake","title":"M 2.0 - 3 km ENE of Pāhala, Hawaii"},"geometry":{"type":"Point","coordinates":[-155.444671630859,19.2134990692139,34.3199996948242]},"id":"hv72849902"},
{"type":"Feature","properties":{"mag":2.35,"place":"4km NE of Fairview, CA","time":1640753900060,"updated":1640796752578,"tz":null,"url":"https://earthquake.usgs.gov/earthquakes/eventpage/nc73669046","detail":"https://earthquake.usgs.gov/earthquakes/feed/v1.0/detail/nc73669046.geojson","felt":27,"cdi":3.4,"mmi":null,"alert":null,"status":"automatic","tsunami":0,"sig":94,"net":"nc","code":"73669046","ids":",nc73669046,","sources":",nc,","types":",dyfi,focal-mechanism,nearby-cities,origin,phase-data,scitech-link,","nst":46,"dmin":0.05127,"rms":0.13,"gap":63,"magType":"md","type":"earthquake","title":"M 2.4 - 4km NE of Fairview, CA"},"geometry":{"type":"Point","coordinates":[-122.0148315,37.7053337,7.38]},"id":"nc73669046"},
{"type":"Feature","properties":{"mag":0.85,"place":"10km NNE of Julian, CA","time":1640753874610,"updated":1640754090665,"tz":null,"url":"https://earthquake.usgs.gov/earthquakes/eventpage/ci39898335","detail":"https://earthquake.usgs.gov/earthquakes/feed/v1.0/detail/ci39898335.geojson","felt":null,"cdi":null,"mmi":null,"alert":null,"status":"automatic","tsunami":0,"sig":11,"net":"ci","code":"39898335","ids":",ci39898335,","sources":",ci,","types":",nearby-cities,origin,phase-data,scitech-link,","nst":22,"dmin":0.08865,"rms":0.21,"gap":88,"magType":"ml","type":"earthquake","title":"M 0.9 - 10km NNE of Julian, CA"},"geometry":{"type":"Point","coordinates":[-116.5503333,33.1605,16.24]},"id":"ci39898335"},
{"type":"Feature","properties":{"mag":4.4,"place":"36 km E of Barkhan, Pakistan","time":1640753718589,"updated":1640758808040,"tz":null,"url":"https://earthquake.usgs.gov/earthquakes/eventpage/us6000gg0w","detail":"https://earthquake.usgs.gov/earthquakes/feed/v1.0/detail/us6000gg0w.geojson","felt":null,"cdi":null,"mmi":null,"alert":null,"status":"reviewed","tsunami":0,"sig":298,"net":"us","code":"6000gg0w","ids":",us6000gg0w,","sources":",us,","types":",origin,phase-data,","nst":null,"dmin":4.725,"rms":0.59,"gap":114,"magType":"mb","type":"earthquake","title":"M 4.4 - 36 km E of Barkhan, Pakistan"},"geometry":{"type":"Point","coordinates":[69.8955,29.8571,10]},"id":"us6000gg0w"},
{"type":"Feature","properties":{"mag":0.77,"place":"10km NE of Coso Junction, CA","time":1640752310410,"updated":1640799230312,"tz":null,"url":"https://earthquake.usgs.gov/earthquakes/eventpage/ci39898327","detail":"https://earthquake.usgs.gov/earthquakes/feed/v1.0/detail/ci39898327.geojson","felt":null,"cdi":null,"mmi":null,"alert":null,"status":"reviewed","tsunami":0,"sig":9,"net":"ci","code":"39898327","ids":",ci39898327,","sources":",ci,","types":",nearby-cities,origin,phase-data,scitech-link,","nst":8,"dmin":0.01368,"rms":0.08,"gap":172,"magType":"ml","type":"earthquake","title":"M 0.8 - 10km NE of Coso Junction, CA"},"geometry":{"type":"Point","coordinates":[-117.8571667,36.104,2.53]},"id":"ci39898327"},
{"type":"Feature","properties":{"mag":1.89,"place":"11km NE of Coso Junction, CA","time":1640752241230,"updated":1640799272740,"tz":null,"url":"https://earthquake.usgs.gov/earthquakes/eventpage/ci39898319","detail":"https://earthquake.usgs.gov/earthquakes/feed/v1.0/detail/ci39898319.geojson","felt":null,"cdi":null,"mmi":null,"alert":null,"status":"reviewed","tsunami":0,"sig":55,"net":"ci","code":"39898319","ids":",ci39898319,","sources":",ci,","types":",focal-mechanism,nearby-cities,origin,phase-data,scitech-link,","nst":24,"dmin":0.01626,"rms":0.13,"gap":66,"magType":"ml","type":"earthquake","title":"M 1.9 - 11km NE of Coso Junction, CA"},"geometry":{"type":"Point","coordinates":[-117.849,36.102,1.71]},"id":"ci39898319"},
{"type":"Feature","properties":{"mag":0.61,"place":"13km WNW of Anza, CA","time":1640751688410,"updated":1640751905905,"tz":null,"url":"https://earthquake.usgs.gov/earthquakes/eventpage/ci39898311","detail":"https://earthquake.usgs.gov/earthquakes/feed/v1.0/detail/ci39898311.geojson","felt":null,"cdi":null,"mmi":null,"alert":null,"status":"automatic","tsunami":0,"sig":6,"net":"ci","code":"39898311","ids":",ci39898311,","sources":",ci,","types":",nearby-cities,origin,phase-data,scitech-link,","nst":16,"dmin":0.04807,"rms":0.21,"gap":104,"magType":"ml","type":"earthquake","title":"M 0.6 - 13km WNW of Anza, CA"},"geometry":{"type":"Point","coordinates":[-116.8088333,33.5945,5.91]},"id":"ci39898311"},
{"type":"Feature","properties":{"mag":1.7,"place":"29 km SSW of Cantwell, Alaska","time":1640751469246,"updated":1640751778798,"tz":null,"url":"https://earthquake.usgs.gov/earthquakes/eventpage/ak021goekgng","detail":"https://earthquake.usgs.gov/earthquakes/feed/v1.0/detail/ak021goekgng.geojson","felt":null,"cdi":null,"mmi":null,"alert":null,"status":"automatic","tsunami":0,"sig":44,"net":"ak","code":"021goekgng","ids":",ak021goekgng,","sources":",ak,","types":",origin,","nst":null,"dmin":null,"rms":0.69,"gap":null,"magType":"ml","type":"earthquake","title":"M 1.7 - 29 km SSW of Cantwell, Alaska"},"geometry":{"type":"Point","coordinates":[-149.2327,63.1603,69.6]},"id":"ak021goekgng"},
{"type":"Feature","properties":{"mag":4.8,"place":"254 km NW of Attu Station, Alaska","time":1640751190436,"updated":1640820119782,"tz":null,"url":"https://earthquake.usgs.gov/earthquakes/eventpage/us6000gg0n","detail":"https://earthquake.usgs.gov/earthquakes/feed/v1.0/detail/us6000gg0n.geojson","felt":null,"cdi":null,"mmi":2.721,"alert":null,"status":"reviewed","tsunami":0,"sig":354,"net":"us","code":"6000gg0n","ids":",ak021goekge0,us6000gg0n,","sources":",ak,us,","types":",origin,phase-data,shakemap,","nst":null,"dmin":2.758,"rms":0.81,"gap":83,"magType":"mb","type":"earthquake","title":"M 4.8 - 254 km NW of Attu Station, Alaska"},"geometry":{"type":"Point","coordinates":[170.667,54.58,10]},"id":"us6000gg0n"},
{"type":"Feature","properties":{"mag":0.8,"place":"40 km SW of Empire, Nevada","time":1640750971628,"updated":1640831938808,"tz":null,"url":"https://earthquake.usgs.gov/earthquakes/eventpage/nn00830691","detail":"https://earthquake.usgs.gov/earthquakes/feed/v1.0/detail/nn00830691.geojson","felt":null,"cdi":null,"mmi":null,"alert":null,"status":"reviewed","tsunami":0,"sig":10,"net":"nn","code":"00830691","ids":",nn00830691,","sources":",nn,","types":",origin,phase-data,","nst":5,"dmin":0.2,"rms":0.182,"gap":293.98,"magType":"ml","type":"earthquake","title":"M 0.8 - 40 km SW of Empire, Nevada"},"geometry":{"type":"Point","coordinates":[-119.7413,40.3695,18.4]},"id":"nn00830691"},
{"type":"Feature","properties":{"mag":1.92,"place":"11km NE of Coso Junction, CA","time":1640750856820,"updated":1640799283290,"tz":null,"url":"https://earthquake.usgs.gov/earthquakes/eventpage/ci39898303","detail":"https://earthquake.usgs.gov/earthquakes/feed/v1.0/detail/ci39898303.geojson","felt":null,"cdi":null,"mmi":null,"alert":null,"status":"reviewed","tsunami":0,"sig":57,"net":"ci","code":"39898303","ids":",ci39898303,","sources":",ci,","types":",focal-mechanism,nearby-cities,origin,phase-data,scitech-link,","nst":26,"dmin":0.01742,"rms":0.21,"gap":53,"magType":"ml","type":"earthquake","title":"M 1.9 - 11km NE of Coso Junction, CA"},"geometry":{"type":"Point","coordinates":[-117.8451667,36.102,1.53]},"id":"ci39898303"},
{"type":"Feature","properties":{"mag":2.6,"place":"4 km SW of La Parguera, Puerto Rico","time":1640750701640,"updated":1640753891701,"tz":null,"url":"https://earthquake.usgs.gov/earthquakes/eventpage/pr2021363001","detail":"https://earthquake.usgs.gov/earthquakes/feed/v1.0/detail/pr2021363001.geojson","felt":null,"cdi":null,"mmi":null,"alert":null,"status":"reviewed","tsunami":0,"sig":104,"net":"pr","code":"2021363001","ids":",pr2021363001,","sources":",pr,","types":",origin,phase-data,","nst":16,"dmin":0.0422,"rms":0.38,"gap":254,"magType":"md","type":"earthquake","title":"M 2.6 - 4 km SW of La Parguera, Puerto Rico"},"geometry":{"type":"Point","coordinates":[-67.0738,17.9393,9]},"id":"pr2021363001"},
{"type":"Feature","properties":{"mag":5.7,"place":"262 km NW of Attu Station, Alaska","time":1640750252007,"updated":1640837095261,"tz":null,"url":"https://earthquake.usgs.gov/earthquakes/eventpage/us6000gg09","detail":"https://earthquake.usgs.gov/earthquakes/feed/v1.0/detail/us6000gg09.geojson","felt":null,"cdi":null,"mmi":3.274,"alert":"green","status":"reviewed","tsunami":1,"sig":500,"net":"us","code":"6000gg09","ids":",at00r4uyzz,us6000gg09,ak021goe76qz,","sources":",at,us,ak,","types":",impact-link,losspager,moment-tensor,origin,phase-data,shakemap,","nst":null,"dmin":2.821,"rms":0.97,"gap":31,"magType":"mww","type":"earthquake","title":"M 5.7 - 262 km NW of Attu Station, Alaska"},"geometry":{"type":"Point","coordinates":[170.6251,54.6472,3.58]},"id":"us6000gg09"},
{"type":"Feature","properties":{"mag":2.09,"place":"8km N of Big Bear City, CA","time":1640749303430,"updated":1640755897259,"tz":null,"url":"https://earthquake.usgs.gov/earthquakes/eventpage/ci39898295","detail":"https://earthquake.usgs.gov/earthquakes/feed/v1.0/detail/ci39898295.geojson","felt":1,"cdi":1,"mmi":null,"alert":null,"status":"automatic","tsunami":0,"sig":67,"net":"ci","code":"39898295","ids":",ci39898295,","sources":",ci,","types":",dyfi,focal-mechanism,nearby-cities,origin,phase-data,scitech-link,","nst":54,"dmin":0.01915,"rms":0.16,"gap":50,"magType":"ml","type":"earthquake","title":"M 2.1 - 8km N of Big Bear City, CA"},"geometry":{"type":"Point","coordinates":[-116.8318333,34.3291667,6.86]},"id":"ci39898295"},
{"type":"Feature","properties":{"mag":1.01,"place":"13 km ESE of Lincoln, Montana","time":1640749144990,"updated":1640790353970,"tz":null,"url":"https://earthquake.usgs.gov/earthquakes/eventpage/mb80534669","detail":"https://earthquake.usgs.gov/earthquakes/feed/v1.0/detail/mb80534669.geojson","felt":null,"cdi":null,"mmi":null,"alert":null,"status":"reviewed","tsunami":0,"sig":16,"net":"mb","code":"80534669","ids":",mb80534669,","sources":",mb,","types":",origin,phase-data,","nst":14,"dmin":0.061,"rms":0.11,"gap":97,"magType":"ml","type":"earthquake","title":"M 1.0 - 13 km ESE of Lincoln, Montana"},"geometry":{"type":"Point","coordinates":[-112.5246667,46.8991667,10.35]},"id":"mb80534669"},
{"type":"Feature","properties":{"mag":2.71,"place":"13 km SSE of Volcano, Hawaii","time":1640748735310,"updated":1640802449110,"tz":null,"url":"https://earthquake.usgs.gov/earthquakes/eventpage/hv72849872","detail":"https://earthquake.usgs.gov/earthquakes/feed/v1.0/detail/hv72849872.geojson","felt":null,"cdi":null,"mmi":null,"alert":null,"status":"reviewed","tsunami":0,"sig":113,"net":"hv","code":"72849872","ids":",us6000gg04,hv72849872,","sources":",us,hv,","types":",origin,phase-data,","nst":30,"dmin":null,"rms":0.07,"gap":130,"magType":"ml","type":"earthquake","title":"M 2.7 - 13 km SSE of Volcano, Hawaii"},"geometry":{"type":"Point","coordinates":[-155.193666666667,19.3281666666667,6.68]},"id":"hv72849872"},
{"type":"Feature","properties":{"mag":1.8,"place":"32 km SSW of Petersville, Alaska","time":1640748238780,"updated":1640748812616,"tz":null,"url":"https://earthquake.usgs.gov/earthquakes/eventpage/ak021goe0c2c","detail":"https://earthquake.usgs.gov/earthquakes/feed/v1.0/detail/ak021goe0c2c.geojson","felt":null,"cdi":null,"mmi":null,"alert":null,"status":"automatic","tsunami":0,"sig":50,"net":"ak","code":"021goe0c2c","ids":",ak021goe0c2c,","sources":",ak,","types":",origin,","nst":null,"dmin":null,"rms":0.5,"gap":null,"magType":"ml","type":"earthquake","title":"M 1.8 - 32 km SSW of Petersville, Alaska"},"geometry":{"type":"Point","coordinates":[-150.9735,62.2207,64.1]},"id":"ak021goe0c2c"},
{"type":"Feature","properties":{"mag":4.3,"place":"91 km WNW of San Antonio de los Cobres, Argentina","time":1640748229115,"updated":1640750613040,"tz":null,"url":"https://earthquake.usgs.gov/earthquakes/eventpage/us6000gfzy","detail":"https://earthquake.usgs.gov/earthquakes/feed/v1.0/detail/us6000gfzy.geojson","felt":null,"cdi":null,"mmi":null,"alert":null,"status":"reviewed","tsunami":0,"sig":284,"net":"us","code":"6000gfzy","ids":",us6000gfzy,","sources":",us,","types":",origin,phase-data,","nst":null,"dmin":1.403,"rms":0.38,"gap":116,"magType":"mb","type":"earthquake","title":"M 4.3 - 91 km WNW of San Antonio de los Cobres, Argentina"},"geometry":{"type":"Point","coordinates":[-67.1964,-24.0319,203.41]},"id":"us6000gfzy"},
{"type":"Feature","properties":{"mag":4.3,"place":"72 km SW of Nikolski, Alaska","time":1640748199412,"updated":1640758006258,"tz":null,"url":"https://earthquake.usgs.gov/earthquakes/eventpage/us6000gg00","detail":"https://earthquake.usgs.gov/earthquakes/feed/v1.0/detail/us6000gg00.geojson","felt":null,"cdi":null,"mmi":1.884,"alert":null,"status":"reviewed","tsunami":0,"sig":284,"net":"us","code":"6000gg00","ids":",ak021goe0a2q,us6000gg00,","sources":",ak,us,","types":",origin,phase-data,shakemap,","nst":null,"dmin":1.392,"rms":1.22,"gap":175,"magType":"mb","type":"earthquake","title":"M 4.3 - 72 km SW of Nikolski, Alaska"},"geometry":{"type":"Point","coordinates":[-169.6762,52.5178,49.85]},"id":"us6000gg00"},
{"type":"Feature","properties":{"mag":1.3,"place":"75 km NW of Paxson, Alaska","time":1640747747290,"updated":1640747940347,"tz":null,"url":"https://earthquake.usgs.gov/earthquakes/eventpage/ak021godylgp","detail":"https://earthquake.usgs.gov/earthquakes/feed/v1.0/detail/ak021godylgp.geojson","felt":null,"cdi":null,"mmi":null,"alert":null,"status":"automatic","tsunami":0,"sig":26,"net":"ak","code":"021godylgp","ids":",ak021godylgp,","sources":",ak,","types":",origin,","nst":null,"dmin":null,"rms":0.52,"gap":null,"magType":"ml","type":"earthquake","title":"M 1.3 - 75 km NW of Paxson, Alaska"},"geometry":{"type":"Point","coordinates":[-146.8221,63.4996,12.4]},"id":"ak021godylgp"},
{"type":"Feature","properties":{"mag":4.3,"place":"Owen Fracture Zone region","time":1640747715645,"updated":1640749069040,"tz":null,"url":"https://earthquake.usgs.gov/earthquakes/eventpage/us6000gfzz","detail":"https://earthquake.usgs.gov/earthquakes/feed/v1.0/detail/us6000gfzz.geojson","felt":null,"cdi":null,"mmi":null,"alert":null,"status":"reviewed","tsunami":0,"sig":284,"net":"us","code":"6000gfzz","ids":",us6000gfzz,","sources":",us,","types":",origin,phase-data,","nst":null,"dmin":10.857,"rms":0.42,"gap":191,"magType":"mb","type":"earthquake","title":"M 4.3 - Owen Fracture Zone region"},"geometry":{"type":"Point","coordinates":[57.0053,14.0573,10]},"id":"us6000gfzz"},
{"type":"Feature","properties":{"mag":1.1,"place":"6 km NNE of Plumas Eureka, California","time":1640747628540,"updated":1640831937477,"tz":null,"url":"https://earthquake.usgs.gov/earthquakes/eventpage/nn00830690","detail":"https://earthquake.usgs.gov/earthquakes/feed/v1.0/detail/nn00830690.geojson","felt":null,"cdi":null,"mmi":null,"alert":null,"status":"reviewed","tsunami":0,"sig":19,"net":"nn","code":"00830690","ids":",nn00830690,","sources":",nn,","types":",origin,phase-data,","nst":9,"dmin":0.158,"rms":0.1391,"gap":227,"magType":"ml","type":"earthquake","title":"M 1.1 - 6 km NNE of Plumas Eureka, California"},"geometry":{"type":"Point","coordinates":[-120.6171,39.8432,14.8]},"id":"nn00830690"},
{"type":"Feature","properties":{"mag":2.1,"place":"1 km E of Topaz Lake, Nevada","time":1640747461452,"updated":1640831903456,"tz":null,"url":"https://earthquake.usgs.gov/earthquakes/eventpage/nn00830586","detail":"https://earthquake.usgs.gov/earthquakes/feed/v1.0/detail/nn00830586.geojson","felt":0,"cdi":1,"mmi":null,"alert":null,"status":"reviewed","tsunami":0,"sig":68,"net":"nn","code":"00830586","ids":",nn00830586,","sources":",nn,","types":",dyfi,origin,phase-data,","nst":22,"dmin":0.111,"rms":0.1468,"gap":50.58,"magType":"ml","type":"earthquake","title":"M 2.1 - 1 km E of Topaz Lake, Nevada"},"geometry":{"type":"Point","coordinates":[-119.5221,38.6974,8]},"id":"nn00830586"},
{"type":"Feature","properties":{"mag":1.49,"place":"9 km SSE of Springdale, Utah","time":1640746992000,"updated":1640798594860,"tz":null,"url":"https://earthquake.usgs.gov/earthquakes/eventpage/uu60474837","detail":"https://earthquake.usgs.gov/earthquakes/feed/v1.0/detail/uu60474837.geojson","felt":null,"cdi":null,"mmi":null,"alert":null,"status":"reviewed","tsunami":0,"sig":34,"net":"uu","code":"60474837","ids":",uu60474837,","sources":",uu,","types":",origin,phase-data,","nst":6,"dmin":0.2655,"rms":0.14,"gap":261,"magType":"ml","type":"earthquake","title":"M 1.5 - 9 km SSE of Springdale, Utah"},"geometry":{"type":"Point","coordinates":[-112.9385,37.116,20.31]},"id":"uu60474837"},
{"type":"Feature","properties":{"mag":2.02,"place":"4 km SE of Swede Heaven, Washington","time":1640746023870,"updated":1640820335979,"tz":null,"url":"https://earthquake.usgs.gov/earthquakes/eventpage/uw61799707","detail":"https://earthquake.usgs.gov/earthquakes/feed/v1.0/detail/uw61799707.geojson","felt":1,"cdi":2.7,"mmi":null,"alert":null,"status":"reviewed","tsunami":0,"sig":63,"net":"uw","code":"61799707","ids":",uw61799707,","sources":",uw,","types":",dyfi,origin,phase-data,","nst":19,"dmin":0.1759,"rms":0.24,"gap":82,"magType":"ml","type":"earthquake","title":"M 2.0 - 4 km SE of Swede Heaven, Washington"},"geometry":{"type":"Point","coordinates":[-121.681333333333,48.2581666666667,10.65]},"id":"uw61799707"},
{"type":"Feature","properties":{"mag":1.4,"place":"49 km N of Valdez, Alaska","time":1640745996363,"updated":1640747940199,"tz":null,"url":"https://earthquake.usgs.gov/earthquakes/eventpage/ak021godjs7o","detail":"https://earthquake.usgs.gov/earthquakes/feed/v1.0/detail/ak021godjs7o.geojson","felt":null,"cdi":null,"mmi":null,"alert":null,"status":"automatic","tsunami":0,"sig":30,"net":"ak","code":"021godjs7o","ids":",ak021godjs7o,","sources":",ak,","types":",origin,","nst":null,"dmin":null,"rms":0.7,"gap":null,"magType":"ml","type":"earthquake","title":"M 1.4 - 49 km N of Valdez, Alaska"},"geometry":{"type":"Point","coordinates":[-146.3415,61.5751,35.1]},"id":"ak021godjs7o"},
{"type":"Feature","properties":{"mag":4.2,"place":"4 km SSW of Urayasu, Japan","time":1640745185432,"updated":1640829579825,"tz":null,"url":"https://earthquake.usgs.gov/earthquakes/eventpage/us6000gg06","detail":"https://earthquake.usgs.gov/earthquakes/feed/v1.0/detail/us6000gg06.geojson","felt":30,"cdi":3.1,"mmi":null,"alert":null,"status":"reviewed","tsunami":0,"sig":281,"net":"us","code":"6000gg06","ids":",us6000gg06,","sources":",us,","types":",dyfi,origin,phase-data,","nst":null,"dmin":1.62,"rms":1.15,"gap":158,"magType":"mb","type":"earthquake","title":"M 4.2 - 4 km SSW of Urayasu, Japan"},"geometry":{"type":"Point","coordinates":[139.8701,35.6359,35]},"id":"us6000gg06"},
{"type":"Feature","properties":{"mag":1.91,"place":"3km N of Pinnacles, CA","time":1640744852720,"updated":1640749571450,"tz":null,"url":"https://earthquake.usgs.gov/earthquakes/eventpage/nc73669011","detail":"https://earthquake.usgs.gov/earthquakes/feed/v1.0/detail/nc73669011.geojson","felt":1,"cdi":2.1,"mmi":null,"alert":null,"status":"automatic","tsunami":0,"sig":56,"net":"nc","code":"73669011","ids":",nc73669011,","sources":",nc,","types":",dyfi,nearby-cities,origin,phase-data,scitech-link,","nst":18,"dmin":null,"rms":0.09,"gap":116,"magType":"md","type":"earthquake","title":"M 1.9 - 3km N of Pinnacles, CA"},"geometry":{"type":"Point","coordinates":[-121.1411667,36.5588341,8.48]},"id":"nc73669011"},
{"type":"Feature","properties":{"mag":0.86,"place":"16km ENE of Borrego Springs, CA","time":1640744677540,"updated":1640744886714,"tz":null,"url":"https://earthquake.usgs.gov/earthquakes/eventpage/ci39898263","detail":"https://earthquake.usgs.gov/earthquakes/feed/v1.0/detail/ci39898263.geojson","felt":null,"cdi":null,"mmi":null,"alert":null,"status":"automatic","tsunami":0,"sig":11,"net":"ci","code":"39898263","ids":",ci39898263,","sources":",ci,","types":",nearby-cities,origin,phase-data,scitech-link,","nst":22,"dmin":0.07639,"rms":0.18,"gap":91,"magType":"ml","type":"earthquake","title":"M 0.9 - 16km ENE of Borrego Springs, CA"},"geometry":{"type":"Point","coordinates":[-116.2248333,33.334,8.53]},"id":"ci39898263"},
{"type":"Feature","properties":{"mag":1.1,"place":"31 km ESE of Slana, Alaska","time":1640744660649,"updated":1640757390924,"tz":null,"url":"https://earthquake.usgs.gov/earthquakes/eventpage/ak021godf1l7","detail":"https://earthquake.usgs.gov/earthquakes/feed/v1.0/detail/ak021godf1l7.geojson","felt":null,"cdi":null,"mmi":null,"alert":null,"status":"reviewed","tsunami":0,"sig":19,"net":"ak","code":"021godf1l7","ids":",ak021godf1l7,","sources":",ak,","types":",origin,phase-data,","nst":null,"dmin":null,"rms":0.67,"gap":null,"magType":"ml","type":"earthquake","title":"M 1.1 - 31 km ESE of Slana, Alaska"},"geometry":{"type":"Point","coordinates":[-143.3664,62.6495,12.9]},"id":"ak021godf1l7"},
{"type":"Feature","properties":{"mag":0.73,"place":"3km NNW of Palomar Observatory, CA","time":1640744037020,"updated":1640744250375,"tz":null,"url":"https://earthquake.usgs.gov/earthquakes/eventpage/ci39898255","detail":"https://earthquake.usgs.gov/earthquakes/feed/v1.0/detail/ci39898255.geojson","felt":null,"cdi":null,"mmi":null,"alert":null,"status":"automatic","tsunami":0,"sig":8,"net":"ci","code":"39898255","ids":",ci39898255,","sources":",ci,","types":",nearby-cities,origin,phase-data,scitech-link,","nst":21,"dmin":0.03261,"rms":0.25,"gap":86,"magType":"ml","type":"earthquake","title":"M 0.7 - 3km NNW of Palomar Observatory, CA"},"geometry":{"type":"Point","coordinates":[-116.878,33.3836667,6.14]},"id":"ci39898255"},
{"type":"Feature","properties":{"mag":2.05999994,"place":"12 km ENE of Pāhala, Hawaii","time":1640742856500,"updated":1640743052480,"tz":null,"url":"https://earthquake.usgs.gov/earthquakes/eventpage/hv72849817","detail":"https://earthquake.usgs.gov/earthquakes/feed/v1.0/detail/hv72849817.geojson","felt":null,"cdi":null,"mmi":null,"alert":null,"status":"automatic","tsunami":0,"sig":65,"net":"hv","code":"72849817","ids":",hv72849817,","sources":",hv,","types":",origin,phase-data,","nst":28,"dmin":null,"rms":0.100000001,"gap":139,"magType":"md","type":"earthquake","title":"M 2.1 - 12 km ENE of Pāhala, Hawaii"},"geometry":{"type":"Point","coordinates":[-155.370162963867,19.2568340301514,32.6800003051758]},"id":"hv72849817"},
{"type":"Feature","properties":{"mag":2.30999994,"place":"4 km SSE of Pāhala, Hawaii","time":1640742678470,"updated":1640742870790,"tz":null,"url":"https://earthquake.usgs.gov/earthquakes/eventpage/hv72849812","detail":"https://earthquake.usgs.gov/earthquakes/feed/v1.0/detail/hv72849812.geojson","felt":null,"cdi":null,"mmi":null,"alert":null,"status":"automatic","tsunami":0,"sig":82,"net":"hv","code":"72849812","ids":",hv72849812,","sources":",hv,","types":",origin,phase-data,","nst":25,"dmin":null,"rms":0.109999999,"gap":169,"magType":"md","type":"earthquake","title":"M 2.3 - 4 km SSE of Pāhala, Hawaii"},"geometry":{"type":"Point","coordinates":[-155.467163085938,19.1615009307861,32.3499984741211]},"id":"hv72849812"},
{"type":"Feature","properties":{"mag":1.90999997,"place":"2 km WSW of Pāhala, Hawaii","time":1640742144770,"updated":1640742332410,"tz":null,"url":"https://earthquake.usgs.gov/earthquakes/eventpage/hv72849807","detail":"https://earthquake.usgs.gov/earthquakes/feed/v1.0/detail/hv72849807.geojson","felt":null,"cdi":null,"mmi":null,"alert":null,"status":"automatic","tsunami":0,"sig":56,"net":"hv","code":"72849807","ids":",hv72849807,","sources":",hv,","types":",origin,phase-data,","nst":26,"dmin":null,"rms":0.129999995,"gap":234,"magType":"md","type":"earthquake","title":"M 1.9 - 2 km WSW of Pāhala, Hawaii"},"geometry":{"type":"Point","coordinates":[-155.504669189453,19.1931667327881,36.6399993896484]},"id":"hv72849807"},
{"type":"Feature","properties":{"mag":1.6,"place":"27 km SSW of Mina, Nevada","time":1640742120405,"updated":1640831895773,"tz":null,"url":"https://earthquake.usgs.gov/earthquakes/eventpage/nn00830583","detail":"https://earthquake.usgs.gov/earthquakes/feed/v1.0/detail/nn00830583.geojson","felt":null,"cdi":null,"mmi":null,"alert":null,"status":"reviewed","tsunami":0,"sig":39,"net":"nn","code":"00830583","ids":",nn00830583,","sources":",nn,","types":",origin,phase-data,","nst":22,"dmin":0.204,"rms":0.1328,"gap":128.71,"magType":"ml","type":"earthquake","title":"M 1.6 - 27 km SSW of Mina, Nevada"},"geometry":{"type":"Point","coordinates":[-118.2392,38.1605,7.7]},"id":"nn00830583"},
{"type":"Feature","properties":{"mag":1.3,"place":"28 km SSE of Eureka Roadhouse, Alaska","time":1640742090465,"updated":1640742329479,"tz":null,"url":"https://earthquake.usgs.gov/earthquakes/eventpage/ak021gocx9km","detail":"https://earthquake.usgs.gov/earthquakes/feed/v1.0/detail/ak021gocx9km.geojson","felt":null,"cdi":null,"mmi":null,"alert":null,"status":"automatic","tsunami":0,"sig":26,"net":"ak","code":"021gocx9km","ids":",ak021gocx9km,","sources":",ak,","types":",origin,","nst":null,"dmin":null,"rms":0.25,"gap":null,"magType":"ml","type":"earthquake","title":"M 1.3 - 28 km SSE of Eureka Roadhouse, Alaska"},"geometry":{"type":"Point","coordinates":[-147.0283,61.6941,43.9]},"id":"ak021gocx9km"},
{"type":"Feature","properties":{"mag":1.24,"place":"11km NE of Coso Junction, CA","time":1640741841170,"updated":1640799330810,"tz":null,"url":"https://earthquake.usgs.gov/earthquakes/eventpage/ci39898247","detail":"https://earthquake.usgs.gov/earthquakes/feed/v1.0/detail/ci39898247.geojson","felt":null,"cdi":null,"mmi":null,"alert":null,"status":"reviewed","tsunami":0,"sig":24,"net":"ci","code":"39898247","ids":",ci39898247,","sources":",ci,","types":",nearby-cities,origin,phase-data,scitech-link,","nst":18,"dmin":0.01073,"rms":0.17,"gap":84,"magType":"ml","type":"earthquake","title":"M 1.2 - 11km NE of Coso Junction, CA"},"geometry":{"type":"Point","coordinates":[-117.8553333,36.1068333,3.23]},"id":"ci39898247"},
{"type":"Feature","properties":{"mag":0.8,"place":"31 km SE of Mina, Nevada","time":1640740991537,"updated":1640741224088,"tz":null,"url":"https://earthquake.usgs.gov/earthquakes/eventpage/nn00830581","detail":"https://earthquake.usgs.gov/earthquakes/feed/v1.0/detail/nn00830581.geojson","felt":null,"cdi":null,"mmi":null,"alert":null,"status":"automatic","tsunami":0,"sig":10,"net":"nn","code":"00830581","ids":",nn00830581,","sources":",nn,","types":",origin,phase-data,","nst":10,"dmin":0.067,"rms":0.137,"gap":173.41,"magType":"ml","type":"earthquake","title":"M 0.8 - 31 km SE of Mina, Nevada"},"geometry":{"type":"Point","coordinates":[-117.8844,38.1713,9.5]},"id":"nn00830581"},
{"type":"Feature","properties":{"mag":2.52,"place":"4 km SW of Guánica, Puerto Rico","time":1640739880080,"updated":1640740634712,"tz":null,"url":"https://earthquake.usgs.gov/earthquakes/eventpage/pr2021363000","detail":"https://earthquake.usgs.gov/earthquakes/feed/v1.0/detail/pr2021363000.geojson","felt":null,"cdi":null,"mmi":null,"alert":null,"status":"reviewed","tsunami":0,"sig":98,"net":"pr","code":"2021363000","ids":",pr2021363000,","sources":",pr,","types":",origin,phase-data,","nst":16,"dmin":0.0672,"rms":0.16,"gap":189,"magType":"md","type":"earthquake","title":"M 2.5 - 4 km SW of Guánica, Puerto Rico"},"geometry":{"type":"Point","coordinates":[-66.937,17.9408,13]},"id":"pr2021363000"},
{"type":"Feature","properties":{"mag":2.3900001,"place":"3 km WSW of Pāhala, Hawaii","time":1640739338030,"updated":1640739525100,"tz":null,"url":"https://earthquake.usgs.gov/earthquakes/eventpage/hv72849767","detail":"https://earthquake.usgs.gov/earthquakes/feed/v1.0/detail/hv72849767.geojson","felt":null,"cdi":null,"mmi":null,"alert":null,"status":"automatic","tsunami":0,"sig":88,"net":"hv","code":"72849767","ids":",hv72849767,","sources":",hv,","types":",origin,phase-data,","nst":35,"dmin":null,"rms":0.119999997,"gap":72,"magType":"md","type":"earthquake","title":"M 2.4 - 3 km WSW of Pāhala, Hawaii"},"geometry":{"type":"Point","coordinates":[-155.507659912109,19.1928329467773,35.5]},"id":"hv72849767"},
{"type":"Feature","properties":{"mag":1.4,"place":"28 km WSW of Petersville, Alaska","time":1640738503298,"updated":1640739073183,"tz":null,"url":"https://earthquake.usgs.gov/earthquakes/eventpage/ak021gocbuyd","detail":"https://earthquake.usgs.gov/earthquakes/feed/v1.0/detail/ak021gocbuyd.geojson","felt":null,"cdi":null,"mmi":null,"alert":null,"status":"automatic","tsunami":0,"sig":30,"net":"ak","code":"021gocbuyd","ids":",ak021gocbuyd,","sources":",ak,","types":",origin,","nst":null,"dmin":null,"rms":0.62,"gap":null,"magType":"ml","type":"earthquake","title":"M 1.4 - 28 km WSW of Petersville, Alaska"},"geometry":{"type":"Point","coordinates":[-151.2946,62.4122,79.8]},"id":"ak021gocbuyd"},
{"type":"Feature","properties":{"mag":1.8,"place":"9 km SW of Riggins, Idaho","time":1640736940870,"updated":1640794902740,"tz":null,"url":"https://earthquake.usgs.gov/earthquakes/eventpage/mb80534704","detail":"https://earthquake.usgs.gov/earthquakes/feed/v1.0/detail/mb80534704.geojson","felt":null,"cdi":null,"mmi":null,"alert":null,"status":"reviewed","tsunami":0,"sig":50,"net":"mb","code":"80534704","ids":",mb80534704,","sources":",mb,","types":",origin,phase-data,","nst":6,"dmin":0.392,"rms":0.07,"gap":168,"magType":"ml","type":"earthquake","title":"M 1.8 - 9 km SW of Riggins, Idaho"},"geometry":{"type":"Point","coordinates":[-116.396,45.362,12.03]},"id":"mb80534704"},
{"type":"Feature","properties":{"mag":1.8,"place":"46 km SSE of Denali National Park, Alaska","time":1640736471589,"updated":1640737376457,"tz":null,"url":"https://earthquake.usgs.gov/earthquakes/eventpage/ak021goc4l94","detail":"https://earthquake.usgs.gov/earthquakes/feed/v1.0/detail/ak021goc4l94.geojson","felt":null,"cdi":null,"mmi":null,"alert":null,"status":"automatic","tsunami":0,"sig":50,"net":"ak","code":"021goc4l94","ids":",ak021goc4l94,","sources":",ak,","types":",origin,","nst":null,"dmin":null,"rms":0.78,"gap":null,"magType":"ml","type":"earthquake","title":"M 1.8 - 46 km SSE of Denali National Park, Alaska"},"geometry":{"type":"Point","coordinates":[-151.2712,63.1715,1]},"id":"ak021goc4l94"},
{"type":"Feature","properties":{"mag":5,"place":"221 km SSE of Port Blair, India","time":1640736061463,"updated":1640737293040,"tz":null,"url":"https://earthquake.usgs.gov/earthquakes/eventpage/us6000gfza","detail":"https://earthquake.usgs.gov/earthquakes/feed/v1.0/detail/us6000gfza.geojson","felt":null,"cdi":null,"mmi":null,"alert":null,"status":"reviewed","tsunami":0,"sig":385,"net":"us","code":"6000gfza","ids":",us6000gfza,","sources":",us,","types":",origin,phase-data,","nst":null,"dmin":5.683,"rms":0.82,"gap":71,"magType":"mb","type":"earthquake","title":"M 5.0 - 221 km SSE of Port Blair, India"},"geometry":{"type":"Point","coordinates":[93.5344,9.8262,101.48]},"id":"us6000gfza"},
{"type":"Feature","properties":{"mag":1.94,"place":"2 km SSE of Pāhala, Hawaii","time":1640735918970,"updated":1640736597040,"tz":null,"url":"https://earthquake.usgs.gov/earthquakes/eventpage/hv72849732","detail":"https://earthquake.usgs.gov/earthquakes/feed/v1.0/detail/hv72849732.geojson","felt":null,"cdi":null,"mmi":null,"alert":null,"status":"automatic","tsunami":0,"sig":58,"net":"hv","code":"72849732","ids":",us6000gfz9,hv72849732,","sources":",us,hv,","types":",origin,phase-data,","nst":39,"dmin":null,"rms":0.129999995,"gap":146,"magType":"ml","type":"earthquake","title":"M 1.9 - 2 km SSE of Pāhala, Hawaii"},"geometry":{"type":"Point","coordinates":[-155.473495483398,19.1806659698486,32.3899993896484]},"id":"hv72849732"},
{"type":"Feature","properties":{"mag":0.6,"place":"24 km N of Sutcliffe, Nevada","time":1640735597396,"updated":1640745419425,"tz":null,"url":"https://earthquake.usgs.gov/earthquakes/eventpage/nn00830582","detail":"https://earthquake.usgs.gov/earthquakes/feed/v1.0/detail/nn00830582.geojson","felt":null,"cdi":null,"mmi":null,"alert":null,"status":"reviewed","tsunami":0,"sig":6,"net":"nn","code":"00830582","ids":",nn00830582,","sources":",nn,","types":",origin,phase-data,","nst":4,"dmin":0.069,"rms":0.1619,"gap":242.13,"magType":"ml","type":"earthquake","title":"M 0.6 - 24 km N of Sutcliffe, Nevada"},"geometry":{"type":"Point","coordinates":[-119.6418,40.1648,9.7]},"id":"nn00830582"},
{"type":"Feature","properties":{"mag":0.95,"place":"5km WNW of Idyllwild, CA","time":1640735168070,"updated":1640735383672,"tz":null,"url":"https://earthquake.usgs.gov/earthquakes/eventpage/ci39898223","detail":"https://earthquake.usgs.gov/earthquakes/feed/v1.0/detail/ci39898223.geojson","felt":null,"cdi":null,"mmi":null,"alert":null,"status":"automatic","tsunami":0,"sig":14,"net":"ci","code":"39898223","ids":",ci39898223,","sources":",ci,","types":",nearby-cities,origin,phase-data,scitech-link,","nst":17,"dmin":0.0456,"rms":0.35,"gap":113,"magType":"ml","type":"earthquake","title":"M 1.0 - 5km WNW of Idyllwild, CA"},"geometry":{"type":"Point","coordinates":[-116.7671661,33.7611656,7.03]},"id":"ci39898223"},
{"type":"Feature","properties":{"mag":2.06,"place":"6 km S of Princeton, Canada","time":1640734946210,"updated":1640806712640,"tz":null,"url":"https://earthquake.usgs.gov/earthquakes/eventpage/uw61799702","detail":"https://earthquake.usgs.gov/earthquakes/feed/v1.0/detail/uw61799702.geojson","felt":null,"cdi":null,"mmi":null,"alert":null,"status":"reviewed","tsunami":0,"sig":65,"net":"uw","code":"61799702","ids":",uw61799702,","sources":",uw,","types":",origin,phase-data,","nst":12,"dmin":0.5861,"rms":0.53,"gap":188,"magType":"ml","type":"explosion","title":"M 2.1 Explosion - 6 km S of Princeton, Canada"},"geometry":{"type":"Point","coordinates":[-120.5135,49.4021666666667,-0.37]},"id":"uw61799702"},
{"type":"Feature","properties":{"mag":1.79,"place":"14km E of Arvin, CA","time":1640734751540,"updated":1640735394490,"tz":null,"url":"https://earthquake.usgs.gov/earthquakes/eventpage/ci39898215","detail":"https://earthquake.usgs.gov/earthquakes/feed/v1.0/detail/ci39898215.geojson","felt":null,"cdi":null,"mmi":null,"alert":null,"status":"automatic","tsunami":0,"sig":49,"net":"ci","code":"39898215","ids":",ci39898215,","sources":",ci,","types":",focal-mechanism,nearby-cities,origin,phase-data,scitech-link,","nst":35,"dmin":0.02411,"rms":0.17,"gap":36,"magType":"ml","type":"earthquake","title":"M 1.8 - 14km E of Arvin, CA"},"geometry":{"type":"Point","coordinates":[-118.674,35.2101667,6.23]},"id":"ci39898215"},
{"type":"Feature","properties":{"mag":1.3,"place":"8 km NW of Point MacKenzie, Alaska","time":1640734121938,"updated":1640735072704,"tz":null,"url":"https://earthquake.usgs.gov/earthquakes/eventpage/ak021gn2eoyk","detail":"https://earthquake.usgs.gov/earthquakes/feed/v1.0/detail/ak021gn2eoyk.geojson","felt":1,"cdi":2,"mmi":null,"alert":null,"status":"automatic","tsunami":0,"sig":26,"net":"ak","code":"021gn2eoyk","ids":",ak021gn2eoyk,","sources":",ak,","types":",dyfi,origin,","nst":null,"dmin":null,"rms":0.81,"gap":null,"magType":"ml","type":"earthquake","title":"M 1.3 - 8 km NW of Point MacKenzie, Alaska"},"geometry":{"type":"Point","coordinates":[-150.0979,61.408,32.8]},"id":"ak021gn2eoyk"},
{"type":"Feature","properties":{"mag":3.4,"place":"29 km ESE of Slana, Alaska","time":1640733668492,"updated":1640756809476,"tz":null,"url":"https://earthquake.usgs.gov/earthquakes/eventpage/ak021gn2d4bx","detail":"https://earthquake.usgs.gov/earthquakes/feed/v1.0/detail/ak021gn2d4bx.geojson","felt":null,"cdi":null,"mmi":null,"alert":null,"status":"reviewed","tsunami":0,"sig":178,"net":"ak","code":"021gn2d4bx","ids":",us6000gfyy,ak021gn2d4bx,","sources":",us,ak,","types":",origin,phase-data,","nst":null,"dmin":null,"rms":0.4,"gap":null,"magType":"ml","type":"earthquake","title":"M 3.4 - 29 km ESE of Slana, Alaska"},"geometry":{"type":"Point","coordinates":[-143.4082,62.6399,3.2]},"id":"ak021gn2d4bx"},
{"type":"Feature","properties":{"mag":1.48,"place":"2 km NNE of Marston, Missouri","time":1640733510170,"updated":1640799512440,"tz":null,"url":"https://earthquake.usgs.gov/earthquakes/eventpage/nm60377891","detail":"https://earthquake.usgs.gov/earthquakes/feed/v1.0/detail/nm60377891.geojson","felt":null,"cdi":null,"mmi":null,"alert":null,"status":"reviewed","tsunami":0,"sig":34,"net":"nm","code":"60377891","ids":",nm60377891,","sources":",nm,","types":",origin,phase-data,","nst":23,"dmin":0.03571,"rms":0.1,"gap":45,"magType":"md","type":"earthquake","title":"M 1.5 - 2 km NNE of Marston, Missouri"},"geometry":{"type":"Point","coordinates":[-89.604,36.5416667,9.64]},"id":"nm60377891"},
{"type":"Feature","properties":{"mag":2.77,"place":"13km S of Ferndale, CA","time":1640733466330,"updated":1640785150696,"tz":null,"url":"https://earthquake.usgs.gov/earthquakes/eventpage/nc73668996","detail":"https://earthquake.usgs.gov/earthquakes/feed/v1.0/detail/nc73668996.geojson","felt":null,"cdi":null,"mmi":null,"alert":null,"status":"reviewed","tsunami":0,"sig":118,"net":"nc","code":"73668996","ids":",nc73668996,us6000gfyw,","sources":",nc,us,","types":",focal-mechanism,nearby-cities,origin,phase-data,scitech-link,","nst":25,"dmin":0.05072,"rms":0.09,"gap":84,"magType":"md","type":"earthquake","title":"M 2.8 - 13km S of Ferndale, CA"},"geometry":{"type":"Point","coordinates":[-124.254,40.4573333,27.07]},"id":"nc73668996"},
{"type":"Feature","properties":{"mag":2.72,"place":"31km W of Petrolia, CA","time":1640733389720,"updated":1640786050788,"tz":null,"url":"https://earthquake.usgs.gov/earthquakes/eventpage/nc73668991","detail":"https://earthquake.usgs.gov/earthquakes/feed/v1.0/detail/nc73668991.geojson","felt":null,"cdi":null,"mmi":null,"alert":null,"status":"reviewed","tsunami":0,"sig":114,"net":"nc","code":"73668991","ids":",nc73668991,us6000gfyv,","sources":",nc,us,","types":",nearby-cities,origin,phase-data,scitech-link,","nst":40,"dmin":0.2348,"rms":0.22,"gap":236,"magType":"md","type":"earthquake","title":"M 2.7 - 31km W of Petrolia, CA"},"geometry":{"type":"Point","coordinates":[-124.6495,40.2925,19.84]},"id":"nc73668991"},
{"type":"Feature","properties":{"mag":1.71,"place":"13km WSW of Rio Dell, CA","time":1640733199750,"updated":1640783291502,"tz":null,"url":"https://earthquake.usgs.gov/earthquakes/eventpage/nc73668986","detail":"https://earthquake.usgs.gov/earthquakes/feed/v1.0/detail/nc73668986.geojson","felt":null,"cdi":null,"mmi":null,"alert":null,"status":"reviewed","tsunami":0,"sig":45,"net":"nc","code":"73668986","ids":",nc73668986,","sources":",nc,","types":",nearby-cities,origin,phase-data,scitech-link,","nst":22,"dmin":0.07273,"rms":0.11,"gap":97,"magType":"md","type":"earthquake","title":"M 1.7 - 13km WSW of Rio Dell, CA"},"geometry":{"type":"Point","coordinates":[-124.2478333,40.4508333,26.64]},"id":"nc73668986"},
{"type":"Feature","properties":{"mag":1.7,"place":"64 km S of Cantwell, Alaska","time":1640732949977,"updated":1640733236894,"tz":null,"url":"https://earthquake.usgs.gov/earthquakes/eventpage/ak021gn2ajw3","detail":"https://earthquake.usgs.gov/earthquakes/feed/v1.0/detail/ak021gn2ajw3.geojson","felt":null,"cdi":null,"mmi":null,"alert":null,"status":"automatic","tsunami":0,"sig":44,"net":"ak","code":"021gn2ajw3","ids":",ak021gn2ajw3,","sources":",ak,","types":",origin,","nst":null,"dmin":null,"rms":0.75,"gap":null,"magType":"ml","type":"earthquake","title":"M 1.7 - 64 km S of Cantwell, Alaska"},"geometry":{"type":"Point","coordinates":[-148.8603,62.8125,9.2]},"id":"ak021gn2ajw3"},
{"type":"Feature","properties":{"mag":1.5,"place":"18 km NE of Willow, Alaska","time":1640732613553,"updated":1640733136403,"tz":null,"url":"https://earthquake.usgs.gov/earthquakes/eventpage/ak021gn29bez","detail":"https://earthquake.usgs.gov/earthquakes/feed/v1.0/detail/ak021gn29bez.geojson","felt":null,"cdi":null,"mmi":null,"alert":null,"status":"automatic","tsunami":0,"sig":35,"net":"ak","code":"021gn29bez","ids":",ak021gn29bez,","sources":",ak,","types":",origin,","nst":null,"dmin":null,"rms":0.86,"gap":null,"magType":"ml","type":"earthquake","title":"M 1.5 - 18 km NE of Willow, Alaska"},"geometry":{"type":"Point","coordinates":[-149.7461,61.847,33.8]},"id":"ak021gn29bez"},
{"type":"Feature","properties":{"mag":2.9,"place":"25 km NW of Stanley, Idaho","time":1640732423045,"updated":1640734664040,"tz":null,"url":"https://earthquake.usgs.gov/earthquakes/eventpage/us6000gfyp","detail":"https://earthquake.usgs.gov/earthquakes/feed/v1.0/detail/us6000gfyp.geojson","felt":null,"cdi":null,"mmi":null,"alert":null,"status":"reviewed","tsunami":0,"sig":129,"net":"us","code":"6000gfyp","ids":",mb80534654,us6000gfyp,","sources":",mb,us,","types":",origin,phase-data,","nst":null,"dmin":0.935,"rms":0.62,"gap":115,"magType":"ml","type":"earthquake","title":"M 2.9 - 25 km NW of Stanley, Idaho"},"geometry":{"type":"Point","coordinates":[-115.2024,44.3448,10]},"id":"us6000gfyp"},
{"type":"Feature","properties":{"mag":1.09,"place":"18km ESE of Anza, CA","time":1640732281300,"updated":1640799407400,"tz":null,"url":"https://earthquake.usgs.gov/earthquakes/eventpage/ci39898183","detail":"https://earthquake.usgs.gov/earthquakes/feed/v1.0/detail/ci39898183.geojson","felt":null,"cdi":null,"mmi":null,"alert":null,"status":"reviewed","tsunami":0,"sig":18,"net":"ci","code":"39898183","ids":",ci39898183,","sources":",ci,","types":",focal-mechanism,nearby-cities,origin,phase-data,scitech-link,","nst":32,"dmin":0.0655,"rms":0.16,"gap":52,"magType":"ml","type":"earthquake","title":"M 1.1 - 18km ESE of Anza, CA"},"geometry":{"type":"Point","coordinates":[-116.4978333,33.4976667,13.5]},"id":"ci39898183"},
{"type":"Feature","properties":{"mag":0.79,"place":"8km S of Searles Valley, CA","time":1640731448410,"updated":1640731654924,"tz":null,"url":"https://earthquake.usgs.gov/earthquakes/eventpage/ci39898175","detail":"https://earthquake.usgs.gov/earthquakes/feed/v1.0/detail/ci39898175.geojson","felt":null,"cdi":null,"mmi":null,"alert":null,"status":"automatic","tsunami":0,"sig":10,"net":"ci","code":"39898175","ids":",ci39898175,","sources":",ci,","types":",nearby-cities,origin,phase-data,scitech-link,","nst":12,"dmin":0.1142,"rms":0.11,"gap":176,"magType":"ml","type":"earthquake","title":"M 0.8 - 8km S of Searles Valley, CA"},"geometry":{"type":"Point","coordinates":[-117.4098333,35.6926667,0.61]},"id":"ci39898175"},
{"type":"Feature","properties":{"mag":0.79,"place":"1km ESE of The Geysers, CA","time":1640731429520,"updated":1640816411516,"tz":null,"url":"https://earthquake.usgs.gov/earthquakes/eventpage/nc71126979","detail":"https://earthquake.usgs.gov/earthquakes/feed/v1.0/detail/nc71126979.geojson","felt":null,"cdi":null,"mmi":null,"alert":null,"status":"reviewed","tsunami":0,"sig":10,"net":"nc","code":"71126979","ids":",nc71126979,","sources":",nc,","types":",nearby-cities,origin,phase-data,scitech-link,","nst":36,"dmin":0.01062,"rms":0.04,"gap":76,"magType":"md","type":"earthquake","title":"M 0.8 - 1km ESE of The Geysers, CA"},"geometry":{"type":"Point","coordinates":[-122.7426667,38.7736667,2.46]},"id":"nc71126979"},
{"type":"Feature","properties":{"mag":0.84,"place":"1km ESE of The Geysers, CA","time":1640731418070,"updated":1640814851397,"tz":null,"url":"https://earthquake.usgs.gov/earthquakes/eventpage/nc73668981","detail":"https://earthquake.usgs.gov/earthquakes/feed/v1.0/detail/nc73668981.geojson","felt":null,"cdi":null,"mmi":null,"alert":null,"status":"reviewed","tsunami":0,"sig":11,"net":"nc","code":"73668981","ids":",nc73668981,","sources":",nc,","types":",nearby-cities,origin,phase-data,scitech-link,","nst":37,"dmin":0.01064,"rms":0.05,"gap":76,"magType":"md","type":"earthquake","title":"M 0.8 - 1km ESE of The Geysers, CA"},"geometry":{"type":"Point","coordinates":[-122.7435,38.774,2.21]},"id":"nc73668981"},
{"type":"Feature","properties":{"mag":2,"place":"22km SSW of La Quinta, CA","time":1640731353140,"updated":1640731581270,"tz":null,"url":"https://earthquake.usgs.gov/earthquakes/eventpage/ci39898167","detail":"https://earthquake.usgs.gov/earthquakes/feed/v1.0/detail/ci39898167.geojson","felt":null,"cdi":null,"mmi":null,"alert":null,"status":"automatic","tsunami":0,"sig":62,"net":"ci","code":"39898167","ids":",ci39898167,","sources":",ci,","types":",nearby-cities,origin,phase-data,scitech-link,","nst":60,"dmin":0.03336,"rms":0.21,"gap":28,"magType":"ml","type":"earthquake","title":"M 2.0 - 22km SSW of La Quinta, CA"},"geometry":{"type":"Point","coordinates":[-116.4236667,33.49,8.89]},"id":"ci39898167"},
{"type":"Feature","properties":{"mag":2.5,"place":"31 km ESE of Slana, Alaska","time":1640730473285,"updated":1640731618040,"tz":null,"url":"https://earthquake.usgs.gov/earthquakes/eventpage/ak021gn1t2io","detail":"https://earthquake.usgs.gov/earthquakes/feed/v1.0/detail/ak021gn1t2io.geojson","felt":null,"cdi":null,"mmi":null,"alert":null,"status":"automatic","tsunami":0,"sig":96,"net":"ak","code":"021gn1t2io","ids":",us6000gfyj,ak021gn1t2io,","sources":",us,ak,","types":",origin,phase-data,","nst":null,"dmin":null,"rms":0.85,"gap":null,"magType":"ml","type":"earthquake","title":"M 2.5 - 31 km ESE of Slana, Alaska"},"geometry":{"type":"Point","coordinates":[-143.3727,62.6345,0]},"id":"ak021gn1t2io"},
{"type":"Feature","properties":{"mag":1.4,"place":"29 km ESE of Slana, Alaska","time":1640729631627,"updated":1640729809541,"tz":null,"url":"https://earthquake.usgs.gov/earthquakes/eventpage/ak021gn1q2d6","detail":"https://earthquake.usgs.gov/earthquakes/feed/v1.0/detail/ak021gn1q2d6.geojson","felt":null,"cdi":null,"mmi":null,"alert":null,"status":"automatic","tsunami":0,"sig":30,"net":"ak","code":"021gn1q2d6","ids":",ak021gn1q2d6,","sources":",ak,","types":",origin,","nst":null,"dmin":null,"rms":0.4,"gap":null,"magType":"ml","type":"earthquake","title":"M 1.4 - 29 km ESE of Slana, Alaska"},"geometry":{"type":"Point","coordinates":[-143.4033,62.6419,2.4]},"id":"ak021gn1q2d6"},
{"type":"Feature","properties":{"mag":1.4,"place":"4km NE of Fairview, CA","time":1640729553480,"updated":1640739192305,"tz":null,"url":"https://earthquake.usgs.gov/earthquakes/eventpage/nc73668971","detail":"https://earthquake.usgs.gov/earthquakes/feed/v1.0/detail/nc73668971.geojson","felt":null,"cdi":null,"mmi":null,"alert":null,"status":"automatic","tsunami":0,"sig":30,"net":"nc","code":"73668971","ids":",nc73668971,","sources":",nc,","types":",nearby-cities,origin,phase-data,scitech-link,","nst":10,"dmin":0.05113,"rms":0.2,"gap":129,"magType":"md","type":"earthquake","title":"M 1.4 - 4km NE of Fairview, CA"},"geometry":{"type":"Point","coordinates":[-122.0166702,37.7038345,5.27]},"id":"nc73668971"},
{"type":"Feature","properties":{"mag":1.07,"place":"40 km SW of Dillon, Montana","time":1640729397150,"updated":1640735936290,"tz":null,"url":"https://earthquake.usgs.gov/earthquakes/eventpage/mb80534664","detail":"https://earthquake.usgs.gov/earthquakes/feed/v1.0/detail/mb80534664.geojson","felt":null,"cdi":null,"mmi":null,"alert":null,"status":"reviewed","tsunami":0,"sig":18,"net":"mb","code":"80534664","ids":",mb80534664,","sources":",mb,","types":",origin,phase-data,","nst":7,"dmin":0.195,"rms":0.09,"gap":176,"magType":"ml","type":"earthquake","title":"M 1.1 - 40 km SW of Dillon, Montana"},"geometry":{"type":"Point","coordinates":[-113.0218333,44.9795,4.7]},"id":"mb80534664"},
{"type":"Feature","properties":{"mag":1.2,"place":"6 km WSW of Trapper Creek, Alaska","time":1640728833318,"updated":1640729528824,"tz":null,"url":"https://earthquake.usgs.gov/earthquakes/eventpage/ak021gn1n8mz","detail":"https://earthquake.usgs.gov/earthquakes/feed/v1.0/detail/ak021gn1n8mz.geojson","felt":null,"cdi":null,"mmi":null,"alert":null,"status":"automatic","tsunami":0,"sig":22,"net":"ak","code":"021gn1n8mz","ids":",ak021gn1n8mz,","sources":",ak,","types":",origin,","nst":null,"dmin":null,"rms":0.47,"gap":null,"magType":"ml","type":"earthquake","title":"M 1.2 - 6 km WSW of Trapper Creek, Alaska"},"geometry":{"type":"Point","coordinates":[-150.3521,62.305,3.7]},"id":"ak021gn1n8mz"},
{"type":"Feature","properties":{"mag":3.2,"place":"1 km SSE of Chortiátis, Greece","time":1640728666820,"updated":1640815034023,"tz":null,"url":"https://earthquake.usgs.gov/earthquakes/eventpage/us6000gfy6","detail":"https://earthquake.usgs.gov/earthquakes/feed/v1.0/detail/us6000gfy6.geojson","felt":19,"cdi":3.3,"mmi":null,"alert":null,"status":"reviewed","tsunami":0,"sig":164,"net":"us","code":"6000gfy6","ids":",us6000gfy6,","sources":",us,","types":",dyfi,origin,phase-data,","nst":null,"dmin":0.684,"rms":0.91,"gap":41,"magType":"ml","type":"earthquake","title":"M 3.2 - 1 km SSE of Chortiátis, Greece"},"geometry":{"type":"Point","coordinates":[23.1095,40.5976,10]},"id":"us6000gfy6"},
{"type":"Feature","properties":{"mag":2,"place":"36 km WNW of Nanwalek, Alaska","time":1640727797902,"updated":1640729057579,"tz":null,"url":"https://earthquake.usgs.gov/earthquakes/eventpage/ak021gn1azn3","detail":"https://earthquake.usgs.gov/earthquakes/feed/v1.0/detail/ak021gn1azn3.geojson","felt":null,"cdi":null,"mmi":null,"alert":null,"status":"automatic","tsunami":0,"sig":62,"net":"ak","code":"021gn1azn3","ids":",us6000gfy1,ak021gn1azn3,","sources":",us,ak,","types":",origin,phase-data,","nst":null,"dmin":null,"rms":0.46,"gap":null,"magType":"ml","type":"earthquake","title":"M 2.0 - 36 km WNW of Nanwalek, Alaska"},"geometry":{"type":"Point","coordinates":[-152.4952,59.5126,64.4]},"id":"ak021gn1azn3"},
{"type":"Feature","properties":{"mag":1.51,"place":"6km E of Ocotillo Wells, CA","time":1640727659340,"updated":1640728286800,"tz":null,"url":"https://earthquake.usgs.gov/earthquakes/eventpage/ci39898151","detail":"https://earthquake.usgs.gov/earthquakes/feed/v1.0/detail/ci39898151.geojson","felt":null,"cdi":null,"mmi":null,"alert":null,"status":"automatic","tsunami":0,"sig":35,"net":"ci","code":"39898151","ids":",ci39898151,","sources":",ci,","types":",focal-mechanism,nearby-cities,origin,phase-data,scitech-link,","nst":29,"dmin":0.08628,"rms":0.27,"gap":70,"magType":"ml","type":"earthquake","title":"M 1.5 - 6km E of Ocotillo Wells, CA"},"geometry":{"type":"Point","coordinates":[-116.0661667,33.143,9.13]},"id":"ci39898151"},
{"type":"Feature","properties":{"mag":1.4,"place":"47 km N of Petersville, Alaska","time":1640726277075,"updated":1640755807264,"tz":null,"url":"https://earthquake.usgs.gov/earthquakes/eventpage/ak021gn15lcx","detail":"https://earthquake.usgs.gov/earthquakes/feed/v1.0/detail/ak021gn15lcx.geojson","felt":null,"cdi":null,"mmi":null,"alert":null,"status":"reviewed","tsunami":0,"sig":30,"net":"ak","code":"021gn15lcx","ids":",ak021gn15lcx,","sources":",ak,","types":",origin,phase-data,","nst":null,"dmin":null,"rms":0.28,"gap":null,"magType":"ml","type":"earthquake","title":"M 1.4 - 47 km N of Petersville, Alaska"},"geometry":{"type":"Point","coordinates":[-150.9266,62.9155,104.7]},"id":"ak021gn15lcx"},
{"type":"Feature","properties":{"mag":2.17000008,"place":"2 km ESE of Pāhala, Hawaii","time":1640726167180,"updated":1640726348800,"tz":null,"url":"https://earthquake.usgs.gov/earthquakes/eventpage/hv72849627","detail":"https://earthquake.usgs.gov/earthquakes/feed/v1.0/detail/hv72849627.geojson","felt":null,"cdi":null,"mmi":null,"alert":null,"status":"automatic","tsunami":0,"sig":72,"net":"hv","code":"72849627","ids":",hv72849627,","sources":",hv,","types":",origin,phase-data,","nst":37,"dmin":null,"rms":0.109999999,"gap":110,"magType":"md","type":"earthquake","title":"M 2.2 - 2 km ESE of Pāhala, Hawaii"},"geometry":{"type":"Point","coordinates":[-155.460159301758,19.1928329467773,35.5499992370605]},"id":"hv72849627"},
{"type":"Feature","properties":{"mag":1.62,"place":"2 km ESE of Pāhala, Hawaii","time":1640726044900,"updated":1640731918940,"tz":null,"url":"https://earthquake.usgs.gov/earthquakes/eventpage/hv72849617","detail":"https://earthquake.usgs.gov/earthquakes/feed/v1.0/detail/hv72849617.geojson","felt":null,"cdi":null,"mmi":null,"alert":null,"status":"reviewed","tsunami":0,"sig":40,"net":"hv","code":"72849617","ids":",hv72849617,","sources":",hv,","types":",origin,phase-data,","nst":14,"dmin":null,"rms":0.12,"gap":139,"magType":"md","type":"earthquake","title":"M 1.6 - 2 km ESE of Pāhala, Hawaii"},"geometry":{"type":"Point","coordinates":[-155.455,19.1905,35.79]},"id":"hv72849617"},
{"type":"Feature","properties":{"mag":1.1,"place":"56 km WNW of Beluga, Alaska","time":1640725897556,"updated":1640755436225,"tz":null,"url":"https://earthquake.usgs.gov/earthquakes/eventpage/ak021gn14479","detail":"https://earthquake.usgs.gov/earthquakes/feed/v1.0/detail/ak021gn14479.geojson","felt":null,"cdi":null,"mmi":null,"alert":null,"status":"reviewed","tsunami":0,"sig":19,"net":"ak","code":"021gn14479","ids":",ak021gn14479,","sources":",ak,","types":",origin,phase-data,","nst":null,"dmin":null,"rms":0.25,"gap":null,"magType":"ml","type":"earthquake","title":"M 1.1 - 56 km WNW of Beluga, Alaska"},"geometry":{"type":"Point","coordinates":[-151.9531,61.4226,91]},"id":"ak021gn14479"},
{"type":"Feature","properties":{"mag":0.7,"place":"13km WNW of Anza, CA","time":1640725629760,"updated":1640725838992,"tz":null,"url":"https://earthquake.usgs.gov/earthquakes/eventpage/ci39898087","detail":"https://earthquake.usgs.gov/earthquakes/feed/v1.0/detail/ci39898087.geojson","felt":null,"cdi":null,"mmi":null,"alert":null,"status":"automatic","tsunami":0,"sig":8,"net":"ci","code":"39898087","ids":",ci39898087,","sources":",ci,","types":",nearby-cities,origin,phase-data,scitech-link,","nst":20,"dmin":0.02887,"rms":0.19,"gap":69,"magType":"ml","type":"earthquake","title":"M 0.7 - 13km WNW of Anza, CA"},"geometry":{"type":"Point","coordinates":[-116.7976667,33.6006667,9.16]},"id":"ci39898087"},
{"type":"Feature","properties":{"mag":1.5,"place":"37 km NNW of Valdez, Alaska","time":1640725323463,"updated":1640726061172,"tz":null,"url":"https://earthquake.usgs.gov/earthquakes/eventpage/ak021gn1266q","detail":"https://earthquake.usgs.gov/earthquakes/feed/v1.0/detail/ak021gn1266q.geojson","felt":null,"cdi":null,"mmi":null,"alert":null,"status":"automatic","tsunami":0,"sig":35,"net":"ak","code":"021gn1266q","ids":",ak021gn1266q,","sources":",ak,","types":",origin,","nst":null,"dmin":null,"rms":0.68,"gap":null,"magType":"ml","type":"earthquake","title":"M 1.5 - 37 km NNW of Valdez, Alaska"},"geometry":{"type":"Point","coordinates":[-146.6497,61.4391,22.9]},"id":"ak021gn1266q"},
{"type":"Feature","properties":{"mag":4.4,"place":"17 km NE of Santa Cruz, Philippines","time":1640725173467,"updated":1640732611040,"tz":null,"url":"https://earthquake.usgs.gov/earthquakes/eventpage/us6000gfxs","detail":"https://earthquake.usgs.gov/earthquakes/feed/v1.0/detail/us6000gfxs.geojson","felt":null,"cdi":null,"mmi":null,"alert":null,"status":"reviewed","tsunami":0,"sig":298,"net":"us","code":"6000gfxs","ids":",us6000gfxs,","sources":",us,","types":",origin,phase-data,","nst":null,"dmin":8.292,"rms":0.79,"gap":105,"magType":"mb","type":"earthquake","title":"M 4.4 - 17 km NE of Santa Cruz, Philippines"},"geometry":{"type":"Point","coordinates":[120.8184,13.1983,75.2]},"id":"us6000gfxs"},
{"type":"Feature","properties":{"mag":1.39,"place":"4km NE of Fairview, CA","time":1640725152190,"updated":1640733312644,"tz":null,"url":"https://earthquake.usgs.gov/earthquakes/eventpage/nc73668961","detail":"https://earthquake.usgs.gov/earthquakes/feed/v1.0/detail/nc73668961.geojson","felt":null,"cdi":null,"mmi":null,"alert":null,"status":"automatic","tsunami":0,"sig":30,"net":"nc","code":"73668961","ids":",nc73668961,","sources":",nc,","types":",nearby-cities,origin,phase-data,scitech-link,","nst":8,"dmin":0.0568,"rms":0.06,"gap":141,"magType":"md","type":"earthquake","title":"M 1.4 - 4km NE of Fairview, CA"},"geometry":{"type":"Point","coordinates":[-122.0070038,37.7043343,6.93]},"id":"nc73668961"},
{"type":"Feature","properties":{"mag":4.3,"place":"39 km SSE of Shizunai-furukawachō, Japan","time":1640724457633,"updated":1640744469842,"tz":null,"url":"https://earthquake.usgs.gov/earthquakes/eventpage/us6000gfxq","detail":"https://earthquake.usgs.gov/earthquakes/feed/v1.0/detail/us6000gfxq.geojson","felt":1,"cdi":4.9,"mmi":null,"alert":null,"status":"reviewed","tsunami":0,"sig":285,"net":"us","code":"6000gfxq","ids":",us6000gfxq,","sources":",us,","types":",dyfi,origin,phase-data,","nst":null,"dmin":0.413,"rms":0.73,"gap":97,"magType":"mb","type":"earthquake","title":"M 4.3 - 39 km SSE of Shizunai-furukawachō, Japan"},"geometry":{"type":"Point","coordinates":[142.6024,42.0286,62.79]},"id":"us6000gfxq"},
{"type":"Feature","properties":{"mag":1.91,"place":"22 km NE of Chester, Oklahoma","time":1640724311481,"updated":1640724472869,"tz":null,"url":"https://earthquake.usgs.gov/earthquakes/eventpage/ok2021zldr","detail":"https://earthquake.usgs.gov/earthquakes/feed/v1.0/detail/ok2021zldr.geojson","felt":null,"cdi":null,"mmi":null,"alert":null,"status":"automatic","tsunami":0,"sig":56,"net":"ok","code":"2021zldr","ids":",ok2021zldr,","sources":",ok,","types":",origin,phase-data,","nst":17,"dmin":0.02525294386,"rms":0.2704442112,"gap":132.4723053,"magType":"ml","type":"earthquake","title":"M 1.9 - 22 km NE of Chester, Oklahoma"},"geometry":{"type":"Point","coordinates":[-98.74088287,36.35495377,4.85205555]},"id":"ok2021zldr"},
{"type":"Feature","properties":{"mag":1.90999997,"place":"7 km E of Pāhala, Hawaii","time":1640724076100,"updated":1640724167630,"tz":null,"url":"https://earthquake.usgs.gov/earthquakes/eventpage/hv72849572","detail":"https://earthquake.usgs.gov/earthquakes/feed/v1.0/detail/hv72849572.geojson","felt":null,"cdi":null,"mmi":null,"alert":null,"status":"automatic","tsunami":0,"sig":56,"net":"hv","code":"72849572","ids":",hv72849572,","sources":",hv,","types":",origin,phase-data,","nst":12,"dmin":null,"rms":0.170000002,"gap":204,"magType":"md","type":"earthquake","title":"M 1.9 - 7 km E of Pāhala, Hawaii"},"geometry":{"type":"Point","coordinates":[-155.411331176758,19.2045001983643,2.75]},"id":"hv72849572"},
{"type":"Feature","properties":{"mag":2.28,"place":"9 km NE of Pāhala, Hawaii","time":1640724070480,"updated":1640724407650,"tz":null,"url":"https://earthquake.usgs.gov/earthquakes/eventpage/hv72849577","detail":"https://earthquake.usgs.gov/earthquakes/feed/v1.0/detail/hv72849577.geojson","felt":null,"cdi":null,"mmi":null,"alert":null,"status":"automatic","tsunami":0,"sig":80,"net":"hv","code":"72849577","ids":",hv72849577,","sources":",hv,","types":",origin,phase-data,","nst":42,"dmin":null,"rms":0.119999997,"gap":124,"magType":"ml","type":"earthquake","title":"M 2.3 - 9 km NE of Pāhala, Hawaii"},"geometry":{"type":"Point","coordinates":[-155.40983581543,19.2548332214355,32.5099983215332]},"id":"hv72849577"},
{"type":"Feature","properties":{"mag":1.25,"place":"9km ENE of Coso Junction, CA","time":1640723899490,"updated":1640724117738,"tz":null,"url":"https://earthquake.usgs.gov/earthquakes/eventpage/ci39898055","detail":"https://earthquake.usgs.gov/earthquakes/feed/v1.0/detail/ci39898055.geojson","felt":null,"cdi":null,"mmi":null,"alert":null,"status":"automatic","tsunami":0,"sig":24,"net":"ci","code":"39898055","ids":",ci39898055,","sources":",ci,","types":",nearby-cities,origin,phase-data,scitech-link,","nst":15,"dmin":0.02897,"rms":0.1,"gap":115,"magType":"ml","type":"earthquake","title":"M 1.3 - 9km ENE of Coso Junction, CA"},"geometry":{"type":"Point","coordinates":[-117.8646667,36.0896667,3.54]},"id":"ci39898055"},
{"type":"Feature","properties":{"mag":1.7,"place":"35 km SE of Mina, Nevada","time":1640723461745,"updated":1640745413668,"tz":null,"url":"https://earthquake.usgs.gov/earthquakes/eventpage/nn00830560","detail":"https://earthquake.usgs.gov/earthquakes/feed/v1.0/detail/nn00830560.geojson","felt":null,"cdi":null,"mmi":null,"alert":null,"status":"reviewed","tsunami":0,"sig":44,"net":"nn","code":"00830560","ids":",nn00830560,","sources":",nn,","types":",origin,phase-data,","nst":20,"dmin":0.117,"rms":0.1138,"gap":113.22,"magType":"ml","type":"earthquake","title":"M 1.7 - 35 km SE of Mina, Nevada"},"geometry":{"type":"Point","coordinates":[-117.8177,38.1729,8.2]},"id":"nn00830560"},
{"type":"Feature","properties":{"mag":2.15,"place":"17 km NNE of Dillon, Montana","time":1640723224480,"updated":1640724569930,"tz":null,"url":"https://earthquake.usgs.gov/earthquakes/eventpage/mb80534639","detail":"https://earthquake.usgs.gov/earthquakes/feed/v1.0/detail/mb80534639.geojson","felt":null,"cdi":null,"mmi":null,"alert":null,"status":"reviewed","tsunami":0,"sig":71,"net":"mb","code":"80534639","ids":",mb80534639,","sources":",mb,","types":",origin,phase-data,","nst":23,"dmin":0.015,"rms":0.15,"gap":111,"magType":"ml","type":"earthquake","title":"M 2.2 - 17 km NNE of Dillon, Montana"},"geometry":{"type":"Point","coordinates":[-112.5801667,45.372,8.32]},"id":"mb80534639"},
{"type":"Feature","properties":{"mag":1.5,"place":"55 km NNE of Petersville, Alaska","time":1640723057518,"updated":1640723615867,"tz":null,"url":"https://earthquake.usgs.gov/earthquakes/eventpage/ak021gn0lhef","detail":"https://earthquake.usgs.gov/earthquakes/feed/v1.0/detail/ak021gn0lhef.geojson","felt":null,"cdi":null,"mmi":null,"alert":null,"status":"automatic","tsunami":0,"sig":35,"net":"ak","code":"021gn0lhef","ids":",ak021gn0lhef,","sources":",ak,","types":",origin,","nst":null,"dmin":null,"rms":0.29,"gap":null,"magType":"ml","type":"earthquake","title":"M 1.5 - 55 km NNE of Petersville, Alaska"},"geometry":{"type":"Point","coordinates":[-150.4873,62.9744,96.8]},"id":"ak021gn0lhef"},
{"type":"Feature","properties":{"mag":4.6,"place":"10 km SW of Tena, Ecuador","time":1640722941757,"updated":1640729885167,"tz":null,"url":"https://earthquake.usgs.gov/earthquakes/eventpage/us6000gfxf","detail":"https://earthquake.usgs.gov/earthquakes/feed/v1.0/detail/us6000gfxf.geojson","felt":1,"cdi":3.4,"mmi":null,"alert":null,"status":"reviewed","tsunami":0,"sig":326,"net":"us","code":"6000gfxf","ids":",us6000gfxf,","sources":",us,","types":",dyfi,origin,phase-data,","nst":null,"dmin":0.713,"rms":0.69,"gap":124,"magType":"mb","type":"earthquake","title":"M 4.6 - 10 km SW of Tena, Ecuador"},"geometry":{"type":"Point","coordinates":[-77.8682,-1.0691,29.39]},"id":"us6000gfxf"},
{"type":"Feature","properties":{"mag":1.14,"place":"2km WNW of Diablo, CA","time":1640722806910,"updated":1640726112368,"tz":null,"url":"https://earthquake.usgs.gov/earthquakes/eventpage/nc73668951","detail":"https://earthquake.usgs.gov/earthquakes/feed/v1.0/detail/nc73668951.geojson","felt":null,"cdi":null,"mmi":null,"alert":null,"status":"automatic","tsunami":0,"sig":20,"net":"nc","code":"73668951","ids":",nc73668951,","sources":",nc,","types":",nearby-cities,origin,phase-data,scitech-link,","nst":9,"dmin":0.02412,"rms":0.04,"gap":132,"magType":"md","type":"earthquake","title":"M 1.1 - 2km WNW of Diablo, CA"},"geometry":{"type":"Point","coordinates":[-121.9738312,37.8398323,6.89]},"id":"nc73668951"},
{"type":"Feature","properties":{"mag":1.4,"place":"69 km E of Denali National Park, Alaska","time":1640722214077,"updated":1640723986695,"tz":null,"url":"https://earthquake.usgs.gov/earthquakes/eventpage/ak021gn0ihgr","detail":"https://earthquake.usgs.gov/earthquakes/feed/v1.0/detail/ak021gn0ihgr.geojson","felt":null,"cdi":null,"mmi":null,"alert":null,"status":"reviewed","tsunami":0,"sig":30,"net":"ak","code":"021gn0ihgr","ids":",ak021gn0ihgr,","sources":",ak,","types":",origin,phase-data,","nst":null,"dmin":null,"rms":0.43,"gap":null,"magType":"ml","type":"earthquake","title":"M 1.4 - 69 km E of Denali National Park, Alaska"},"geometry":{"type":"Point","coordinates":[-150.3477,63.4333,127.2]},"id":"ak021gn0ihgr"},
{"type":"Feature","properties":{"mag":0.59,"place":"17 km ESE of Lincoln, Montana","time":1640721908370,"updated":1640796713230,"tz":null,"url":"https://earthquake.usgs.gov/earthquakes/eventpage/mb80534729","detail":"https://earthquake.usgs.gov/earthquakes/feed/v1.0/detail/mb80534729.geojson","felt":null,"cdi":null,"mmi":null,"alert":null,"status":"reviewed","tsunami":0,"sig":5,"net":"mb","code":"80534729","ids":",mb80534729,","sources":",mb,","types":",origin,phase-data,","nst":8,"dmin":0.044,"rms":0.09,"gap":155,"magType":"ml","type":"earthquake","title":"M 0.6 - 17 km ESE of Lincoln, Montana"},"geometry":{"type":"Point","coordinates":[-112.4648333,46.9033333,14.18]},"id":"mb80534729"},
{"type":"Feature","properties":{"mag":1.7,"place":"4km SSE of The Geysers, CA","time":1640721207370,"updated":1640732531542,"tz":null,"url":"https://earthquake.usgs.gov/earthquakes/eventpage/nc73668941","detail":"https://earthquake.usgs.gov/earthquakes/feed/v1.0/detail/nc73668941.geojson","felt":null,"cdi":null,"mmi":null,"alert":null,"status":"automatic","tsunami":0,"sig":44,"net":"nc","code":"73668941","ids":",nc73668941,","sources":",nc,","types":",nearby-cities,origin,phase-data,scitech-link,","nst":8,"dmin":0.07669,"rms":0.18,"gap":172,"magType":"md","type":"earthquake","title":"M 1.7 - 4km SSE of The Geysers, CA"},"geometry":{"type":"Point","coordinates":[-122.7373352,38.7459984,-0.77]},"id":"nc73668941"},
{"type":"Feature","properties":{"mag":5.1,"place":"83 km NNE of Sola, Vanuatu","time":1640721197348,"updated":1640722354040,"tz":null,"url":"https://earthquake.usgs.gov/earthquakes/eventpage/us6000gfwv","detail":"https://earthquake.usgs.gov/earthquakes/feed/v1.0/detail/us6000gfwv.geojson","felt":null,"cdi":null,"mmi":null,"alert":null,"status":"reviewed","tsunami":0,"sig":400,"net":"us","code":"6000gfwv","ids":",us6000gfwv,","sources":",us,","types":",origin,phase-data,","nst":null,"dmin":2.345,"rms":0.75,"gap":66,"magType":"mb","type":"earthquake","title":"M 5.1 - 83 km NNE of Sola, Vanuatu"},"geometry":{"type":"Point","coordinates":[167.792,-13.1586,10]},"id":"us6000gfwv"},
{"type":"Feature","properties":{"mag":1.1,"place":"23 km W of Ninilchik, Alaska","time":1640720594165,"updated":1640721057941,"tz":null,"url":"https://earthquake.usgs.gov/earthquakes/eventpage/ak021gn04454","detail":"https://earthquake.usgs.gov/earthquakes/feed/v1.0/detail/ak021gn04454.geojson","felt":null,"cdi":null,"mmi":null,"alert":null,"status":"automatic","tsunami":0,"sig":19,"net":"ak","code":"021gn04454","ids":",ak021gn04454,","sources":",ak,","types":",origin,","nst":null,"dmin":null,"rms":0.25,"gap":null,"magType":"ml","type":"earthquake","title":"M 1.1 - 23 km W of Ninilchik, Alaska"},"geometry":{"type":"Point","coordinates":[-152.0901,60.0875,56.5]},"id":"ak021gn04454"},
{"type":"Feature","properties":{"mag":1.3,"place":"4 km SSW of Walker, California","time":1640719769359,"updated":1640745412086,"tz":null,"url":"https://earthquake.usgs.gov/earthquakes/eventpage/nn00830558","detail":"https://earthquake.usgs.gov/earthquakes/feed/v1.0/detail/nn00830558.geojson","felt":1,"cdi":1,"mmi":null,"alert":null,"status":"reviewed","tsunami":0,"sig":26,"net":"nn","code":"00830558","ids":",nn00830558,","sources":",nn,","types":",dyfi,origin,phase-data,","nst":17,"dmin":0.117,"rms":0.1835,"gap":75.88,"magType":"ml","type":"earthquake","title":"M 1.3 - 4 km SSW of Walker, California"},"geometry":{"type":"Point","coordinates":[-119.4888,38.4714,11.6]},"id":"nn00830558"},
{"type":"Feature","properties":{"mag":1.91999996,"place":"5 km E of Pāhala, Hawaii","time":1640719728280,"updated":1640719921620,"tz":null,"url":"https://earthquake.usgs.gov/earthquakes/eventpage/hv72849537","detail":"https://earthquake.usgs.gov/earthquakes/feed/v1.0/detail/hv72849537.geojson","felt":null,"cdi":null,"mmi":null,"alert":null,"status":"automatic","tsunami":0,"sig":57,"net":"hv","code":"72849537","ids":",hv72849537,","sources":",hv,","types":",origin,phase-data,","nst":24,"dmin":null,"rms":0.100000001,"gap":154,"magType":"md","type":"earthquake","title":"M 1.9 - 5 km E of Pāhala, Hawaii"},"geometry":{"type":"Point","coordinates":[-155.42333984375,19.2106666564941,32.8499984741211]},"id":"hv72849537"},
{"type":"Feature","properties":{"mag":1.2,"place":"35 km SE of Mina, Nevada","time":1640718942327,"updated":1640745410066,"tz":null,"url":"https://earthquake.usgs.gov/earthquakes/eventpage/nn00830557","detail":"https://earthquake.usgs.gov/earthquakes/feed/v1.0/detail/nn00830557.geojson","felt":null,"cdi":null,"mmi":null,"alert":null,"status":"reviewed","tsunami":0,"sig":22,"net":"nn","code":"00830557","ids":",nn00830557,","sources":",nn,","types":",origin,phase-data,","nst":16,"dmin":0.113,"rms":0.1055,"gap":114.66,"magType":"ml","type":"earthquake","title":"M 1.2 - 35 km SE of Mina, Nevada"},"geometry":{"type":"Point","coordinates":[-117.8204,38.1662,9.9]},"id":"nn00830557"},
{"type":"Feature","properties":{"mag":1.4,"place":"25 km SE of Susitna North, Alaska","time":1640718727741,"updated":1640719183291,"tz":null,"url":"https://earthquake.usgs.gov/earthquakes/eventpage/ak021gmzxgg6","detail":"https://earthquake.usgs.gov/earthquakes/feed/v1.0/detail/ak021gmzxgg6.geojson","felt":null,"cdi":null,"mmi":null,"alert":null,"status":"automatic","tsunami":0,"sig":30,"net":"ak","code":"021gmzxgg6","ids":",ak021gmzxgg6,","sources":",ak,","types":",origin,","nst":null,"dmin":null,"rms":0.97,"gap":null,"magType":"ml","type":"earthquake","title":"M 1.4 - 25 km SE of Susitna North, Alaska"},"geometry":{"type":"Point","coordinates":[-149.5512,61.9821,46.2]},"id":"ak021gmzxgg6"},
{"type":"Feature","properties":{"mag":1.77,"place":"23 km ENE of Honaunau-Napoopoo, Hawaii","time":1640718712550,"updated":1640723341360,"tz":null,"url":"https://earthquake.usgs.gov/earthquakes/eventpage/hv72849522","detail":"https://earthquake.usgs.gov/earthquakes/feed/v1.0/detail/hv72849522.geojson","felt":null,"cdi":null,"mmi":null,"alert":null,"status":"reviewed","tsunami":0,"sig":48,"net":"hv","code":"72849522","ids":",hv72849522,","sources":",hv,","types":",origin,phase-data,","nst":12,"dmin":null,"rms":0.13,"gap":75,"magType":"md","type":"earthquake","title":"M 1.8 - 23 km ENE of Honaunau-Napoopoo, Hawaii"},"geometry":{"type":"Point","coordinates":[-155.650166666667,19.5041666666667,3.06]},"id":"hv72849522"},
{"type":"Feature","properties":{"mag":0.1,"place":"22 km N of Sutcliffe, Nevada","time":1640718510842,"updated":1640745418579,"tz":null,"url":"https://earthquake.usgs.gov/earthquakes/eventpage/nn00830579","detail":"https://earthquake.usgs.gov/earthquakes/feed/v1.0/detail/nn00830579.geojson","felt":null,"cdi":null,"mmi":null,"alert":null,"status":"reviewed","tsunami":0,"sig":0,"net":"nn","code":"00830579","ids":",nn00830579,","sources":",nn,","types":",origin,phase-data,","nst":3,"dmin":0.122,"rms":0.1375,"gap":243.54,"magType":"ml","type":"earthquake","title":"M 0.1 - 22 km N of Sutcliffe, Nevada"},"geometry":{"type":"Point","coordinates":[-119.5738,40.1526,0]},"id":"nn00830579"},
{"type":"Feature","properties":{"mag":1,"place":"51 km SSE of Denali National Park, Alaska","time":1640716981746,"updated":1640723615580,"tz":null,"url":"https://earthquake.usgs.gov/earthquakes/eventpage/ak021gmzik4s","detail":"https://earthquake.usgs.gov/earthquakes/feed/v1.0/detail/ak021gmzik4s.geojson","felt":null,"cdi":null,"mmi":null,"alert":null,"status":"reviewed","tsunami":0,"sig":15,"net":"ak","code":"021gmzik4s","ids":",ak021gmzik4s,","sources":",ak,","types":",origin,phase-data,","nst":null,"dmin":null,"rms":0.96,"gap":null,"magType":"ml","type":"earthquake","title":"M 1.0 - 51 km SSE of Denali National Park, Alaska"},"geometry":{"type":"Point","coordinates":[-151.511,63.0926,11.2]},"id":"ak021gmzik4s"},
{"type":"Feature","properties":{"mag":4.7,"place":"Carlsberg Ridge","time":1640714115926,"updated":1640718978040,"tz":null,"url":"https://earthquake.usgs.gov/earthquakes/eventpage/us6000gfw9","detail":"https://earthquake.usgs.gov/earthquakes/feed/v1.0/detail/us6000gfw9.geojson","felt":null,"cdi":null,"mmi":null,"alert":null,"status":"reviewed","tsunami":0,"sig":340,"net":"us","code":"6000gfw9","ids":",us6000gfw9,","sources":",us,","types":",origin,phase-data,","nst":null,"dmin":9.814,"rms":0.74,"gap":59,"magType":"mb","type":"earthquake","title":"M 4.7 - Carlsberg Ridge"},"geometry":{"type":"Point","coordinates":[63.8789,3.5144,10]},"id":"us6000gfw9"},
{"type":"Feature","properties":{"mag":1.67,"place":"28km SSW of South Dos Palos, CA","time":1640713662140,"updated":1640775490977,"tz":null,"url":"https://earthquake.usgs.gov/earthquakes/eventpage/nc73668931","detail":"https://earthquake.usgs.gov/earthquakes/feed/v1.0/detail/nc73668931.geojson","felt":null,"cdi":null,"mmi":null,"alert":null,"status":"reviewed","tsunami":0,"sig":43,"net":"nc","code":"73668931","ids":",nc73668931,","sources":",nc,","types":",nearby-cities,origin,phase-data,scitech-link,","nst":16,"dmin":0.09445,"rms":0.14,"gap":197,"magType":"md","type":"earthquake","title":"M 1.7 - 28km SSW of South Dos Palos, CA"},"geometry":{"type":"Point","coordinates":[-120.8181667,36.7555,1.94]},"id":"nc73668931"},
{"type":"Feature","properties":{"mag":4.6,"place":"248 km E of Levuka, Fiji","time":1640712873914,"updated":1640715918040,"tz":null,"url":"https://earthquake.usgs.gov/earthquakes/eventpage/us6000gfwa","detail":"https://earthquake.usgs.gov/earthquakes/feed/v1.0/detail/us6000gfwa.geojson","felt":null,"cdi":null,"mmi":null,"alert":null,"status":"reviewed","tsunami":0,"sig":326,"net":"us","code":"6000gfwa","ids":",us6000gfwa,","sources":",us,","types":",origin,phase-data,","nst":null,"dmin":3.456,"rms":1.02,"gap":62,"magType":"mb","type":"earthquake","title":"M 4.6 - 248 km E of Levuka, Fiji"},"geometry":{"type":"Point","coordinates":[-178.3388,-18.1278,576.47]},"id":"us6000gfwa"},
{"type":"Feature","properties":{"mag":1.7,"place":"43 km E of Denali National Park, Alaska","time":1640712601143,"updated":1640713091342,"tz":null,"url":"https://earthquake.usgs.gov/earthquakes/eventpage/ak021gmyufma","detail":"https://earthquake.usgs.gov/earthquakes/feed/v1.0/detail/ak021gmyufma.geojson","felt":null,"cdi":null,"mmi":null,"alert":null,"status":"automatic","tsunami":0,"sig":44,"net":"ak","code":"021gmyufma","ids":",ak021gmyufma,","sources":",ak,","types":",origin,","nst":null,"dmin":null,"rms":0.65,"gap":null,"magType":"ml","type":"earthquake","title":"M 1.7 - 43 km E of Denali National Park, Alaska"},"geometry":{"type":"Point","coordinates":[-150.8572,63.54,0.2]},"id":"ak021gmyufma"},
{"type":"Feature","properties":{"mag":1.4,"place":"3 km SW of Houston, Alaska","time":1640712117403,"updated":1640712489695,"tz":null,"url":"https://earthquake.usgs.gov/earthquakes/eventpage/ak021gmysmi3","detail":"https://earthquake.usgs.gov/earthquakes/feed/v1.0/detail/ak021gmysmi3.geojson","felt":null,"cdi":null,"mmi":null,"alert":null,"status":"automatic","tsunami":0,"sig":30,"net":"ak","code":"021gmysmi3","ids":",ak021gmysmi3,","sources":",ak,","types":",origin,","nst":null,"dmin":null,"rms":0.64,"gap":null,"magType":"ml","type":"earthquake","title":"M 1.4 - 3 km SW of Houston, Alaska"},"geometry":{"type":"Point","coordinates":[-149.8655,61.6037,34.6]},"id":"ak021gmysmi3"},
{"type":"Feature","properties":{"mag":1,"place":"37 km SE of Mina, Nevada","time":1640711648172,"updated":1640745408880,"tz":null,"url":"https://earthquake.usgs.gov/earthquakes/eventpage/nn00830554","detail":"https://earthquake.usgs.gov/earthquakes/feed/v1.0/detail/nn00830554.geojson","felt":null,"cdi":null,"mmi":null,"alert":null,"status":"reviewed","tsunami":0,"sig":15,"net":"nn","code":"00830554","ids":",nn00830554,","sources":",nn,","types":",origin,phase-data,","nst":13,"dmin":0.119,"rms":0.1151,"gap":153.04,"magType":"ml","type":"earthquake","title":"M 1.0 - 37 km SE of Mina, Nevada"},"geometry":{"type":"Point","coordinates":[-117.7789,38.1817,7.7]},"id":"nn00830554"},
{"type":"Feature","properties":{"mag":1.6,"place":"19 km ESE of Glacier View, Alaska","time":1640710855958,"updated":1640712258801,"tz":null,"url":"https://earthquake.usgs.gov/earthquakes/eventpage/ak021gmyo4da","detail":"https://earthquake.usgs.gov/earthquakes/feed/v1.0/detail/ak021gmyo4da.geojson","felt":null,"cdi":null,"mmi":null,"alert":null,"status":"automatic","tsunami":0,"sig":39,"net":"ak","code":"021gmyo4da","ids":",ak021gmyo4da,","sources":",ak,","types":",origin,","nst":null,"dmin":null,"rms":0.93,"gap":null,"magType":"ml","type":"earthquake","title":"M 1.6 - 19 km ESE of Glacier View, Alaska"},"geometry":{"type":"Point","coordinates":[-147.3359,61.7266,25.3]},"id":"ak021gmyo4da"},
{"type":"Feature","properties":{"mag":1.6,"place":"10 km NNW of Dry Creek, Alaska","time":1640709874259,"updated":1640710435073,"tz":null,"url":"https://earthquake.usgs.gov/earthquakes/eventpage/ak021gmyc2lz","detail":"https://earthquake.usgs.gov/earthquakes/feed/v1.0/detail/ak021gmyc2lz.geojson","felt":null,"cdi":null,"mmi":null,"alert":null,"status":"automatic","tsunami":0,"sig":39,"net":"ak","code":"021gmyc2lz","ids":",ak021gmyc2lz,","sources":",ak,","types":",origin,","nst":null,"dmin":null,"rms":0.64,"gap":null,"magType":"ml","type":"earthquake","title":"M 1.6 - 10 km NNW of Dry Creek, Alaska"},"geometry":{"type":"Point","coordinates":[-144.7795,63.7356,3.2]},"id":"ak021gmyc2lz"},
{"type":"Feature","properties":{"mag":4.5,"place":"27 km SE of Blenheim, New Zealand","time":1640709647570,"updated":1640711249040,"tz":null,"url":"https://earthquake.usgs.gov/earthquakes/eventpage/us6000gfvy","detail":"https://earthquake.usgs.gov/earthquakes/feed/v1.0/detail/us6000gfvy.geojson","felt":null,"cdi":null,"mmi":null,"alert":null,"status":"reviewed","tsunami":0,"sig":312,"net":"us","code":"6000gfvy","ids":",us6000gfvy,","sources":",us,","types":",origin,phase-data,","nst":null,"dmin":0.077,"rms":0.34,"gap":103,"magType":"mb","type":"earthquake","title":"M 4.5 - 27 km SE of Blenheim, New Zealand"},"geometry":{"type":"Point","coordinates":[174.2047,-41.6717,10]},"id":"us6000gfvy"},
{"type":"Feature","properties":{"mag":2.37,"place":"10 km ENE of Pāhala, Hawaii","time":1640709591660,"updated":1640710602040,"tz":null,"url":"https://earthquake.usgs.gov/earthquakes/eventpage/hv72849452","detail":"https://earthquake.usgs.gov/earthquakes/feed/v1.0/detail/hv72849452.geojson","felt":null,"cdi":null,"mmi":null,"alert":null,"status":"automatic","tsunami":0,"sig":86,"net":"hv","code":"72849452","ids":",us6000gfvx,hv72849452,","sources":",us,hv,","types":",origin,phase-data,","nst":43,"dmin":null,"rms":0.119999997,"gap":137,"magType":"ml","type":"earthquake","title":"M 2.4 - 10 km ENE of Pāhala, Hawaii"},"geometry":{"type":"Point","coordinates":[-155.391662597656,19.2463340759277,31.0400009155273]},"id":"hv72849452"},
{"type":"Feature","properties":{"mag":0.9,"place":"29 km NNW of Benton, California","time":1640709369987,"updated":1640745417729,"tz":null,"url":"https://earthquake.usgs.gov/earthquakes/eventpage/nn00830578","detail":"https://earthquake.usgs.gov/earthquakes/feed/v1.0/detail/nn00830578.geojson","felt":null,"cdi":null,"mmi":null,"alert":null,"status":"reviewed","tsunami":0,"sig":12,"net":"nn","code":"00830578","ids":",nn00830578,","sources":",nn,","types":",origin,phase-data,","nst":8,"dmin":0.211,"rms":0.1501,"gap":295.37,"magType":"ml","type":"earthquake","title":"M 0.9 - 29 km NNW of Benton, California"},"geometry":{"type":"Point","coordinates":[-118.6124,38.0581,10.9]},"id":"nn00830578"},
{"type":"Feature","properties":{"mag":1.38,"place":"4km SSW of Banning, CA","time":1640709094690,"updated":1640710208963,"tz":null,"url":"https://earthquake.usgs.gov/earthquakes/eventpage/ci39897911","detail":"https://earthquake.usgs.gov/earthquakes/feed/v1.0/detail/ci39897911.geojson","felt":0,"cdi":1,"mmi":null,"alert":null,"status":"reviewed","tsunami":0,"sig":29,"net":"ci","code":"39897911","ids":",ci39897911,","sources":",ci,","types":",dyfi,nearby-cities,origin,phase-data,scitech-link,","nst":29,"dmin":0.096,"rms":0.19,"gap":64,"magType":"ml","type":"earthquake","title":"M 1.4 - 4km SSW of Banning, CA"},"geometry":{"type":"Point","coordinates":[-116.8975,33.8958333,12.65]},"id":"ci39897911"},
{"type":"Feature","properties":{"mag":2.88,"place":"13km N of Indio, CA","time":1640709018810,"updated":1640745328343,"tz":null,"url":"https://earthquake.usgs.gov/earthquakes/eventpage/ci39897903","detail":"https://earthquake.usgs.gov/earthquakes/feed/v1.0/detail/ci39897903.geojson","felt":52,"cdi":3.8,"mmi":null,"alert":null,"status":"automatic","tsunami":0,"sig":147,"net":"ci","code":"39897903","ids":",ci39897903,us6000gfvu,","sources":",ci,us,","types":",dyfi,focal-mechanism,nearby-cities,origin,phase-data,scitech-link,","nst":65,"dmin":0.04511,"rms":0.16,"gap":87,"magType":"ml","type":"earthquake","title":"M 2.9 - 13km N of Indio, CA"},"geometry":{"type":"Point","coordinates":[-116.1996667,33.8381667,7.89]},"id":"ci39897903"},
{"type":"Feature","properties":{"mag":1.15,"place":"6km NNE of Fontana, CA","time":1640708531400,"updated":1640710406925,"tz":null,"url":"https://earthquake.usgs.gov/earthquakes/eventpage/ci39897887","detail":"https://earthquake.usgs.gov/earthquakes/feed/v1.0/detail/ci39897887.geojson","felt":0,"cdi":1,"mmi":null,"alert":null,"status":"automatic","tsunami":0,"sig":20,"net":"ci","code":"39897887","ids":",ci39897887,","sources":",ci,","types":",dyfi,nearby-cities,origin,phase-data,scitech-link,","nst":20,"dmin":0.08101,"rms":0.33,"gap":77,"magType":"ml","type":"earthquake","title":"M 1.2 - 6km NNE of Fontana, CA"},"geometry":{"type":"Point","coordinates":[-117.4395,34.1513333,2.81]},"id":"ci39897887"},
{"type":"Feature","properties":{"mag":2.62,"place":"4km NNW of Fontana, CA","time":1640708340320,"updated":1640850876309,"tz":null,"url":"https://earthquake.usgs.gov/earthquakes/eventpage/ci39897879","detail":"https://earthquake.usgs.gov/earthquakes/feed/v1.0/detail/ci39897879.geojson","felt":90,"cdi":3.8,"mmi":null,"alert":null,"status":"automatic","tsunami":0,"sig":140,"net":"ci","code":"39897879","ids":",ci39897879,us6000gfvs,","sources":",ci,us,","types":",dyfi,focal-mechanism,nearby-cities,origin,phase-data,scitech-link,","nst":83,"dmin":0.04912,"rms":0.25,"gap":17,"magType":"ml","type":"earthquake","title":"M 2.6 - 4km NNW of Fontana, CA"},"geometry":{"type":"Point","coordinates":[-117.484,34.1313333,4.9]},"id":"ci39897879"},
{"type":"Feature","properties":{"mag":2.49,"place":"31km W of Petrolia, CA","time":1640708280720,"updated":1640748070315,"tz":null,"url":"https://earthquake.usgs.gov/earthquakes/eventpage/nc73668911","detail":"https://earthquake.usgs.gov/earthquakes/feed/v1.0/detail/nc73668911.geojson","felt":null,"cdi":null,"mmi":null,"alert":null,"status":"reviewed","tsunami":0,"sig":95,"net":"nc","code":"73668911","ids":",nc73668911,","sources":",nc,","types":",nearby-cities,origin,phase-data,scitech-link,","nst":22,"dmin":0.231,"rms":0.09,"gap":272,"magType":"md","type":"earthquake","title":"M 2.5 - 31km W of Petrolia, CA"},"geometry":{"type":"Point","coordinates":[-124.6436667,40.2708333,15.14]},"id":"nc73668911"},
{"type":"Feature","properties":{"mag":3.13,"place":"4 km S of Pāhala, Hawaii","time":1640707637500,"updated":1640755318712,"tz":null,"url":"https://earthquake.usgs.gov/earthquakes/eventpage/hv72849422","detail":"https://earthquake.usgs.gov/earthquakes/feed/v1.0/detail/hv72849422.geojson","felt":9,"cdi":2.9,"mmi":null,"alert":null,"status":"reviewed","tsunami":0,"sig":153,"net":"hv","code":"72849422","ids":",hv72849422,us6000gfvr,","sources":",hv,us,","types":",dyfi,origin,phase-data,","nst":44,"dmin":null,"rms":0.1,"gap":154,"magType":"ml","type":"earthquake","title":"M 3.1 - 4 km S of Pāhala, Hawaii"},"geometry":{"type":"Point","coordinates":[-155.474666666667,19.1648333333333,35.68]},"id":"hv72849422"},
{"type":"Feature","properties":{"mag":0.31,"place":"5 km SSE of Three Forks, Montana","time":1640707525990,"updated":1640794139550,"tz":null,"url":"https://earthquake.usgs.gov/earthquakes/eventpage/mb80534699","detail":"https://earthquake.usgs.gov/earthquakes/feed/v1.0/detail/mb80534699.geojson","felt":null,"cdi":null,"mmi":null,"alert":null,"status":"reviewed","tsunami":0,"sig":1,"net":"mb","code":"80534699","ids":",mb80534699,","sources":",mb,","types":",origin,phase-data,","nst":4,"dmin":0.245,"rms":0.06,"gap":176,"magType":"md","type":"earthquake","title":"M 0.3 - 5 km SSE of Three Forks, Montana"},"geometry":{"type":"Point","coordinates":[-111.5278333,45.843,2.66]},"id":"mb80534699"},
{"type":"Feature","properties":{"mag":1.3,"place":"13 km S of Soldotna, Alaska","time":1640707383943,"updated":1640707579439,"tz":null,"url":"https://earthquake.usgs.gov/earthquakes/eventpage/ak021gmy37wa","detail":"https://earthquake.usgs.gov/earthquakes/feed/v1.0/detail/ak021gmy37wa.geojson","felt":null,"cdi":null,"mmi":null,"alert":null,"status":"automatic","tsunami":0,"sig":26,"net":"ak","code":"021gmy37wa","ids":",ak021gmy37wa,","sources":",ak,","types":",origin,","nst":null,"dmin":null,"rms":0.37,"gap":null,"magType":"ml","type":"earthquake","title":"M 1.3 - 13 km S of Soldotna, Alaska"},"geometry":{"type":"Point","coordinates":[-151.0361,60.3687,41.4]},"id":"ak021gmy37wa"},
{"type":"Feature","properties":{"mag":4.5,"place":"32 km SE of Blenheim, New Zealand","time":1640706997833,"updated":1640709353115,"tz":null,"url":"https://earthquake.usgs.gov/earthquakes/eventpage/us6000gfvp","detail":"https://earthquake.usgs.gov/earthquakes/feed/v1.0/detail/us6000gfvp.geojson","felt":3,"cdi":4.6,"mmi":null,"alert":null,"status":"reviewed","tsunami":0,"sig":313,"net":"us","code":"6000gfvp","ids":",us6000gfvp,","sources":",us,","types":",dyfi,origin,phase-data,","nst":null,"dmin":0.011,"rms":0.53,"gap":116,"magType":"mb","type":"earthquake","title":"M 4.5 - 32 km SE of Blenheim, New Zealand"},"geometry":{"type":"Point","coordinates":[174.1987,-41.7484,10.4]},"id":"us6000gfvp"},
{"type":"Feature","properties":{"mag":2.1,"place":"28 km NNE of Petersville, Alaska","time":1640706782502,"updated":1640709212040,"tz":null,"url":"https://earthquake.usgs.gov/earthquakes/eventpage/ak021gmxshza","detail":"https://earthquake.usgs.gov/earthquakes/feed/v1.0/detail/ak021gmxshza.geojson","felt":null,"cdi":null,"mmi":null,"alert":null,"status":"automatic","tsunami":0,"sig":68,"net":"ak","code":"021gmxshza","ids":",us6000gfvn,ak021gmxshza,","sources":",us,ak,","types":",origin,phase-data,","nst":null,"dmin":null,"rms":0.57,"gap":null,"magType":"ml","type":"earthquake","title":"M 2.1 - 28 km NNE of Petersville, Alaska"},"geometry":{"type":"Point","coordinates":[-150.5459,62.7264,82.3]},"id":"ak021gmxshza"},
{"type":"Feature","properties":{"mag":0.46,"place":"16km ESE of Little Lake, CA","time":1640706692960,"updated":1640706947075,"tz":null,"url":"https://earthquake.usgs.gov/earthquakes/eventpage/ci39897863","detail":"https://earthquake.usgs.gov/earthquakes/feed/v1.0/detail/ci39897863.geojson","felt":null,"cdi":null,"mmi":null,"alert":null,"status":"automatic","tsunami":0,"sig":3,"net":"ci","code":"39897863","ids":",ci39897863,","sources":",ci,","types":",nearby-cities,origin,phase-data,scitech-link,","nst":8,"dmin":0.08054,"rms":0.03,"gap":116,"magType":"ml","type":"earthquake","title":"M 0.5 - 16km ESE of Little Lake, CA"},"geometry":{"type":"Point","coordinates":[-117.7403333,35.8988333,10.03]},"id":"ci39897863"},
{"type":"Feature","properties":{"mag":1.9,"place":"67 km NNE of White Mountain, Alaska","time":1640705898472,"updated":1640723224237,"tz":null,"url":"https://earthquake.usgs.gov/earthquakes/eventpage/ak021gmxpbh3","detail":"https://earthquake.usgs.gov/earthquakes/feed/v1.0/detail/ak021gmxpbh3.geojson","felt":null,"cdi":null,"mmi":null,"alert":null,"status":"reviewed","tsunami":0,"sig":56,"net":"ak","code":"021gmxpbh3","ids":",ak021gmxpbh3,","sources":",ak,","types":",origin,phase-data,","nst":null,"dmin":null,"rms":0.5,"gap":null,"magType":"ml","type":"earthquake","title":"M 1.9 - 67 km NNE of White Mountain, Alaska"},"geometry":{"type":"Point","coordinates":[-162.9901,65.2583,5]},"id":"ak021gmxpbh3"},
{"type":"Feature","properties":{"mag":1.9,"place":"66 km NNE of White Mountain, Alaska","time":1640705888386,"updated":1640723223828,"tz":null,"url":"https://earthquake.usgs.gov/earthquakes/eventpage/ak021gmxpaug","detail":"https://earthquake.usgs.gov/earthquakes/feed/v1.0/detail/ak021gmxpaug.geojson","felt":null,"cdi":null,"mmi":null,"alert":null,"status":"reviewed","tsunami":0,"sig":56,"net":"ak","code":"021gmxpaug","ids":",ak021gmxpaug,","sources":",ak,","types":",origin,phase-data,","nst":null,"dmin":null,"rms":0.29,"gap":null,"magType":"ml","type":"earthquake","title":"M 1.9 - 66 km NNE of White Mountain, Alaska"},"geometry":{"type":"Point","coordinates":[-163.0233,65.2601,5.9]},"id":"ak021gmxpaug"},
{"type":"Feature","properties":{"mag":1.7,"place":"83 km WSW of Karluk, Alaska","time":1640705539258,"updated":1640705735176,"tz":null,"url":"https://earthquake.usgs.gov/earthquakes/eventpage/ak021gmxo18l","detail":"https://earthquake.usgs.gov/earthquakes/feed/v1.0/detail/ak021gmxo18l.geojson","felt":null,"cdi":null,"mmi":null,"alert":null,"status":"automatic","tsunami":0,"sig":44,"net":"ak","code":"021gmxo18l","ids":",ak021gmxo18l,","sources":",ak,","types":",origin,","nst":null,"dmin":null,"rms":0.27,"gap":null,"magType":"ml","type":"earthquake","title":"M 1.7 - 83 km WSW of Karluk, Alaska"},"geometry":{"type":"Point","coordinates":[-155.7179,57.2591,15.7]},"id":"ak021gmxo18l"},
{"type":"Feature","properties":{"mag":1.19,"place":"8 km SSE of Willow Creek, Montana","time":1640705511200,"updated":1640793742140,"tz":null,"url":"https://earthquake.usgs.gov/earthquakes/eventpage/mb80534694","detail":"https://earthquake.usgs.gov/earthquakes/feed/v1.0/detail/mb80534694.geojson","felt":null,"cdi":null,"mmi":null,"alert":null,"status":"reviewed","tsunami":0,"sig":22,"net":"mb","code":"80534694","ids":",mb80534694,","sources":",mb,","types":",origin,phase-data,","nst":9,"dmin":0.219,"rms":0.12,"gap":124,"magType":"ml","type":"earthquake","title":"M 1.2 - 8 km SSE of Willow Creek, Montana"},"geometry":{"type":"Point","coordinates":[-111.5883333,45.7556667,13.26]},"id":"mb80534694"},
{"type":"Feature","properties":{"mag":4.5,"place":"171 km NNW of Sola, Vanuatu","time":1640705508255,"updated":1640707173040,"tz":null,"url":"https://earthquake.usgs.gov/earthquakes/eventpage/us6000gfvm","detail":"https://earthquake.usgs.gov/earthquakes/feed/v1.0/detail/us6000gfvm.geojson","felt":null,"cdi":null,"mmi":null,"alert":null,"status":"reviewed","tsunami":0,"sig":312,"net":"us","code":"6000gfvm","ids":",us6000gfvm,","sources":",us,","types":",origin,phase-data,","nst":null,"dmin":3.055,"rms":0.36,"gap":145,"magType":"mb","type":"earthquake","title":"M 4.5 - 171 km NNW of Sola, Vanuatu"},"geometry":{"type":"Point","coordinates":[167.1615,-12.3742,213.93]},"id":"us6000gfvm"},
{"type":"Feature","properties":{"mag":0.8,"place":"28 km SSE of Mina, Nevada","time":1640705136001,"updated":1640745407837,"tz":null,"url":"https://earthquake.usgs.gov/earthquakes/eventpage/nn00830552","detail":"https://earthquake.usgs.gov/earthquakes/feed/v1.0/detail/nn00830552.geojson","felt":null,"cdi":null,"mmi":null,"alert":null,"status":"reviewed","tsunami":0,"sig":10,"net":"nn","code":"00830552","ids":",nn00830552,","sources":",nn,","types":",origin,phase-data,","nst":13,"dmin":0.045,"rms":0.0944,"gap":143.75,"magType":"ml","type":"earthquake","title":"M 0.8 - 28 km SSE of Mina, Nevada"},"geometry":{"type":"Point","coordinates":[-118.0162,38.1444,5.7]},"id":"nn00830552"},
{"type":"Feature","properties":{"mag":1.79,"place":"7 km S of Pāhala, Hawaii","time":1640704724630,"updated":1640705054140,"tz":null,"url":"https://earthquake.usgs.gov/earthquakes/eventpage/hv72849417","detail":"https://earthquake.usgs.gov/earthquakes/feed/v1.0/detail/hv72849417.geojson","felt":null,"cdi":null,"mmi":null,"alert":null,"status":"automatic","tsunami":0,"sig":49,"net":"hv","code":"72849417","ids":",hv72849417,","sources":",hv,","types":",origin,phase-data,","nst":16,"dmin":null,"rms":0.119999997,"gap":179,"magType":"ml","type":"earthquake","title":"M 1.8 - 7 km S of Pāhala, Hawaii"},"geometry":{"type":"Point","coordinates":[-155.470504760742,19.1393337249756,33.8300018310547]},"id":"hv72849417"},
{"type":"Feature","properties":{"mag":1.1,"place":"36 km SE of Mina, Nevada","time":1640703743718,"updated":1640745406274,"tz":null,"url":"https://earthquake.usgs.gov/earthquakes/eventpage/nn00830551","detail":"https://earthquake.usgs.gov/earthquakes/feed/v1.0/detail/nn00830551.geojson","felt":null,"cdi":null,"mmi":null,"alert":null,"status":"reviewed","tsunami":0,"sig":19,"net":"nn","code":"00830551","ids":",nn00830551,","sources":",nn,","types":",origin,phase-data,","nst":12,"dmin":0.118,"rms":0.0787,"gap":195.88,"magType":"ml","type":"earthquake","title":"M 1.1 - 36 km SE of Mina, Nevada"},"geometry":{"type":"Point","coordinates":[-117.7812,38.1802,2.3]},"id":"nn00830551"},
{"type":"Feature","properties":{"mag":2.25999999,"place":"Island of Hawaii, Hawaii","time":1640701697070,"updated":1640701889110,"tz":null,"url":"https://earthquake.usgs.gov/earthquakes/eventpage/hv72849372","detail":"https://earthquake.usgs.gov/earthquakes/feed/v1.0/detail/hv72849372.geojson","felt":null,"cdi":null,"mmi":null,"alert":null,"status":"automatic","tsunami":0,"sig":79,"net":"hv","code":"72849372","ids":",hv72849372,","sources":",hv,","types":",origin,phase-data,","nst":36,"dmin":null,"rms":0.100000001,"gap":86,"magType":"md","type":"earthquake","title":"M 2.3 - Island of Hawaii, Hawaii"},"geometry":{"type":"Point","coordinates":[-155.486831665039,19.1746673583984,32.7299995422363]},"id":"hv72849372"},
{"type":"Feature","properties":{"mag":1.8,"place":"37 km NE of Susitna North, Alaska","time":1640700574106,"updated":1640701006179,"tz":null,"url":"https://earthquake.usgs.gov/earthquakes/eventpage/ak021gmwxpb4","detail":"https://earthquake.usgs.gov/earthquakes/feed/v1.0/detail/ak021gmwxpb4.geojson","felt":null,"cdi":null,"mmi":null,"alert":null,"status":"automatic","tsunami":0,"sig":50,"net":"ak","code":"021gmwxpb4","ids":",ak021gmwxpb4,","sources":",ak,","types":",origin,","nst":null,"dmin":null,"rms":0.56,"gap":null,"magType":"ml","type":"earthquake","title":"M 1.8 - 37 km NE of Susitna North, Alaska"},"geometry":{"type":"Point","coordinates":[-149.3089,62.3834,35.5]},"id":"ak021gmwxpb4"},
{"type":"Feature","properties":{"mag":1.41,"place":"2 km NNE of White Center, Washington","time":1640700278780,"updated":1640716005640,"tz":null,"url":"https://earthquake.usgs.gov/earthquakes/eventpage/uw61799672","detail":"https://earthquake.usgs.gov/earthquakes/feed/v1.0/detail/uw61799672.geojson","felt":null,"cdi":null,"mmi":null,"alert":null,"status":"reviewed","tsunami":0,"sig":31,"net":"uw","code":"61799672","ids":",uw61799672,","sources":",uw,","types":",origin,phase-data,","nst":27,"dmin":0.06436,"rms":0.15,"gap":49,"magType":"ml","type":"earthquake","title":"M 1.4 - 2 km NNE of White Center, Washington"},"geometry":{"type":"Point","coordinates":[-122.341333333333,47.5405,27.04]},"id":"uw61799672"},
{"type":"Feature","properties":{"mag":1.39,"place":"17km ESE of Anza, CA","time":1640700225330,"updated":1640700543504,"tz":null,"url":"https://earthquake.usgs.gov/earthquakes/eventpage/ci39897807","detail":"https://earthquake.usgs.gov/earthquakes/feed/v1.0/detail/ci39897807.geojson","felt":null,"cdi":null,"mmi":null,"alert":null,"status":"automatic","tsunami":0,"sig":30,"net":"ci","code":"39897807","ids":",ci39897807,","sources":",ci,","types":",nearby-cities,origin,phase-data,scitech-link,","nst":36,"dmin":0.05674,"rms":0.21,"gap":57,"magType":"ml","type":"earthquake","title":"M 1.4 - 17km ESE of Anza, CA"},"geometry":{"type":"Point","coordinates":[-116.4971667,33.5081667,14.12]},"id":"ci39897807"},
{"type":"Feature","properties":{"mag":0.66,"place":"17km ESE of Anza, CA","time":1640700221680,"updated":1640700491939,"tz":null,"url":"https://earthquake.usgs.gov/earthquakes/eventpage/ci39897799","detail":"https://earthquake.usgs.gov/earthquakes/feed/v1.0/detail/ci39897799.geojson","felt":null,"cdi":null,"mmi":null,"alert":null,"status":"automatic","tsunami":0,"sig":7,"net":"ci","code":"39897799","ids":",ci39897799,","sources":",ci,","types":",nearby-cities,origin,phase-data,scitech-link,","nst":25,"dmin":0.06369,"rms":0.18,"gap":59,"magType":"ml","type":"earthquake","title":"M 0.7 - 17km ESE of Anza, CA"},"geometry":{"type":"Point","coordinates":[-116.4986667,33.4996667,14.15]},"id":"ci39897799"},
{"type":"Feature","properties":{"mag":2.11999989,"place":"4 km S of Pāhala, Hawaii","time":1640700004600,"updated":1640700197770,"tz":null,"url":"https://earthquake.usgs.gov/earthquakes/eventpage/hv72849357","detail":"https://earthquake.usgs.gov/earthquakes/feed/v1.0/detail/hv72849357.geojson","felt":null,"cdi":null,"mmi":null,"alert":null,"status":"automatic","tsunami":0,"sig":69,"net":"hv","code":"72849357","ids":",hv72849357,","sources":",hv,","types":",origin,phase-data,","nst":41,"dmin":null,"rms":0.119999997,"gap":112,"magType":"md","type":"earthquake","title":"M 2.1 - 4 km S of Pāhala, Hawaii"},"geometry":{"type":"Point","coordinates":[-155.475494384766,19.1604995727539,31.7900009155273]},"id":"hv72849357"},
{"type":"Feature","properties":{"mag":1.69,"place":"13km N of Petrolia, CA","time":1640699578570,"updated":1640798955718,"tz":null,"url":"https://earthquake.usgs.gov/earthquakes/eventpage/nc73668906","detail":"https://earthquake.usgs.gov/earthquakes/feed/v1.0/detail/nc73668906.geojson","felt":null,"cdi":null,"mmi":null,"alert":null,"status":"reviewed","tsunami":0,"sig":44,"net":"nc","code":"73668906","ids":",nc73668906,","sources":",nc,","types":",nearby-cities,origin,phase-data,scitech-link,","nst":15,"dmin":0.1167,"rms":0.09,"gap":184,"magType":"md","type":"earthquake","title":"M 1.7 - 13km N of Petrolia, CA"},"geometry":{"type":"Point","coordinates":[-124.3023333,40.438,25.01]},"id":"nc73668906"},
{"type":"Feature","properties":{"mag":1.7,"place":"32 km NNW of Nabesna, Alaska","time":1640698730516,"updated":1640698961851,"tz":null,"url":"https://earthquake.usgs.gov/earthquakes/eventpage/ak021gmwiiqj","detail":"https://earthquake.usgs.gov/earthquakes/feed/v1.0/detail/ak021gmwiiqj.geojson","felt":null,"cdi":null,"mmi":null,"alert":null,"status":"automatic","tsunami":0,"sig":44,"net":"ak","code":"021gmwiiqj","ids":",ak021gmwiiqj,","sources":",ak,","types":",origin,","nst":null,"dmin":null,"rms":0.77,"gap":null,"magType":"ml","type":"earthquake","title":"M 1.7 - 32 km NNW of Nabesna, Alaska"},"geometry":{"type":"Point","coordinates":[-143.2932,62.633,0.1]},"id":"ak021gmwiiqj"},
{"type":"Feature","properties":{"mag":1.9,"place":"11 km WSW of Cohoe, Alaska","time":1640698458167,"updated":1640700775492,"tz":null,"url":"https://earthquake.usgs.gov/earthquakes/eventpage/ak021gmwhle2","detail":"https://earthquake.usgs.gov/earthquakes/feed/v1.0/detail/ak021gmwhle2.geojson","felt":null,"cdi":null,"mmi":null,"alert":null,"status":"automatic","tsunami":0,"sig":56,"net":"ak","code":"021gmwhle2","ids":",ak021gmwhle2,","sources":",ak,","types":",origin,","nst":null,"dmin":null,"rms":0.67,"gap":null,"magType":"ml","type":"earthquake","title":"M 1.9 - 11 km WSW of Cohoe, Alaska"},"geometry":{"type":"Point","coordinates":[-151.4899,60.3242,50.4]},"id":"ak021gmwhle2"},
{"type":"Feature","properties":{"mag":1.98000002,"place":"2 km S of Pāhala, Hawaii","time":1640697724430,"updated":1640697911360,"tz":null,"url":"https://earthquake.usgs.gov/earthquakes/eventpage/hv72849332","detail":"https://earthquake.usgs.gov/earthquakes/feed/v1.0/detail/hv72849332.geojson","felt":null,"cdi":null,"mmi":null,"alert":null,"status":"automatic","tsunami":0,"sig":60,"net":"hv","code":"72849332","ids":",hv72849332,","sources":",hv,","types":",origin,phase-data,","nst":39,"dmin":null,"rms":0.159999996,"gap":76,"magType":"md","type":"earthquake","title":"M 2.0 - 2 km S of Pāhala, Hawaii"},"geometry":{"type":"Point","coordinates":[-155.480499267578,19.1809997558594,30.9400005340576]},"id":"hv72849332"},
{"type":"Feature","properties":{"mag":4.2,"place":"56 km SSW of Jurm, Afghanistan","time":1640697389998,"updated":1640702151040,"tz":null,"url":"https://earthquake.usgs.gov/earthquakes/eventpage/us6000gfv9","detail":"https://earthquake.usgs.gov/earthquakes/feed/v1.0/detail/us6000gfv9.geojson","felt":null,"cdi":null,"mmi":null,"alert":null,"status":"reviewed","tsunami":0,"sig":271,"net":"us","code":"6000gfv9","ids":",us6000gfv9,","sources":",us,","types":",origin,phase-data,","nst":null,"dmin":0.729,"rms":0.57,"gap":74,"magType":"mb","type":"earthquake","title":"M 4.2 - 56 km SSW of Jurm, Afghanistan"},"geometry":{"type":"Point","coordinates":[70.6019,36.3953,213.84]},"id":"us6000gfv9"},
{"type":"Feature","properties":{"mag":1.4,"place":"50 km N of Valdez, Alaska","time":1640697334402,"updated":1640697608686,"tz":null,"url":"https://earthquake.usgs.gov/earthquakes/eventpage/ak021gmwdk14","detail":"https://earthquake.usgs.gov/earthquakes/feed/v1.0/detail/ak021gmwdk14.geojson","felt":null,"cdi":null,"mmi":null,"alert":null,"status":"automatic","tsunami":0,"sig":30,"net":"ak","code":"021gmwdk14","ids":",ak021gmwdk14,","sources":",ak,","types":",origin,","nst":null,"dmin":null,"rms":1.1,"gap":null,"magType":"ml","type":"earthquake","title":"M 1.4 - 50 km N of Valdez, Alaska"},"geometry":{"type":"Point","coordinates":[-146.3171,61.5849,32.6]},"id":"ak021gmwdk14"},
{"type":"Feature","properties":{"mag":1.46,"place":"10km SSW of Searles Valley, CA","time":1640696802970,"updated":1640697495070,"tz":null,"url":"https://earthquake.usgs.gov/earthquakes/eventpage/ci39897775","detail":"https://earthquake.usgs.gov/earthquakes/feed/v1.0/detail/ci39897775.geojson","felt":null,"cdi":null,"mmi":null,"alert":null,"status":"automatic","tsunami":0,"sig":33,"net":"ci","code":"39897775","ids":",ci39897775,","sources":",ci,","types":",focal-mechanism,nearby-cities,origin,phase-data,scitech-link,","nst":22,"dmin":0.09549,"rms":0.22,"gap":162,"magType":"ml","type":"earthquake","title":"M 1.5 - 10km SSW of Searles Valley, CA"},"geometry":{"type":"Point","coordinates":[-117.4425,35.6808333,10.37]},"id":"ci39897775"},
{"type":"Feature","properties":{"mag":3.1,"place":"56 km NNE of Kobuk, Alaska","time":1640696799525,"updated":1640700492040,"tz":null,"url":"https://earthquake.usgs.gov/earthquakes/eventpage/ak021gmwbmzv","detail":"https://earthquake.usgs.gov/earthquakes/feed/v1.0/detail/ak021gmwbmzv.geojson","felt":null,"cdi":null,"mmi":null,"alert":null,"status":"automatic","tsunami":0,"sig":148,"net":"ak","code":"021gmwbmzv","ids":",us6000gfv7,ak021gmwbmzv,","sources":",us,ak,","types":",origin,phase-data,","nst":null,"dmin":null,"rms":0.78,"gap":null,"magType":"ml","type":"earthquake","title":"M 3.1 - 56 km NNE of Kobuk, Alaska"},"geometry":{"type":"Point","coordinates":[-156.2909,67.3563,0.1]},"id":"ak021gmwbmzv"},
{"type":"Feature","properties":{"mag":1.91999996,"place":"7 km ENE of Pāhala, Hawaii","time":1640696745830,"updated":1640696939250,"tz":null,"url":"https://earthquake.usgs.gov/earthquakes/eventpage/hv72849317","detail":"https://earthquake.usgs.gov/earthquakes/feed/v1.0/detail/hv72849317.geojson","felt":null,"cdi":null,"mmi":null,"alert":null,"status":"automatic","tsunami":0,"sig":57,"net":"hv","code":"72849317","ids":",hv72849317,","sources":",hv,","types":",origin,phase-data,","nst":33,"dmin":null,"rms":0.100000001,"gap":158,"magType":"md","type":"earthquake","title":"M 1.9 - 7 km ENE of Pāhala, Hawaii"},"geometry":{"type":"Point","coordinates":[-155.413162231445,19.216667175293,32.5800018310547]},"id":"hv72849317"},
{"type":"Feature","properties":{"mag":1.99000001,"place":"9 km E of Pāhala, Hawaii","time":1640696247770,"updated":1640696432330,"tz":null,"url":"https://earthquake.usgs.gov/earthquakes/eventpage/hv72849312","detail":"https://earthquake.usgs.gov/earthquakes/feed/v1.0/detail/hv72849312.geojson","felt":null,"cdi":null,"mmi":null,"alert":null,"status":"automatic","tsunami":0,"sig":61,"net":"hv","code":"72849312","ids":",hv72849312,","sources":",hv,","types":",origin,phase-data,","nst":34,"dmin":null,"rms":0.119999997,"gap":161,"magType":"md","type":"earthquake","title":"M 2.0 - 9 km E of Pāhala, Hawaii"},"geometry":{"type":"Point","coordinates":[-155.384338378906,19.2014999389648,31.3400001525879]},"id":"hv72849312"},
{"type":"Feature","properties":{"mag":2,"place":"26 km E of Slana, Alaska","time":1640696188718,"updated":1640697116618,"tz":null,"url":"https://earthquake.usgs.gov/earthquakes/eventpage/ak021gmw0wc3","detail":"https://earthquake.usgs.gov/earthquakes/feed/v1.0/detail/ak021gmw0wc3.geojson","felt":null,"cdi":null,"mmi":null,"alert":null,"status":"automatic","tsunami":0,"sig":62,"net":"ak","code":"021gmw0wc3","ids":",ak021gmw0wc3,","sources":",ak,","types":",origin,","nst":null,"dmin":null,"rms":0.8,"gap":null,"magType":"ml","type":"earthquake","title":"M 2.0 - 26 km E of Slana, Alaska"},"geometry":{"type":"Point","coordinates":[-143.4534,62.6866,0]},"id":"ak021gmw0wc3"},
{"type":"Feature","properties":{"mag":2.5,"place":"100 km S of McCarthy, Alaska","time":1640695996052,"updated":1640696715540,"tz":null,"url":"https://earthquake.usgs.gov/earthquakes/eventpage/ak021gmw089j","detail":"https://earthquake.usgs.gov/earthquakes/feed/v1.0/detail/ak021gmw089j.geojson","felt":null,"cdi":null,"mmi":null,"alert":null,"status":"automatic","tsunami":0,"sig":96,"net":"ak","code":"021gmw089j","ids":",ak021gmw089j,","sources":",ak,","types":",origin,","nst":null,"dmin":null,"rms":0.81,"gap":null,"magType":"ml","type":"earthquake","title":"M 2.5 - 100 km S of McCarthy, Alaska"},"geometry":{"type":"Point","coordinates":[-142.7317,60.5349,2.8]},"id":"ak021gmw089j"},
{"type":"Feature","properties":{"mag":2.8,"place":"4 km SW of Gypsum, Kansas","time":1640694833249,"updated":1640741296915,"tz":null,"url":"https://earthquake.usgs.gov/earthquakes/eventpage/us6000gfuz","detail":"https://earthquake.usgs.gov/earthquakes/feed/v1.0/detail/us6000gfuz.geojson","felt":3,"cdi":2.2,"mmi":null,"alert":null,"status":"reviewed","tsunami":0,"sig":121,"net":"us","code":"6000gfuz","ids":",us6000gfuz,","sources":",us,","types":",dyfi,origin,phase-data,","nst":null,"dmin":0.74,"rms":0.53,"gap":82,"magType":"mb_lg","type":"earthquake","title":"M 2.8 - 4 km SW of Gypsum, Kansas"},"geometry":{"type":"Point","coordinates":[-97.4655,38.672,5]},"id":"us6000gfuz"},
{"type":"Feature","properties":{"mag":0.9,"place":"23 km ENE of Ashford, Washington","time":1640694771890,"updated":1640712836980,"tz":null,"url":"https://earthquake.usgs.gov/earthquakes/eventpage/uw61799667","detail":"https://earthquake.usgs.gov/earthquakes/feed/v1.0/detail/uw61799667.geojson","felt":null,"cdi":null,"mmi":null,"alert":null,"status":"reviewed","tsunami":0,"sig":12,"net":"uw","code":"61799667","ids":",uw61799667,","sources":",uw,","types":",origin,phase-data,","nst":13,"dmin":0.02264,"rms":0.07,"gap":71,"magType":"ml","type":"earthquake","title":"M 0.9 - 23 km ENE of Ashford, Washington"},"geometry":{"type":"Point","coordinates":[-121.76,46.8518333333333,1.56]},"id":"uw61799667"},
{"type":"Feature","properties":{"mag":1.97000003,"place":"10 km ENE of Pāhala, Hawaii","time":1640694093650,"updated":1640694291160,"tz":null,"url":"https://earthquake.usgs.gov/earthquakes/eventpage/hv72849292","detail":"https://earthquake.usgs.gov/earthquakes/feed/v1.0/detail/hv72849292.geojson","felt":null,"cdi":null,"mmi":null,"alert":null,"status":"automatic","tsunami":0,"sig":60,"net":"hv","code":"72849292","ids":",hv72849292,","sources":",hv,","types":",origin,phase-data,","nst":30,"dmin":null,"rms":0.119999997,"gap":136,"magType":"md","type":"earthquake","title":"M 2.0 - 10 km ENE of Pāhala, Hawaii"},"geometry":{"type":"Point","coordinates":[-155.389663696289,19.2473335266113,30.1000003814697]},"id":"hv72849292"},
{"type":"Feature","properties":{"mag":1,"place":"12 km NNW of Benton, California","time":1640694050992,"updated":1640745405251,"tz":null,"url":"https://earthquake.usgs.gov/earthquakes/eventpage/nn00830550","detail":"https://earthquake.usgs.gov/earthquakes/feed/v1.0/detail/nn00830550.geojson","felt":null,"cdi":null,"mmi":null,"alert":null,"status":"reviewed","tsunami":0,"sig":15,"net":"nn","code":"00830550","ids":",nn00830550,","sources":",nn,","types":",origin,phase-data,","nst":15,"dmin":0.34,"rms":0.1688,"gap":148.74,"magType":"ml","type":"earthquake","title":"M 1.0 - 12 km NNW of Benton, California"},"geometry":{"type":"Point","coordinates":[-118.5561,37.9139,4.9]},"id":"nn00830550"},
{"type":"Feature","properties":{"mag":2.8,"place":"10 km ENE of Pāhala, Hawaii","time":1640693545690,"updated":1640720587560,"tz":null,"url":"https://earthquake.usgs.gov/earthquakes/eventpage/hv72849287","detail":"https://earthquake.usgs.gov/earthquakes/feed/v1.0/detail/hv72849287.geojson","felt":null,"cdi":null,"mmi":null,"alert":null,"status":"reviewed","tsunami":0,"sig":121,"net":"hv","code":"72849287","ids":",hv72849287,","sources":",hv,","types":",origin,phase-data,","nst":47,"dmin":null,"rms":0.11,"gap":144,"magType":"ml","type":"earthquake","title":"M 2.8 - 10 km ENE of Pāhala, Hawaii"},"geometry":{"type":"Point","coordinates":[-155.386166666667,19.2358333333333,32.31]},"id":"hv72849287"},
{"type":"Feature","properties":{"mag":1.7,"place":"42 km WSW of Petersville, Alaska","time":1640693455509,"updated":1640693739154,"tz":null,"url":"https://earthquake.usgs.gov/earthquakes/eventpage/ak021gmvr3h2","detail":"https://earthquake.usgs.gov/earthquakes/feed/v1.0/detail/ak021gmvr3h2.geojson","felt":null,"cdi":null,"mmi":null,"alert":null,"status":"automatic","tsunami":0,"sig":44,"net":"ak","code":"021gmvr3h2","ids":",ak021gmvr3h2,","sources":",ak,","types":",origin,","nst":null,"dmin":null,"rms":0.74,"gap":null,"magType":"ml","type":"earthquake","title":"M 1.7 - 42 km WSW of Petersville, Alaska"},"geometry":{"type":"Point","coordinates":[-151.5495,62.3866,89.3]},"id":"ak021gmvr3h2"},
{"type":"Feature","properties":{"mag":2.07,"place":"39km NNE of Toms Place, CA","time":1640693210810,"updated":1640822110504,"tz":null,"url":"https://earthquake.usgs.gov/earthquakes/eventpage/nc73668896","detail":"https://earthquake.usgs.gov/earthquakes/feed/v1.0/detail/nc73668896.geojson","felt":null,"cdi":null,"mmi":null,"alert":null,"status":"reviewed","tsunami":0,"sig":66,"net":"nc","code":"73668896","ids":",nc73668896,nn00830548,","sources":",nc,nn,","types":",nearby-cities,origin,phase-data,scitech-link,","nst":22,"dmin":0.1997,"rms":0.06,"gap":88,"magType":"md","type":"earthquake","title":"M 2.1 - 39km NNE of Toms Place, CA"},"geometry":{"type":"Point","coordinates":[-118.5523333,37.8996667,6.52]},"id":"nc73668896"},
{"type":"Feature","properties":{"mag":2.04999995,"place":"3 km ENE of Pāhala, Hawaii","time":1640693181970,"updated":1640693373800,"tz":null,"url":"https://earthquake.usgs.gov/earthquakes/eventpage/hv72849282","detail":"https://earthquake.usgs.gov/earthquakes/feed/v1.0/detail/hv72849282.geojson","felt":null,"cdi":null,"mmi":null,"alert":null,"status":"automatic","tsunami":0,"sig":65,"net":"hv","code":"72849282","ids":",hv72849282,","sources":",hv,","types":",origin,phase-data,","nst":39,"dmin":null,"rms":0.109999999,"gap":117,"magType":"md","type":"earthquake","title":"M 2.0 - 3 km ENE of Pāhala, Hawaii"},"geometry":{"type":"Point","coordinates":[-155.449005126953,19.2121658325195,35.1300010681152]},"id":"hv72849282"},
{"type":"Feature","properties":{"mag":0.97,"place":"6 km E of Carnation, Washington","time":1640693111600,"updated":1640714403680,"tz":null,"url":"https://earthquake.usgs.gov/earthquakes/eventpage/uw61799662","detail":"https://earthquake.usgs.gov/earthquakes/feed/v1.0/detail/uw61799662.geojson","felt":null,"cdi":null,"mmi":null,"alert":null,"status":"reviewed","tsunami":0,"sig":14,"net":"uw","code":"61799662","ids":",uw61799662,","sources":",uw,","types":",origin,phase-data,","nst":23,"dmin":0.06848,"rms":0.09,"gap":94,"magType":"ml","type":"earthquake","title":"M 1.0 - 6 km E of Carnation, Washington"},"geometry":{"type":"Point","coordinates":[-121.833,47.6476666666667,17.55]},"id":"uw61799662"},
{"type":"Feature","properties":{"mag":1.4,"place":"33 km NNW of Nabesna, Alaska","time":1640692805258,"updated":1640693267804,"tz":null,"url":"https://earthquake.usgs.gov/earthquakes/eventpage/ak021gmvoug6","detail":"https://earthquake.usgs.gov/earthquakes/feed/v1.0/detail/ak021gmvoug6.geojson","felt":null,"cdi":null,"mmi":null,"alert":null,"status":"automatic","tsunami":0,"sig":30,"net":"ak","code":"021gmvoug6","ids":",ak021gmvoug6,","sources":",ak,","types":",origin,","nst":null,"dmin":null,"rms":0.98,"gap":null,"magType":"ml","type":"earthquake","title":"M 1.4 - 33 km NNW of Nabesna, Alaska"},"geometry":{"type":"Point","coordinates":[-143.2912,62.6449,0]},"id":"ak021gmvoug6"},
{"type":"Feature","properties":{"mag":2,"place":"Southern Alaska","time":1640692796706,"updated":1640693638673,"tz":null,"url":"https://earthquake.usgs.gov/earthquakes/eventpage/ak021gmvg610","detail":"https://earthquake.usgs.gov/earthquakes/feed/v1.0/detail/ak021gmvg610.geojson","felt":null,"cdi":null,"mmi":null,"alert":null,"status":"automatic","tsunami":0,"sig":62,"net":"ak","code":"021gmvg610","ids":",ak021gmvg610,","sources":",ak,","types":",origin,","nst":null,"dmin":null,"rms":0.69,"gap":null,"magType":"ml","type":"earthquake","title":"M 2.0 - Southern Alaska"},"geometry":{"type":"Point","coordinates":[-152.5355,59.7687,75.1]},"id":"ak021gmvg610"},
{"type":"Feature","properties":{"mag":1.86000001,"place":"8 km E of Pāhala, Hawaii","time":1640692741970,"updated":1640692941780,"tz":null,"url":"https://earthquake.usgs.gov/earthquakes/eventpage/hv72849272","detail":"https://earthquake.usgs.gov/earthquakes/feed/v1.0/detail/hv72849272.geojson","felt":null,"cdi":null,"mmi":null,"alert":null,"status":"automatic","tsunami":0,"sig":53,"net":"hv","code":"72849272","ids":",hv72849272,","sources":",hv,","types":",origin,phase-data,","nst":39,"dmin":null,"rms":0.109999999,"gap":172,"magType":"md","type":"earthquake","title":"M 1.9 - 8 km E of Pāhala, Hawaii"},"geometry":{"type":"Point","coordinates":[-155.393661499023,19.2026672363281,30.9500007629395]},"id":"hv72849272"},
{"type":"Feature","properties":{"mag":1.95000005,"place":"12 km SSE of Fern Forest, Hawaii","time":1640691490970,"updated":1640691680520,"tz":null,"url":"https://earthquake.usgs.gov/earthquakes/eventpage/hv72849252","detail":"https://earthquake.usgs.gov/earthquakes/feed/v1.0/detail/hv72849252.geojson","felt":null,"cdi":null,"mmi":null,"alert":null,"status":"automatic","tsunami":0,"sig":59,"net":"hv","code":"72849252","ids":",hv72849252,","sources":",hv,","types":",origin,phase-data,","nst":29,"dmin":null,"rms":0.270000011,"gap":151,"magType":"md","type":"earthquake","title":"M 2.0 - 12 km SSE of Fern Forest, Hawaii"},"geometry":{"type":"Point","coordinates":[-155.078338623047,19.3691673278809,5.23999977111816]},"id":"hv72849252"},
{"type":"Feature","properties":{"mag":1.33,"place":"6km E of Ocotillo Wells, CA","time":1640691074380,"updated":1640691333904,"tz":null,"url":"https://earthquake.usgs.gov/earthquakes/eventpage/ci39897759","detail":"https://earthquake.usgs.gov/earthquakes/feed/v1.0/detail/ci39897759.geojson","felt":null,"cdi":null,"mmi":null,"alert":null,"status":"automatic","tsunami":0,"sig":27,"net":"ci","code":"39897759","ids":",ci39897759,","sources":",ci,","types":",nearby-cities,origin,phase-data,scitech-link,","nst":30,"dmin":0.08259,"rms":0.28,"gap":52,"magType":"ml","type":"earthquake","title":"M 1.3 - 6km E of Ocotillo Wells, CA"},"geometry":{"type":"Point","coordinates":[-116.0703333,33.1446667,10.72]},"id":"ci39897759"},
{"type":"Feature","properties":{"mag":0.85,"place":"2km NNE of The Geysers, CA","time":1640691063430,"updated":1640718431975,"tz":null,"url":"https://earthquake.usgs.gov/earthquakes/eventpage/nc73668891","detail":"https://earthquake.usgs.gov/earthquakes/feed/v1.0/detail/nc73668891.geojson","felt":null,"cdi":null,"mmi":null,"alert":null,"status":"reviewed","tsunami":0,"sig":11,"net":"nc","code":"73668891","ids":",nc73668891,","sources":",nc,","types":",nearby-cities,origin,phase-data,scitech-link,","nst":32,"dmin":0.008453,"rms":0.04,"gap":84,"magType":"md","type":"earthquake","title":"M 0.9 - 2km NNE of The Geysers, CA"},"geometry":{"type":"Point","coordinates":[-122.7495,38.7978333,1.51]},"id":"nc73668891"},
{"type":"Feature","properties":{"mag":2.23,"place":"10 km ENE of Pāhala, Hawaii","time":1640690991970,"updated":1640691620040,"tz":null,"url":"https://earthquake.usgs.gov/earthquakes/eventpage/hv72849247","detail":"https://earthquake.usgs.gov/earthquakes/feed/v1.0/detail/hv72849247.geojson","felt":null,"cdi":null,"mmi":null,"alert":null,"status":"automatic","tsunami":0,"sig":77,"net":"hv","code":"72849247","ids":",us6000gfuj,hv72849247,","sources":",us,hv,","types":",origin,phase-data,","nst":41,"dmin":null,"rms":0.119999997,"gap":141,"magType":"ml","type":"earthquake","title":"M 2.2 - 10 km ENE of Pāhala, Hawaii"},"geometry":{"type":"Point","coordinates":[-155.386337280273,19.2413330078125,31.3700008392334]},"id":"hv72849247"},
{"type":"Feature","properties":{"mag":1.91,"place":"15km W of Searles Valley, CA","time":1640690941640,"updated":1640709549840,"tz":null,"url":"https://earthquake.usgs.gov/earthquakes/eventpage/ci39897751","detail":"https://earthquake.usgs.gov/earthquakes/feed/v1.0/detail/ci39897751.geojson","felt":null,"cdi":null,"mmi":null,"alert":null,"status":"reviewed","tsunami":0,"sig":56,"net":"ci","code":"39897751","ids":",ci39897751,","sources":",ci,","types":",focal-mechanism,nearby-cities,origin,phase-data,scitech-link,","nst":26,"dmin":0.06547,"rms":0.16,"gap":84,"magType":"ml","type":"earthquake","title":"M 1.9 - 15km W of Searles Valley, CA"},"geometry":{"type":"Point","coordinates":[-117.5726667,35.7533333,4.84]},"id":"ci39897751"},
{"type":"Feature","properties":{"mag":4.6,"place":"Carlsberg Ridge","time":1640689607215,"updated":1640690704040,"tz":null,"url":"https://earthquake.usgs.gov/earthquakes/eventpage/us6000gfuh","detail":"https://earthquake.usgs.gov/earthquakes/feed/v1.0/detail/us6000gfuh.geojson","felt":null,"cdi":null,"mmi":null,"alert":null,"status":"reviewed","tsunami":0,"sig":326,"net":"us","code":"6000gfuh","ids":",us6000gfuh,","sources":",us,","types":",origin,phase-data,","nst":null,"dmin":5.439,"rms":0.79,"gap":81,"magType":"mb","type":"earthquake","title":"M 4.6 - Carlsberg Ridge"},"geometry":{"type":"Point","coordinates":[68.1568,-2.0119,10]},"id":"us6000gfuh"},
{"type":"Feature","properties":{"mag":1.7,"place":"60 km SW of Cantwell, Alaska","time":1640689118201,"updated":1640689800865,"tz":null,"url":"https://earthquake.usgs.gov/earthquakes/eventpage/ak021gmuuhas","detail":"https://earthquake.usgs.gov/earthquakes/feed/v1.0/detail/ak021gmuuhas.geojson","felt":null,"cdi":null,"mmi":null,"alert":null,"status":"automatic","tsunami":0,"sig":44,"net":"ak","code":"021gmuuhas","ids":",ak021gmuuhas,","sources":",ak,","types":",origin,","nst":null,"dmin":null,"rms":0.52,"gap":null,"magType":"ml","type":"earthquake","title":"M 1.7 - 60 km SW of Cantwell, Alaska"},"geometry":{"type":"Point","coordinates":[-149.7866,62.9983,91.9]},"id":"ak021gmuuhas"},
{"type":"Feature","properties":{"mag":1.3,"place":"1 km SE of Coleville, California","time":1640688748675,"updated":1640745398282,"tz":null,"url":"https://earthquake.usgs.gov/earthquakes/eventpage/nn00830547","detail":"https://earthquake.usgs.gov/earthquakes/feed/v1.0/detail/nn00830547.geojson","felt":null,"cdi":null,"mmi":null,"alert":null,"status":"reviewed","tsunami":0,"sig":26,"net":"nn","code":"00830547","ids":",nn00830547,","sources":",nn,","types":",origin,phase-data,","nst":14,"dmin":0.038,"rms":0.099,"gap":122.8,"magType":"ml","type":"earthquake","title":"M 1.3 - 1 km SE of Coleville, California"},"geometry":{"type":"Point","coordinates":[-119.495,38.553,7.4]},"id":"nn00830547"},
{"type":"Feature","properties":{"mag":4.9,"place":"123 km NE of Lospalos, Timor Leste","time":1640688709074,"updated":1640689773040,"tz":null,"url":"https://earthquake.usgs.gov/earthquakes/eventpage/us6000gfuc","detail":"https://earthquake.usgs.gov/earthquakes/feed/v1.0/detail/us6000gfuc.geojson","felt":null,"cdi":null,"mmi":null,"alert":null,"status":"reviewed","tsunami":0,"sig":369,"net":"us","code":"6000gfuc","ids":",us6000gfuc,","sources":",us,","types":",origin,phase-data,","nst":null,"dmin":3.623,"rms":0.67,"gap":51,"magType":"mb","type":"earthquake","title":"M 4.9 - 123 km NE of Lospalos, Timor Leste"},"geometry":{"type":"Point","coordinates":[127.6601,-7.6221,167.29]},"id":"us6000gfuc"},
{"type":"Feature","properties":{"mag":1.08,"place":"12km N of Borrego Springs, CA","time":1640688695650,"updated":1640709612666,"tz":null,"url":"https://earthquake.usgs.gov/earthquakes/eventpage/ci39897743","detail":"https://earthquake.usgs.gov/earthquakes/feed/v1.0/detail/ci39897743.geojson","felt":null,"cdi":null,"mmi":null,"alert":null,"status":"reviewed","tsunami":0,"sig":18,"net":"ci","code":"39897743","ids":",ci39897743,","sources":",ci,","types":",nearby-cities,origin,phase-data,scitech-link,","nst":28,"dmin":0.07458,"rms":0.2,"gap":57,"magType":"ml","type":"earthquake","title":"M 1.1 - 12km N of Borrego Springs, CA"},"geometry":{"type":"Point","coordinates":[-116.3985,33.3571667,6.28]},"id":"ci39897743"},
{"type":"Feature","properties":{"mag":0.9,"place":"94 km N of Karluk, Alaska","time":1640687791599,"updated":1640688107039,"tz":null,"url":"https://earthquake.usgs.gov/earthquakes/eventpage/ak021gmupr13","detail":"https://earthquake.usgs.gov/earthquakes/feed/v1.0/detail/ak021gmupr13.geojson","felt":null,"cdi":null,"mmi":null,"alert":null,"status":"automatic","tsunami":0,"sig":12,"net":"ak","code":"021gmupr13","ids":",ak021gmupr13,","sources":",ak,","types":",origin,","nst":null,"dmin":null,"rms":0.19,"gap":null,"magType":"ml","type":"earthquake","title":"M 0.9 - 94 km N of Karluk, Alaska"},"geometry":{"type":"Point","coordinates":[-154.7505,58.4022,1.2]},"id":"ak021gmupr13"},
{"type":"Feature","properties":{"mag":2.07,"place":"7 km W of Captain Cook, Hawaii","time":1640687162710,"updated":1640718160950,"tz":null,"url":"https://earthquake.usgs.gov/earthquakes/eventpage/hv72849217","detail":"https://earthquake.usgs.gov/earthquakes/feed/v1.0/detail/hv72849217.geojson","felt":null,"cdi":null,"mmi":null,"alert":null,"status":"reviewed","tsunami":0,"sig":66,"net":"hv","code":"72849217","ids":",hv72849217,","sources":",hv,","types":",origin,phase-data,","nst":13,"dmin":null,"rms":0.15,"gap":201,"magType":"ml","type":"earthquake","title":"M 2.1 - 7 km W of Captain Cook, Hawaii"},"geometry":{"type":"Point","coordinates":[-155.997166666667,19.5003333333333,9.94]},"id":"hv72849217"},
{"type":"Feature","properties":{"mag":2.2,"place":"72 km W of Cantwell, Alaska","time":1640686634015,"updated":1640687171040,"tz":null,"url":"https://earthquake.usgs.gov/earthquakes/eventpage/ak021gmuln36","detail":"https://earthquake.usgs.gov/earthquakes/feed/v1.0/detail/ak021gmuln36.geojson","felt":null,"cdi":null,"mmi":null,"alert":null,"status":"automatic","tsunami":0,"sig":74,"net":"ak","code":"021gmuln36","ids":",us6000gfu9,ak021gmuln36,","sources":",us,ak,","types":",origin,phase-data,","nst":null,"dmin":null,"rms":0.51,"gap":null,"magType":"ml","type":"earthquake","title":"M 2.2 - 72 km W of Cantwell, Alaska"},"geometry":{"type":"Point","coordinates":[-150.3771,63.2871,116.1]},"id":"ak021gmuln36"},
{"type":"Feature","properties":{"mag":0.2,"place":"28 km SSW of Mina, Nevada","time":1640685818055,"updated":1640745416870,"tz":null,"url":"https://earthquake.usgs.gov/earthquakes/eventpage/nn00830576","detail":"https://earthquake.usgs.gov/earthquakes/feed/v1.0/detail/nn00830576.geojson","felt":null,"cdi":null,"mmi":null,"alert":null,"status":"reviewed","tsunami":0,"sig":1,"net":"nn","code":"00830576","ids":",nn00830576,","sources":",nn,","types":",origin,phase-data,","nst":9,"dmin":0.216,"rms":0.1033,"gap":178.93,"magType":"ml","type":"earthquake","title":"M 0.2 - 28 km SSW of Mina, Nevada"},"geometry":{"type":"Point","coordinates":[-118.2574,38.1583,2.7]},"id":"nn00830576"},
{"type":"Feature","properties":{"mag":3.3,"place":"17 km SW of Nanwalek, Alaska","time":1640685478471,"updated":1640687014094,"tz":null,"url":"https://earthquake.usgs.gov/earthquakes/eventpage/ak021gmu8vh9","detail":"https://earthquake.usgs.gov/earthquakes/feed/v1.0/detail/ak021gmu8vh9.geojson","felt":4,"cdi":2.7,"mmi":null,"alert":null,"status":"automatic","tsunami":0,"sig":169,"net":"ak","code":"021gmu8vh9","ids":",ak021gmu8vh9,us6000gfu7,","sources":",ak,us,","types":",dyfi,origin,phase-data,","nst":null,"dmin":null,"rms":0.57,"gap":null,"magType":"ml","type":"earthquake","title":"M 3.3 - 17 km SW of Nanwalek, Alaska"},"geometry":{"type":"Point","coordinates":[-152.1511,59.2503,34.8]},"id":"ak021gmu8vh9"},
{"type":"Feature","properties":{"mag":1.38,"place":"4km NNW of Fontana, CA","time":1640685276030,"updated":1640758408870,"tz":null,"url":"https://earthquake.usgs.gov/earthquakes/eventpage/ci39897735","detail":"https://earthquake.usgs.gov/earthquakes/feed/v1.0/detail/ci39897735.geojson","felt":2,"cdi":2.7,"mmi":null,"alert":null,"status":"automatic","tsunami":0,"sig":30,"net":"ci","code":"39897735","ids":",ci39897735,","sources":",ci,","types":",dyfi,nearby-cities,origin,phase-data,scitech-link,","nst":41,"dmin":0.07787,"rms":0.2,"gap":47,"magType":"ml","type":"earthquake","title":"M 1.4 - 4km NNW of Fontana, CA"},"geometry":{"type":"Point","coordinates":[-117.4813333,34.1286667,3.86]},"id":"ci39897735"},
{"type":"Feature","properties":{"mag":0.3,"place":"22 km WNW of Mina, Nevada","time":1640684797081,"updated":1640745415884,"tz":null,"url":"https://earthquake.usgs.gov/earthquakes/eventpage/nn00830575","detail":"https://earthquake.usgs.gov/earthquakes/feed/v1.0/detail/nn00830575.geojson","felt":null,"cdi":null,"mmi":null,"alert":null,"status":"reviewed","tsunami":0,"sig":1,"net":"nn","code":"00830575","ids":",nn00830575,","sources":",nn,","types":",origin,phase-data,","nst":8,"dmin":0.025,"rms":0.0801,"gap":248.86,"magType":"ml","type":"earthquake","title":"M 0.3 - 22 km WNW of Mina, Nevada"},"geometry":{"type":"Point","coordinates":[-118.3477,38.4586,1.7]},"id":"nn00830575"},
{"type":"Feature","properties":{"mag":1.1,"place":"13km N of Indio, CA","time":1640684786010,"updated":1640685047147,"tz":null,"url":"https://earthquake.usgs.gov/earthquakes/eventpage/ci39897727","detail":"https://earthquake.usgs.gov/earthquakes/feed/v1.0/detail/ci39897727.geojson","felt":null,"cdi":null,"mmi":null,"alert":null,"status":"automatic","tsunami":0,"sig":19,"net":"ci","code":"39897727","ids":",ci39897727,","sources":",ci,","types":",nearby-cities,origin,phase-data,scitech-link,","nst":24,"dmin":0.04714,"rms":0.19,"gap":105,"magType":"ml","type":"earthquake","title":"M 1.1 - 13km N of Indio, CA"},"geometry":{"type":"Point","coordinates":[-116.2,33.8405,10.67]},"id":"ci39897727"},
{"type":"Feature","properties":{"mag":2.25,"place":"2 km E of Maria Antonia, Puerto Rico","time":1640684464850,"updated":1640686065486,"tz":null,"url":"https://earthquake.usgs.gov/earthquakes/eventpage/pr2021362009","detail":"https://earthquake.usgs.gov/earthquakes/feed/v1.0/detail/pr2021362009.geojson","felt":null,"cdi":null,"mmi":null,"alert":null,"status":"reviewed","tsunami":0,"sig":78,"net":"pr","code":"2021362009","ids":",pr2021362009,","sources":",pr,","types":",origin,phase-data,","nst":12,"dmin":0.0183,"rms":0.13,"gap":185,"magType":"md","type":"earthquake","title":"M 2.3 - 2 km E of Maria Antonia, Puerto Rico"},"geometry":{"type":"Point","coordinates":[-66.8611,17.9781,13]},"id":"pr2021362009"},
{"type":"Feature","properties":{"mag":0.74,"place":"10km NNE of Morgan Hill, CA","time":1640684332610,"updated":1640774890915,"tz":null,"url":"https://earthquake.usgs.gov/earthquakes/eventpage/nc73668881","detail":"https://earthquake.usgs.gov/earthquakes/feed/v1.0/detail/nc73668881.geojson","felt":null,"cdi":null,"mmi":null,"alert":null,"status":"reviewed","tsunami":0,"sig":8,"net":"nc","code":"73668881","ids":",nc73668881,","sources":",nc,","types":",nearby-cities,origin,phase-data,scitech-link,","nst":15,"dmin":0.05588,"rms":0.06,"gap":64,"magType":"md","type":"earthquake","title":"M 0.7 - 10km NNE of Morgan Hill, CA"},"geometry":{"type":"Point","coordinates":[-121.606,37.217,3.3]},"id":"nc73668881"},
{"type":"Feature","properties":{"mag":1.64,"place":"16km E of Ocotillo Wells, CA","time":1640684009580,"updated":1640684270346,"tz":null,"url":"https://earthquake.usgs.gov/earthquakes/eventpage/ci39897719","detail":"https://earthquake.usgs.gov/earthquakes/feed/v1.0/detail/ci39897719.geojson","felt":null,"cdi":null,"mmi":null,"alert":null,"status":"automatic","tsunami":0,"sig":41,"net":"ci","code":"39897719","ids":",ci39897719,","sources":",ci,","types":",nearby-cities,origin,phase-data,scitech-link,","nst":41,"dmin":0.1135,"rms":0.27,"gap":34,"magType":"ml","type":"earthquake","title":"M 1.6 - 16km E of Ocotillo Wells, CA"},"geometry":{"type":"Point","coordinates":[-115.958,33.1173333,4.92]},"id":"ci39897719"},
{"type":"Feature","properties":{"mag":1.7,"place":"44 km S of Manley Hot Springs, Alaska","time":1640683849296,"updated":1640684538537,"tz":null,"url":"https://earthquake.usgs.gov/earthquakes/eventpage/ak021gmu32hn","detail":"https://earthquake.usgs.gov/earthquakes/feed/v1.0/detail/ak021gmu32hn.geojson","felt":null,"cdi":null,"mmi":null,"alert":null,"status":"automatic","tsunami":0,"sig":44,"net":"ak","code":"021gmu32hn","ids":",ak021gmu32hn,","sources":",ak,","types":",origin,","nst":null,"dmin":null,"rms":0.81,"gap":null,"magType":"ml","type":"earthquake","title":"M 1.7 - 44 km S of Manley Hot Springs, Alaska"},"geometry":{"type":"Point","coordinates":[-150.8007,64.6047,16.9]},"id":"ak021gmu32hn"},
{"type":"Feature","properties":{"mag":1.6,"place":"1 km S of Coleville, California","time":1640683730411,"updated":1640745396720,"tz":null,"url":"https://earthquake.usgs.gov/earthquakes/eventpage/nn00830544","detail":"https://earthquake.usgs.gov/earthquakes/feed/v1.0/detail/nn00830544.geojson","felt":null,"cdi":null,"mmi":null,"alert":null,"status":"reviewed","tsunami":0,"sig":39,"net":"nn","code":"00830544","ids":",nn00830544,","sources":",nn,","types":",origin,phase-data,","nst":21,"dmin":0.033,"rms":0.1927,"gap":67.68,"magType":"ml","type":"earthquake","title":"M 1.6 - 1 km S of Coleville, California"},"geometry":{"type":"Point","coordinates":[-119.5073,38.5547,8.2]},"id":"nn00830544"},
{"type":"Feature","properties":{"mag":1.1,"place":"1 km SSW of Coleville, California","time":1640683655356,"updated":1640712314096,"tz":null,"url":"https://earthquake.usgs.gov/earthquakes/eventpage/nn00830542","detail":"https://earthquake.usgs.gov/earthquakes/feed/v1.0/detail/nn00830542.geojson","felt":null,"cdi":null,"mmi":null,"alert":null,"status":"reviewed","tsunami":0,"sig":19,"net":"nn","code":"00830542","ids":",nn00830542,","sources":",nn,","types":",origin,phase-data,","nst":19,"dmin":0.03,"rms":0.1803,"gap":67.83,"magType":"ml","type":"earthquake","title":"M 1.1 - 1 km SSW of Coleville, California"},"geometry":{"type":"Point","coordinates":[-119.5096,38.5567,7.7]},"id":"nn00830542"},
{"type":"Feature","properties":{"mag":2.14,"place":"11km SSE of Bodfish, CA","time":1640683465630,"updated":1640733735540,"tz":null,"url":"https://earthquake.usgs.gov/earthquakes/eventpage/ci39897711","detail":"https://earthquake.usgs.gov/earthquakes/feed/v1.0/detail/ci39897711.geojson","felt":1,"cdi":2,"mmi":null,"alert":null,"status":"reviewed","tsunami":0,"sig":71,"net":"ci","code":"39897711","ids":",ci39897711,","sources":",ci,","types":",dyfi,nearby-cities,origin,phase-data,scitech-link,","nst":40,"dmin":0.1647,"rms":0.19,"gap":32,"magType":"ml","type":"earthquake","title":"M 2.1 - 11km SSE of Bodfish, CA"},"geometry":{"type":"Point","coordinates":[-118.4381667,35.5003333,2.94]},"id":"ci39897711"},
{"type":"Feature","properties":{"mag":0.63,"place":"22km E of Little Lake, CA","time":1640683258560,"updated":1640709745778,"tz":null,"url":"https://earthquake.usgs.gov/earthquakes/eventpage/ci39897703","detail":"https://earthquake.usgs.gov/earthquakes/feed/v1.0/detail/ci39897703.geojson","felt":null,"cdi":null,"mmi":null,"alert":null,"status":"reviewed","tsunami":0,"sig":6,"net":"ci","code":"39897703","ids":",ci39897703,","sources":",ci,","types":",nearby-cities,origin,phase-data,scitech-link,","nst":8,"dmin":0.02214,"rms":0.12,"gap":71,"magType":"ml","type":"earthquake","title":"M 0.6 - 22km E of Little Lake, CA"},"geometry":{"type":"Point","coordinates":[-117.6661667,35.966,4.1]},"id":"ci39897703"},
{"type":"Feature","properties":{"mag":1.94,"place":"3 km N of Blytheville, Arkansas","time":1640682901630,"updated":1640702994090,"tz":null,"url":"https://earthquake.usgs.gov/earthquakes/eventpage/nm60377871","detail":"https://earthquake.usgs.gov/earthquakes/feed/v1.0/detail/nm60377871.geojson","felt":null,"cdi":null,"mmi":null,"alert":null,"status":"reviewed","tsunami":0,"sig":58,"net":"nm","code":"60377871","ids":",nm60377871,","sources":",nm,","types":",origin,phase-data,","nst":27,"dmin":0.04091,"rms":0.09,"gap":71,"magType":"md","type":"earthquake","title":"M 1.9 - 3 km N of Blytheville, Arkansas"},"geometry":{"type":"Point","coordinates":[-89.9186667,35.9595,11.27]},"id":"nm60377871"},
{"type":"Feature","properties":{"mag":0.84,"place":"8km SSW of Idyllwild, CA","time":1640682416390,"updated":1640709813110,"tz":null,"url":"https://earthquake.usgs.gov/earthquakes/eventpage/ci39897695","detail":"https://earthquake.usgs.gov/earthquakes/feed/v1.0/detail/ci39897695.geojson","felt":null,"cdi":null,"mmi":null,"alert":null,"status":"reviewed","tsunami":0,"sig":11,"net":"ci","code":"39897695","ids":",ci39897695,","sources":",ci,","types":",nearby-cities,origin,phase-data,scitech-link,","nst":17,"dmin":0.04801,"rms":0.09,"gap":74,"magType":"ml","type":"earthquake","title":"M 0.8 - 8km SSW of Idyllwild, CA"},"geometry":{"type":"Point","coordinates":[-116.7408333,33.6685,13.61]},"id":"ci39897695"},
{"type":"Feature","properties":{"mag":1.5,"place":"58 km W of Happy Valley, Alaska","time":1640682270114,"updated":1640722351531,"tz":null,"url":"https://earthquake.usgs.gov/earthquakes/eventpage/ak021gmtxgid","detail":"https://earthquake.usgs.gov/earthquakes/feed/v1.0/detail/ak021gmtxgid.geojson","felt":null,"cdi":null,"mmi":null,"alert":null,"status":"reviewed","tsunami":0,"sig":35,"net":"ak","code":"021gmtxgid","ids":",ak021gmtxgid,","sources":",ak,","types":",origin,phase-data,","nst":null,"dmin":null,"rms":0.32,"gap":null,"magType":"ml","type":"earthquake","title":"M 1.5 - 58 km W of Happy Valley, Alaska"},"geometry":{"type":"Point","coordinates":[-152.7568,60.0501,91.8]},"id":"ak021gmtxgid"},
{"type":"Feature","properties":{"mag":1.8,"place":"10 km S of Volcano, Hawaii","time":1640681547790,"updated":1640681878020,"tz":null,"url":"https://earthquake.usgs.gov/earthquakes/eventpage/hv72849152","detail":"https://earthquake.usgs.gov/earthquakes/feed/v1.0/detail/hv72849152.geojson","felt":null,"cdi":null,"mmi":null,"alert":null,"status":"automatic","tsunami":0,"sig":50,"net":"hv","code":"72849152","ids":",hv72849152,","sources":",hv,","types":",origin,phase-data,","nst":40,"dmin":null,"rms":0.100000001,"gap":155,"magType":"ml","type":"earthquake","title":"M 1.8 - 10 km S of Volcano, Hawaii"},"geometry":{"type":"Point","coordinates":[-155.229995727539,19.3500003814697,27.5599994659424]},"id":"hv72849152"},
{"type":"Feature","properties":{"mag":1.3,"place":"5 km ENE of Topaz, California","time":1640681188953,"updated":1640711746957,"tz":null,"url":"https://earthquake.usgs.gov/earthquakes/eventpage/nn00830540","detail":"https://earthquake.usgs.gov/earthquakes/feed/v1.0/detail/nn00830540.geojson","felt":null,"cdi":null,"mmi":null,"alert":null,"status":"reviewed","tsunami":0,"sig":26,"net":"nn","code":"00830540","ids":",nn00830540,","sources":",nn,","types":",origin,phase-data,","nst":16,"dmin":0.072,"rms":0.1894,"gap":102.35,"magType":"ml","type":"earthquake","title":"M 1.3 - 5 km ENE of Topaz, California"},"geometry":{"type":"Point","coordinates":[-119.4613,38.6414,6.8]},"id":"nn00830540"},
{"type":"Feature","properties":{"mag":1.75999999,"place":"1 km NE of Pāhala, Hawaii","time":1640680435040,"updated":1640680631390,"tz":null,"url":"https://earthquake.usgs.gov/earthquakes/eventpage/hv72849137","detail":"https://earthquake.usgs.gov/earthquakes/feed/v1.0/detail/hv72849137.geojson","felt":null,"cdi":null,"mmi":null,"alert":null,"status":"automatic","tsunami":0,"sig":48,"net":"hv","code":"72849137","ids":",hv72849137,","sources":",hv,","types":",origin,phase-data,","nst":34,"dmin":null,"rms":0.119999997,"gap":136,"magType":"md","type":"earthquake","title":"M 1.8 - 1 km NE of Pāhala, Hawaii"},"geometry":{"type":"Point","coordinates":[-155.465835571289,19.2145004272461,34.4199981689453]},"id":"hv72849137"},
{"type":"Feature","properties":{"mag":2.16,"place":"4km NW of The Geysers, CA","time":1640680144480,"updated":1640692630236,"tz":null,"url":"https://earthquake.usgs.gov/earthquakes/eventpage/nc73668856","detail":"https://earthquake.usgs.gov/earthquakes/feed/v1.0/detail/nc73668856.geojson","felt":null,"cdi":null,"mmi":null,"alert":null,"status":"automatic","tsunami":0,"sig":72,"net":"nc","code":"73668856","ids":",nc73668856,","sources":",nc,","types":",nearby-cities,origin,phase-data,scitech-link,","nst":23,"dmin":0.01127,"rms":0.31,"gap":85,"magType":"md","type":"earthquake","title":"M 2.2 - 4km NW of The Geysers, CA"},"geometry":{"type":"Point","coordinates":[-122.7868347,38.7988319,-0.82]},"id":"nc73668856"},
{"type":"Feature","properties":{"mag":1.8,"place":"19 km SSE of Karluk, Alaska","time":1640680031358,"updated":1640721368686,"tz":null,"url":"https://earthquake.usgs.gov/earthquakes/eventpage/ak021gmtgx0r","detail":"https://earthquake.usgs.gov/earthquakes/feed/v1.0/detail/ak021gmtgx0r.geojson","felt":null,"cdi":null,"mmi":null,"alert":null,"status":"reviewed","tsunami":0,"sig":50,"net":"ak","code":"021gmtgx0r","ids":",ak021gmtgx0r,","sources":",ak,","types":",origin,phase-data,","nst":null,"dmin":null,"rms":0.49,"gap":null,"magType":"ml","type":"earthquake","title":"M 1.8 - 19 km SSE of Karluk, Alaska"},"geometry":{"type":"Point","coordinates":[-154.3024,57.4111,36.5]},"id":"ak021gmtgx0r"},
{"type":"Feature","properties":{"mag":0.8,"place":"16km ESE of Little Lake, CA","time":1640679754760,"updated":1640709880010,"tz":null,"url":"https://earthquake.usgs.gov/earthquakes/eventpage/ci39897679","detail":"https://earthquake.usgs.gov/earthquakes/feed/v1.0/detail/ci39897679.geojson","felt":null,"cdi":null,"mmi":null,"alert":null,"status":"reviewed","tsunami":0,"sig":10,"net":"ci","code":"39897679","ids":",ci39897679,","sources":",ci,","types":",nearby-cities,origin,phase-data,scitech-link,","nst":8,"dmin":0.07853,"rms":0.04,"gap":110,"magType":"ml","type":"earthquake","title":"M 0.8 - 16km ESE of Little Lake, CA"},"geometry":{"type":"Point","coordinates":[-117.7368333,35.9061667,10.58]},"id":"ci39897679"},
{"type":"Feature","properties":{"mag":0.49,"place":"17km ESE of Little Lake, CA","time":1640679735300,"updated":1640679996831,"tz":null,"url":"https://earthquake.usgs.gov/earthquakes/eventpage/ci39897671","detail":"https://earthquake.usgs.gov/earthquakes/feed/v1.0/detail/ci39897671.geojson","felt":null,"cdi":null,"mmi":null,"alert":null,"status":"automatic","tsunami":0,"sig":4,"net":"ci","code":"39897671","ids":",ci39897671,","sources":",ci,","types":",nearby-cities,origin,phase-data,scitech-link,","nst":13,"dmin":0.0821,"rms":0.19,"gap":77,"magType":"ml","type":"earthquake","title":"M 0.5 - 17km ESE of Little Lake, CA"},"geometry":{"type":"Point","coordinates":[-117.7265,35.8846667,1.52]},"id":"ci39897671"},
{"type":"Feature","properties":{"mag":1.55,"place":"8 km W of Clear Creek, Utah","time":1640679652190,"updated":1640798284520,"tz":null,"url":"https://earthquake.usgs.gov/earthquakes/eventpage/uu60474767","detail":"https://earthquake.usgs.gov/earthquakes/feed/v1.0/detail/uu60474767.geojson","felt":null,"cdi":null,"mmi":null,"alert":null,"status":"reviewed","tsunami":0,"sig":37,"net":"uu","code":"60474767","ids":",uu60474767,","sources":",uu,","types":",origin,phase-data,","nst":9,"dmin":0.03224,"rms":0.14,"gap":206,"magType":"md","type":"earthquake","title":"M 1.6 - 8 km W of Clear Creek, Utah"},"geometry":{"type":"Point","coordinates":[-111.2455,39.6381667,-1.68]},"id":"uu60474767"},
{"type":"Feature","properties":{"mag":2.38,"place":"7 km SSE of Maria Antonia, Puerto Rico","time":1640679583100,"updated":1640682057905,"tz":null,"url":"https://earthquake.usgs.gov/earthquakes/eventpage/pr2021362008","detail":"https://earthquake.usgs.gov/earthquakes/feed/v1.0/detail/pr2021362008.geojson","felt":null,"cdi":null,"mmi":null,"alert":null,"status":"reviewed","tsunami":0,"sig":87,"net":"pr","code":"2021362008","ids":",pr2021362008,","sources":",pr,","types":",origin,phase-data,","nst":12,"dmin":0.0645,"rms":0.12,"gap":228,"magType":"md","type":"earthquake","title":"M 2.4 - 7 km SSE of Maria Antonia, Puerto Rico"},"geometry":{"type":"Point","coordinates":[-66.8695,17.9113,17]},"id":"pr2021362008"},
{"type":"Feature","properties":{"mag":4.2,"place":"Komandorskiye Ostrova, Russia region","time":1640679490538,"updated":1640757846040,"tz":null,"url":"https://earthquake.usgs.gov/earthquakes/eventpage/us6000gftv","detail":"https://earthquake.usgs.gov/earthquakes/feed/v1.0/detail/us6000gftv.geojson","felt":null,"cdi":null,"mmi":null,"alert":null,"status":"reviewed","tsunami":0,"sig":271,"net":"us","code":"6000gftv","ids":",us6000gftv,","sources":",us,","types":",origin,phase-data,","nst":null,"dmin":3.829,"rms":0.92,"gap":145,"magType":"mb","type":"earthquake","title":"M 4.2 - Komandorskiye Ostrova, Russia region"},"geometry":{"type":"Point","coordinates":[168.3941,54.4931,35.69]},"id":"us6000gftv"},
{"type":"Feature","properties":{"mag":1.9,"place":"17km ESE of Julian, CA","time":1640678691430,"updated":1640709949202,"tz":null,"url":"https://earthquake.usgs.gov/earthquakes/eventpage/ci39897663","detail":"https://earthquake.usgs.gov/earthquakes/feed/v1.0/detail/ci39897663.geojson","felt":null,"cdi":null,"mmi":null,"alert":null,"status":"reviewed","tsunami":0,"sig":56,"net":"ci","code":"39897663","ids":",ci39897663,","sources":",ci,","types":",nearby-cities,origin,phase-data,scitech-link,","nst":53,"dmin":0.1513,"rms":0.21,"gap":43,"magType":"ml","type":"earthquake","title":"M 1.9 - 17km ESE of Julian, CA"},"geometry":{"type":"Point","coordinates":[-116.4233333,33.0423333,9.67]},"id":"ci39897663"},
{"type":"Feature","properties":{"mag":-0.07,"place":"16 km SE of Lincoln, Montana","time":1640678649230,"updated":1640704378950,"tz":null,"url":"https://earthquake.usgs.gov/earthquakes/eventpage/mb80534629","detail":"https://earthquake.usgs.gov/earthquakes/feed/v1.0/detail/mb80534629.geojson","felt":null,"cdi":null,"mmi":null,"alert":null,"status":"reviewed","tsunami":0,"sig":0,"net":"mb","code":"80534629","ids":",mb80534629,","sources":",mb,","types":",origin,phase-data,","nst":5,"dmin":0.039,"rms":0.05,"gap":199,"magType":"ml","type":"earthquake","title":"M -0.1 - 16 km SE of Lincoln, Montana"},"geometry":{"type":"Point","coordinates":[-112.5128333,46.8635,14.4]},"id":"mb80534629"},
{"type":"Feature","properties":{"mag":1,"place":"48 km SSE of Nelchina, Alaska","time":1640678142114,"updated":1640721057663,"tz":null,"url":"https://earthquake.usgs.gov/earthquakes/eventpage/ak021gmt1ifl","detail":"https://earthquake.usgs.gov/earthquakes/feed/v1.0/detail/ak021gmt1ifl.geojson","felt":null,"cdi":null,"mmi":null,"alert":null,"status":"reviewed","tsunami":0,"sig":15,"net":"ak","code":"021gmt1ifl","ids":",ak021gmt1ifl,","sources":",ak,","types":",origin,phase-data,","nst":null,"dmin":null,"rms":0.39,"gap":null,"magType":"ml","type":"earthquake","title":"M 1.0 - 48 km SSE of Nelchina, Alaska"},"geometry":{"type":"Point","coordinates":[-146.4257,61.5844,38.5]},"id":"ak021gmt1ifl"},
{"type":"Feature","properties":{"mag":1.90999997,"place":"8 km E of Pāhala, Hawaii","time":1640677617520,"updated":1640677804050,"tz":null,"url":"https://earthquake.usgs.gov/earthquakes/eventpage/hv72849107","detail":"https://earthquake.usgs.gov/earthquakes/feed/v1.0/detail/hv72849107.geojson","felt":null,"cdi":null,"mmi":null,"alert":null,"status":"automatic","tsunami":0,"sig":56,"net":"hv","code":"72849107","ids":",hv72849107,","sources":",hv,","types":",origin,phase-data,","nst":33,"dmin":null,"rms":0.100000001,"gap":157,"magType":"md","type":"earthquake","title":"M 1.9 - 8 km E of Pāhala, Hawaii"},"geometry":{"type":"Point","coordinates":[-155.402328491211,19.2058334350586,32.9300003051758]},"id":"hv72849107"},
{"type":"Feature","properties":{"mag":1.88,"place":"6 km NE of Pāhala, Hawaii","time":1640677213650,"updated":1640677410030,"tz":null,"url":"https://earthquake.usgs.gov/earthquakes/eventpage/hv72849102","detail":"https://earthquake.usgs.gov/earthquakes/feed/v1.0/detail/hv72849102.geojson","felt":null,"cdi":null,"mmi":null,"alert":null,"status":"automatic","tsunami":0,"sig":54,"net":"hv","code":"72849102","ids":",hv72849102,","sources":",hv,","types":",origin,phase-data,","nst":40,"dmin":null,"rms":0.119999997,"gap":114,"magType":"md","type":"earthquake","title":"M 1.9 - 6 km NE of Pāhala, Hawaii"},"geometry":{"type":"Point","coordinates":[-155.437164306641,19.2446670532227,32.4900016784668]},"id":"hv72849102"},
{"type":"Feature","properties":{"mag":1.5,"place":"40 km NW of Petersville, Alaska","time":1640675345764,"updated":1640678315544,"tz":null,"url":"https://earthquake.usgs.gov/earthquakes/eventpage/ak021gmsrlw0","detail":"https://earthquake.usgs.gov/earthquakes/feed/v1.0/detail/ak021gmsrlw0.geojson","felt":null,"cdi":null,"mmi":null,"alert":null,"status":"automatic","tsunami":0,"sig":35,"net":"ak","code":"021gmsrlw0","ids":",ak021gmsrlw0,","sources":",ak,","types":",origin,","nst":null,"dmin":null,"rms":0.47,"gap":null,"magType":"ml","type":"earthquake","title":"M 1.5 - 40 km NW of Petersville, Alaska"},"geometry":{"type":"Point","coordinates":[-151.2712,62.7739,85.7]},"id":"ak021gmsrlw0"},
{"type":"Feature","properties":{"mag":4.7,"place":"Nicobar Islands, India region","time":1640675177249,"updated":1640676792040,"tz":null,"url":"https://earthquake.usgs.gov/earthquakes/eventpage/us6000gft3","detail":"https://earthquake.usgs.gov/earthquakes/feed/v1.0/detail/us6000gft3.geojson","felt":null,"cdi":null,"mmi":null,"alert":null,"status":"reviewed","tsunami":0,"sig":340,"net":"us","code":"6000gft3","ids":",us6000gft3,","sources":",us,","types":",origin,phase-data,","nst":null,"dmin":5.685,"rms":0.42,"gap":141,"magType":"mb","type":"earthquake","title":"M 4.7 - Nicobar Islands, India region"},"geometry":{"type":"Point","coordinates":[93.8615,8.313,31.85]},"id":"us6000gft3"},
{"type":"Feature","properties":{"mag":4.7,"place":"140 km SE of Ambon, Indonesia","time":1640675151448,"updated":1640676304040,"tz":null,"url":"https://earthquake.usgs.gov/earthquakes/eventpage/us6000gft5","detail":"https://earthquake.usgs.gov/earthquakes/feed/v1.0/detail/us6000gft5.geojson","felt":null,"cdi":null,"mmi":null,"alert":null,"status":"reviewed","tsunami":0,"sig":340,"net":"us","code":"6000gft5","ids":",us6000gft5,","sources":",us,","types":",origin,phase-data,","nst":null,"dmin":3.732,"rms":0.69,"gap":47,"magType":"mb","type":"earthquake","title":"M 4.7 - 140 km SE of Ambon, Indonesia"},"geometry":{"type":"Point","coordinates":[128.9561,-4.7027,26.4]},"id":"us6000gft5"},
{"type":"Feature","properties":{"mag":1.11,"place":"14km ENE of Julian, CA","time":1640675023330,"updated":1640675704530,"tz":null,"url":"https://earthquake.usgs.gov/earthquakes/eventpage/ci39897647","detail":"https://earthquake.usgs.gov/earthquakes/feed/v1.0/detail/ci39897647.geojson","felt":null,"cdi":null,"mmi":null,"alert":null,"status":"automatic","tsunami":0,"sig":19,"net":"ci","code":"39897647","ids":",ci39897647,","sources":",ci,","types":",focal-mechanism,nearby-cities,origin,phase-data,scitech-link,","nst":36,"dmin":0.1217,"rms":0.23,"gap":41,"magType":"ml","type":"earthquake","title":"M 1.1 - 14km ENE of Julian, CA"},"geometry":{"type":"Point","coordinates":[-116.465,33.1303333,10.55]},"id":"ci39897647"},
{"type":"Feature","properties":{"mag":2.06,"place":"16 km SSE of Sunnyside, Utah","time":1640673979620,"updated":1640735550880,"tz":null,"url":"https://earthquake.usgs.gov/earthquakes/eventpage/uu60474762","detail":"https://earthquake.usgs.gov/earthquakes/feed/v1.0/detail/uu60474762.geojson","felt":null,"cdi":null,"mmi":null,"alert":null,"status":"reviewed","tsunami":0,"sig":65,"net":"uu","code":"60474762","ids":",uu60474762,","sources":",uu,","types":",origin,phase-data,","nst":15,"dmin":0.02668,"rms":0.19,"gap":186,"magType":"ml","type":"earthquake","title":"M 2.1 - 16 km SSE of Sunnyside, Utah"},"geometry":{"type":"Point","coordinates":[-110.2906667,39.4248333,-3.38]},"id":"uu60474762"},
{"type":"Feature","properties":{"mag":1.72,"place":"3km NE of The Geysers, CA","time":1640673864030,"updated":1640688071601,"tz":null,"url":"https://earthquake.usgs.gov/earthquakes/eventpage/nc73668846","detail":"https://earthquake.usgs.gov/earthquakes/feed/v1.0/detail/nc73668846.geojson","felt":null,"cdi":null,"mmi":null,"alert":null,"status":"automatic","tsunami":0,"sig":46,"net":"nc","code":"73668846","ids":",nc73668846,","sources":",nc,","types":",nearby-cities,origin,phase-data,scitech-link,","nst":7,"dmin":0.04534,"rms":0.04,"gap":143,"magType":"md","type":"earthquake","title":"M 1.7 - 3km NE of The Geysers, CA"},"geometry":{"type":"Point","coordinates":[-122.7393341,38.7960014,0.86]},"id":"nc73668846"},
{"type":"Feature","properties":{"mag":1.2,"place":"27 km WSW of Salamatof, Alaska","time":1640673760475,"updated":1640675540014,"tz":null,"url":"https://earthquake.usgs.gov/earthquakes/eventpage/ak021gmsdblc","detail":"https://earthquake.usgs.gov/earthquakes/feed/v1.0/detail/ak021gmsdblc.geojson","felt":null,"cdi":null,"mmi":null,"alert":null,"status":"automatic","tsunami":0,"sig":22,"net":"ak","code":"021gmsdblc","ids":",ak021gmsdblc,","sources":",ak,","types":",origin,","nst":null,"dmin":null,"rms":1.25,"gap":null,"magType":"ml","type":"earthquake","title":"M 1.2 - 27 km WSW of Salamatof, Alaska"},"geometry":{"type":"Point","coordinates":[-151.776,60.511,31.8]},"id":"ak021gmsdblc"},
{"type":"Feature","properties":{"mag":1.6,"place":"11 km W of Houston, Alaska","time":1640673359653,"updated":1640675539861,"tz":null,"url":"https://earthquake.usgs.gov/earthquakes/eventpage/ak021gmsbv20","detail":"https://earthquake.usgs.gov/earthquakes/feed/v1.0/detail/ak021gmsbv20.geojson","felt":null,"cdi":null,"mmi":null,"alert":null,"status":"automatic","tsunami":0,"sig":39,"net":"ak","code":"021gmsbv20","ids":",ak021gmsbv20,","sources":",ak,","types":",origin,","nst":null,"dmin":null,"rms":0.74,"gap":null,"magType":"ml","type":"earthquake","title":"M 1.6 - 11 km W of Houston, Alaska"},"geometry":{"type":"Point","coordinates":[-150.0268,61.6273,32.2]},"id":"ak021gmsbv20"},
{"type":"Feature","properties":{"mag":2.67,"place":"2 km W of Indios, Puerto Rico","time":1640673214230,"updated":1640674517375,"tz":null,"url":"https://earthquake.usgs.gov/earthquakes/eventpage/pr2021362007","detail":"https://earthquake.usgs.gov/earthquakes/feed/v1.0/detail/pr2021362007.geojson","felt":null,"cdi":null,"mmi":null,"alert":null,"status":"reviewed","tsunami":0,"sig":110,"net":"pr","code":"2021362007","ids":",pr2021362007,","sources":",pr,","types":",origin,phase-data,","nst":18,"dmin":0.0415,"rms":0.11,"gap":148,"magType":"md","type":"earthquake","title":"M 2.7 - 2 km W of Indios, Puerto Rico"},"geometry":{"type":"Point","coordinates":[-66.8421,17.9936,14]},"id":"pr2021362007"},
{"type":"Feature","properties":{"mag":1.86000001,"place":"5 km E of Pāhala, Hawaii","time":1640672403050,"updated":1640672601720,"tz":null,"url":"https://earthquake.usgs.gov/earthquakes/eventpage/hv72849067","detail":"https://earthquake.usgs.gov/earthquakes/feed/v1.0/detail/hv72849067.geojson","felt":null,"cdi":null,"mmi":null,"alert":null,"status":"automatic","tsunami":0,"sig":53,"net":"hv","code":"72849067","ids":",hv72849067,","sources":",hv,","types":",origin,phase-data,","nst":31,"dmin":null,"rms":0.109999999,"gap":154,"magType":"md","type":"earthquake","title":"M 1.9 - 5 km E of Pāhala, Hawaii"},"geometry":{"type":"Point","coordinates":[-155.42333984375,19.2113342285156,33.6100006103516]},"id":"hv72849067"},
{"type":"Feature","properties":{"mag":1.7,"place":"26 km NNW of Chickaloon, Alaska","time":1640672274101,"updated":1640672833714,"tz":null,"url":"https://earthquake.usgs.gov/earthquakes/eventpage/ak021gms7zpt","detail":"https://earthquake.usgs.gov/earthquakes/feed/v1.0/detail/ak021gms7zpt.geojson","felt":null,"cdi":null,"mmi":null,"alert":null,"status":"automatic","tsunami":0,"sig":44,"net":"ak","code":"021gms7zpt","ids":",ak021gms7zpt,","sources":",ak,","types":",origin,","nst":null,"dmin":null,"rms":0.59,"gap":null,"magType":"ml","type":"earthquake","title":"M 1.7 - 26 km NNW of Chickaloon, Alaska"},"geometry":{"type":"Point","coordinates":[-148.6078,62.0202,40.2]},"id":"ak021gms7zpt"},
{"type":"Feature","properties":{"mag":2.93,"place":"4 km SSW of Pāhala, Hawaii","time":1640670671750,"updated":1640722151254,"tz":null,"url":"https://earthquake.usgs.gov/earthquakes/eventpage/hv72849052","detail":"https://earthquake.usgs.gov/earthquakes/feed/v1.0/detail/hv72849052.geojson","felt":1,"cdi":2.2,"mmi":null,"alert":null,"status":"reviewed","tsunami":0,"sig":132,"net":"hv","code":"72849052","ids":",hv72849052,us6000gfsq,","sources":",hv,us,","types":",dyfi,origin,phase-data,","nst":48,"dmin":null,"rms":0.11,"gap":98,"magType":"ml","type":"earthquake","title":"M 2.9 - 4 km SSW of Pāhala, Hawaii"},"geometry":{"type":"Point","coordinates":[-155.494166666667,19.1696666666667,36.74]},"id":"hv72849052"},
{"type":"Feature","properties":{"mag":1.12,"place":"15km ESE of Little Lake, CA","time":1640670176240,"updated":1640710082633,"tz":null,"url":"https://earthquake.usgs.gov/earthquakes/eventpage/ci39897639","detail":"https://earthquake.usgs.gov/earthquakes/feed/v1.0/detail/ci39897639.geojson","felt":null,"cdi":null,"mmi":null,"alert":null,"status":"reviewed","tsunami":0,"sig":19,"net":"ci","code":"39897639","ids":",ci39897639,","sources":",ci,","types":",nearby-cities,origin,phase-data,scitech-link,","nst":13,"dmin":0.07918,"rms":0.08,"gap":61,"magType":"ml","type":"earthquake","title":"M 1.1 - 15km ESE of Little Lake, CA"},"geometry":{"type":"Point","coordinates":[-117.7413333,35.9,8.9]},"id":"ci39897639"},
{"type":"Feature","properties":{"mag":0.66,"place":"16km E of Little Lake, CA","time":1640670021450,"updated":1640670283592,"tz":null,"url":"https://earthquake.usgs.gov/earthquakes/eventpage/ci39897631","detail":"https://earthquake.usgs.gov/earthquakes/feed/v1.0/detail/ci39897631.geojson","felt":null,"cdi":null,"mmi":null,"alert":null,"status":"automatic","tsunami":0,"sig":7,"net":"ci","code":"39897631","ids":",ci39897631,","sources":",ci,","types":",nearby-cities,origin,phase-data,scitech-link,","nst":10,"dmin":0.07679,"rms":0.13,"gap":72,"magType":"ml","type":"earthquake","title":"M 0.7 - 16km E of Little Lake, CA"},"geometry":{"type":"Point","coordinates":[-117.7328333,35.9101667,15.22]},"id":"ci39897631"},
{"type":"Feature","properties":{"mag":1.35,"place":"16km ESE of Little Lake, CA","time":1640669964670,"updated":1640672425303,"tz":null,"url":"https://earthquake.usgs.gov/earthquakes/eventpage/ci39897623","detail":"https://earthquake.usgs.gov/earthquakes/feed/v1.0/detail/ci39897623.geojson","felt":1,"cdi":2,"mmi":null,"alert":null,"status":"automatic","tsunami":0,"sig":28,"net":"ci","code":"39897623","ids":",ci39897623,","sources":",ci,","types":",dyfi,nearby-cities,origin,phase-data,scitech-link,","nst":20,"dmin":0.08055,"rms":0.14,"gap":53,"magType":"ml","type":"earthquake","title":"M 1.4 - 16km ESE of Little Lake, CA"},"geometry":{"type":"Point","coordinates":[-117.7398333,35.8993333,6.69]},"id":"ci39897623"},
{"type":"Feature","properties":{"mag":2.39,"place":"8 km ENE of Pāhala, Hawaii","time":1640669940930,"updated":1640670482040,"tz":null,"url":"https://earthquake.usgs.gov/earthquakes/eventpage/hv72849037","detail":"https://earthquake.usgs.gov/earthquakes/feed/v1.0/detail/hv72849037.geojson","felt":null,"cdi":null,"mmi":null,"alert":null,"status":"automatic","tsunami":0,"sig":88,"net":"hv","code":"72849037","ids":",us6000gfsp,hv72849037,","sources":",us,hv,","types":",origin,phase-data,","nst":45,"dmin":null,"rms":0.100000001,"gap":148,"magType":"ml","type":"earthquake","title":"M 2.4 - 8 km ENE of Pāhala, Hawaii"},"geometry":{"type":"Point","coordinates":[-155.397506713867,19.2213325500488,32.2799987792969]},"id":"hv72849037"},
{"type":"Feature","properties":{"mag":0.69,"place":"11km E of Alum Rock, CA","time":1640669909540,"updated":1640774291225,"tz":null,"url":"https://earthquake.usgs.gov/earthquakes/eventpage/nc73668841","detail":"https://earthquake.usgs.gov/earthquakes/feed/v1.0/detail/nc73668841.geojson","felt":null,"cdi":null,"mmi":null,"alert":null,"status":"reviewed","tsunami":0,"sig":7,"net":"nc","code":"73668841","ids":",nc73668841,","sources":",nc,","types":",nearby-cities,origin,phase-data,scitech-link,","nst":14,"dmin":0.05326,"rms":0.05,"gap":77,"magType":"md","type":"earthquake","title":"M 0.7 - 11km E of Alum Rock, CA"},"geometry":{"type":"Point","coordinates":[-121.7086667,37.3495,8.19]},"id":"nc73668841"},
{"type":"Feature","properties":{"mag":2.5,"place":"61 km SSW of Whites City, New Mexico","time":1640669853679,"updated":1640672661040,"tz":null,"url":"https://earthquake.usgs.gov/earthquakes/eventpage/us6000gfsn","detail":"https://earthquake.usgs.gov/earthquakes/feed/v1.0/detail/us6000gfsn.geojson","felt":null,"cdi":null,"mmi":null,"alert":null,"status":"reviewed","tsunami":0,"sig":96,"net":"us","code":"6000gfsn","ids":",us6000gfsn,","sources":",us,","types":",origin,phase-data,","nst":null,"dmin":0.058,"rms":0.17,"gap":72,"magType":"ml","type":"earthquake","title":"M 2.5 - 61 km SSW of Whites City, New Mexico"},"geometry":{"type":"Point","coordinates":[-104.5606,31.6407,5]},"id":"us6000gfsn"},
{"type":"Feature","properties":{"mag":1.8,"place":"46 km ENE of Lake Minchumina, Alaska","time":1640669749509,"updated":1640670018136,"tz":null,"url":"https://earthquake.usgs.gov/earthquakes/eventpage/ak021gmrqeo3","detail":"https://earthquake.usgs.gov/earthquakes/feed/v1.0/detail/ak021gmrqeo3.geojson","felt":null,"cdi":null,"mmi":null,"alert":null,"status":"automatic","tsunami":0,"sig":50,"net":"ak","code":"021gmrqeo3","ids":",ak021gmrqeo3,","sources":",ak,","types":",origin,","nst":null,"dmin":null,"rms":0.54,"gap":null,"magType":"ml","type":"earthquake","title":"M 1.8 - 46 km ENE of Lake Minchumina, Alaska"},"geometry":{"type":"Point","coordinates":[-151.5222,64.1116,11.5]},"id":"ak021gmrqeo3"},
{"type":"Feature","properties":{"mag":1.62,"place":"20 km ENE of Hebgen Lake Estates, Montana","time":1640669701460,"updated":1640735209910,"tz":null,"url":"https://earthquake.usgs.gov/earthquakes/eventpage/uu60474757","detail":"https://earthquake.usgs.gov/earthquakes/feed/v1.0/detail/uu60474757.geojson","felt":null,"cdi":null,"mmi":null,"alert":null,"status":"reviewed","tsunami":0,"sig":40,"net":"uu","code":"60474757","ids":",uu60474757,","sources":",uu,","types":",origin,phase-data,","nst":17,"dmin":0.06511,"rms":0.14,"gap":125,"magType":"ml","type":"earthquake","title":"M 1.6 - 20 km ENE of Hebgen Lake Estates, Montana"},"geometry":{"type":"Point","coordinates":[-110.9338333,44.8151667,6.47]},"id":"uu60474757"},
{"type":"Feature","properties":{"mag":0.67,"place":"11km E of Alum Rock, CA","time":1640669534720,"updated":1640773930819,"tz":null,"url":"https://earthquake.usgs.gov/earthquakes/eventpage/nc73668836","detail":"https://earthquake.usgs.gov/earthquakes/feed/v1.0/detail/nc73668836.geojson","felt":null,"cdi":null,"mmi":null,"alert":null,"status":"reviewed","tsunami":0,"sig":7,"net":"nc","code":"73668836","ids":",nc73668836,","sources":",nc,","types":",nearby-cities,origin,phase-data,scitech-link,","nst":17,"dmin":0.05033,"rms":0.06,"gap":74,"magType":"md","type":"earthquake","title":"M 0.7 - 11km E of Alum Rock, CA"},"geometry":{"type":"Point","coordinates":[-121.7043333,37.3521667,8.07]},"id":"nc73668836"},
{"type":"Feature","properties":{"mag":2.9,"place":"58 km NNE of Petersville, Alaska","time":1640668808576,"updated":1640670093040,"tz":null,"url":"https://earthquake.usgs.gov/earthquakes/eventpage/ak021gmrn3oq","detail":"https://earthquake.usgs.gov/earthquakes/feed/v1.0/detail/ak021gmrn3oq.geojson","felt":null,"cdi":null,"mmi":null,"alert":null,"status":"automatic","tsunami":0,"sig":129,"net":"ak","code":"021gmrn3oq","ids":",us6000gfsj,ak021gmrn3oq,","sources":",us,ak,","types":",origin,phase-data,","nst":null,"dmin":null,"rms":0.58,"gap":null,"magType":"ml","type":"earthquake","title":"M 2.9 - 58 km NNE of Petersville, Alaska"},"geometry":{"type":"Point","coordinates":[-150.2843,62.9751,84.3]},"id":"ak021gmrn3oq"},
{"type":"Feature","properties":{"mag":2.4,"place":"3 km SSW of Indios, Puerto Rico","time":1640668655840,"updated":1640671062100,"tz":null,"url":"https://earthquake.usgs.gov/earthquakes/eventpage/pr2021362006","detail":"https://earthquake.usgs.gov/earthquakes/feed/v1.0/detail/pr2021362006.geojson","felt":null,"cdi":null,"mmi":null,"alert":null,"status":"reviewed","tsunami":0,"sig":89,"net":"pr","code":"2021362006","ids":",pr2021362006,","sources":",pr,","types":",origin,phase-data,","nst":15,"dmin":0.049,"rms":0.16,"gap":188,"magType":"md","type":"earthquake","title":"M 2.4 - 3 km SSW of Indios, Puerto Rico"},"geometry":{"type":"Point","coordinates":[-66.8313,17.9648,11]},"id":"pr2021362006"},
{"type":"Feature","properties":{"mag":1.1,"place":"47 km SSE of Nelchina, Alaska","time":1640666289577,"updated":1640720586338,"tz":null,"url":"https://earthquake.usgs.gov/earthquakes/eventpage/ak021gmr5j4m","detail":"https://earthquake.usgs.gov/earthquakes/feed/v1.0/detail/ak021gmr5j4m.geojson","felt":null,"cdi":null,"mmi":null,"alert":null,"status":"reviewed","tsunami":0,"sig":19,"net":"ak","code":"021gmr5j4m","ids":",ak021gmr5j4m,","sources":",ak,","types":",origin,phase-data,","nst":null,"dmin":null,"rms":0.44,"gap":null,"magType":"ml","type":"earthquake","title":"M 1.1 - 47 km SSE of Nelchina, Alaska"},"geometry":{"type":"Point","coordinates":[-146.5386,61.5812,28]},"id":"ak021gmr5j4m"},
{"type":"Feature","properties":{"mag":1.2,"place":"60 km SE of Denali National Park, Alaska","time":1640666032880,"updated":1640720215379,"tz":null,"url":"https://earthquake.usgs.gov/earthquakes/eventpage/ak021gmr4o5a","detail":"https://earthquake.usgs.gov/earthquakes/feed/v1.0/detail/ak021gmr4o5a.geojson","felt":null,"cdi":null,"mmi":null,"alert":null,"status":"reviewed","tsunami":0,"sig":22,"net":"ak","code":"021gmr4o5a","ids":",ak021gmr4o5a,","sources":",ak,","types":",origin,phase-data,","nst":null,"dmin":null,"rms":0.51,"gap":null,"magType":"ml","type":"earthquake","title":"M 1.2 - 60 km SE of Denali National Park, Alaska"},"geometry":{"type":"Point","coordinates":[-150.8263,63.1751,129.2]},"id":"ak021gmr4o5a"},
{"type":"Feature","properties":{"mag":3.23,"place":"69 km N of Isabela, Puerto Rico","time":1640666000340,"updated":1640669305443,"tz":null,"url":"https://earthquake.usgs.gov/earthquakes/eventpage/pr2021362005","detail":"https://earthquake.usgs.gov/earthquakes/feed/v1.0/detail/pr2021362005.geojson","felt":null,"cdi":null,"mmi":null,"alert":null,"status":"reviewed","tsunami":0,"sig":161,"net":"pr","code":"2021362005","ids":",pr2021362005,","sources":",pr,","types":",origin,phase-data,","nst":13,"dmin":0.6737,"rms":0.3,"gap":298,"magType":"md","type":"earthquake","title":"M 3.2 - 69 km N of Isabela, Puerto Rico"},"geometry":{"type":"Point","coordinates":[-66.9506,19.1218,23]},"id":"pr2021362005"},
{"type":"Feature","properties":{"mag":1.2,"place":"10km WNW of The Geysers, CA","time":1640665803820,"updated":1640718730999,"tz":null,"url":"https://earthquake.usgs.gov/earthquakes/eventpage/nc73668826","detail":"https://earthquake.usgs.gov/earthquakes/feed/v1.0/detail/nc73668826.geojson","felt":null,"cdi":null,"mmi":null,"alert":null,"status":"reviewed","tsunami":0,"sig":22,"net":"nc","code":"73668826","ids":",nc73668826,","sources":",nc,","types":",nearby-cities,origin,phase-data,scitech-link,","nst":37,"dmin":0.001693,"rms":0.03,"gap":62,"magType":"md","type":"earthquake","title":"M 1.2 - 10km WNW of The Geysers, CA"},"geometry":{"type":"Point","coordinates":[-122.8551667,38.8265,1.92]},"id":"nc73668826"},
{"type":"Feature","properties":{"mag":1.34,"place":"17km S of Trona, CA","time":1640665307440,"updated":1640665573921,"tz":null,"url":"https://earthquake.usgs.gov/earthquakes/eventpage/ci39897575","detail":"https://earthquake.usgs.gov/earthquakes/feed/v1.0/detail/ci39897575.geojson","felt":null,"cdi":null,"mmi":null,"alert":null,"status":"automatic","tsunami":0,"sig":28,"net":"ci","code":"39897575","ids":",ci39897575,","sources":",ci,","types":",nearby-cities,origin,phase-data,scitech-link,","nst":16,"dmin":0.05655,"rms":0.17,"gap":187,"magType":"ml","type":"earthquake","title":"M 1.3 - 17km S of Trona, CA"},"geometry":{"type":"Point","coordinates":[-117.4023333,35.6151667,10.72]},"id":"ci39897575"},
{"type":"Feature","properties":{"mag":1.7,"place":"5 km SW of Walker, California","time":1640665091154,"updated":1640711187266,"tz":null,"url":"https://earthquake.usgs.gov/earthquakes/eventpage/nn00830537","detail":"https://earthquake.usgs.gov/earthquakes/feed/v1.0/detail/nn00830537.geojson","felt":null,"cdi":null,"mmi":null,"alert":null,"status":"reviewed","tsunami":0,"sig":44,"net":"nn","code":"00830537","ids":",nn00830537,","sources":",nn,","types":",origin,phase-data,","nst":15,"dmin":0.11,"rms":0.1302,"gap":84.18,"magType":"ml","type":"earthquake","title":"M 1.7 - 5 km SW of Walker, California"},"geometry":{"type":"Point","coordinates":[-119.5223,38.4761,8.5]},"id":"nn00830537"},
{"type":"Feature","properties":{"mag":1.2,"place":"6 km E of Point MacKenzie, Alaska","time":1640664425231,"updated":1640664673812,"tz":null,"url":"https://earthquake.usgs.gov/earthquakes/eventpage/ak021gmqyvlj","detail":"https://earthquake.usgs.gov/earthquakes/feed/v1.0/detail/ak021gmqyvlj.geojson","felt":null,"cdi":null,"mmi":null,"alert":null,"status":"automatic","tsunami":0,"sig":22,"net":"ak","code":"021gmqyvlj","ids":",ak021gmqyvlj,","sources":",ak,","types":",origin,","nst":null,"dmin":null,"rms":0.46,"gap":null,"magType":"ml","type":"earthquake","title":"M 1.2 - 6 km E of Point MacKenzie, Alaska"},"geometry":{"type":"Point","coordinates":[-149.8593,61.3527,38.9]},"id":"ak021gmqyvlj"},
{"type":"Feature","properties":{"mag":1.2,"place":"21 km E of Susitna North, Alaska","time":1640663752712,"updated":1640664062558,"tz":null,"url":"https://earthquake.usgs.gov/earthquakes/eventpage/ak021gmqnu13","detail":"https://earthquake.usgs.gov/earthquakes/feed/v1.0/detail/ak021gmqnu13.geojson","felt":null,"cdi":null,"mmi":null,"alert":null,"status":"automatic","tsunami":0,"sig":22,"net":"ak","code":"021gmqnu13","ids":",ak021gmqnu13,","sources":",ak,","types":",origin,","nst":null,"dmin":null,"rms":0.38,"gap":null,"magType":"ml","type":"earthquake","title":"M 1.2 - 21 km E of Susitna North, Alaska"},"geometry":{"type":"Point","coordinates":[-149.4442,62.1984,24.7]},"id":"ak021gmqnu13"},
{"type":"Feature","properties":{"mag":1.4,"place":"20 km E of Susitna North, Alaska","time":1640663517535,"updated":1640663931976,"tz":null,"url":"https://earthquake.usgs.gov/earthquakes/eventpage/ak021gmqmzjd","detail":"https://earthquake.usgs.gov/earthquakes/feed/v1.0/detail/ak021gmqmzjd.geojson","felt":null,"cdi":null,"mmi":null,"alert":null,"status":"automatic","tsunami":0,"sig":30,"net":"ak","code":"021gmqmzjd","ids":",ak021gmqmzjd,","sources":",ak,","types":",origin,","nst":null,"dmin":null,"rms":0.32,"gap":null,"magType":"ml","type":"earthquake","title":"M 1.4 - 20 km E of Susitna North, Alaska"},"geometry":{"type":"Point","coordinates":[-149.4626,62.1853,18.8]},"id":"ak021gmqmzjd"},
{"type":"Feature","properties":{"mag":1.6,"place":"34 km ESE of West Yellowstone, Montana","time":1640663446420,"updated":1640792171400,"tz":null,"url":"https://earthquake.usgs.gov/earthquakes/eventpage/uu60029704","detail":"https://earthquake.usgs.gov/earthquakes/feed/v1.0/detail/uu60029704.geojson","felt":null,"cdi":null,"mmi":null,"alert":null,"status":"reviewed","tsunami":0,"sig":39,"net":"uu","code":"60029704","ids":",uu60029704,","sources":",uu,","types":",origin,phase-data,","nst":10,"dmin":0.05307,"rms":0.19,"gap":110,"magType":"ml","type":"earthquake","title":"M 1.6 - 34 km ESE of West Yellowstone, Montana"},"geometry":{"type":"Point","coordinates":[-110.6903333,44.5643333,5.68]},"id":"uu60029704"},
{"type":"Feature","properties":{"mag":0.21,"place":"34 km ESE of West Yellowstone, Montana","time":1640663441720,"updated":1640792574190,"tz":null,"url":"https://earthquake.usgs.gov/earthquakes/eventpage/uu60474747","detail":"https://earthquake.usgs.gov/earthquakes/feed/v1.0/detail/uu60474747.geojson","felt":null,"cdi":null,"mmi":null,"alert":null,"status":"reviewed","tsunami":0,"sig":1,"net":"uu","code":"60474747","ids":",uu60474747,","sources":",uu,","types":",origin,phase-data,","nst":11,"dmin":0.05103,"rms":0.16,"gap":111,"magType":"md","type":"earthquake","title":"M 0.2 - 34 km ESE of West Yellowstone, Montana"},"geometry":{"type":"Point","coordinates":[-110.6863333,44.5646667,6.88]},"id":"uu60474747"},
{"type":"Feature","properties":{"mag":1.3,"place":"28 km SE of Minto, Alaska","time":1640661550984,"updated":1640662288748,"tz":null,"url":"https://earthquake.usgs.gov/earthquakes/eventpage/ak021gmqg116","detail":"https://earthquake.usgs.gov/earthquakes/feed/v1.0/detail/ak021gmqg116.geojson","felt":null,"cdi":null,"mmi":null,"alert":null,"status":"automatic","tsunami":0,"sig":26,"net":"ak","code":"021gmqg116","ids":",ak021gmqg116,","sources":",ak,","types":",origin,","nst":null,"dmin":null,"rms":0.2,"gap":null,"magType":"ml","type":"earthquake","title":"M 1.3 - 28 km SE of Minto, Alaska"},"geometry":{"type":"Point","coordinates":[-148.9038,64.9763,7.4]},"id":"ak021gmqg116"},
{"type":"Feature","properties":{"mag":3.24,"place":"42 km NW of San Antonio, Puerto Rico","time":1640660998980,"updated":1640663621537,"tz":null,"url":"https://earthquake.usgs.gov/earthquakes/eventpage/pr2021362004","detail":"https://earthquake.usgs.gov/earthquakes/feed/v1.0/detail/pr2021362004.geojson","felt":null,"cdi":null,"mmi":null,"alert":null,"status":"reviewed","tsunami":0,"sig":162,"net":"pr","code":"2021362004","ids":",pr2021362004,","sources":",pr,","types":",origin,phase-data,","nst":26,"dmin":0.3998,"rms":0.26,"gap":208,"magType":"md","type":"earthquake","title":"M 3.2 - 42 km NW of San Antonio, Puerto Rico"},"geometry":{"type":"Point","coordinates":[-67.3463,18.7908,9]},"id":"pr2021362004"},
{"type":"Feature","properties":{"mag":1.8,"place":"38 km SSW of Cantwell, Alaska","time":1640660728171,"updated":1640661016342,"tz":null,"url":"https://earthquake.usgs.gov/earthquakes/eventpage/ak021gmqd2c2","detail":"https://earthquake.usgs.gov/earthquakes/feed/v1.0/detail/ak021gmqd2c2.geojson","felt":null,"cdi":null,"mmi":null,"alert":null,"status":"automatic","tsunami":0,"sig":50,"net":"ak","code":"021gmqd2c2","ids":",ak021gmqd2c2,","sources":",ak,","types":",origin,","nst":null,"dmin":null,"rms":0.73,"gap":null,"magType":"ml","type":"earthquake","title":"M 1.8 - 38 km SSW of Cantwell, Alaska"},"geometry":{"type":"Point","coordinates":[-149.2073,63.0686,0]},"id":"ak021gmqd2c2"},
{"type":"Feature","properties":{"mag":1.74,"place":"7 km SE of Elgin, South Carolina","time":1640660596210,"updated":1640818927054,"tz":null,"url":"https://earthquake.usgs.gov/earthquakes/eventpage/se60141343","detail":"https://earthquake.usgs.gov/earthquakes/feed/v1.0/detail/se60141343.geojson","felt":30,"cdi":3.1,"mmi":null,"alert":null,"status":"reviewed","tsunami":0,"sig":56,"net":"se","code":"60141343","ids":",us6000gfs0,se60141343,","sources":",us,se,","types":",dyfi,origin,phase-data,","nst":10,"dmin":0.304,"rms":0.38,"gap":66,"magType":"md","type":"earthquake","title":"M 1.7 - 7 km SE of Elgin, South Carolina"},"geometry":{"type":"Point","coordinates":[-80.7355,34.1215,4.89]},"id":"se60141343"},
{"type":"Feature","properties":{"mag":1.2,"place":"67 km WNW of Ninilchik, Alaska","time":1640660272092,"updated":1640660525294,"tz":null,"url":"https://earthquake.usgs.gov/earthquakes/eventpage/ak021gmq2tyf","detail":"https://earthquake.usgs.gov/earthquakes/feed/v1.0/detail/ak021gmq2tyf.geojson","felt":null,"cdi":null,"mmi":null,"alert":null,"status":"automatic","tsunami":0,"sig":22,"net":"ak","code":"021gmq2tyf","ids":",ak021gmq2tyf,","sources":",ak,","types":",origin,","nst":null,"dmin":null,"rms":0.53,"gap":null,"magType":"ml","type":"earthquake","title":"M 1.2 - 67 km WNW of Ninilchik, Alaska"},"geometry":{"type":"Point","coordinates":[-152.7803,60.2917,115.6]},"id":"ak021gmq2tyf"},
{"type":"Feature","properties":{"mag":1.3,"place":"7 km SW of Cromberg, California","time":1640660150272,"updated":1640745414961,"tz":null,"url":"https://earthquake.usgs.gov/earthquakes/eventpage/nn00830574","detail":"https://earthquake.usgs.gov/earthquakes/feed/v1.0/detail/nn00830574.geojson","felt":null,"cdi":null,"mmi":null,"alert":null,"status":"reviewed","tsunami":0,"sig":26,"net":"nn","code":"00830574","ids":",nn00830574,","sources":",nn,","types":",origin,phase-data,","nst":5,"dmin":0.311,"rms":0.1403,"gap":194.43,"magType":"ml","type":"earthquake","title":"M 1.3 - 7 km SW of Cromberg, California"},"geometry":{"type":"Point","coordinates":[-120.7595,39.819,4.4]},"id":"nn00830574"},
{"type":"Feature","properties":{"mag":1.99000001,"place":"8 km ENE of Pāhala, Hawaii","time":1640659018010,"updated":1640659208160,"tz":null,"url":"https://earthquake.usgs.gov/earthquakes/eventpage/hv72848952","detail":"https://earthquake.usgs.gov/earthquakes/feed/v1.0/detail/hv72848952.geojson","felt":null,"cdi":null,"mmi":null,"alert":null,"status":"automatic","tsunami":0,"sig":61,"net":"hv","code":"72848952","ids":",hv72848952,","sources":",hv,","types":",origin,phase-data,","nst":34,"dmin":null,"rms":0.0900000036,"gap":144,"magType":"md","type":"earthquake","title":"M 2.0 - 8 km ENE of Pāhala, Hawaii"},"geometry":{"type":"Point","coordinates":[-155.403671264648,19.2226657867432,32.5800018310547]},"id":"hv72848952"},
{"type":"Feature","properties":{"mag":1.26,"place":"16km W of Searles Valley, CA","time":1640657066180,"updated":1640710149635,"tz":null,"url":"https://earthquake.usgs.gov/earthquakes/eventpage/ci39897527","detail":"https://earthquake.usgs.gov/earthquakes/feed/v1.0/detail/ci39897527.geojson","felt":null,"cdi":null,"mmi":null,"alert":null,"status":"reviewed","tsunami":0,"sig":24,"net":"ci","code":"39897527","ids":",ci39897527,","sources":",ci,","types":",nearby-cities,origin,phase-data,scitech-link,","nst":15,"dmin":0.04226,"rms":0.15,"gap":129,"magType":"ml","type":"earthquake","title":"M 1.3 - 16km W of Searles Valley, CA"},"geometry":{"type":"Point","coordinates":[-117.5856667,35.7745,7.43]},"id":"ci39897527"},
{"type":"Feature","properties":{"mag":1.29,"place":"11km NNW of Anza, CA","time":1640657020700,"updated":1640710217247,"tz":null,"url":"https://earthquake.usgs.gov/earthquakes/eventpage/ci39897519","detail":"https://earthquake.usgs.gov/earthquakes/feed/v1.0/detail/ci39897519.geojson","felt":null,"cdi":null,"mmi":null,"alert":null,"status":"reviewed","tsunami":0,"sig":26,"net":"ci","code":"39897519","ids":",ci39897519,","sources":",ci,","types":",nearby-cities,origin,phase-data,scitech-link,","nst":28,"dmin":0.04771,"rms":0.17,"gap":50,"magType":"ml","type":"earthquake","title":"M 1.3 - 11km NNW of Anza, CA"},"geometry":{"type":"Point","coordinates":[-116.739,33.6366667,16.17]},"id":"ci39897519"},
{"type":"Feature","properties":{"mag":2,"place":"7 km E of Pāhala, Hawaii","time":1640656544310,"updated":1640656722130,"tz":null,"url":"https://earthquake.usgs.gov/earthquakes/eventpage/hv72848907","detail":"https://earthquake.usgs.gov/earthquakes/feed/v1.0/detail/hv72848907.geojson","felt":null,"cdi":null,"mmi":null,"alert":null,"status":"automatic","tsunami":0,"sig":62,"net":"hv","code":"72848907","ids":",hv72848907,","sources":",hv,","types":",origin,phase-data,","nst":33,"dmin":null,"rms":0.100000001,"gap":172,"magType":"md","type":"earthquake","title":"M 2.0 - 7 km E of Pāhala, Hawaii"},"geometry":{"type":"Point","coordinates":[-155.404006958008,19.1968326568604,32.5299987792969]},"id":"hv72848907"},
{"type":"Feature","properties":{"mag":4.5,"place":"18 km N of Stanton, Texas","time":1640656543776,"updated":1640782683193,"tz":null,"url":"https://earthquake.usgs.gov/earthquakes/eventpage/tx2021zjsk","detail":"https://earthquake.usgs.gov/earthquakes/feed/v1.0/detail/tx2021zjsk.geojson","felt":274,"cdi":5.4,"mmi":5.16,"alert":"green","status":"reviewed","tsunami":0,"sig":459,"net":"tx","code":"2021zjsk","ids":",us6000gfrb,tx2021zjsk,","sources":",us,tx,","types":",dyfi,losspager,moment-tensor,origin,phase-data,shakemap,","nst":12,"dmin":0.03074527364,"rms":0.1,"gap":79,"magType":"ml","type":"earthquake","title":"M 4.5 - 18 km N of Stanton, Texas"},"geometry":{"type":"Point","coordinates":[-101.7848466,32.29522705,7.801066081]},"id":"tx2021zjsk"},
{"type":"Feature","properties":{"mag":2.96,"place":"89 km NE of Punta Cana, Dominican Republic","time":1640656531170,"updated":1640658390920,"tz":null,"url":"https://earthquake.usgs.gov/earthquakes/eventpage/pr2021362003","detail":"https://earthquake.usgs.gov/earthquakes/feed/v1.0/detail/pr2021362003.geojson","felt":null,"cdi":null,"mmi":null,"alert":null,"status":"reviewed","tsunami":0,"sig":135,"net":"pr","code":"2021362003","ids":",pr2021362003,","sources":",pr,","types":",origin,phase-data,","nst":6,"dmin":1.2831,"rms":0.12,"gap":330,"magType":"md","type":"earthquake","title":"M 3.0 - 89 km NE of Punta Cana, Dominican Republic"},"geometry":{"type":"Point","coordinates":[-67.7663,19.1088,24]},"id":"pr2021362003"},
{"type":"Feature","properties":{"mag":1.88,"place":"9 km ENE of Pāhala, Hawaii","time":1640655805110,"updated":1640655987960,"tz":null,"url":"https://earthquake.usgs.gov/earthquakes/eventpage/hv72848897","detail":"https://earthquake.usgs.gov/earthquakes/feed/v1.0/detail/hv72848897.geojson","felt":null,"cdi":null,"mmi":null,"alert":null,"status":"automatic","tsunami":0,"sig":54,"net":"hv","code":"72848897","ids":",hv72848897,","sources":",hv,","types":",origin,phase-data,","nst":33,"dmin":null,"rms":0.119999997,"gap":144,"magType":"md","type":"earthquake","title":"M 1.9 - 9 km ENE of Pāhala, Hawaii"},"geometry":{"type":"Point","coordinates":[-155.38932800293,19.2339992523193,33.8499984741211]},"id":"hv72848897"},
{"type":"Feature","properties":{"mag":1.27,"place":"11km W of Morongo Valley, CA","time":1640655204170,"updated":1640655474860,"tz":null,"url":"https://earthquake.usgs.gov/earthquakes/eventpage/ci39897503","detail":"https://earthquake.usgs.gov/earthquakes/feed/v1.0/detail/ci39897503.geojson","felt":null,"cdi":null,"mmi":null,"alert":null,"status":"automatic","tsunami":0,"sig":25,"net":"ci","code":"39897503","ids":",ci39897503,","sources":",ci,","types":",nearby-cities,origin,phase-data,scitech-link,","nst":26,"dmin":0.1969,"rms":0.17,"gap":94,"magType":"ml","type":"earthquake","title":"M 1.3 - 11km W of Morongo Valley, CA"},"geometry":{"type":"Point","coordinates":[-116.7013333,34.0636667,10.21]},"id":"ci39897503"},
{"type":"Feature","properties":{"mag":1.4,"place":"63 km W of Happy Valley, Alaska","time":1640654987508,"updated":1640655255292,"tz":null,"url":"https://earthquake.usgs.gov/earthquakes/eventpage/ak021gmpbds7","detail":"https://earthquake.usgs.gov/earthquakes/feed/v1.0/detail/ak021gmpbds7.geojson","felt":null,"cdi":null,"mmi":null,"alert":null,"status":"automatic","tsunami":0,"sig":30,"net":"ak","code":"021gmpbds7","ids":",ak021gmpbds7,","sources":",ak,","types":",origin,","nst":null,"dmin":null,"rms":0.3,"gap":null,"magType":"ml","type":"earthquake","title":"M 1.4 - 63 km W of Happy Valley, Alaska"},"geometry":{"type":"Point","coordinates":[-152.8648,60.021,92.8]},"id":"ak021gmpbds7"},
{"type":"Feature","properties":{"mag":1.80999994,"place":"9 km WSW of Volcano, Hawaii","time":1640654853090,"updated":1640655184980,"tz":null,"url":"https://earthquake.usgs.gov/earthquakes/eventpage/hv72848882","detail":"https://earthquake.usgs.gov/earthquakes/feed/v1.0/detail/hv72848882.geojson","felt":null,"cdi":null,"mmi":null,"alert":null,"status":"automatic","tsunami":0,"sig":50,"net":"hv","code":"72848882","ids":",hv72848882,","sources":",hv,","types":",origin,phase-data,","nst":26,"dmin":null,"rms":0.300000012,"gap":74,"magType":"md","type":"earthquake","title":"M 1.8 - 9 km WSW of Volcano, Hawaii"},"geometry":{"type":"Point","coordinates":[-155.317001342773,19.4183330535889,4.34999990463257]},"id":"hv72848882"},
{"type":"Feature","properties":{"mag":1.29,"place":"14km W of Niland, CA","time":1640654640930,"updated":1640654911020,"tz":null,"url":"https://earthquake.usgs.gov/earthquakes/eventpage/ci39897495","detail":"https://earthquake.usgs.gov/earthquakes/feed/v1.0/detail/ci39897495.geojson","felt":null,"cdi":null,"mmi":null,"alert":null,"status":"automatic","tsunami":0,"sig":26,"net":"ci","code":"39897495","ids":",ci39897495,","sources":",ci,","types":",nearby-cities,origin,phase-data,scitech-link,","nst":11,"dmin":0.0508,"rms":0.2,"gap":194,"magType":"ml","type":"earthquake","title":"M 1.3 - 14km W of Niland, CA"},"geometry":{"type":"Point","coordinates":[-115.6641667,33.2201667,4.24]},"id":"ci39897495"},
{"type":"Feature","properties":{"mag":1.83000004,"place":"8 km ENE of Pāhala, Hawaii","time":1640654200900,"updated":1640654400690,"tz":null,"url":"https://earthquake.usgs.gov/earthquakes/eventpage/hv72848862","detail":"https://earthquake.usgs.gov/earthquakes/feed/v1.0/detail/hv72848862.geojson","felt":null,"cdi":null,"mmi":null,"alert":null,"status":"automatic","tsunami":0,"sig":52,"net":"hv","code":"72848862","ids":",hv72848862,","sources":",hv,","types":",origin,phase-data,","nst":29,"dmin":null,"rms":0.109999999,"gap":160,"magType":"md","type":"earthquake","title":"M 1.8 - 8 km ENE of Pāhala, Hawaii"},"geometry":{"type":"Point","coordinates":[-155.404006958008,19.2223339080811,32.0499992370605]},"id":"hv72848862"},
{"type":"Feature","properties":{"mag":2.22,"place":"3 km SW of Guánica, Puerto Rico","time":1640652176630,"updated":1640652933697,"tz":null,"url":"https://earthquake.usgs.gov/earthquakes/eventpage/pr2021362001","detail":"https://earthquake.usgs.gov/earthquakes/feed/v1.0/detail/pr2021362001.geojson","felt":null,"cdi":null,"mmi":null,"alert":null,"status":"reviewed","tsunami":0,"sig":76,"net":"pr","code":"2021362001","ids":",pr2021362001,","sources":",pr,","types":",origin,phase-data,","nst":9,"dmin":0.0541,"rms":0.11,"gap":209,"magType":"md","type":"earthquake","title":"M 2.2 - 3 km SW of Guánica, Puerto Rico"},"geometry":{"type":"Point","coordinates":[-66.9265,17.9488,10]},"id":"pr2021362001"},
{"type":"Feature","properties":{"mag":3.01,"place":"3 km SW of Guánica, Puerto Rico","time":1640651824420,"updated":1640653025497,"tz":null,"url":"https://earthquake.usgs.gov/earthquakes/eventpage/pr2021362002","detail":"https://earthquake.usgs.gov/earthquakes/feed/v1.0/detail/pr2021362002.geojson","felt":null,"cdi":null,"mmi":null,"alert":null,"status":"reviewed","tsunami":0,"sig":139,"net":"pr","code":"2021362002","ids":",pr2021362002,","sources":",pr,","types":",origin,phase-data,","nst":25,"dmin":0.056,"rms":0.17,"gap":183,"magType":"md","type":"earthquake","title":"M 3.0 - 3 km SW of Guánica, Puerto Rico"},"geometry":{"type":"Point","coordinates":[-66.9281,17.9478,9]},"id":"pr2021362002"},
{"type":"Feature","properties":{"mag":2.35,"place":"3 km SW of Guánica, Puerto Rico","time":1640651607690,"updated":1640652862753,"tz":null,"url":"https://earthquake.usgs.gov/earthquakes/eventpage/pr2021362000","detail":"https://earthquake.usgs.gov/earthquakes/feed/v1.0/detail/pr2021362000.geojson","felt":null,"cdi":null,"mmi":null,"alert":null,"status":"reviewed","tsunami":0,"sig":85,"net":"pr","code":"2021362000","ids":",pr2021362000,","sources":",pr,","types":",origin,phase-data,","nst":18,"dmin":0.0555,"rms":0.29,"gap":184,"magType":"md","type":"earthquake","title":"M 2.4 - 3 km SW of Guánica, Puerto Rico"},"geometry":{"type":"Point","coordinates":[-66.9271,17.947,8]},"id":"pr2021362000"},
{"type":"Feature","properties":{"mag":1.34,"place":"12km SSW of Wildomar, CA","time":1640651216820,"updated":1640710284639,"tz":null,"url":"https://earthquake.usgs.gov/earthquakes/eventpage/ci39897471","detail":"https://earthquake.usgs.gov/earthquakes/feed/v1.0/detail/ci39897471.geojson","felt":null,"cdi":null,"mmi":null,"alert":null,"status":"reviewed","tsunami":0,"sig":28,"net":"ci","code":"39897471","ids":",ci39897471,","sources":",ci,","types":",focal-mechanism,nearby-cities,origin,phase-data,scitech-link,","nst":27,"dmin":0.08274,"rms":0.16,"gap":77,"magType":"ml","type":"earthquake","title":"M 1.3 - 12km SSW of Wildomar, CA"},"geometry":{"type":"Point","coordinates":[-117.3286667,33.4978333,16.17]},"id":"ci39897471"},
{"type":"Feature","properties":{"mag":2.33,"place":"4km SSW of Armona, CA","time":1640650169510,"updated":1640780710876,"tz":null,"url":"https://earthquake.usgs.gov/earthquakes/eventpage/nc73668811","detail":"https://earthquake.usgs.gov/earthquakes/feed/v1.0/detail/nc73668811.geojson","felt":3,"cdi":2,"mmi":null,"alert":null,"status":"reviewed","tsunami":0,"sig":84,"net":"nc","code":"73668811","ids":",nc73668811,","sources":",nc,","types":",dyfi,nearby-cities,origin,phase-data,scitech-link,","nst":20,"dmin":0.3284,"rms":0.11,"gap":59,"magType":"md","type":"earthquake","title":"M 2.3 - 4km SSW of Armona, CA"},"geometry":{"type":"Point","coordinates":[-119.7161667,36.2816667,19.95]},"id":"nc73668811"},
{"type":"Feature","properties":{"mag":1.8,"place":"54 km W of Anchor Point, Alaska","time":1640650024860,"updated":1640650456129,"tz":null,"url":"https://earthquake.usgs.gov/earthquakes/eventpage/ak021gmol55h","detail":"https://earthquake.usgs.gov/earthquakes/feed/v1.0/detail/ak021gmol55h.geojson","felt":null,"cdi":null,"mmi":null,"alert":null,"status":"automatic","tsunami":0,"sig":50,"net":"ak","code":"021gmol55h","ids":",ak021gmol55h,","sources":",ak,","types":",origin,","nst":null,"dmin":null,"rms":0.5,"gap":null,"magType":"ml","type":"earthquake","title":"M 1.8 - 54 km W of Anchor Point, Alaska"},"geometry":{"type":"Point","coordinates":[-152.794,59.7283,81.1]},"id":"ak021gmol55h"},
{"type":"Feature","properties":{"mag":1.54,"place":"15km ESE of Little Lake, CA","time":1640649352350,"updated":1640710351560,"tz":null,"url":"https://earthquake.usgs.gov/earthquakes/eventpage/ci39897455","detail":"https://earthquake.usgs.gov/earthquakes/feed/v1.0/detail/ci39897455.geojson","felt":null,"cdi":null,"mmi":null,"alert":null,"status":"reviewed","tsunami":0,"sig":36,"net":"ci","code":"39897455","ids":",ci39897455,","sources":",ci,","types":",nearby-cities,origin,phase-data,scitech-link,","nst":17,"dmin":0.07754,"rms":0.12,"gap":62,"magType":"ml","type":"earthquake","title":"M 1.5 - 15km ESE of Little Lake, CA"},"geometry":{"type":"Point","coordinates":[-117.7416667,35.9023333,6.59]},"id":"ci39897455"},
{"type":"Feature","properties":{"mag":2.13,"place":"6 km ESE of Elgin, South Carolina","time":1640647370180,"updated":1640788925412,"tz":null,"url":"https://earthquake.usgs.gov/earthquakes/eventpage/se60141243","detail":"https://earthquake.usgs.gov/earthquakes/feed/v1.0/detail/se60141243.geojson","felt":91,"cdi":4.6,"mmi":null,"alert":null,"status":"reviewed","tsunami":0,"sig":112,"net":"se","code":"60141243","ids":",se60141243,us6000gfqb,","sources":",se,us,","types":",dyfi,origin,phase-data,","nst":16,"dmin":0.3121,"rms":0.44,"gap":64,"magType":"md","type":"earthquake","title":"M 2.1 - 6 km ESE of Elgin, South Carolina"},"geometry":{"type":"Point","coordinates":[-80.729,34.155,0.74]},"id":"se60141243"},
{"type":"Feature","properties":{"mag":2.4,"place":"228 km WSW of Adak, Alaska","time":1640646684005,"updated":1640719183005,"tz":null,"url":"https://earthquake.usgs.gov/earthquakes/eventpage/ak021glernwc","detail":"https://earthquake.usgs.gov/earthquakes/feed/v1.0/detail/ak021glernwc.geojson","felt":null,"cdi":null,"mmi":null,"alert":null,"status":"reviewed","tsunami":0,"sig":89,"net":"ak","code":"021glernwc","ids":",ak021glernwc,","sources":",ak,","types":",origin,phase-data,","nst":null,"dmin":null,"rms":0.65,"gap":null,"magType":"ml","type":"earthquake","title":"M 2.4 - 228 km WSW of Adak, Alaska"},"geometry":{"type":"Point","coordinates":[-179.8352,51.3824,10.3]},"id":"ak021glernwc"},
{"type":"Feature","properties":{"mag":2.01999998,"place":"6 km ENE of Pāhala, Hawaii","time":1640646203920,"updated":1640646391330,"tz":null,"url":"https://earthquake.usgs.gov/earthquakes/eventpage/hv72848737","detail":"https://earthquake.usgs.gov/earthquakes/feed/v1.0/detail/hv72848737.geojson","felt":null,"cdi":null,"mmi":null,"alert":null,"status":"automatic","tsunami":0,"sig":63,"net":"hv","code":"72848737","ids":",hv72848737,","sources":",hv,","types":",origin,phase-data,","nst":39,"dmin":null,"rms":0.109999999,"gap":130,"magType":"md","type":"earthquake","title":"M 2.0 - 6 km ENE of Pāhala, Hawaii"},"geometry":{"type":"Point","coordinates":[-155.422836303711,19.2273330688477,35.2799987792969]},"id":"hv72848737"},
{"type":"Feature","properties":{"mag":1.75999999,"place":"5 km S of Pāhala, Hawaii","time":1640645169980,"updated":1640645365150,"tz":null,"url":"https://earthquake.usgs.gov/earthquakes/eventpage/hv72848717","detail":"https://earthquake.usgs.gov/earthquakes/feed/v1.0/detail/hv72848717.geojson","felt":null,"cdi":null,"mmi":null,"alert":null,"status":"automatic","tsunami":0,"sig":48,"net":"hv","code":"72848717","ids":",hv72848717,","sources":",hv,","types":",origin,phase-data,","nst":35,"dmin":null,"rms":0.0900000036,"gap":143,"magType":"md","type":"earthquake","title":"M 1.8 - 5 km S of Pāhala, Hawaii"},"geometry":{"type":"Point","coordinates":[-155.481994628906,19.1526660919189,32.560001373291]},"id":"hv72848717"},
{"type":"Feature","properties":{"mag":2.52,"place":"6 km SSW of Lugoff, South Carolina","time":1640644701790,"updated":1640869799441,"tz":null,"url":"https://earthquake.usgs.gov/earthquakes/eventpage/se60141143","detail":"https://earthquake.usgs.gov/earthquakes/feed/v1.0/detail/se60141143.geojson","felt":163,"cdi":3.8,"mmi":null,"alert":null,"status":"reviewed","tsunami":0,"sig":160,"net":"se","code":"60141143","ids":",us6000gfq5,se60141143,","sources":",us,se,","types":",dyfi,origin,phase-data,","nst":18,"dmin":0.3131,"rms":0.44,"gap":62,"magType":"md","type":"earthquake","title":"M 2.5 - 6 km SSW of Lugoff, South Carolina"},"geometry":{"type":"Point","coordinates":[-80.7166667,34.1761667,2.4]},"id":"se60141143"},
{"type":"Feature","properties":{"mag":2.17,"place":"1 km W of La Parguera, Puerto Rico","time":1640644509190,"updated":1640648002549,"tz":null,"url":"https://earthquake.usgs.gov/earthquakes/eventpage/pr2021361010","detail":"https://earthquake.usgs.gov/earthquakes/feed/v1.0/detail/pr2021361010.geojson","felt":null,"cdi":null,"mmi":null,"alert":null,"status":"reviewed","tsunami":0,"sig":72,"net":"pr","code":"2021361010","ids":",pr2021361010,","sources":",pr,","types":",origin,phase-data,","nst":7,"dmin":0.0176,"rms":0.1,"gap":186,"magType":"md","type":"earthquake","title":"M 2.2 - 1 km W of La Parguera, Puerto Rico"},"geometry":{"type":"Point","coordinates":[-67.0601,17.9771,7]},"id":"pr2021361010"},
{"type":"Feature","properties":{"mag":1.2,"place":"65 km W of Happy Valley, Alaska","time":1640643254702,"updated":1640643490228,"tz":null,"url":"https://earthquake.usgs.gov/earthquakes/eventpage/ak021gle6uqm","detail":"https://earthquake.usgs.gov/earthquakes/feed/v1.0/detail/ak021gle6uqm.geojson","felt":null,"cdi":null,"mmi":null,"alert":null,"status":"automatic","tsunami":0,"sig":22,"net":"ak","code":"021gle6uqm","ids":",ak021gle6uqm,","sources":",ak,","types":",origin,","nst":null,"dmin":null,"rms":0.45,"gap":null,"magType":"ml","type":"earthquake","title":"M 1.2 - 65 km W of Happy Valley, Alaska"},"geometry":{"type":"Point","coordinates":[-152.8956,60.0281,101.4]},"id":"ak021gle6uqm"},
{"type":"Feature","properties":{"mag":3.44,"place":"89 km NE of Punta Cana, Dominican Republic","time":1640643038320,"updated":1640647326646,"tz":null,"url":"https://earthquake.usgs.gov/earthquakes/eventpage/pr2021361009","detail":"https://earthquake.usgs.gov/earthquakes/feed/v1.0/detail/pr2021361009.geojson","felt":null,"cdi":null,"mmi":null,"alert":null,"status":"reviewed","tsunami":0,"sig":182,"net":"pr","code":"2021361009","ids":",us6000gfq3,pr2021361009,","sources":",us,pr,","types":",origin,phase-data,","nst":19,"dmin":0.7517,"rms":0.51,"gap":241,"magType":"md","type":"earthquake","title":"M 3.4 - 89 km NE of Punta Cana, Dominican Republic"},"geometry":{"type":"Point","coordinates":[-67.7395,19.0896,3]},"id":"pr2021361009"},
{"type":"Feature","properties":{"mag":0.44,"place":"37 km NNE of Amboy, Washington","time":1640642888430,"updated":1640652411440,"tz":null,"url":"https://earthquake.usgs.gov/earthquakes/eventpage/uw61799632","detail":"https://earthquake.usgs.gov/earthquakes/feed/v1.0/detail/uw61799632.geojson","felt":null,"cdi":null,"mmi":null,"alert":null,"status":"reviewed","tsunami":0,"sig":3,"net":"uw","code":"61799632","ids":",uw61799632,","sources":",uw,","types":",origin,phase-data,","nst":14,"dmin":0.008283,"rms":0.1,"gap":156,"magType":"ml","type":"earthquake","title":"M 0.4 - 37 km NNE of Amboy, Washington"},"geometry":{"type":"Point","coordinates":[-122.190666666667,46.1915,4.37]},"id":"uw61799632"},
{"type":"Feature","properties":{"mag":1.26,"place":"5km E of Vallejo, CA","time":1640641829930,"updated":1640771714821,"tz":null,"url":"https://earthquake.usgs.gov/earthquakes/eventpage/nc73668801","detail":"https://earthquake.usgs.gov/earthquakes/feed/v1.0/detail/nc73668801.geojson","felt":null,"cdi":null,"mmi":null,"alert":null,"status":"reviewed","tsunami":0,"sig":24,"net":"nc","code":"73668801","ids":",nc73668801,","sources":",nc,","types":",nearby-cities,origin,phase-data,","nst":18,"dmin":0.02394,"rms":0.19,"gap":75,"magType":"md","type":"quarry blast","title":"M 1.3 Quarry Blast - 5km E of Vallejo, CA"},"geometry":{"type":"Point","coordinates":[-122.1786667,38.117,-0.09]},"id":"nc73668801"},
{"type":"Feature","properties":{"mag":0.9,"place":"16 km N of Sutton-Alpine, Alaska","time":1640641629845,"updated":1640641785727,"tz":null,"url":"https://earthquake.usgs.gov/earthquakes/eventpage/ak021gldshe0","detail":"https://earthquake.usgs.gov/earthquakes/feed/v1.0/detail/ak021gldshe0.geojson","felt":null,"cdi":null,"mmi":null,"alert":null,"status":"automatic","tsunami":0,"sig":12,"net":"ak","code":"021gldshe0","ids":",ak021gldshe0,","sources":",ak,","types":",origin,","nst":null,"dmin":null,"rms":0.52,"gap":null,"magType":"ml","type":"earthquake","title":"M 0.9 - 16 km N of Sutton-Alpine, Alaska"},"geometry":{"type":"Point","coordinates":[-148.7624,61.9269,40.3]},"id":"ak021gldshe0"},
{"type":"Feature","properties":{"mag":1.3,"place":"23 km NNW of Willow, Alaska","time":1640641040278,"updated":1640641685395,"tz":null,"url":"https://earthquake.usgs.gov/earthquakes/eventpage/ak021gldqd17","detail":"https://earthquake.usgs.gov/earthquakes/feed/v1.0/detail/ak021gldqd17.geojson","felt":null,"cdi":null,"mmi":null,"alert":null,"status":"automatic","tsunami":0,"sig":26,"net":"ak","code":"021gldqd17","ids":",ak021gldqd17,","sources":",ak,","types":",origin,","nst":null,"dmin":null,"rms":0.26,"gap":null,"magType":"ml","type":"earthquake","title":"M 1.3 - 23 km NNW of Willow, Alaska"},"geometry":{"type":"Point","coordinates":[-150.1634,61.9459,16.5]},"id":"ak021gldqd17"},
{"type":"Feature","properties":{"mag":2.08,"place":"8 km ENE of Pāhala, Hawaii","time":1640640942600,"updated":1640641272320,"tz":null,"url":"https://earthquake.usgs.gov/earthquakes/eventpage/hv72848672","detail":"https://earthquake.usgs.gov/earthquakes/feed/v1.0/detail/hv72848672.geojson","felt":null,"cdi":null,"mmi":null,"alert":null,"status":"automatic","tsunami":0,"sig":67,"net":"hv","code":"72848672","ids":",hv72848672,","sources":",hv,","types":",origin,phase-data,","nst":31,"dmin":null,"rms":0.100000001,"gap":137,"magType":"ml","type":"earthquake","title":"M 2.1 - 8 km ENE of Pāhala, Hawaii"},"geometry":{"type":"Point","coordinates":[-155.407836914062,19.2303333282471,31.5100002288818]},"id":"hv72848672"},
{"type":"Feature","properties":{"mag":1.4,"place":"30 km WSW of Ferry, Alaska","time":1640640877224,"updated":1640641233853,"tz":null,"url":"https://earthquake.usgs.gov/earthquakes/eventpage/ak021gldpr6y","detail":"https://earthquake.usgs.gov/earthquakes/feed/v1.0/detail/ak021gldpr6y.geojson","felt":null,"cdi":null,"mmi":null,"alert":null,"status":"automatic","tsunami":0,"sig":30,"net":"ak","code":"021gldpr6y","ids":",ak021gldpr6y,","sources":",ak,","types":",origin,","nst":null,"dmin":null,"rms":0.67,"gap":null,"magType":"ml","type":"earthquake","title":"M 1.4 - 30 km WSW of Ferry, Alaska"},"geometry":{"type":"Point","coordinates":[-149.7034,63.9266,0.1]},"id":"ak021gldpr6y"},
{"type":"Feature","properties":{"mag":1.3,"place":"18km NNW of Toms Place, CA","time":1640639994170,"updated":1640652071091,"tz":null,"url":"https://earthquake.usgs.gov/earthquakes/eventpage/nc73668796","detail":"https://earthquake.usgs.gov/earthquakes/feed/v1.0/detail/nc73668796.geojson","felt":null,"cdi":null,"mmi":null,"alert":null,"status":"reviewed","tsunami":0,"sig":26,"net":"nc","code":"73668796","ids":",nc73668796,","sources":",nc,","types":",nearby-cities,origin,phase-data,scitech-link,","nst":14,"dmin":0.03322,"rms":0.05,"gap":184,"magType":"md","type":"earthquake","title":"M 1.3 - 18km NNW of Toms Place, CA"},"geometry":{"type":"Point","coordinates":[-118.7863333,37.7028333,6.49]},"id":"nc73668796"},
{"type":"Feature","properties":{"mag":2.05,"place":"48 km SE of Naalehu, Hawaii","time":1640638935300,"updated":1640646152040,"tz":null,"url":"https://earthquake.usgs.gov/earthquakes/eventpage/hv72848627","detail":"https://earthquake.usgs.gov/earthquakes/feed/v1.0/detail/hv72848627.geojson","felt":null,"cdi":null,"mmi":null,"alert":null,"status":"reviewed","tsunami":0,"sig":65,"net":"hv","code":"72848627","ids":",us6000gfpm,hv72848627,","sources":",us,hv,","types":",origin,phase-data,","nst":12,"dmin":null,"rms":0.11,"gap":301,"magType":"md","type":"earthquake","title":"M 2.1 - 48 km SE of Naalehu, Hawaii"},"geometry":{"type":"Point","coordinates":[-155.202833333333,18.8226666666667,7.79]},"id":"hv72848627"},
{"type":"Feature","properties":{"mag":0.77,"place":"3km ESE of Home Gardens, CA","time":1640638680920,"updated":1640638941181,"tz":null,"url":"https://earthquake.usgs.gov/earthquakes/eventpage/ci39897415","detail":"https://earthquake.usgs.gov/earthquakes/feed/v1.0/detail/ci39897415.geojson","felt":null,"cdi":null,"mmi":null,"alert":null,"status":"automatic","tsunami":0,"sig":9,"net":"ci","code":"39897415","ids":",ci39897415,","sources":",ci,","types":",nearby-cities,origin,phase-data,scitech-link,","nst":12,"dmin":0.06442,"rms":0.24,"gap":81,"magType":"ml","type":"quarry blast","title":"M 0.8 Quarry Blast - 3km ESE of Home Gardens, CA"},"geometry":{"type":"Point","coordinates":[-117.4931667,33.868,0.76]},"id":"ci39897415"},
{"type":"Feature","properties":{"mag":-0.56,"place":"17 km WSW of Dixon, Montana","time":1640638220800,"updated":1640643889020,"tz":null,"url":"https://earthquake.usgs.gov/earthquakes/eventpage/mb80534579","detail":"https://earthquake.usgs.gov/earthquakes/feed/v1.0/detail/mb80534579.geojson","felt":null,"cdi":null,"mmi":null,"alert":null,"status":"reviewed","tsunami":0,"sig":0,"net":"mb","code":"80534579","ids":",mb80534579,","sources":",mb,","types":",origin,phase-data,","nst":3,"dmin":0.16,"rms":0.01,"gap":222,"magType":"md","type":"earthquake","title":"M -0.6 - 17 km WSW of Dixon, Montana"},"geometry":{"type":"Point","coordinates":[-114.5315,47.265,5.74]},"id":"mb80534579"},
{"type":"Feature","properties":{"mag":1.7,"place":"40 km W of Anchor Point, Alaska","time":1640638040506,"updated":1640638527690,"tz":null,"url":"https://earthquake.usgs.gov/earthquakes/eventpage/ak021gld72lu","detail":"https://earthquake.usgs.gov/earthquakes/feed/v1.0/detail/ak021gld72lu.geojson","felt":null,"cdi":null,"mmi":null,"alert":null,"status":"automatic","tsunami":0,"sig":44,"net":"ak","code":"021gld72lu","ids":",ak021gld72lu,","sources":",ak,","types":",origin,","nst":null,"dmin":null,"rms":0.58,"gap":null,"magType":"ml","type":"earthquake","title":"M 1.7 - 40 km W of Anchor Point, Alaska"},"geometry":{"type":"Point","coordinates":[-152.5435,59.839,69]},"id":"ak021gld72lu"},
{"type":"Feature","properties":{"mag":2,"place":"74 km WSW of Adak, Alaska","time":1640637836101,"updated":1640647620268,"tz":null,"url":"https://earthquake.usgs.gov/earthquakes/eventpage/ak021gld68v2","detail":"https://earthquake.usgs.gov/earthquakes/feed/v1.0/detail/ak021gld68v2.geojson","felt":null,"cdi":null,"mmi":null,"alert":null,"status":"reviewed","tsunami":0,"sig":62,"net":"ak","code":"021gld68v2","ids":",ak021gld68v2,","sources":",ak,","types":",origin,phase-data,","nst":null,"dmin":null,"rms":0.18,"gap":null,"magType":"ml","type":"earthquake","title":"M 2.0 - 74 km WSW of Adak, Alaska"},"geometry":{"type":"Point","coordinates":[-177.5715,51.5394,56.1]},"id":"ak021gld68v2"},
{"type":"Feature","properties":{"mag":2.1,"place":"57 km WSW of Akhiok, Alaska","time":1640636545447,"updated":1640647399584,"tz":null,"url":"https://earthquake.usgs.gov/earthquakes/eventpage/ak021gld1qqi","detail":"https://earthquake.usgs.gov/earthquakes/feed/v1.0/detail/ak021gld1qqi.geojson","felt":null,"cdi":null,"mmi":null,"alert":null,"status":"reviewed","tsunami":0,"sig":68,"net":"ak","code":"021gld1qqi","ids":",ak021gld1qqi,","sources":",ak,","types":",origin,phase-data,","nst":null,"dmin":null,"rms":0.48,"gap":null,"magType":"ml","type":"earthquake","title":"M 2.1 - 57 km WSW of Akhiok, Alaska"},"geometry":{"type":"Point","coordinates":[-155.0542,56.7547,61.5]},"id":"ak021gld1qqi"},
{"type":"Feature","properties":{"mag":4.7,"place":"41 km E of Falam, Myanmar","time":1640635994189,"updated":1640637841040,"tz":null,"url":"https://earthquake.usgs.gov/earthquakes/eventpage/us6000gfp6","detail":"https://earthquake.usgs.gov/earthquakes/feed/v1.0/detail/us6000gfp6.geojson","felt":null,"cdi":null,"mmi":null,"alert":null,"status":"reviewed","tsunami":0,"sig":340,"net":"us","code":"6000gfp6","ids":",us6000gfp6,","sources":",us,","types":",origin,phase-data,","nst":null,"dmin":3.32,"rms":0.62,"gap":80,"magType":"mb","type":"earthquake","title":"M 4.7 - 41 km E of Falam, Myanmar"},"geometry":{"type":"Point","coordinates":[94.0807,22.9279,10]},"id":"us6000gfp6"},
{"type":"Feature","properties":{"mag":3.5,"place":"106 km E of Chignik, Alaska","time":1640635992212,"updated":1640647058577,"tz":null,"url":"https://earthquake.usgs.gov/earthquakes/eventpage/ak021glczrrd","detail":"https://earthquake.usgs.gov/earthquakes/feed/v1.0/detail/ak021glczrrd.geojson","felt":null,"cdi":null,"mmi":2.882,"alert":null,"status":"reviewed","tsunami":0,"sig":188,"net":"ak","code":"021glczrrd","ids":",us6000gfp3,ak021glczrrd,","sources":",us,ak,","types":",origin,phase-data,shakemap,","nst":null,"dmin":null,"rms":0.7,"gap":null,"magType":"ml","type":"earthquake","title":"M 3.5 - 106 km E of Chignik, Alaska"},"geometry":{"type":"Point","coordinates":[-156.6998,56.4552,5.9]},"id":"ak021glczrrd"},
{"type":"Feature","properties":{"mag":1.77999997,"place":"7 km ENE of Pāhala, Hawaii","time":1640635730540,"updated":1640635912330,"tz":null,"url":"https://earthquake.usgs.gov/earthquakes/eventpage/hv72848562","detail":"https://earthquake.usgs.gov/earthquakes/feed/v1.0/detail/hv72848562.geojson","felt":null,"cdi":null,"mmi":null,"alert":null,"status":"automatic","tsunami":0,"sig":49,"net":"hv","code":"72848562","ids":",hv72848562,","sources":",hv,","types":",origin,phase-data,","nst":33,"dmin":null,"rms":0.109999999,"gap":135,"magType":"md","type":"earthquake","title":"M 1.8 - 7 km ENE of Pāhala, Hawaii"},"geometry":{"type":"Point","coordinates":[-155.412673950195,19.2296657562256,32.7000007629395]},"id":"hv72848562"},
{"type":"Feature","properties":{"mag":0.97,"place":"8km SSE of Redlands, CA","time":1640635565530,"updated":1640635826694,"tz":null,"url":"https://earthquake.usgs.gov/earthquakes/eventpage/ci39897375","detail":"https://earthquake.usgs.gov/earthquakes/feed/v1.0/detail/ci39897375.geojson","felt":null,"cdi":null,"mmi":null,"alert":null,"status":"automatic","tsunami":0,"sig":14,"net":"ci","code":"39897375","ids":",ci39897375,","sources":",ci,","types":",nearby-cities,origin,phase-data,scitech-link,","nst":22,"dmin":0.1302,"rms":0.29,"gap":86,"magType":"ml","type":"earthquake","title":"M 1.0 - 8km SSE of Redlands, CA"},"geometry":{"type":"Point","coordinates":[-117.1623333,33.9871667,11.27]},"id":"ci39897375"},
{"type":"Feature","properties":{"mag":1.7,"place":"56 km ESE of Whittier, Alaska","time":1640634810370,"updated":1640635273640,"tz":null,"url":"https://earthquake.usgs.gov/earthquakes/eventpage/ak021glcmy2f","detail":"https://earthquake.usgs.gov/earthquakes/feed/v1.0/detail/ak021glcmy2f.geojson","felt":null,"cdi":null,"mmi":null,"alert":null,"status":"automatic","tsunami":0,"sig":44,"net":"ak","code":"021glcmy2f","ids":",ak021glcmy2f,","sources":",ak,","types":",origin,","nst":null,"dmin":null,"rms":0.98,"gap":null,"magType":"ml","type":"earthquake","title":"M 1.7 - 56 km ESE of Whittier, Alaska"},"geometry":{"type":"Point","coordinates":[-147.6618,60.6779,17.8]},"id":"ak021glcmy2f"},
{"type":"Feature","properties":{"mag":4.7,"place":"251 km ESE of Tadine, New Caledonia","time":1640634294905,"updated":1640636188040,"tz":null,"url":"https://earthquake.usgs.gov/earthquakes/eventpage/us6000gfnx","detail":"https://earthquake.usgs.gov/earthquakes/feed/v1.0/detail/us6000gfnx.geojson","felt":null,"cdi":null,"mmi":null,"alert":null,"status":"reviewed","tsunami":0,"sig":340,"net":"us","code":"6000gfnx","ids":",us6000gfnx,","sources":",us,","types":",origin,phase-data,","nst":null,"dmin":2.452,"rms":0.7,"gap":117,"magType":"mb","type":"earthquake","title":"M 4.7 - 251 km ESE of Tadine, New Caledonia"},"geometry":{"type":"Point","coordinates":[170.0958,-22.4861,10]},"id":"us6000gfnx"},
{"type":"Feature","properties":{"mag":1.17,"place":"17km W of Searles Valley, CA","time":1640634270230,"updated":1640634537848,"tz":null,"url":"https://earthquake.usgs.gov/earthquakes/eventpage/ci39897359","detail":"https://earthquake.usgs.gov/earthquakes/feed/v1.0/detail/ci39897359.geojson","felt":null,"cdi":null,"mmi":null,"alert":null,"status":"automatic","tsunami":0,"sig":21,"net":"ci","code":"39897359","ids":",ci39897359,","sources":",ci,","types":",nearby-cities,origin,phase-data,scitech-link,","nst":17,"dmin":0.0309,"rms":0.16,"gap":126,"magType":"ml","type":"earthquake","title":"M 1.2 - 17km W of Searles Valley, CA"},"geometry":{"type":"Point","coordinates":[-117.5951667,35.7848333,7.79]},"id":"ci39897359"},
{"type":"Feature","properties":{"mag":0.72,"place":"12 km WSW of Lincoln, Montana","time":1640634253650,"updated":1640650905230,"tz":null,"url":"https://earthquake.usgs.gov/earthquakes/eventpage/mb80534614","detail":"https://earthquake.usgs.gov/earthquakes/feed/v1.0/detail/mb80534614.geojson","felt":null,"cdi":null,"mmi":null,"alert":null,"status":"reviewed","tsunami":0,"sig":8,"net":"mb","code":"80534614","ids":",mb80534614,","sources":",mb,","types":",origin,phase-data,","nst":7,"dmin":0.116,"rms":0.15,"gap":164,"magType":"ml","type":"earthquake","title":"M 0.7 - 12 km WSW of Lincoln, Montana"},"geometry":{"type":"Point","coordinates":[-112.8328333,46.9103333,15.79]},"id":"mb80534614"},
{"type":"Feature","properties":{"mag":4.4,"place":"66 km ESE of Gilgit, Pakistan","time":1640634057456,"updated":1640639718040,"tz":null,"url":"https://earthquake.usgs.gov/earthquakes/eventpage/us6000gfnw","detail":"https://earthquake.usgs.gov/earthquakes/feed/v1.0/detail/us6000gfnw.geojson","felt":null,"cdi":null,"mmi":null,"alert":null,"status":"reviewed","tsunami":0,"sig":298,"net":"us","code":"6000gfnw","ids":",us6000gfnw,","sources":",us,","types":",origin,phase-data,","nst":null,"dmin":2.391,"rms":0.43,"gap":72,"magType":"mb","type":"earthquake","title":"M 4.4 - 66 km ESE of Gilgit, Pakistan"},"geometry":{"type":"Point","coordinates":[74.9439,35.6073,39.66]},"id":"us6000gfnw"},
{"type":"Feature","properties":{"mag":1.6,"place":"43 km WSW of Tyonek, Alaska","time":1640633959676,"updated":1640634970521,"tz":null,"url":"https://earthquake.usgs.gov/earthquakes/eventpage/ak021glcjx8i","detail":"https://earthquake.usgs.gov/earthquakes/feed/v1.0/detail/ak021glcjx8i.geojson","felt":null,"cdi":null,"mmi":null,"alert":null,"status":"automatic","tsunami":0,"sig":39,"net":"ak","code":"021glcjx8i","ids":",ak021glcjx8i,","sources":",ak,","types":",origin,","nst":null,"dmin":null,"rms":0.44,"gap":null,"magType":"ml","type":"earthquake","title":"M 1.6 - 43 km WSW of Tyonek, Alaska"},"geometry":{"type":"Point","coordinates":[-151.9081,60.9474,76.4]},"id":"ak021glcjx8i"},
{"type":"Feature","properties":{"mag":1.6,"place":"31 km NNW of Valdez, Alaska","time":1640633489261,"updated":1640633747954,"tz":null,"url":"https://earthquake.usgs.gov/earthquakes/eventpage/ak021glci87v","detail":"https://earthquake.usgs.gov/earthquakes/feed/v1.0/detail/ak021glci87v.geojson","felt":null,"cdi":null,"mmi":null,"alert":null,"status":"automatic","tsunami":0,"sig":39,"net":"ak","code":"021glci87v","ids":",ak021glci87v,","sources":",ak,","types":",origin,","nst":null,"dmin":null,"rms":0.35,"gap":null,"magType":"ml","type":"earthquake","title":"M 1.6 - 31 km NNW of Valdez, Alaska"},"geometry":{"type":"Point","coordinates":[-146.5638,61.3916,25.9]},"id":"ak021glci87v"},
{"type":"Feature","properties":{"mag":3.3,"place":"5 km SSW of Lugoff, South Carolina","time":1640632734200,"updated":1640872494814,"tz":null,"url":"https://earthquake.usgs.gov/earthquakes/eventpage/se60377836","detail":"https://earthquake.usgs.gov/earthquakes/feed/v1.0/detail/se60377836.geojson","felt":3170,"cdi":5.6,"mmi":4.385,"alert":null,"status":"reviewed","tsunami":0,"sig":728,"net":"se","code":"60377836","ids":",se60377836,us6000gfns,","sources":",se,us,","types":",dyfi,origin,phase-data,shakemap,","nst":19,"dmin":0.3184,"rms":0.4,"gap":62,"magType":"mlg","type":"earthquake","title":"M 3.3 - 5 km SSW of Lugoff, South Carolina"},"geometry":{"type":"Point","coordinates":[-80.7196667,34.1825,3.16]},"id":"se60377836"},
{"type":"Feature","properties":{"mag":4.4,"place":"13 km N of Inashiki, Japan","time":1640632139455,"updated":1640634361040,"tz":null,"url":"https://earthquake.usgs.gov/earthquakes/eventpage/us6000gfnr","detail":"https://earthquake.usgs.gov/earthquakes/feed/v1.0/detail/us6000gfnr.geojson","felt":null,"cdi":null,"mmi":null,"alert":null,"status":"reviewed","tsunami":0,"sig":298,"net":"us","code":"6000gfnr","ids":",us6000gfnr,","sources":",us,","types":",origin,phase-data,","nst":null,"dmin":1.789,"rms":0.56,"gap":196,"magType":"mb","type":"earthquake","title":"M 4.4 - 13 km N of Inashiki, Japan"},"geometry":{"type":"Point","coordinates":[140.349,36.0761,70.4]},"id":"us6000gfnr"},
{"type":"Feature","properties":{"mag":4.2,"place":"144 km N of Calama, Chile","time":1640631854240,"updated":1640634440040,"tz":null,"url":"https://earthquake.usgs.gov/earthquakes/eventpage/us6000gfnp","detail":"https://earthquake.usgs.gov/earthquakes/feed/v1.0/detail/us6000gfnp.geojson","felt":null,"cdi":null,"mmi":null,"alert":null,"status":"reviewed","tsunami":0,"sig":271,"net":"us","code":"6000gfnp","ids":",us6000gfnp,","sources":",us,","types":",origin,phase-data,","nst":null,"dmin":0.772,"rms":0.32,"gap":69,"magType":"mb","type":"earthquake","title":"M 4.2 - 144 km N of Calama, Chile"},"geometry":{"type":"Point","coordinates":[-68.6705,-21.1687,113.87]},"id":"us6000gfnp"},
{"type":"Feature","properties":{"mag":1.56,"place":"4km NW of The Geysers, CA","time":1640631303780,"updated":1640633532049,"tz":null,"url":"https://earthquake.usgs.gov/earthquakes/eventpage/nc73668776","detail":"https://earthquake.usgs.gov/earthquakes/feed/v1.0/detail/nc73668776.geojson","felt":null,"cdi":null,"mmi":null,"alert":null,"status":"automatic","tsunami":0,"sig":37,"net":"nc","code":"73668776","ids":",nc73668776,","sources":",nc,","types":",nearby-cities,origin,phase-data,scitech-link,","nst":7,"dmin":0.002693,"rms":0.06,"gap":110,"magType":"md","type":"earthquake","title":"M 1.6 - 4km NW of The Geysers, CA"},"geometry":{"type":"Point","coordinates":[-122.7935028,38.8056679,4.45]},"id":"nc73668776"},
{"type":"Feature","properties":{"mag":1.2,"place":"11 km NNW of Fishhook, Alaska","time":1640631183883,"updated":1640633647480,"tz":null,"url":"https://earthquake.usgs.gov/earthquakes/eventpage/ak021glc1ges","detail":"https://earthquake.usgs.gov/earthquakes/feed/v1.0/detail/ak021glc1ges.geojson","felt":null,"cdi":null,"mmi":null,"alert":null,"status":"automatic","tsunami":0,"sig":22,"net":"ak","code":"021glc1ges","ids":",ak021glc1ges,","sources":",ak,","types":",origin,","nst":null,"dmin":null,"rms":0.22,"gap":null,"magType":"ml","type":"earthquake","title":"M 1.2 - 11 km NNW of Fishhook, Alaska"},"geometry":{"type":"Point","coordinates":[-149.2876,61.8476,18.6]},"id":"ak021glc1ges"},
{"type":"Feature","properties":{"mag":4.4,"place":"38 km SE of Jurm, Afghanistan","time":1640631166687,"updated":1640632379040,"tz":null,"url":"https://earthquake.usgs.gov/earthquakes/eventpage/us6000gfnn","detail":"https://earthquake.usgs.gov/earthquakes/feed/v1.0/detail/us6000gfnn.geojson","felt":null,"cdi":null,"mmi":null,"alert":null,"status":"reviewed","tsunami":0,"sig":298,"net":"us","code":"6000gfnn","ids":",us6000gfnn,","sources":",us,","types":",origin,phase-data,","nst":null,"dmin":0.674,"rms":0.62,"gap":72,"magType":"mb","type":"earthquake","title":"M 4.4 - 38 km SE of Jurm, Afghanistan"},"geometry":{"type":"Point","coordinates":[71.101,36.5976,199.64]},"id":"us6000gfnn"},
{"type":"Feature","properties":{"mag":1,"place":"29 km SSE of Mina, Nevada","time":1640630942472,"updated":1640720881079,"tz":null,"url":"https://earthquake.usgs.gov/earthquakes/eventpage/nn00830536","detail":"https://earthquake.usgs.gov/earthquakes/feed/v1.0/detail/nn00830536.geojson","felt":null,"cdi":null,"mmi":null,"alert":null,"status":"reviewed","tsunami":0,"sig":15,"net":"nn","code":"00830536","ids":",nn00830536,","sources":",nn,","types":",origin,phase-data,","nst":13,"dmin":0.046,"rms":0.0998,"gap":148.33,"magType":"ml","type":"earthquake","title":"M 1.0 - 29 km SSE of Mina, Nevada"},"geometry":{"type":"Point","coordinates":[-118.017,38.132,9]},"id":"nn00830536"},
{"type":"Feature","properties":{"mag":1.4,"place":"3 km ESE of Nikolaevsk, Alaska","time":1640630869765,"updated":1640631032060,"tz":null,"url":"https://earthquake.usgs.gov/earthquakes/eventpage/ak021glc09nk","detail":"https://earthquake.usgs.gov/earthquakes/feed/v1.0/detail/ak021glc09nk.geojson","felt":null,"cdi":null,"mmi":null,"alert":null,"status":"automatic","tsunami":0,"sig":30,"net":"ak","code":"021glc09nk","ids":",ak021glc09nk,","sources":",ak,","types":",origin,","nst":null,"dmin":null,"rms":0.1,"gap":null,"magType":"ml","type":"earthquake","title":"M 1.4 - 3 km ESE of Nikolaevsk, Alaska"},"geometry":{"type":"Point","coordinates":[-151.5589,59.7954,59]},"id":"ak021glc09nk"},
{"type":"Feature","properties":{"mag":1.4,"place":"67 km N of Petersville, Alaska","time":1640630848281,"updated":1640631032198,"tz":null,"url":"https://earthquake.usgs.gov/earthquakes/eventpage/ak021glc07zw","detail":"https://earthquake.usgs.gov/earthquakes/feed/v1.0/detail/ak021glc07zw.geojson","felt":null,"cdi":null,"mmi":null,"alert":null,"status":"automatic","tsunami":0,"sig":30,"net":"ak","code":"021glc07zw","ids":",ak021glc07zw,","sources":",ak,","types":",origin,","nst":null,"dmin":null,"rms":0.18,"gap":null,"magType":"ml","type":"earthquake","title":"M 1.4 - 67 km N of Petersville, Alaska"},"geometry":{"type":"Point","coordinates":[-150.5366,63.0958,108.7]},"id":"ak021glc07zw"},
{"type":"Feature","properties":{"mag":1.5,"place":"12 km WNW of Susitna North, Alaska","time":1640630310562,"updated":1640631031913,"tz":null,"url":"https://earthquake.usgs.gov/earthquakes/eventpage/ak021glbyaql","detail":"https://earthquake.usgs.gov/earthquakes/feed/v1.0/detail/ak021glbyaql.geojson","felt":null,"cdi":null,"mmi":null,"alert":null,"status":"automatic","tsunami":0,"sig":35,"net":"ak","code":"021glbyaql","ids":",ak021glbyaql,","sources":",ak,","types":",origin,","nst":null,"dmin":null,"rms":0.64,"gap":null,"magType":"ml","type":"earthquake","title":"M 1.5 - 12 km WNW of Susitna North, Alaska"},"geometry":{"type":"Point","coordinates":[-150.068,62.2084,17.4]},"id":"ak021glbyaql"},
{"type":"Feature","properties":{"mag":1.6,"place":"Puerto Rico region","time":1640630029320,"updated":1640630976820,"tz":null,"url":"https://earthquake.usgs.gov/earthquakes/eventpage/pr2021361008","detail":"https://earthquake.usgs.gov/earthquakes/feed/v1.0/detail/pr2021361008.geojson","felt":null,"cdi":null,"mmi":null,"alert":null,"status":"reviewed","tsunami":0,"sig":39,"net":"pr","code":"2021361008","ids":",pr2021361008,","sources":",pr,","types":",origin,phase-data,","nst":3,"dmin":0.0671,"rms":0.09,"gap":260,"magType":"md","type":"earthquake","title":"M 1.6 - Puerto Rico region"},"geometry":{"type":"Point","coordinates":[-66.9016,18.0383,7]},"id":"pr2021361008"},
{"type":"Feature","properties":{"mag":2.33,"place":"3 km WSW of Indios, Puerto Rico","time":1640629885840,"updated":1640630838787,"tz":null,"url":"https://earthquake.usgs.gov/earthquakes/eventpage/pr2021361007","detail":"https://earthquake.usgs.gov/earthquakes/feed/v1.0/detail/pr2021361007.geojson","felt":null,"cdi":null,"mmi":null,"alert":null,"status":"reviewed","tsunami":0,"sig":84,"net":"pr","code":"2021361007","ids":",pr2021361007,","sources":",pr,","types":",origin,phase-data,","nst":10,"dmin":0.0302,"rms":0.2,"gap":192,"magType":"md","type":"earthquake","title":"M 2.3 - 3 km WSW of Indios, Puerto Rico"},"geometry":{"type":"Point","coordinates":[-66.8491,17.9775,14]},"id":"pr2021361007"},
{"type":"Feature","properties":{"mag":1,"place":"9km ENE of Coso Junction, CA","time":1640629829440,"updated":1640630095267,"tz":null,"url":"https://earthquake.usgs.gov/earthquakes/eventpage/ci39897311","detail":"https://earthquake.usgs.gov/earthquakes/feed/v1.0/detail/ci39897311.geojson","felt":null,"cdi":null,"mmi":null,"alert":null,"status":"automatic","tsunami":0,"sig":15,"net":"ci","code":"39897311","ids":",ci39897311,","sources":",ci,","types":",nearby-cities,origin,phase-data,scitech-link,","nst":10,"dmin":0.02909,"rms":0.15,"gap":172,"magType":"ml","type":"earthquake","title":"M 1.0 - 9km ENE of Coso Junction, CA"},"geometry":{"type":"Point","coordinates":[-117.8608333,36.0888333,2.73]},"id":"ci39897311"},
{"type":"Feature","properties":{"mag":0.3,"place":"89 km NW of Karluk, Alaska","time":1640627745855,"updated":1640646567355,"tz":null,"url":"https://earthquake.usgs.gov/earthquakes/eventpage/ak021glbgjef","detail":"https://earthquake.usgs.gov/earthquakes/feed/v1.0/detail/ak021glbgjef.geojson","felt":null,"cdi":null,"mmi":null,"alert":null,"status":"reviewed","tsunami":0,"sig":1,"net":"ak","code":"021glbgjef","ids":",ak021glbgjef,","sources":",ak,","types":",origin,phase-data,","nst":null,"dmin":null,"rms":0.33,"gap":null,"magType":"ml","type":"earthquake","title":"M 0.3 - 89 km NW of Karluk, Alaska"},"geometry":{"type":"Point","coordinates":[-155.443,58.1711,4.1]},"id":"ak021glbgjef"},
{"type":"Feature","properties":{"mag":1.5,"place":"36 km SE of Mina, Nevada","time":1640627443079,"updated":1640720510105,"tz":null,"url":"https://earthquake.usgs.gov/earthquakes/eventpage/nn00830535","detail":"https://earthquake.usgs.gov/earthquakes/feed/v1.0/detail/nn00830535.geojson","felt":null,"cdi":null,"mmi":null,"alert":null,"status":"reviewed","tsunami":0,"sig":35,"net":"nn","code":"00830535","ids":",nn00830535,","sources":",nn,","types":",origin,phase-data,","nst":16,"dmin":0.117,"rms":0.1256,"gap":118.81,"magType":"ml","type":"earthquake","title":"M 1.5 - 36 km SE of Mina, Nevada"},"geometry":{"type":"Point","coordinates":[-117.783,38.178,8.6]},"id":"nn00830535"},
{"type":"Feature","properties":{"mag":1.42,"place":"23km ESE of Little Lake, CA","time":1640627130520,"updated":1640710015065,"tz":null,"url":"https://earthquake.usgs.gov/earthquakes/eventpage/ci39897263","detail":"https://earthquake.usgs.gov/earthquakes/feed/v1.0/detail/ci39897263.geojson","felt":null,"cdi":null,"mmi":null,"alert":null,"status":"reviewed","tsunami":0,"sig":31,"net":"ci","code":"39897263","ids":",ci39897263,","sources":",ci,","types":",nearby-cities,origin,phase-data,scitech-link,","nst":14,"dmin":0.07348,"rms":0.06,"gap":86,"magType":"ml","type":"earthquake","title":"M 1.4 - 23km ESE of Little Lake, CA"},"geometry":{"type":"Point","coordinates":[-117.679,35.8476667,7.28]},"id":"ci39897263"},
{"type":"Feature","properties":{"mag":1.13,"place":"12km WNW of Cobb, CA","time":1640625571090,"updated":1640716871823,"tz":null,"url":"https://earthquake.usgs.gov/earthquakes/eventpage/nc71126954","detail":"https://earthquake.usgs.gov/earthquakes/feed/v1.0/detail/nc71126954.geojson","felt":null,"cdi":null,"mmi":null,"alert":null,"status":"reviewed","tsunami":0,"sig":20,"net":"nc","code":"71126954","ids":",nc71126954,","sources":",nc,","types":",nearby-cities,origin,phase-data,scitech-link,","nst":23,"dmin":0.02072,"rms":0.02,"gap":166,"magType":"md","type":"earthquake","title":"M 1.1 - 12km WNW of Cobb, CA"},"geometry":{"type":"Point","coordinates":[-122.8468333,38.8643333,1.12]},"id":"nc71126954"},
{"type":"Feature","properties":{"mag":1.5,"place":"12km WNW of Cobb, CA","time":1640625561900,"updated":1640727311360,"tz":null,"url":"https://earthquake.usgs.gov/earthquakes/eventpage/nc73668771","detail":"https://earthquake.usgs.gov/earthquakes/feed/v1.0/detail/nc73668771.geojson","felt":null,"cdi":null,"mmi":null,"alert":null,"status":"reviewed","tsunami":0,"sig":35,"net":"nc","code":"73668771","ids":",nc73668771,","sources":",nc,","types":",nearby-cities,origin,phase-data,scitech-link,","nst":29,"dmin":0.02065,"rms":0.03,"gap":137,"magType":"md","type":"earthquake","title":"M 1.5 - 12km WNW of Cobb, CA"},"geometry":{"type":"Point","coordinates":[-122.8465,38.8646667,1.34]},"id":"nc73668771"},
{"type":"Feature","properties":{"mag":1.3,"place":"38 km NW of Ninilchik, Alaska","time":1640625545774,"updated":1640625742112,"tz":null,"url":"https://earthquake.usgs.gov/earthquakes/eventpage/ak021glb8qlt","detail":"https://earthquake.usgs.gov/earthquakes/feed/v1.0/detail/ak021glb8qlt.geojson","felt":null,"cdi":null,"mmi":null,"alert":null,"status":"automatic","tsunami":0,"sig":26,"net":"ak","code":"021glb8qlt","ids":",ak021glb8qlt,","sources":",ak,","types":",origin,","nst":null,"dmin":null,"rms":0.38,"gap":null,"magType":"ml","type":"earthquake","title":"M 1.3 - 38 km NW of Ninilchik, Alaska"},"geometry":{"type":"Point","coordinates":[-152.1118,60.3215,74.1]},"id":"ak021glb8qlt"},
{"type":"Feature","properties":{"mag":2.77,"place":"24km S of Point Sur, CA","time":1640625285390,"updated":1640632885820,"tz":null,"url":"https://earthquake.usgs.gov/earthquakes/eventpage/nc73668766","detail":"https://earthquake.usgs.gov/earthquakes/feed/v1.0/detail/nc73668766.geojson","felt":4,"cdi":2,"mmi":null,"alert":null,"status":"automatic","tsunami":0,"sig":119,"net":"nc","code":"73668766","ids":",nc73668766,us6000gfne,","sources":",nc,us,","types":",dyfi,focal-mechanism,nearby-cities,origin,phase-data,scitech-link,","nst":35,"dmin":null,"rms":0.3,"gap":221,"magType":"md","type":"earthquake","title":"M 2.8 - 24km S of Point Sur, CA"},"geometry":{"type":"Point","coordinates":[-121.8768311,36.0883331,5.07]},"id":"nc73668766"},
{"type":"Feature","properties":{"mag":1.7,"place":"25 km NE of Petersville, Alaska","time":1640625193152,"updated":1640627916115,"tz":null,"url":"https://earthquake.usgs.gov/earthquakes/eventpage/ak021glb7gvn","detail":"https://earthquake.usgs.gov/earthquakes/feed/v1.0/detail/ak021glb7gvn.geojson","felt":null,"cdi":null,"mmi":null,"alert":null,"status":"automatic","tsunami":0,"sig":44,"net":"ak","code":"021glb7gvn","ids":",ak021glb7gvn,","sources":",ak,","types":",origin,","nst":null,"dmin":null,"rms":0.59,"gap":null,"magType":"ml","type":"earthquake","title":"M 1.7 - 25 km NE of Petersville, Alaska"},"geometry":{"type":"Point","coordinates":[-150.4026,62.649,70.5]},"id":"ak021glb7gvn"},
{"type":"Feature","properties":{"mag":2.89,"place":"4km NNW of Pinnacles, CA","time":1640624956330,"updated":1640645262084,"tz":null,"url":"https://earthquake.usgs.gov/earthquakes/eventpage/nc73668761","detail":"https://earthquake.usgs.gov/earthquakes/feed/v1.0/detail/nc73668761.geojson","felt":4,"cdi":2,"mmi":null,"alert":null,"status":"automatic","tsunami":0,"sig":129,"net":"nc","code":"73668761","ids":",nc73668761,us6000gfnc,","sources":",nc,us,","types":",dyfi,focal-mechanism,nearby-cities,origin,phase-data,scitech-link,","nst":33,"dmin":null,"rms":0.09,"gap":94,"magType":"md","type":"earthquake","title":"M 2.9 - 4km NNW of Pinnacles, CA"},"geometry":{"type":"Point","coordinates":[-121.1595001,36.5673332,2.59]},"id":"nc73668761"},
{"type":"Feature","properties":{"mag":1.4,"place":"4 km SW of Markleeville, California","time":1640624735891,"updated":1640720139107,"tz":null,"url":"https://earthquake.usgs.gov/earthquakes/eventpage/nn00830532","detail":"https://earthquake.usgs.gov/earthquakes/feed/v1.0/detail/nn00830532.geojson","felt":null,"cdi":null,"mmi":null,"alert":null,"status":"reviewed","tsunami":0,"sig":30,"net":"nn","code":"00830532","ids":",nn00830532,","sources":",nn,","types":",origin,phase-data,","nst":17,"dmin":0.08,"rms":0.189,"gap":72.39,"magType":"ml","type":"earthquake","title":"M 1.4 - 4 km SW of Markleeville, California"},"geometry":{"type":"Point","coordinates":[-119.8185,38.6615,9.1]},"id":"nn00830532"},
{"type":"Feature","properties":{"mag":1.3,"place":"28 km SSE of Mina, Nevada","time":1640624444831,"updated":1640719206762,"tz":null,"url":"https://earthquake.usgs.gov/earthquakes/eventpage/nn00830531","detail":"https://earthquake.usgs.gov/earthquakes/feed/v1.0/detail/nn00830531.geojson","felt":null,"cdi":null,"mmi":null,"alert":null,"status":"reviewed","tsunami":0,"sig":26,"net":"nn","code":"00830531","ids":",nn00830531,","sources":",nn,","types":",origin,phase-data,","nst":14,"dmin":0.046,"rms":0.1176,"gap":144.46,"magType":"ml","type":"earthquake","title":"M 1.3 - 28 km SSE of Mina, Nevada"},"geometry":{"type":"Point","coordinates":[-118.017,38.1428,10.3]},"id":"nn00830531"},
{"type":"Feature","properties":{"mag":2.6,"place":"47 km W of Mentone, Texas","time":1640624214652,"updated":1640660285521,"tz":null,"url":"https://earthquake.usgs.gov/earthquakes/eventpage/us6000gfn6","detail":"https://earthquake.usgs.gov/earthquakes/feed/v1.0/detail/us6000gfn6.geojson","felt":0,"cdi":1,"mmi":null,"alert":null,"status":"reviewed","tsunami":0,"sig":104,"net":"us","code":"6000gfn6","ids":",us6000gfn6,","sources":",us,","types":",dyfi,origin,phase-data,","nst":null,"dmin":0.204,"rms":0.38,"gap":66,"magType":"ml","type":"earthquake","title":"M 2.6 - 47 km W of Mentone, Texas"},"geometry":{"type":"Point","coordinates":[-104.1019,31.7386,5]},"id":"us6000gfn6"},
{"type":"Feature","properties":{"mag":2.31,"place":"7 km E of Pāhala, Hawaii","time":1640623854020,"updated":1640624327040,"tz":null,"url":"https://earthquake.usgs.gov/earthquakes/eventpage/hv72848457","detail":"https://earthquake.usgs.gov/earthquakes/feed/v1.0/detail/hv72848457.geojson","felt":null,"cdi":null,"mmi":null,"alert":null,"status":"automatic","tsunami":0,"sig":82,"net":"hv","code":"72848457","ids":",us6000gfn4,hv72848457,","sources":",us,hv,","types":",origin,phase-data,","nst":42,"dmin":null,"rms":0.119999997,"gap":146,"magType":"ml","type":"earthquake","title":"M 2.3 - 7 km E of Pāhala, Hawaii"},"geometry":{"type":"Point","coordinates":[-155.411666870117,19.2131671905518,31.9799995422363]},"id":"hv72848457"},
{"type":"Feature","properties":{"mag":2.28,"place":"5 km NNE of Pāhala, Hawaii","time":1640623850070,"updated":1640624181270,"tz":null,"url":"https://earthquake.usgs.gov/earthquakes/eventpage/hv72848452","detail":"https://earthquake.usgs.gov/earthquakes/feed/v1.0/detail/hv72848452.geojson","felt":null,"cdi":null,"mmi":null,"alert":null,"status":"automatic","tsunami":0,"sig":80,"net":"hv","code":"72848452","ids":",hv72848452,","sources":",hv,","types":",origin,phase-data,","nst":24,"dmin":null,"rms":0.280000001,"gap":133,"magType":"ml","type":"earthquake","title":"M 2.3 - 5 km NNE of Pāhala, Hawaii"},"geometry":{"type":"Point","coordinates":[-155.462005615234,19.2544994354248,27.3099994659424]},"id":"hv72848452"},
{"type":"Feature","properties":{"mag":1.73000002,"place":"2 km SSW of Pāhala, Hawaii","time":1640622438900,"updated":1640622629790,"tz":null,"url":"https://earthquake.usgs.gov/earthquakes/eventpage/hv72848447","detail":"https://earthquake.usgs.gov/earthquakes/feed/v1.0/detail/hv72848447.geojson","felt":null,"cdi":null,"mmi":null,"alert":null,"status":"automatic","tsunami":0,"sig":46,"net":"hv","code":"72848447","ids":",hv72848447,","sources":",hv,","types":",origin,phase-data,","nst":26,"dmin":null,"rms":0.140000001,"gap":86,"magType":"md","type":"earthquake","title":"M 1.7 - 2 km SSW of Pāhala, Hawaii"},"geometry":{"type":"Point","coordinates":[-155.488830566406,19.1813335418701,31.0799999237061]},"id":"hv72848447"},
{"type":"Feature","properties":{"mag":2.6,"place":"53 km SSE of King Salmon, Alaska","time":1640622253269,"updated":1640623077040,"tz":null,"url":"https://earthquake.usgs.gov/earthquakes/eventpage/us6000gfmy","detail":"https://earthquake.usgs.gov/earthquakes/feed/v1.0/detail/us6000gfmy.geojson","felt":null,"cdi":null,"mmi":null,"alert":null,"status":"reviewed","tsunami":0,"sig":104,"net":"us","code":"6000gfmy","ids":",us6000gfmy,","sources":",us,","types":",origin,phase-data,","nst":null,"dmin":0.465,"rms":0.39,"gap":250,"magType":"ml","type":"earthquake","title":"M 2.6 - 53 km SSE of King Salmon, Alaska"},"geometry":{"type":"Point","coordinates":[-156.2011,58.2693,189.37]},"id":"us6000gfmy"},
{"type":"Feature","properties":{"mag":1.1,"place":"65 km WNW of Karluk, Alaska","time":1640619988249,"updated":1640620231393,"tz":null,"url":"https://earthquake.usgs.gov/earthquakes/eventpage/ak021gla7pgu","detail":"https://earthquake.usgs.gov/earthquakes/feed/v1.0/detail/ak021gla7pgu.geojson","felt":null,"cdi":null,"mmi":null,"alert":null,"status":"automatic","tsunami":0,"sig":19,"net":"ak","code":"021gla7pgu","ids":",ak021gla7pgu,","sources":",ak,","types":",origin,","nst":null,"dmin":null,"rms":0.09,"gap":null,"magType":"ml","type":"earthquake","title":"M 1.1 - 65 km WNW of Karluk, Alaska"},"geometry":{"type":"Point","coordinates":[-155.4104,57.8591,12.8]},"id":"ak021gla7pgu"},
{"type":"Feature","properties":{"mag":2.2,"place":"36 km SE of Chickaloon, Alaska","time":1640619224666,"updated":1640619529970,"tz":null,"url":"https://earthquake.usgs.gov/earthquakes/eventpage/ak021gla4ydi","detail":"https://earthquake.usgs.gov/earthquakes/feed/v1.0/detail/ak021gla4ydi.geojson","felt":null,"cdi":null,"mmi":null,"alert":null,"status":"automatic","tsunami":0,"sig":74,"net":"ak","code":"021gla4ydi","ids":",ak021gla4ydi,","sources":",ak,","types":",origin,","nst":null,"dmin":null,"rms":0.93,"gap":null,"magType":"ml","type":"earthquake","title":"M 2.2 - 36 km SE of Chickaloon, Alaska"},"geometry":{"type":"Point","coordinates":[-148.0505,61.536,19.9]},"id":"ak021gla4ydi"},
{"type":"Feature","properties":{"mag":2,"place":"49 km W of Cantwell, Alaska","time":1640617695021,"updated":1640618307525,"tz":null,"url":"https://earthquake.usgs.gov/earthquakes/eventpage/ak021gl9zj23","detail":"https://earthquake.usgs.gov/earthquakes/feed/v1.0/detail/ak021gl9zj23.geojson","felt":null,"cdi":null,"mmi":null,"alert":null,"status":"automatic","tsunami":0,"sig":62,"net":"ak","code":"021gl9zj23","ids":",ak021gl9zj23,","sources":",ak,","types":",origin,","nst":null,"dmin":null,"rms":0.47,"gap":null,"magType":"ml","type":"earthquake","title":"M 2.0 - 49 km W of Cantwell, Alaska"},"geometry":{"type":"Point","coordinates":[-149.9217,63.3141,93.9]},"id":"ak021gl9zj23"},
{"type":"Feature","properties":{"mag":4,"place":"2 km W of Pýrgos, Greece","time":1640617072102,"updated":1640755546665,"tz":null,"url":"https://earthquake.usgs.gov/earthquakes/eventpage/us6000gfmj","detail":"https://earthquake.usgs.gov/earthquakes/feed/v1.0/detail/us6000gfmj.geojson","felt":1,"cdi":3.8,"mmi":null,"alert":null,"status":"reviewed","tsunami":0,"sig":247,"net":"us","code":"6000gfmj","ids":",us6000gfmj,","sources":",us,","types":",dyfi,origin,phase-data,","nst":null,"dmin":0.343,"rms":0.57,"gap":216,"magType":"mb","type":"earthquake","title":"M 4.0 - 2 km W of Pýrgos, Greece"},"geometry":{"type":"Point","coordinates":[25.1226,35.0022,10]},"id":"us6000gfmj"},
{"type":"Feature","properties":{"mag":2.38,"place":"6km WNW of North Lakeport, CA","time":1640616493080,"updated":1640730071289,"tz":null,"url":"https://earthquake.usgs.gov/earthquakes/eventpage/nc73668756","detail":"https://earthquake.usgs.gov/earthquakes/feed/v1.0/detail/nc73668756.geojson","felt":2,"cdi":2.7,"mmi":null,"alert":null,"status":"reviewed","tsunami":0,"sig":88,"net":"nc","code":"73668756","ids":",nc73668756,","sources":",nc,","types":",dyfi,nearby-cities,origin,phase-data,scitech-link,","nst":48,"dmin":0.1096,"rms":0.12,"gap":81,"magType":"md","type":"earthquake","title":"M 2.4 - 6km WNW of North Lakeport, CA"},"geometry":{"type":"Point","coordinates":[-122.9638333,39.1178333,5.1]},"id":"nc73668756"},
{"type":"Feature","properties":{"mag":1.4,"place":"11km NE of Coso Junction, CA","time":1640616489890,"updated":1640616745176,"tz":null,"url":"https://earthquake.usgs.gov/earthquakes/eventpage/ci39897167","detail":"https://earthquake.usgs.gov/earthquakes/feed/v1.0/detail/ci39897167.geojson","felt":null,"cdi":null,"mmi":null,"alert":null,"status":"automatic","tsunami":0,"sig":30,"net":"ci","code":"39897167","ids":",ci39897167,","sources":",ci,","types":",nearby-cities,origin,phase-data,scitech-link,","nst":13,"dmin":0.01782,"rms":0.14,"gap":78,"magType":"ml","type":"earthquake","title":"M 1.4 - 11km NE of Coso Junction, CA"},"geometry":{"type":"Point","coordinates":[-117.851,36.1,2.09]},"id":"ci39897167"},
{"type":"Feature","properties":{"mag":2.61,"place":"4 km ENE of La Parguera, Puerto Rico","time":1640616429170,"updated":1640618016534,"tz":null,"url":"https://earthquake.usgs.gov/earthquakes/eventpage/pr2021361006","detail":"https://earthquake.usgs.gov/earthquakes/feed/v1.0/detail/pr2021361006.geojson","felt":null,"cdi":null,"mmi":null,"alert":null,"status":"reviewed","tsunami":0,"sig":105,"net":"pr","code":"2021361006","ids":",pr2021361006,","sources":",pr,","types":",origin,phase-data,","nst":9,"dmin":0.0453,"rms":0.15,"gap":149,"magType":"md","type":"earthquake","title":"M 2.6 - 4 km ENE of La Parguera, Puerto Rico"},"geometry":{"type":"Point","coordinates":[-67.003,17.9883,7]},"id":"pr2021361006"},
{"type":"Feature","properties":{"mag":1.88,"place":"66 km NNE of Kelly, Wyoming","time":1640615764180,"updated":1640645209640,"tz":null,"url":"https://earthquake.usgs.gov/earthquakes/eventpage/uu60474562","detail":"https://earthquake.usgs.gov/earthquakes/feed/v1.0/detail/uu60474562.geojson","felt":null,"cdi":null,"mmi":null,"alert":null,"status":"reviewed","tsunami":0,"sig":54,"net":"uu","code":"60474562","ids":",uu60474562,","sources":",uu,","types":",origin,phase-data,","nst":15,"dmin":0.1326,"rms":0.14,"gap":93,"magType":"md","type":"earthquake","title":"M 1.9 - 66 km NNE of Kelly, Wyoming"},"geometry":{"type":"Point","coordinates":[-110.2503333,44.1591667,13.39]},"id":"uu60474562"},
{"type":"Feature","properties":{"mag":1.86000001,"place":"8 km ENE of Pāhala, Hawaii","time":1640615581590,"updated":1640615773580,"tz":null,"url":"https://earthquake.usgs.gov/earthquakes/eventpage/hv72848347","detail":"https://earthquake.usgs.gov/earthquakes/feed/v1.0/detail/hv72848347.geojson","felt":null,"cdi":null,"mmi":null,"alert":null,"status":"automatic","tsunami":0,"sig":53,"net":"hv","code":"72848347","ids":",hv72848347,","sources":",hv,","types":",origin,phase-data,","nst":40,"dmin":null,"rms":0.109999999,"gap":146,"magType":"md","type":"earthquake","title":"M 1.9 - 8 km ENE of Pāhala, Hawaii"},"geometry":{"type":"Point","coordinates":[-155.40266418457,19.2211666107178,32.3300018310547]},"id":"hv72848347"},
{"type":"Feature","properties":{"mag":0.41,"place":"7 km W of Orcas, Washington","time":1640614756550,"updated":1640640396410,"tz":null,"url":"https://earthquake.usgs.gov/earthquakes/eventpage/uw61799607","detail":"https://earthquake.usgs.gov/earthquakes/feed/v1.0/detail/uw61799607.geojson","felt":null,"cdi":null,"mmi":null,"alert":null,"status":"reviewed","tsunami":0,"sig":3,"net":"uw","code":"61799607","ids":",uw61799607,","sources":",uw,","types":",origin,phase-data,","nst":9,"dmin":0.05757,"rms":0.13,"gap":138,"magType":"md","type":"earthquake","title":"M 0.4 - 7 km W of Orcas, Washington"},"geometry":{"type":"Point","coordinates":[-123.0405,48.6001666666667,15.89]},"id":"uw61799607"},
{"type":"Feature","properties":{"mag":2.05,"place":"43 km W of Veyo, Utah","time":1640614144350,"updated":1640735799590,"tz":null,"url":"https://earthquake.usgs.gov/earthquakes/eventpage/uu60474557","detail":"https://earthquake.usgs.gov/earthquakes/feed/v1.0/detail/uu60474557.geojson","felt":null,"cdi":null,"mmi":null,"alert":null,"status":"reviewed","tsunami":0,"sig":65,"net":"uu","code":"60474557","ids":",nn00830525,uu60474557,","sources":",nn,uu,","types":",origin,phase-data,","nst":9,"dmin":0.2449,"rms":0.18,"gap":155,"magType":"ml","type":"earthquake","title":"M 2.1 - 43 km W of Veyo, Utah"},"geometry":{"type":"Point","coordinates":[-114.1753333,37.292,12.06]},"id":"uu60474557"},
{"type":"Feature","properties":{"mag":2.45,"place":"1 km NNE of Guayanilla, Puerto Rico","time":1640614040410,"updated":1640614779497,"tz":null,"url":"https://earthquake.usgs.gov/earthquakes/eventpage/pr2021361005","detail":"https://earthquake.usgs.gov/earthquakes/feed/v1.0/detail/pr2021361005.geojson","felt":null,"cdi":null,"mmi":null,"alert":null,"status":"reviewed","tsunami":0,"sig":92,"net":"pr","code":"2021361005","ids":",pr2021361005,","sources":",pr,","types":",origin,phase-data,","nst":7,"dmin":0.1097,"rms":0.19,"gap":158,"magType":"md","type":"earthquake","title":"M 2.5 - 1 km NNE of Guayanilla, Puerto Rico"},"geometry":{"type":"Point","coordinates":[-66.788,18.036,14]},"id":"pr2021361005"},
{"type":"Feature","properties":{"mag":1.45,"place":"7km WSW of Niland, CA","time":1640613805820,"updated":1640614065784,"tz":null,"url":"https://earthquake.usgs.gov/earthquakes/eventpage/ci39897143","detail":"https://earthquake.usgs.gov/earthquakes/feed/v1.0/detail/ci39897143.geojson","felt":null,"cdi":null,"mmi":null,"alert":null,"status":"automatic","tsunami":0,"sig":32,"net":"ci","code":"39897143","ids":",ci39897143,","sources":",ci,","types":",nearby-cities,origin,phase-data,scitech-link,","nst":13,"dmin":0.03897,"rms":0.21,"gap":95,"magType":"ml","type":"earthquake","title":"M 1.5 - 7km WSW of Niland, CA"},"geometry":{"type":"Point","coordinates":[-115.5836667,33.2058333,3.6]},"id":"ci39897143"},
{"type":"Feature","properties":{"mag":2,"place":"16km N of New Idria, CA","time":1640613338960,"updated":1640773633173,"tz":null,"url":"https://earthquake.usgs.gov/earthquakes/eventpage/nc73668751","detail":"https://earthquake.usgs.gov/earthquakes/feed/v1.0/detail/nc73668751.geojson","felt":null,"cdi":null,"mmi":null,"alert":null,"status":"reviewed","tsunami":0,"sig":62,"net":"nc","code":"73668751","ids":",nc73668751,","sources":",nc,","types":",nearby-cities,origin,phase-data,scitech-link,","nst":19,"dmin":0.1411,"rms":0.06,"gap":152,"magType":"md","type":"earthquake","title":"M 2.0 - 16km N of New Idria, CA"},"geometry":{"type":"Point","coordinates":[-120.6663333,36.5651667,11.59]},"id":"nc73668751"},
{"type":"Feature","properties":{"mag":2.01999998,"place":"7 km E of Pāhala, Hawaii","time":1640612523360,"updated":1640612711240,"tz":null,"url":"https://earthquake.usgs.gov/earthquakes/eventpage/hv72848292","detail":"https://earthquake.usgs.gov/earthquakes/feed/v1.0/detail/hv72848292.geojson","felt":null,"cdi":null,"mmi":null,"alert":null,"status":"automatic","tsunami":0,"sig":63,"net":"hv","code":"72848292","ids":",hv72848292,","sources":",hv,","types":",origin,phase-data,","nst":40,"dmin":null,"rms":0.159999996,"gap":149,"magType":"md","type":"earthquake","title":"M 2.0 - 7 km E of Pāhala, Hawaii"},"geometry":{"type":"Point","coordinates":[-155.405838012695,19.2129993438721,30.8299999237061]},"id":"hv72848292"},
{"type":"Feature","properties":{"mag":4.7,"place":"67 km WNW of Skardu, Pakistan","time":1640612248735,"updated":1640698950020,"tz":null,"url":"https://earthquake.usgs.gov/earthquakes/eventpage/us6000gfm1","detail":"https://earthquake.usgs.gov/earthquakes/feed/v1.0/detail/us6000gfm1.geojson","felt":1,"cdi":2,"mmi":null,"alert":null,"status":"reviewed","tsunami":0,"sig":340,"net":"us","code":"6000gfm1","ids":",us6000gfm1,","sources":",us,","types":",dyfi,origin,phase-data,","nst":null,"dmin":2.395,"rms":0.34,"gap":87,"magType":"mb","type":"earthquake","title":"M 4.7 - 67 km WNW of Skardu, Pakistan"},"geometry":{"type":"Point","coordinates":[74.9825,35.589,45.84]},"id":"us6000gfm1"},
{"type":"Feature","properties":{"mag":1.31,"place":"11km SSW of Searles Valley, CA","time":1640612173850,"updated":1640623142810,"tz":null,"url":"https://earthquake.usgs.gov/earthquakes/eventpage/ci39897127","detail":"https://earthquake.usgs.gov/earthquakes/feed/v1.0/detail/ci39897127.geojson","felt":null,"cdi":null,"mmi":null,"alert":null,"status":"reviewed","tsunami":0,"sig":26,"net":"ci","code":"39897127","ids":",ci39897127,","sources":",ci,","types":",nearby-cities,origin,phase-data,scitech-link,","nst":17,"dmin":0.0905,"rms":0.18,"gap":156,"magType":"ml","type":"earthquake","title":"M 1.3 - 11km SSW of Searles Valley, CA"},"geometry":{"type":"Point","coordinates":[-117.4593333,35.6771667,9.82]},"id":"ci39897127"},
{"type":"Feature","properties":{"mag":5.2,"place":"63 km SE of Gilgit, Pakistan","time":1640611869239,"updated":1640639016188,"tz":null,"url":"https://earthquake.usgs.gov/earthquakes/eventpage/us6000gflv","detail":"https://earthquake.usgs.gov/earthquakes/feed/v1.0/detail/us6000gflv.geojson","felt":10,"cdi":5.4,"mmi":null,"alert":null,"status":"reviewed","tsunami":0,"sig":421,"net":"us","code":"6000gflv","ids":",us6000gflv,","sources":",us,","types":",dyfi,origin,phase-data,","nst":null,"dmin":2.291,"rms":0.5,"gap":43,"magType":"mww","type":"earthquake","title":"M 5.2 - 63 km SE of Gilgit, Pakistan"},"geometry":{"type":"Point","coordinates":[74.8382,35.5458,45.94]},"id":"us6000gflv"},
{"type":"Feature","properties":{"mag":1.3,"place":"35 km SE of Mina, Nevada","time":1640611661902,"updated":1640717534454,"tz":null,"url":"https://earthquake.usgs.gov/earthquakes/eventpage/nn00830523","detail":"https://earthquake.usgs.gov/earthquakes/feed/v1.0/detail/nn00830523.geojson","felt":null,"cdi":null,"mmi":null,"alert":null,"status":"reviewed","tsunami":0,"sig":26,"net":"nn","code":"00830523","ids":",nn00830523,","sources":",nn,","types":",origin,phase-data,","nst":13,"dmin":0.115,"rms":0.1035,"gap":146.49,"magType":"ml","type":"earthquake","title":"M 1.3 - 35 km SE of Mina, Nevada"},"geometry":{"type":"Point","coordinates":[-117.8195,38.1711,8.2]},"id":"nn00830523"},
{"type":"Feature","properties":{"mag":4,"place":"15 km ENE of Calingasta, Argentina","time":1640610062678,"updated":1640615448040,"tz":null,"url":"https://earthquake.usgs.gov/earthquakes/eventpage/us6000gflt","detail":"https://earthquake.usgs.gov/earthquakes/feed/v1.0/detail/us6000gflt.geojson","felt":null,"cdi":null,"mmi":null,"alert":null,"status":"reviewed","tsunami":0,"sig":246,"net":"us","code":"6000gflt","ids":",us6000gflt,","sources":",us,","types":",origin,phase-data,","nst":null,"dmin":0.554,"rms":0.67,"gap":113,"magType":"ml","type":"earthquake","title":"M 4.0 - 15 km ENE of Calingasta, Argentina"},"geometry":{"type":"Point","coordinates":[-69.2614,-31.2919,128.52]},"id":"us6000gflt"},
{"type":"Feature","properties":{"mag":2.5,"place":"36 km WNW of Stanley, Idaho","time":1640608907503,"updated":1640618988470,"tz":null,"url":"https://earthquake.usgs.gov/earthquakes/eventpage/us6000gflq","detail":"https://earthquake.usgs.gov/earthquakes/feed/v1.0/detail/us6000gflq.geojson","felt":null,"cdi":null,"mmi":null,"alert":null,"status":"reviewed","tsunami":0,"sig":96,"net":"us","code":"6000gflq","ids":",mb80534529,us6000gflq,","sources":",mb,us,","types":",origin,phase-data,","nst":null,"dmin":0.849,"rms":0.46,"gap":57,"magType":"ml","type":"earthquake","title":"M 2.5 - 36 km WNW of Stanley, Idaho"},"geometry":{"type":"Point","coordinates":[-115.3242,44.3875,12.94]},"id":"us6000gflq"},
{"type":"Feature","properties":{"mag":1.7,"place":"120 km E of McCarthy, Alaska","time":1640608330709,"updated":1640608589433,"tz":null,"url":"https://earthquake.usgs.gov/earthquakes/eventpage/ak021gl8cd6v","detail":"https://earthquake.usgs.gov/earthquakes/feed/v1.0/detail/ak021gl8cd6v.geojson","felt":null,"cdi":null,"mmi":null,"alert":null,"status":"automatic","tsunami":0,"sig":44,"net":"ak","code":"021gl8cd6v","ids":",ak021gl8cd6v,","sources":",ak,","types":",origin,","nst":null,"dmin":null,"rms":0.53,"gap":null,"magType":"ml","type":"earthquake","title":"M 1.7 - 120 km E of McCarthy, Alaska"},"geometry":{"type":"Point","coordinates":[-140.6648,61.4776,0]},"id":"ak021gl8cd6v"},
{"type":"Feature","properties":{"mag":2.26,"place":"15km SE of Malibu, CA","time":1640608135540,"updated":1640608810860,"tz":null,"url":"https://earthquake.usgs.gov/earthquakes/eventpage/ci39897103","detail":"https://earthquake.usgs.gov/earthquakes/feed/v1.0/detail/ci39897103.geojson","felt":null,"cdi":null,"mmi":null,"alert":null,"status":"automatic","tsunami":0,"sig":79,"net":"ci","code":"39897103","ids":",ci39897103,","sources":",ci,","types":",focal-mechanism,nearby-cities,origin,phase-data,scitech-link,","nst":59,"dmin":0.1526,"rms":0.27,"gap":94,"magType":"ml","type":"earthquake","title":"M 2.3 - 15km SE of Malibu, CA"},"geometry":{"type":"Point","coordinates":[-118.7118333,33.9013333,9.08]},"id":"ci39897103"},
{"type":"Feature","properties":{"mag":1.92,"place":"14km SE of Malibu, CA","time":1640608052630,"updated":1640608714880,"tz":null,"url":"https://earthquake.usgs.gov/earthquakes/eventpage/ci39897095","detail":"https://earthquake.usgs.gov/earthquakes/feed/v1.0/detail/ci39897095.geojson","felt":null,"cdi":null,"mmi":null,"alert":null,"status":"automatic","tsunami":0,"sig":57,"net":"ci","code":"39897095","ids":",ci39897095,","sources":",ci,","types":",focal-mechanism,nearby-cities,origin,phase-data,scitech-link,","nst":35,"dmin":0.1452,"rms":0.28,"gap":95,"magType":"ml","type":"earthquake","title":"M 1.9 - 14km SE of Malibu, CA"},"geometry":{"type":"Point","coordinates":[-118.714,33.9085,12.22]},"id":"ci39897095"},
{"type":"Feature","properties":{"mag":0.68,"place":"4 km WNW of Avon, Montana","time":1640607919230,"updated":1640650445480,"tz":null,"url":"https://earthquake.usgs.gov/earthquakes/eventpage/mb80534609","detail":"https://earthquake.usgs.gov/earthquakes/feed/v1.0/detail/mb80534609.geojson","felt":null,"cdi":null,"mmi":null,"alert":null,"status":"reviewed","tsunami":0,"sig":7,"net":"mb","code":"80534609","ids":",mb80534609,","sources":",mb,","types":",origin,phase-data,","nst":6,"dmin":0.143,"rms":0.21,"gap":84,"magType":"ml","type":"earthquake","title":"M 0.7 - 4 km WNW of Avon, Montana"},"geometry":{"type":"Point","coordinates":[-112.652,46.6155,13.16]},"id":"mb80534609"},
{"type":"Feature","properties":{"mag":1.75,"place":"Puerto Rico region","time":1640606903060,"updated":1640607476919,"tz":null,"url":"https://earthquake.usgs.gov/earthquakes/eventpage/pr2021361004","detail":"https://earthquake.usgs.gov/earthquakes/feed/v1.0/detail/pr2021361004.geojson","felt":null,"cdi":null,"mmi":null,"alert":null,"status":"reviewed","tsunami":0,"sig":47,"net":"pr","code":"2021361004","ids":",pr2021361004,","sources":",pr,","types":",origin,phase-data,","nst":3,"dmin":0.1285,"rms":0.1,"gap":278,"magType":"md","type":"earthquake","title":"M 1.8 - Puerto Rico region"},"geometry":{"type":"Point","coordinates":[-66.9646,17.8685,7]},"id":"pr2021361004"},
{"type":"Feature","properties":{"mag":0.75,"place":"32km ESE of Lake Isabella, CA","time":1640605380150,"updated":1640605641905,"tz":null,"url":"https://earthquake.usgs.gov/earthquakes/eventpage/ci39897087","detail":"https://earthquake.usgs.gov/earthquakes/feed/v1.0/detail/ci39897087.geojson","felt":null,"cdi":null,"mmi":null,"alert":null,"status":"automatic","tsunami":0,"sig":9,"net":"ci","code":"39897087","ids":",ci39897087,","sources":",ci,","types":",nearby-cities,origin,phase-data,scitech-link,","nst":17,"dmin":0.001821,"rms":0.17,"gap":76,"magType":"ml","type":"earthquake","title":"M 0.8 - 32km ESE of Lake Isabella, CA"},"geometry":{"type":"Point","coordinates":[-118.1406667,35.5348333,5.19]},"id":"ci39897087"},
{"type":"Feature","properties":{"mag":5.4,"place":"109 km E of ‘Ohonua, Tonga","time":1640604852767,"updated":1640753631040,"tz":null,"url":"https://earthquake.usgs.gov/earthquakes/eventpage/us6000gfli","detail":"https://earthquake.usgs.gov/earthquakes/feed/v1.0/detail/us6000gfli.geojson","felt":null,"cdi":null,"mmi":3.17,"alert":"green","status":"reviewed","tsunami":0,"sig":449,"net":"us","code":"6000gfli","ids":",us6000gfli,","sources":",us,","types":",losspager,moment-tensor,origin,phase-data,shakemap,","nst":null,"dmin":7.76,"rms":1.39,"gap":40,"magType":"mww","type":"earthquake","title":"M 5.4 - 109 km E of ‘Ohonua, Tonga"},"geometry":{"type":"Point","coordinates":[-173.9028,-21.4432,10]},"id":"us6000gfli"},
{"type":"Feature","properties":{"mag":3.2,"place":"off the coast of Oregon","time":1640602839644,"updated":1640607007040,"tz":null,"url":"https://earthquake.usgs.gov/earthquakes/eventpage/us6000gflh","detail":"https://earthquake.usgs.gov/earthquakes/feed/v1.0/detail/us6000gflh.geojson","felt":null,"cdi":null,"mmi":null,"alert":null,"status":"reviewed","tsunami":0,"sig":158,"net":"us","code":"6000gflh","ids":",us6000gflh,","sources":",us,","types":",origin,phase-data,","nst":null,"dmin":3.786,"rms":0.68,"gap":270,"magType":"ml","type":"earthquake","title":"M 3.2 - off the coast of Oregon"},"geometry":{"type":"Point","coordinates":[-129.2701,44.0765,10]},"id":"us6000gflh"},
{"type":"Feature","properties":{"mag":0.54,"place":"6km SW of Mammoth Lakes, CA","time":1640602548970,"updated":1640626390302,"tz":null,"url":"https://earthquake.usgs.gov/earthquakes/eventpage/nc73668741","detail":"https://earthquake.usgs.gov/earthquakes/feed/v1.0/detail/nc73668741.geojson","felt":null,"cdi":null,"mmi":null,"alert":null,"status":"reviewed","tsunami":0,"sig":4,"net":"nc","code":"73668741","ids":",nc73668741,","sources":",nc,","types":",nearby-cities,origin,phase-data,scitech-link,","nst":6,"dmin":0.01731,"rms":0.02,"gap":324,"magType":"md","type":"earthquake","title":"M 0.5 - 6km SW of Mammoth Lakes, CA"},"geometry":{"type":"Point","coordinates":[-119.0168333,37.5951667,1.91]},"id":"nc73668741"},
{"type":"Feature","properties":{"mag":0.65,"place":"5 km NW of Avon, Montana","time":1640602343350,"updated":1640650203530,"tz":null,"url":"https://earthquake.usgs.gov/earthquakes/eventpage/mb80534604","detail":"https://earthquake.usgs.gov/earthquakes/feed/v1.0/detail/mb80534604.geojson","felt":null,"cdi":null,"mmi":null,"alert":null,"status":"reviewed","tsunami":0,"sig":6,"net":"mb","code":"80534604","ids":",mb80534604,","sources":",mb,","types":",origin,phase-data,","nst":7,"dmin":0.151,"rms":0.07,"gap":84,"magType":"ml","type":"earthquake","title":"M 0.7 - 5 km NW of Avon, Montana"},"geometry":{"type":"Point","coordinates":[-112.6575,46.6235,13.58]},"id":"mb80534604"},
{"type":"Feature","properties":{"mag":1.9,"place":"4 km S of Big Lake, Alaska","time":1640601598833,"updated":1640601906859,"tz":null,"url":"https://earthquake.usgs.gov/earthquakes/eventpage/ak021gl773s6","detail":"https://earthquake.usgs.gov/earthquakes/feed/v1.0/detail/ak021gl773s6.geojson","felt":null,"cdi":null,"mmi":null,"alert":null,"status":"automatic","tsunami":0,"sig":56,"net":"ak","code":"021gl773s6","ids":",ak021gl773s6,","sources":",ak,","types":",origin,","nst":null,"dmin":null,"rms":0.72,"gap":null,"magType":"ml","type":"earthquake","title":"M 1.9 - 4 km S of Big Lake, Alaska"},"geometry":{"type":"Point","coordinates":[-149.9463,61.478,31]},"id":"ak021gl773s6"},
{"type":"Feature","properties":{"mag":1.5,"place":"16 km SSW of Anchorage, Alaska","time":1640601518226,"updated":1640601706085,"tz":null,"url":"https://earthquake.usgs.gov/earthquakes/eventpage/ak021gl76uha","detail":"https://earthquake.usgs.gov/earthquakes/feed/v1.0/detail/ak021gl76uha.geojson","felt":null,"cdi":null,"mmi":null,"alert":null,"status":"automatic","tsunami":0,"sig":35,"net":"ak","code":"021gl76uha","ids":",ak021gl76uha,","sources":",ak,","types":",origin,","nst":null,"dmin":null,"rms":0.66,"gap":null,"magType":"ml","type":"earthquake","title":"M 1.5 - 16 km SSW of Anchorage, Alaska"},"geometry":{"type":"Point","coordinates":[-150.0023,61.0795,28.3]},"id":"ak021gl76uha"},
{"type":"Feature","properties":{"mag":1.4,"place":"9 km NNE of Ester, Alaska","time":1640601292520,"updated":1640602107463,"tz":null,"url":"https://earthquake.usgs.gov/earthquakes/eventpage/ak021gl760p4","detail":"https://earthquake.usgs.gov/earthquakes/feed/v1.0/detail/ak021gl760p4.geojson","felt":null,"cdi":null,"mmi":null,"alert":null,"status":"automatic","tsunami":0,"sig":30,"net":"ak","code":"021gl760p4","ids":",ak021gl760p4,","sources":",ak,","types":",origin,","nst":null,"dmin":null,"rms":0.64,"gap":null,"magType":"ml","type":"earthquake","title":"M 1.4 - 9 km NNE of Ester, Alaska"},"geometry":{"type":"Point","coordinates":[-147.9665,64.9256,15]},"id":"ak021gl760p4"},
{"type":"Feature","properties":{"mag":2.23,"place":"24 km WNW of Stanley, Idaho","time":1640600681450,"updated":1640643034470,"tz":null,"url":"https://earthquake.usgs.gov/earthquakes/eventpage/mb80534574","detail":"https://earthquake.usgs.gov/earthquakes/feed/v1.0/detail/mb80534574.geojson","felt":null,"cdi":null,"mmi":null,"alert":null,"status":"reviewed","tsunami":0,"sig":77,"net":"mb","code":"80534574","ids":",mb80534574,","sources":",mb,","types":",origin,phase-data,","nst":9,"dmin":0.952,"rms":0.22,"gap":118,"magType":"ml","type":"earthquake","title":"M 2.2 - 24 km WNW of Stanley, Idaho"},"geometry":{"type":"Point","coordinates":[-115.2085,44.3213333,13.96]},"id":"mb80534574"},
{"type":"Feature","properties":{"mag":0.49,"place":"13km WNW of Anza, CA","time":1640600325650,"updated":1640623226162,"tz":null,"url":"https://earthquake.usgs.gov/earthquakes/eventpage/ci39897079","detail":"https://earthquake.usgs.gov/earthquakes/feed/v1.0/detail/ci39897079.geojson","felt":null,"cdi":null,"mmi":null,"alert":null,"status":"reviewed","tsunami":0,"sig":4,"net":"ci","code":"39897079","ids":",ci39897079,","sources":",ci,","types":",nearby-cities,origin,phase-data,scitech-link,","nst":15,"dmin":0.03221,"rms":0.08,"gap":90,"magType":"ml","type":"earthquake","title":"M 0.5 - 13km WNW of Anza, CA"},"geometry":{"type":"Point","coordinates":[-116.8026667,33.5925,7.76]},"id":"ci39897079"},
{"type":"Feature","properties":{"mag":1.5,"place":"29 km N of Beluga, Alaska","time":1640600173275,"updated":1640600463374,"tz":null,"url":"https://earthquake.usgs.gov/earthquakes/eventpage/ak021gl722sw","detail":"https://earthquake.usgs.gov/earthquakes/feed/v1.0/detail/ak021gl722sw.geojson","felt":null,"cdi":null,"mmi":null,"alert":null,"status":"automatic","tsunami":0,"sig":35,"net":"ak","code":"021gl722sw","ids":",ak021gl722sw,","sources":",ak,","types":",origin,","nst":null,"dmin":null,"rms":0.65,"gap":null,"magType":"ml","type":"earthquake","title":"M 1.5 - 29 km N of Beluga, Alaska"},"geometry":{"type":"Point","coordinates":[-151.0512,61.4074,60.1]},"id":"ak021gl722sw"},
{"type":"Feature","properties":{"mag":1.3,"place":"88 km N of Karluk, Alaska","time":1640600160205,"updated":1640600463522,"tz":null,"url":"https://earthquake.usgs.gov/earthquakes/eventpage/ak021gl71yi2","detail":"https://earthquake.usgs.gov/earthquakes/feed/v1.0/detail/ak021gl71yi2.geojson","felt":null,"cdi":null,"mmi":null,"alert":null,"status":"automatic","tsunami":0,"sig":26,"net":"ak","code":"021gl71yi2","ids":",ak021gl71yi2,","sources":",ak,","types":",origin,","nst":null,"dmin":null,"rms":0.6,"gap":null,"magType":"ml","type":"earthquake","title":"M 1.3 - 88 km N of Karluk, Alaska"},"geometry":{"type":"Point","coordinates":[-154.5304,58.3663,3.6]},"id":"ak021gl71yi2"},
{"type":"Feature","properties":{"mag":3,"place":"5 km WNW of New Plymouth, New Zealand","time":1640600083566,"updated":1640654520085,"tz":null,"url":"https://earthquake.usgs.gov/earthquakes/eventpage/us6000gfl5","detail":"https://earthquake.usgs.gov/earthquakes/feed/v1.0/detail/us6000gfl5.geojson","felt":3,"cdi":3.7,"mmi":null,"alert":null,"status":"reviewed","tsunami":0,"sig":140,"net":"us","code":"6000gfl5","ids":",us6000gfl5,","sources":",us,","types":",dyfi,origin,phase-data,","nst":null,"dmin":0.835,"rms":0.48,"gap":188,"magType":"ml","type":"earthquake","title":"M 3.0 - 5 km WNW of New Plymouth, New Zealand"},"geometry":{"type":"Point","coordinates":[174.0261,-39.0408,10]},"id":"us6000gfl5"},
{"type":"Feature","properties":{"mag":1.9,"place":"33 km WNW of Nikiski, Alaska","time":1640599660619,"updated":1640600232615,"tz":null,"url":"https://earthquake.usgs.gov/earthquakes/eventpage/ak021gl707j5","detail":"https://earthquake.usgs.gov/earthquakes/feed/v1.0/detail/ak021gl707j5.geojson","felt":null,"cdi":null,"mmi":null,"alert":null,"status":"automatic","tsunami":0,"sig":56,"net":"ak","code":"021gl707j5","ids":",ak021gl707j5,","sources":",ak,","types":",origin,","nst":null,"dmin":null,"rms":0.51,"gap":null,"magType":"ml","type":"earthquake","title":"M 1.9 - 33 km WNW of Nikiski, Alaska"},"geometry":{"type":"Point","coordinates":[-151.8728,60.7686,81.3]},"id":"ak021gl707j5"},
{"type":"Feature","properties":{"mag":1.1,"place":"42 km W of Veyo, Utah","time":1640599593700,"updated":1640798097270,"tz":null,"url":"https://earthquake.usgs.gov/earthquakes/eventpage/uu60474552","detail":"https://earthquake.usgs.gov/earthquakes/feed/v1.0/detail/uu60474552.geojson","felt":null,"cdi":null,"mmi":null,"alert":null,"status":"reviewed","tsunami":0,"sig":19,"net":"uu","code":"60474552","ids":",uu60474552,","sources":",uu,","types":",origin,phase-data,","nst":8,"dmin":0.2517,"rms":0.15,"gap":150,"magType":"md","type":"earthquake","title":"M 1.1 - 42 km W of Veyo, Utah"},"geometry":{"type":"Point","coordinates":[-114.1698333,37.3091667,14.46]},"id":"uu60474552"},
{"type":"Feature","properties":{"mag":2.11999989,"place":"Island of Hawaii, Hawaii","time":1640599291560,"updated":1640599480620,"tz":null,"url":"https://earthquake.usgs.gov/earthquakes/eventpage/hv72848182","detail":"https://earthquake.usgs.gov/earthquakes/feed/v1.0/detail/hv72848182.geojson","felt":null,"cdi":null,"mmi":null,"alert":null,"status":"automatic","tsunami":0,"sig":69,"net":"hv","code":"72848182","ids":",hv72848182,","sources":",hv,","types":",origin,phase-data,","nst":43,"dmin":null,"rms":0.129999995,"gap":140,"magType":"md","type":"earthquake","title":"M 2.1 - Island of Hawaii, Hawaii"},"geometry":{"type":"Point","coordinates":[-155.391830444336,19.2395000457764,31.1200008392334]},"id":"hv72848182"},
{"type":"Feature","properties":{"mag":2.5,"place":"Kansas","time":1640599096322,"updated":1640674424137,"tz":null,"url":"https://earthquake.usgs.gov/earthquakes/eventpage/us6000gfl2","detail":"https://earthquake.usgs.gov/earthquakes/feed/v1.0/detail/us6000gfl2.geojson","felt":7,"cdi":2.2,"mmi":null,"alert":null,"status":"reviewed","tsunami":0,"sig":98,"net":"us","code":"6000gfl2","ids":",us6000gfl2,","sources":",us,","types":",dyfi,origin,phase-data,","nst":null,"dmin":0.719,"rms":0.62,"gap":92,"magType":"mb_lg","type":"earthquake","title":"M 2.5 - Kansas"},"geometry":{"type":"Point","coordinates":[-97.4955,38.6631,5]},"id":"us6000gfl2"},
{"type":"Feature","properties":{"mag":5,"place":"southern East Pacific Rise","time":1640598246600,"updated":1640600642040,"tz":null,"url":"https://earthquake.usgs.gov/earthquakes/eventpage/us6000gfl6","detail":"https://earthquake.usgs.gov/earthquakes/feed/v1.0/detail/us6000gfl6.geojson","felt":null,"cdi":null,"mmi":null,"alert":null,"status":"reviewed","tsunami":0,"sig":385,"net":"us","code":"6000gfl6","ids":",us6000gfl6,","sources":",us,","types":",origin,phase-data,","nst":null,"dmin":7.75,"rms":0.6,"gap":79,"magType":"mb","type":"earthquake","title":"M 5.0 - southern East Pacific Rise"},"geometry":{"type":"Point","coordinates":[-108.1059,-34.8507,10]},"id":"us6000gfl6"},
{"type":"Feature","properties":{"mag":1.5,"place":"2km SSE of Hillsborough, CA","time":1640597825790,"updated":1640598911638,"tz":null,"url":"https://earthquake.usgs.gov/earthquakes/eventpage/nc73668736","detail":"https://earthquake.usgs.gov/earthquakes/feed/v1.0/detail/nc73668736.geojson","felt":1,"cdi":2.7,"mmi":null,"alert":null,"status":"automatic","tsunami":0,"sig":35,"net":"nc","code":"73668736","ids":",nc73668736,","sources":",nc,","types":",dyfi,nearby-cities,origin,phase-data,scitech-link,","nst":12,"dmin":0.07018,"rms":0.03,"gap":91,"magType":"md","type":"earthquake","title":"M 1.5 - 2km SSE of Hillsborough, CA"},"geometry":{"type":"Point","coordinates":[-122.3679962,37.5535011,10.26]},"id":"nc73668736"},
{"type":"Feature","properties":{"mag":1.19,"place":"11km NE of Coso Junction, CA","time":1640596756080,"updated":1640623298620,"tz":null,"url":"https://earthquake.usgs.gov/earthquakes/eventpage/ci39897071","detail":"https://earthquake.usgs.gov/earthquakes/feed/v1.0/detail/ci39897071.geojson","felt":null,"cdi":null,"mmi":null,"alert":null,"status":"reviewed","tsunami":0,"sig":22,"net":"ci","code":"39897071","ids":",ci39897071,","sources":",ci,","types":",nearby-cities,origin,phase-data,scitech-link,","nst":14,"dmin":0.008993,"rms":0.1,"gap":143,"magType":"ml","type":"earthquake","title":"M 1.2 - 11km NE of Coso Junction, CA"},"geometry":{"type":"Point","coordinates":[-117.8565,36.1086667,3.42]},"id":"ci39897071"},
{"type":"Feature","properties":{"mag":2.17,"place":"8km NNW of West Bishop, CA","time":1640596337660,"updated":1640670980393,"tz":null,"url":"https://earthquake.usgs.gov/earthquakes/eventpage/nc73668726","detail":"https://earthquake.usgs.gov/earthquakes/feed/v1.0/detail/nc73668726.geojson","felt":1,"cdi":2,"mmi":null,"alert":null,"status":"reviewed","tsunami":0,"sig":73,"net":"nc","code":"73668726","ids":",nc73668726,","sources":",nc,","types":",dyfi,focal-mechanism,nearby-cities,origin,phase-data,scitech-link,","nst":19,"dmin":0.05659,"rms":0.1,"gap":80,"magType":"md","type":"earthquake","title":"M 2.2 - 8km NNW of West Bishop, CA"},"geometry":{"type":"Point","coordinates":[-118.5,37.429,11.03]},"id":"nc73668726"},
{"type":"Feature","properties":{"mag":2.45,"place":"11km NE of Coso Junction, CA","time":1640596246920,"updated":1640629272327,"tz":null,"url":"https://earthquake.usgs.gov/earthquakes/eventpage/ci39897055","detail":"https://earthquake.usgs.gov/earthquakes/feed/v1.0/detail/ci39897055.geojson","felt":1,"cdi":2.1,"mmi":null,"alert":null,"status":"automatic","tsunami":0,"sig":93,"net":"ci","code":"39897055","ids":",ci39897055,","sources":",ci,","types":",dyfi,focal-mechanism,nearby-cities,origin,phase-data,scitech-link,","nst":26,"dmin":0.005896,"rms":0.14,"gap":53,"magType":"ml","type":"earthquake","title":"M 2.5 - 11km NE of Coso Junction, CA"},"geometry":{"type":"Point","coordinates":[-117.8531667,36.1118333,3.26]},"id":"ci39897055"},
{"type":"Feature","properties":{"mag":0.77,"place":"11km NE of Cabazon, CA","time":1640594994970,"updated":1640623367279,"tz":null,"url":"https://earthquake.usgs.gov/earthquakes/eventpage/ci39897039","detail":"https://earthquake.usgs.gov/earthquakes/feed/v1.0/detail/ci39897039.geojson","felt":null,"cdi":null,"mmi":null,"alert":null,"status":"reviewed","tsunami":0,"sig":9,"net":"ci","code":"39897039","ids":",ci39897039,","sources":",ci,","types":",nearby-cities,origin,phase-data,scitech-link,","nst":16,"dmin":0.1894,"rms":0.14,"gap":169,"magType":"ml","type":"earthquake","title":"M 0.8 - 11km NE of Cabazon, CA"},"geometry":{"type":"Point","coordinates":[-116.6875,33.9755,17.75]},"id":"ci39897039"},
{"type":"Feature","properties":{"mag":0.85,"place":"3 km SSE of Alberton, Montana","time":1640594196710,"updated":1640642454900,"tz":null,"url":"https://earthquake.usgs.gov/earthquakes/eventpage/mb80534569","detail":"https://earthquake.usgs.gov/earthquakes/feed/v1.0/detail/mb80534569.geojson","felt":null,"cdi":null,"mmi":null,"alert":null,"status":"reviewed","tsunami":0,"sig":11,"net":"mb","code":"80534569","ids":",mb80534569,","sources":",mb,","types":",origin,phase-data,","nst":7,"dmin":0.376,"rms":0.09,"gap":234,"magType":"ml","type":"earthquake","title":"M 0.9 - 3 km SSE of Alberton, Montana"},"geometry":{"type":"Point","coordinates":[-114.4518333,46.9755,6]},"id":"mb80534569"},
{"type":"Feature","properties":{"mag":4.9,"place":"169 km W of Labuan, Indonesia","time":1640593940521,"updated":1640594970040,"tz":null,"url":"https://earthquake.usgs.gov/earthquakes/eventpage/us6000gfkq","detail":"https://earthquake.usgs.gov/earthquakes/feed/v1.0/detail/us6000gfkq.geojson","felt":null,"cdi":null,"mmi":null,"alert":null,"status":"reviewed","tsunami":0,"sig":369,"net":"us","code":"6000gfkq","ids":",us6000gfkq,","sources":",us,","types":",origin,phase-data,","nst":null,"dmin":2.661,"rms":0.5,"gap":44,"magType":"mb","type":"earthquake","title":"M 4.9 - 169 km W of Labuan, Indonesia"},"geometry":{"type":"Point","coordinates":[104.3204,-6.6646,36.25]},"id":"us6000gfkq"},
{"type":"Feature","properties":{"mag":1.45,"place":"11km NE of Coso Junction, CA","time":1640593667720,"updated":1640623437383,"tz":null,"url":"https://earthquake.usgs.gov/earthquakes/eventpage/ci39897031","detail":"https://earthquake.usgs.gov/earthquakes/feed/v1.0/detail/ci39897031.geojson","felt":null,"cdi":null,"mmi":null,"alert":null,"status":"reviewed","tsunami":0,"sig":32,"net":"ci","code":"39897031","ids":",ci39897031,","sources":",ci,","types":",nearby-cities,origin,phase-data,scitech-link,","nst":19,"dmin":0.007963,"rms":0.15,"gap":65,"magType":"ml","type":"earthquake","title":"M 1.5 - 11km NE of Coso Junction, CA"},"geometry":{"type":"Point","coordinates":[-117.8525,36.1098333,3.47]},"id":"ci39897031"},
{"type":"Feature","properties":{"mag":2.33,"place":"26km W of Petrolia, CA","time":1640593106470,"updated":1640747171236,"tz":null,"url":"https://earthquake.usgs.gov/earthquakes/eventpage/nc73668716","detail":"https://earthquake.usgs.gov/earthquakes/feed/v1.0/detail/nc73668716.geojson","felt":null,"cdi":null,"mmi":null,"alert":null,"status":"reviewed","tsunami":0,"sig":84,"net":"nc","code":"73668716","ids":",nc73668716,","sources":",nc,","types":",nearby-cities,origin,phase-data,scitech-link,","nst":15,"dmin":0.1911,"rms":0.05,"gap":279,"magType":"md","type":"earthquake","title":"M 2.3 - 26km W of Petrolia, CA"},"geometry":{"type":"Point","coordinates":[-124.5921667,40.2798333,15.88]},"id":"nc73668716"},
{"type":"Feature","properties":{"mag":3.3,"place":"35 km NW of Valdez, Alaska","time":1640592004640,"updated":1640645512841,"tz":null,"url":"https://earthquake.usgs.gov/earthquakes/eventpage/ak021gl5rrfd","detail":"https://earthquake.usgs.gov/earthquakes/feed/v1.0/detail/ak021gl5rrfd.geojson","felt":3,"cdi":3.1,"mmi":null,"alert":null,"status":"reviewed","tsunami":0,"sig":168,"net":"ak","code":"021gl5rrfd","ids":",ak021gl5rrfd,us6000gfkm,","sources":",ak,us,","types":",dyfi,origin,phase-data,","nst":null,"dmin":null,"rms":0.93,"gap":null,"magType":"ml","type":"earthquake","title":"M 3.3 - 35 km NW of Valdez, Alaska"},"geometry":{"type":"Point","coordinates":[-146.851,61.3429,3.6]},"id":"ak021gl5rrfd"},
{"type":"Feature","properties":{"mag":2.5,"place":"4 km E of Assaria, Kansas","time":1640591943792,"updated":1640592725040,"tz":null,"url":"https://earthquake.usgs.gov/earthquakes/eventpage/us6000gfkl","detail":"https://earthquake.usgs.gov/earthquakes/feed/v1.0/detail/us6000gfkl.geojson","felt":null,"cdi":null,"mmi":null,"alert":null,"status":"reviewed","tsunami":0,"sig":96,"net":"us","code":"6000gfkl","ids":",us6000gfkl,","sources":",us,","types":",origin,phase-data,","nst":null,"dmin":0.708,"rms":0.34,"gap":141,"magType":"mb_lg","type":"earthquake","title":"M 2.5 - 4 km E of Assaria, Kansas"},"geometry":{"type":"Point","coordinates":[-97.5499,38.6772,5]},"id":"us6000gfkl"},
{"type":"Feature","properties":{"mag":2.36,"place":"12 km ESE of Pāhala, Hawaii","time":1640591623120,"updated":1640591954500,"tz":null,"url":"https://earthquake.usgs.gov/earthquakes/eventpage/hv72848127","detail":"https://earthquake.usgs.gov/earthquakes/feed/v1.0/detail/hv72848127.geojson","felt":null,"cdi":null,"mmi":null,"alert":null,"status":"automatic","tsunami":0,"sig":86,"net":"hv","code":"72848127","ids":",us6000gfkk,hv72848127,","sources":",us,hv,","types":",origin,phase-data,","nst":45,"dmin":null,"rms":0.100000001,"gap":180,"magType":"ml","type":"earthquake","title":"M 2.4 - 12 km ESE of Pāhala, Hawaii"},"geometry":{"type":"Point","coordinates":[-155.380828857422,19.1459999084473,30.0499992370605]},"id":"hv72848127"},
{"type":"Feature","properties":{"mag":1.18,"place":"11km NE of Coso Junction, CA","time":1640590575920,"updated":1640623508393,"tz":null,"url":"https://earthquake.usgs.gov/earthquakes/eventpage/ci39897023","detail":"https://earthquake.usgs.gov/earthquakes/feed/v1.0/detail/ci39897023.geojson","felt":null,"cdi":null,"mmi":null,"alert":null,"status":"reviewed","tsunami":0,"sig":21,"net":"ci","code":"39897023","ids":",ci39897023,","sources":",ci,","types":",nearby-cities,origin,phase-data,scitech-link,","nst":15,"dmin":0.007775,"rms":0.09,"gap":76,"magType":"ml","type":"earthquake","title":"M 1.2 - 11km NE of Coso Junction, CA"},"geometry":{"type":"Point","coordinates":[-117.8538333,36.1098333,3.3]},"id":"ci39897023"},
{"type":"Feature","properties":{"mag":4.8,"place":"59 km N of Bandar Abbas, Iran","time":1640590315746,"updated":1640711053944,"tz":null,"url":"https://earthquake.usgs.gov/earthquakes/eventpage/us6000gfkh","detail":"https://earthquake.usgs.gov/earthquakes/feed/v1.0/detail/us6000gfkh.geojson","felt":1,"cdi":4.1,"mmi":null,"alert":null,"status":"reviewed","tsunami":0,"sig":355,"net":"us","code":"6000gfkh","ids":",us6000gfkh,","sources":",us,","types":",dyfi,origin,phase-data,","nst":null,"dmin":2.756,"rms":0.69,"gap":45,"magType":"mww","type":"earthquake","title":"M 4.8 - 59 km N of Bandar Abbas, Iran"},"geometry":{"type":"Point","coordinates":[56.19,27.7128,10]},"id":"us6000gfkh"},
{"type":"Feature","properties":{"mag":2.48,"place":"6 km SE of Espino, Puerto Rico","time":1640590076680,"updated":1640592643923,"tz":null,"url":"https://earthquake.usgs.gov/earthquakes/eventpage/pr2021361003","detail":"https://earthquake.usgs.gov/earthquakes/feed/v1.0/detail/pr2021361003.geojson","felt":null,"cdi":null,"mmi":null,"alert":null,"status":"reviewed","tsunami":0,"sig":95,"net":"pr","code":"2021361003","ids":",pr2021361003,","sources":",pr,","types":",origin,phase-data,","nst":13,"dmin":0.2284,"rms":0.11,"gap":105,"magType":"md","type":"earthquake","title":"M 2.5 - 6 km SE of Espino, Puerto Rico"},"geometry":{"type":"Point","coordinates":[-67.0773,18.2325,13]},"id":"pr2021361003"},
{"type":"Feature","properties":{"mag":1.85000002,"place":"8 km E of Pāhala, Hawaii","time":1640589556410,"updated":1640589748740,"tz":null,"url":"https://earthquake.usgs.gov/earthquakes/eventpage/hv72848092","detail":"https://earthquake.usgs.gov/earthquakes/feed/v1.0/detail/hv72848092.geojson","felt":null,"cdi":null,"mmi":null,"alert":null,"status":"automatic","tsunami":0,"sig":53,"net":"hv","code":"72848092","ids":",hv72848092,","sources":",hv,","types":",origin,phase-data,","nst":31,"dmin":null,"rms":0.100000001,"gap":157,"magType":"md","type":"earthquake","title":"M 1.9 - 8 km E of Pāhala, Hawaii"},"geometry":{"type":"Point","coordinates":[-155.402496337891,19.2063331604004,31.7099990844727]},"id":"hv72848092"},
{"type":"Feature","properties":{"mag":3.6,"place":"131 km SSE of Akhiok, Alaska","time":1640588604330,"updated":1640644074411,"tz":null,"url":"https://earthquake.usgs.gov/earthquakes/eventpage/ak021gl5709g","detail":"https://earthquake.usgs.gov/earthquakes/feed/v1.0/detail/ak021gl5709g.geojson","felt":null,"cdi":null,"mmi":1,"alert":null,"status":"reviewed","tsunami":0,"sig":199,"net":"ak","code":"021gl5709g","ids":",us6000gfkf,ak021gl5709g,","sources":",us,ak,","types":",origin,phase-data,shakemap,","nst":null,"dmin":null,"rms":0.63,"gap":null,"magType":"ml","type":"earthquake","title":"M 3.6 - 131 km SSE of Akhiok, Alaska"},"geometry":{"type":"Point","coordinates":[-153.4208,55.8403,7.1]},"id":"ak021gl5709g"},
{"type":"Feature","properties":{"mag":4.7,"place":"off the coast of Oregon","time":1640588076369,"updated":1640592006018,"tz":null,"url":"https://earthquake.usgs.gov/earthquakes/eventpage/us6000gfke","detail":"https://earthquake.usgs.gov/earthquakes/feed/v1.0/detail/us6000gfke.geojson","felt":1,"cdi":3.1,"mmi":null,"alert":null,"status":"reviewed","tsunami":0,"sig":340,"net":"us","code":"6000gfke","ids":",us6000gfke,ak021gl4xfmz,","sources":",us,ak,","types":",associate,dyfi,origin,phase-data,","nst":null,"dmin":3.587,"rms":0.64,"gap":199,"magType":"mb","type":"earthquake","title":"M 4.7 - off the coast of Oregon"},"geometry":{"type":"Point","coordinates":[-128.9824,44.1836,10]},"id":"us6000gfke"},
{"type":"Feature","properties":{"mag":1.02,"place":"14km NE of Little Lake, CA","time":1640587642100,"updated":1640587901179,"tz":null,"url":"https://earthquake.usgs.gov/earthquakes/eventpage/ci39897015","detail":"https://earthquake.usgs.gov/earthquakes/feed/v1.0/detail/ci39897015.geojson","felt":null,"cdi":null,"mmi":null,"alert":null,"status":"automatic","tsunami":0,"sig":16,"net":"ci","code":"39897015","ids":",ci39897015,","sources":",ci,","types":",nearby-cities,origin,phase-data,scitech-link,","nst":11,"dmin":0.0215,"rms":0.23,"gap":85,"magType":"ml","type":"earthquake","title":"M 1.0 - 14km NE of Little Lake, CA"},"geometry":{"type":"Point","coordinates":[-117.7848333,36.0106667,1.08]},"id":"ci39897015"},
{"type":"Feature","properties":{"mag":0.73,"place":"11 km E of Ashford, Washington","time":1640587353550,"updated":1640639849310,"tz":null,"url":"https://earthquake.usgs.gov/earthquakes/eventpage/uw61799582","detail":"https://earthquake.usgs.gov/earthquakes/feed/v1.0/detail/uw61799582.geojson","felt":null,"cdi":null,"mmi":null,"alert":null,"status":"reviewed","tsunami":0,"sig":8,"net":"uw","code":"61799582","ids":",uw61799582,","sources":",uw,","types":",origin,phase-data,","nst":15,"dmin":0.02024,"rms":0.09,"gap":144,"magType":"ml","type":"earthquake","title":"M 0.7 - 11 km E of Ashford, Washington"},"geometry":{"type":"Point","coordinates":[-121.8875,46.7423333333333,3.8]},"id":"uw61799582"},
{"type":"Feature","properties":{"mag":1.3,"place":"34 km N of Minto, Alaska","time":1640586755530,"updated":1640586967893,"tz":null,"url":"https://earthquake.usgs.gov/earthquakes/eventpage/ak021gl4rtk1","detail":"https://earthquake.usgs.gov/earthquakes/feed/v1.0/detail/ak021gl4rtk1.geojson","felt":null,"cdi":null,"mmi":null,"alert":null,"status":"automatic","tsunami":0,"sig":26,"net":"ak","code":"021gl4rtk1","ids":",ak021gl4rtk1,","sources":",ak,","types":",origin,","nst":null,"dmin":null,"rms":0.67,"gap":null,"magType":"ml","type":"earthquake","title":"M 1.3 - 34 km N of Minto, Alaska"},"geometry":{"type":"Point","coordinates":[-149.3533,65.4638,8.3]},"id":"ak021gl4rtk1"},
{"type":"Feature","properties":{"mag":2.46,"place":"4 km S of Magas Arriba, Puerto Rico","time":1640586062330,"updated":1640587847999,"tz":null,"url":"https://earthquake.usgs.gov/earthquakes/eventpage/pr2021361002","detail":"https://earthquake.usgs.gov/earthquakes/feed/v1.0/detail/pr2021361002.geojson","felt":null,"cdi":null,"mmi":null,"alert":null,"status":"reviewed","tsunami":0,"sig":93,"net":"pr","code":"2021361002","ids":",pr2021361002,","sources":",pr,","types":",origin,phase-data,","nst":14,"dmin":0.1127,"rms":0.15,"gap":181,"magType":"md","type":"earthquake","title":"M 2.5 - 4 km S of Magas Arriba, Puerto Rico"},"geometry":{"type":"Point","coordinates":[-66.7665,17.9765,13]},"id":"pr2021361002"},
{"type":"Feature","properties":{"mag":1.8,"place":"29km NE of Oakhurst, CA","time":1640585421820,"updated":1640827810996,"tz":null,"url":"https://earthquake.usgs.gov/earthquakes/eventpage/nc73668711","detail":"https://earthquake.usgs.gov/earthquakes/feed/v1.0/detail/nc73668711.geojson","felt":null,"cdi":null,"mmi":null,"alert":null,"status":"reviewed","tsunami":0,"sig":50,"net":"nc","code":"73668711","ids":",nc73668711,","sources":",nc,","types":",nearby-cities,origin,phase-data,scitech-link,","nst":30,"dmin":0.2926,"rms":0.27,"gap":62,"magType":"md","type":"earthquake","title":"M 1.8 - 29km NE of Oakhurst, CA"},"geometry":{"type":"Point","coordinates":[-119.384,37.4798333,14.68]},"id":"nc73668711"},
{"type":"Feature","properties":{"mag":1.58,"place":"3 km SSW of Pāhala, Hawaii","time":1640584998840,"updated":1640653268640,"tz":null,"url":"https://earthquake.usgs.gov/earthquakes/eventpage/hv72848017","detail":"https://earthquake.usgs.gov/earthquakes/feed/v1.0/detail/hv72848017.geojson","felt":null,"cdi":null,"mmi":null,"alert":null,"status":"reviewed","tsunami":0,"sig":38,"net":"hv","code":"72848017","ids":",hv72848017,","sources":",hv,","types":",origin,phase-data,","nst":18,"dmin":null,"rms":0.11,"gap":222,"magType":"md","type":"earthquake","title":"M 1.6 - 3 km SSW of Pāhala, Hawaii"},"geometry":{"type":"Point","coordinates":[-155.485833333333,19.1748333333333,30.31]},"id":"hv72848017"},
{"type":"Feature","properties":{"mag":0.74,"place":"13 km NNE of May Creek, Washington","time":1640584699830,"updated":1640629651650,"tz":null,"url":"https://earthquake.usgs.gov/earthquakes/eventpage/uw61799577","detail":"https://earthquake.usgs.gov/earthquakes/feed/v1.0/detail/uw61799577.geojson","felt":null,"cdi":null,"mmi":null,"alert":null,"status":"reviewed","tsunami":0,"sig":8,"net":"uw","code":"61799577","ids":",uw61799577,","sources":",uw,","types":",origin,phase-data,","nst":6,"dmin":0.1984,"rms":0.08,"gap":150,"magType":"md","type":"earthquake","title":"M 0.7 - 13 km NNE of May Creek, Washington"},"geometry":{"type":"Point","coordinates":[-121.605166666667,47.9686666666667,6.95]},"id":"uw61799577"},
{"type":"Feature","properties":{"mag":1.1,"place":"12 km SW of Point Possession, Alaska","time":1640584629080,"updated":1640642938917,"tz":null,"url":"https://earthquake.usgs.gov/earthquakes/eventpage/ak021gl4bkb1","detail":"https://earthquake.usgs.gov/earthquakes/feed/v1.0/detail/ak021gl4bkb1.geojson","felt":null,"cdi":null,"mmi":null,"alert":null,"status":"reviewed","tsunami":0,"sig":19,"net":"ak","code":"021gl4bkb1","ids":",ak021gl4bkb1,","sources":",ak,","types":",origin,phase-data,","nst":null,"dmin":null,"rms":0.38,"gap":null,"magType":"ml","type":"earthquake","title":"M 1.1 - 12 km SW of Point Possession, Alaska"},"geometry":{"type":"Point","coordinates":[-150.8592,60.8431,52.2]},"id":"ak021gl4bkb1"},
{"type":"Feature","properties":{"mag":1.92999995,"place":"8 km E of Pāhala, Hawaii","time":1640584507840,"updated":1640584705990,"tz":null,"url":"https://earthquake.usgs.gov/earthquakes/eventpage/hv72848012","detail":"https://earthquake.usgs.gov/earthquakes/feed/v1.0/detail/hv72848012.geojson","felt":null,"cdi":null,"mmi":null,"alert":null,"status":"automatic","tsunami":0,"sig":57,"net":"hv","code":"72848012","ids":",hv72848012,","sources":",hv,","types":",origin,phase-data,","nst":35,"dmin":null,"rms":0.109999999,"gap":159,"magType":"md","type":"earthquake","title":"M 1.9 - 8 km E of Pāhala, Hawaii"},"geometry":{"type":"Point","coordinates":[-155.397338867188,19.2005004882812,32.4099998474121]},"id":"hv72848012"},
{"type":"Feature","properties":{"mag":3.3,"place":"7 km WSW of Gypsum, Kansas","time":1640584291200,"updated":1640651110533,"tz":null,"url":"https://earthquake.usgs.gov/earthquakes/eventpage/us6000gfjw","detail":"https://earthquake.usgs.gov/earthquakes/feed/v1.0/detail/us6000gfjw.geojson","felt":28,"cdi":3.5,"mmi":null,"alert":null,"status":"reviewed","tsunami":0,"sig":177,"net":"us","code":"6000gfjw","ids":",us6000gfjw,","sources":",us,","types":",dyfi,origin,phase-data,","nst":null,"dmin":0.721,"rms":0.39,"gap":75,"magType":"mb_lg","type":"earthquake","title":"M 3.3 - 7 km WSW of Gypsum, Kansas"},"geometry":{"type":"Point","coordinates":[-97.5066,38.6717,5]},"id":"us6000gfjw"},
{"type":"Feature","properties":{"mag":1.7,"place":"14 km WSW of Susitna, Alaska","time":1640583818940,"updated":1640586967753,"tz":null,"url":"https://earthquake.usgs.gov/earthquakes/eventpage/ak021gl48r3a","detail":"https://earthquake.usgs.gov/earthquakes/feed/v1.0/detail/ak021gl48r3a.geojson","felt":null,"cdi":null,"mmi":null,"alert":null,"status":"automatic","tsunami":0,"sig":44,"net":"ak","code":"021gl48r3a","ids":",ak021gl48r3a,","sources":",ak,","types":",origin,","nst":null,"dmin":null,"rms":0.34,"gap":null,"magType":"ml","type":"earthquake","title":"M 1.7 - 14 km WSW of Susitna, Alaska"},"geometry":{"type":"Point","coordinates":[-150.7593,61.4826,59.9]},"id":"ak021gl48r3a"},
{"type":"Feature","properties":{"mag":2.55,"place":"16 km SSE of Guánica, Puerto Rico","time":1640583527150,"updated":1640584797698,"tz":null,"url":"https://earthquake.usgs.gov/earthquakes/eventpage/pr2021361001","detail":"https://earthquake.usgs.gov/earthquakes/feed/v1.0/detail/pr2021361001.geojson","felt":null,"cdi":null,"mmi":null,"alert":null,"status":"reviewed","tsunami":0,"sig":100,"net":"pr","code":"2021361001","ids":",pr2021361001,","sources":",pr,","types":",origin,phase-data,","nst":12,"dmin":0.1466,"rms":0.07,"gap":259,"magType":"md","type":"earthquake","title":"M 2.6 - 16 km SSE of Guánica, Puerto Rico"},"geometry":{"type":"Point","coordinates":[-66.8773,17.8285,16]},"id":"pr2021361001"},
{"type":"Feature","properties":{"mag":2.45,"place":"14 km SSE of Guánica, Puerto Rico","time":1640581050040,"updated":1640582945419,"tz":null,"url":"https://earthquake.usgs.gov/earthquakes/eventpage/pr2021361000","detail":"https://earthquake.usgs.gov/earthquakes/feed/v1.0/detail/pr2021361000.geojson","felt":null,"cdi":null,"mmi":null,"alert":null,"status":"reviewed","tsunami":0,"sig":92,"net":"pr","code":"2021361000","ids":",pr2021361000,","sources":",pr,","types":",origin,phase-data,","nst":14,"dmin":0.1351,"rms":0.15,"gap":255,"magType":"md","type":"earthquake","title":"M 2.5 - 14 km SSE of Guánica, Puerto Rico"},"geometry":{"type":"Point","coordinates":[-66.8781,17.84,6]},"id":"pr2021361000"},
{"type":"Feature","properties":{"mag":1.69,"place":"17km NW of Grapevine, CA","time":1640580963870,"updated":1640581660520,"tz":null,"url":"https://earthquake.usgs.gov/earthquakes/eventpage/ci39896999","detail":"https://earthquake.usgs.gov/earthquakes/feed/v1.0/detail/ci39896999.geojson","felt":1,"cdi":2,"mmi":null,"alert":null,"status":"automatic","tsunami":0,"sig":44,"net":"ci","code":"39896999","ids":",ci39896999,","sources":",ci,","types":",dyfi,focal-mechanism,nearby-cities,origin,phase-data,scitech-link,","nst":35,"dmin":0.1576,"rms":0.29,"gap":47,"magType":"ml","type":"earthquake","title":"M 1.7 - 17km NW of Grapevine, CA"},"geometry":{"type":"Point","coordinates":[-119.0781667,35.031,1.7]},"id":"ci39896999"},
{"type":"Feature","properties":{"mag":2.07,"place":"8 km E of Pāhala, Hawaii","time":1640580865780,"updated":1640581196880,"tz":null,"url":"https://earthquake.usgs.gov/earthquakes/eventpage/hv72847982","detail":"https://earthquake.usgs.gov/earthquakes/feed/v1.0/detail/hv72847982.geojson","felt":null,"cdi":null,"mmi":null,"alert":null,"status":"automatic","tsunami":0,"sig":66,"net":"hv","code":"72847982","ids":",hv72847982,","sources":",hv,","types":",origin,phase-data,","nst":35,"dmin":null,"rms":0.150000006,"gap":148,"magType":"ml","type":"earthquake","title":"M 2.1 - 8 km E of Pāhala, Hawaii"},"geometry":{"type":"Point","coordinates":[-155.403167724609,19.2164993286133,30.75]},"id":"hv72847982"},
{"type":"Feature","properties":{"mag":2.44,"place":"29km W of Petrolia, CA","time":1640580836100,"updated":1640779810783,"tz":null,"url":"https://earthquake.usgs.gov/earthquakes/eventpage/nc73668696","detail":"https://earthquake.usgs.gov/earthquakes/feed/v1.0/detail/nc73668696.geojson","felt":null,"cdi":null,"mmi":null,"alert":null,"status":"reviewed","tsunami":0,"sig":92,"net":"nc","code":"73668696","ids":",nc73668696,us6000gfjq,","sources":",nc,us,","types":",nearby-cities,origin,phase-data,scitech-link,","nst":26,"dmin":0.2166,"rms":0.15,"gap":263,"magType":"md","type":"earthquake","title":"M 2.4 - 29km W of Petrolia, CA"},"geometry":{"type":"Point","coordinates":[-124.6256667,40.2818333,20]},"id":"nc73668696"},
{"type":"Feature","properties":{"mag":1,"place":"Nevada","time":1640580784079,"updated":1640716978549,"tz":null,"url":"https://earthquake.usgs.gov/earthquakes/eventpage/nn00830514","detail":"https://earthquake.usgs.gov/earthquakes/feed/v1.0/detail/nn00830514.geojson","felt":null,"cdi":null,"mmi":null,"alert":null,"status":"reviewed","tsunami":0,"sig":15,"net":"nn","code":"00830514","ids":",nn00830514,","sources":",nn,","types":",origin,phase-data,","nst":14,"dmin":0.114,"rms":0.1141,"gap":146.64,"magType":"ml","type":"earthquake","title":"M 1.0 - Nevada"},"geometry":{"type":"Point","coordinates":[-117.8209,38.1724,8.6]},"id":"nn00830514"},
{"type":"Feature","properties":{"mag":1.01,"place":"8km NE of Coso Junction, CA","time":1640580068170,"updated":1640623576365,"tz":null,"url":"https://earthquake.usgs.gov/earthquakes/eventpage/ci39896991","detail":"https://earthquake.usgs.gov/earthquakes/feed/v1.0/detail/ci39896991.geojson","felt":null,"cdi":null,"mmi":null,"alert":null,"status":"reviewed","tsunami":0,"sig":16,"net":"ci","code":"39896991","ids":",ci39896991,","sources":",ci,","types":",nearby-cities,origin,phase-data,scitech-link,","nst":9,"dmin":0.03161,"rms":0.08,"gap":202,"magType":"ml","type":"earthquake","title":"M 1.0 - 8km NE of Coso Junction, CA"},"geometry":{"type":"Point","coordinates":[-117.888,36.1008333,1.74]},"id":"ci39896991"},
{"type":"Feature","properties":{"mag":1.57,"place":"8km NE of Coso Junction, CA","time":1640579527480,"updated":1640623645530,"tz":null,"url":"https://earthquake.usgs.gov/earthquakes/eventpage/ci39896983","detail":"https://earthquake.usgs.gov/earthquakes/feed/v1.0/detail/ci39896983.geojson","felt":null,"cdi":null,"mmi":null,"alert":null,"status":"reviewed","tsunami":0,"sig":38,"net":"ci","code":"39896983","ids":",ci39896983,","sources":",ci,","types":",focal-mechanism,nearby-cities,origin,phase-data,scitech-link,","nst":19,"dmin":0.03112,"rms":0.11,"gap":57,"magType":"ml","type":"earthquake","title":"M 1.6 - 8km NE of Coso Junction, CA"},"geometry":{"type":"Point","coordinates":[-117.8861667,36.0995,1.77]},"id":"ci39896983"},
{"type":"Feature","properties":{"mag":0.44,"place":"5km SE of Lake Henshaw, CA","time":1640576565530,"updated":1640576832633,"tz":null,"url":"https://earthquake.usgs.gov/earthquakes/eventpage/ci39896975","detail":"https://earthquake.usgs.gov/earthquakes/feed/v1.0/detail/ci39896975.geojson","felt":null,"cdi":null,"mmi":null,"alert":null,"status":"automatic","tsunami":0,"sig":3,"net":"ci","code":"39896975","ids":",ci39896975,","sources":",ci,","types":",nearby-cities,origin,phase-data,scitech-link,","nst":18,"dmin":0.06941,"rms":0.33,"gap":62,"magType":"ml","type":"earthquake","title":"M 0.4 - 5km SE of Lake Henshaw, CA"},"geometry":{"type":"Point","coordinates":[-116.7293333,33.2083333,15.34]},"id":"ci39896975"},
{"type":"Feature","properties":{"mag":1.42,"place":"5 km SW of Snoqualmie, Washington","time":1640576397830,"updated":1640581103800,"tz":null,"url":"https://earthquake.usgs.gov/earthquakes/eventpage/uw61799572","detail":"https://earthquake.usgs.gov/earthquakes/feed/v1.0/detail/uw61799572.geojson","felt":null,"cdi":null,"mmi":null,"alert":null,"status":"reviewed","tsunami":0,"sig":31,"net":"uw","code":"61799572","ids":",uw61799572,","sources":",uw,","types":",origin,phase-data,","nst":22,"dmin":0.01043,"rms":0.13,"gap":139,"magType":"ml","type":"earthquake","title":"M 1.4 - 5 km SW of Snoqualmie, Washington"},"geometry":{"type":"Point","coordinates":[-121.887833333333,47.4958333333333,18.97]},"id":"uw61799572"},
{"type":"Feature","properties":{"mag":2.6,"place":"50 km WSW of Tatitlek, Alaska","time":1640576269048,"updated":1640642541111,"tz":null,"url":"https://earthquake.usgs.gov/earthquakes/eventpage/ak021gl30mby","detail":"https://earthquake.usgs.gov/earthquakes/feed/v1.0/detail/ak021gl30mby.geojson","felt":2,"cdi":2,"mmi":null,"alert":null,"status":"reviewed","tsunami":0,"sig":104,"net":"ak","code":"021gl30mby","ids":",ak021gl30mby,us6000gfjg,","sources":",ak,us,","types":",dyfi,origin,phase-data,","nst":null,"dmin":null,"rms":0.64,"gap":null,"magType":"ml","type":"earthquake","title":"M 2.6 - 50 km WSW of Tatitlek, Alaska"},"geometry":{"type":"Point","coordinates":[-147.5732,60.7552,8.4]},"id":"ak021gl30mby"},
{"type":"Feature","properties":{"mag":2.3,"place":"8 km SW of Funny River, Alaska","time":1640576017538,"updated":1640584001895,"tz":null,"url":"https://earthquake.usgs.gov/earthquakes/eventpage/ak021gl2zqlr","detail":"https://earthquake.usgs.gov/earthquakes/feed/v1.0/detail/ak021gl2zqlr.geojson","felt":null,"cdi":null,"mmi":null,"alert":null,"status":"automatic","tsunami":0,"sig":81,"net":"ak","code":"021gl2zqlr","ids":",ak021gl2zqlr,","sources":",ak,","types":",origin,","nst":null,"dmin":null,"rms":0.81,"gap":null,"magType":"ml","type":"earthquake","title":"M 2.3 - 8 km SW of Funny River, Alaska"},"geometry":{"type":"Point","coordinates":[-150.8807,60.4469,34.9]},"id":"ak021gl2zqlr"},
{"type":"Feature","properties":{"mag":1.75,"place":"4 km SSE of Pāhala, Hawaii","time":1640574866740,"updated":1640575057970,"tz":null,"url":"https://earthquake.usgs.gov/earthquakes/eventpage/hv72847912","detail":"https://earthquake.usgs.gov/earthquakes/feed/v1.0/detail/hv72847912.geojson","felt":null,"cdi":null,"mmi":null,"alert":null,"status":"automatic","tsunami":0,"sig":47,"net":"hv","code":"72847912","ids":",hv72847912,","sources":",hv,","types":",origin,phase-data,","nst":25,"dmin":null,"rms":0.140000001,"gap":168,"magType":"md","type":"earthquake","title":"M 1.8 - 4 km SSE of Pāhala, Hawaii"},"geometry":{"type":"Point","coordinates":[-155.468002319336,19.1644992828369,29.8099994659424]},"id":"hv72847912"},
{"type":"Feature","properties":{"mag":0.93,"place":"14km S of Joshua Tree, CA","time":1640574861860,"updated":1640575133726,"tz":null,"url":"https://earthquake.usgs.gov/earthquakes/eventpage/ci39896959","detail":"https://earthquake.usgs.gov/earthquakes/feed/v1.0/detail/ci39896959.geojson","felt":null,"cdi":null,"mmi":null,"alert":null,"status":"automatic","tsunami":0,"sig":13,"net":"ci","code":"39896959","ids":",ci39896959,","sources":",ci,","types":",nearby-cities,origin,phase-data,scitech-link,","nst":17,"dmin":0.09895,"rms":0.19,"gap":74,"magType":"ml","type":"earthquake","title":"M 0.9 - 14km S of Joshua Tree, CA"},"geometry":{"type":"Point","coordinates":[-116.329,34.0143333,9.27]},"id":"ci39896959"},
{"type":"Feature","properties":{"mag":3.04,"place":"9 km E of Pāhala, Hawaii","time":1640574534490,"updated":1640630014150,"tz":null,"url":"https://earthquake.usgs.gov/earthquakes/eventpage/hv72847902","detail":"https://earthquake.usgs.gov/earthquakes/feed/v1.0/detail/hv72847902.geojson","felt":null,"cdi":null,"mmi":null,"alert":null,"status":"reviewed","tsunami":0,"sig":142,"net":"hv","code":"72847902","ids":",us6000gfjd,hv72847902,","sources":",us,hv,","types":",origin,phase-data,","nst":50,"dmin":null,"rms":0.11,"gap":159,"magType":"ml","type":"earthquake","title":"M 3.0 - 9 km E of Pāhala, Hawaii"},"geometry":{"type":"Point","coordinates":[-155.391,19.2026666666667,31.51]},"id":"hv72847902"},
{"type":"Feature","properties":{"mag":0.94,"place":"3km NNW of Palomar Observatory, CA","time":1640574471120,"updated":1640574763857,"tz":null,"url":"https://earthquake.usgs.gov/earthquakes/eventpage/ci39896951","detail":"https://earthquake.usgs.gov/earthquakes/feed/v1.0/detail/ci39896951.geojson","felt":null,"cdi":null,"mmi":null,"alert":null,"status":"automatic","tsunami":0,"sig":14,"net":"ci","code":"39896951","ids":",ci39896951,","sources":",ci,","types":",nearby-cities,origin,phase-data,scitech-link,","nst":34,"dmin":0.02784,"rms":0.21,"gap":71,"magType":"ml","type":"earthquake","title":"M 0.9 - 3km NNW of Palomar Observatory, CA"},"geometry":{"type":"Point","coordinates":[-116.8735,33.38,6.22]},"id":"ci39896951"},
{"type":"Feature","properties":{"mag":0.71,"place":"4km NW of Palomar Observatory, CA","time":1640574441760,"updated":1640574709417,"tz":null,"url":"https://earthquake.usgs.gov/earthquakes/eventpage/ci39896943","detail":"https://earthquake.usgs.gov/earthquakes/feed/v1.0/detail/ci39896943.geojson","felt":null,"cdi":null,"mmi":null,"alert":null,"status":"automatic","tsunami":0,"sig":8,"net":"ci","code":"39896943","ids":",ci39896943,","sources":",ci,","types":",nearby-cities,origin,phase-data,scitech-link,","nst":23,"dmin":0.03749,"rms":0.26,"gap":67,"magType":"ml","type":"earthquake","title":"M 0.7 - 4km NW of Palomar Observatory, CA"},"geometry":{"type":"Point","coordinates":[-116.8933333,33.381,6.38]},"id":"ci39896943"},
{"type":"Feature","properties":{"mag":2.14,"place":"26km SW of Gustine, CA","time":1640573760420,"updated":1640740091391,"tz":null,"url":"https://earthquake.usgs.gov/earthquakes/eventpage/nc73668691","detail":"https://earthquake.usgs.gov/earthquakes/feed/v1.0/detail/nc73668691.geojson","felt":null,"cdi":null,"mmi":null,"alert":null,"status":"reviewed","tsunami":0,"sig":70,"net":"nc","code":"73668691","ids":",nc73668691,","sources":",nc,","types":",focal-mechanism,nearby-cities,origin,phase-data,scitech-link,","nst":55,"dmin":0.03541,"rms":0.1,"gap":50,"magType":"md","type":"earthquake","title":"M 2.1 - 26km SW of Gustine, CA"},"geometry":{"type":"Point","coordinates":[-121.1778333,37.0676667,7.05]},"id":"nc73668691"},
{"type":"Feature","properties":{"mag":2.21,"place":"10km N of Borrego Springs, CA","time":1640572946880,"updated":1640623714976,"tz":null,"url":"https://earthquake.usgs.gov/earthquakes/eventpage/ci39896935","detail":"https://earthquake.usgs.gov/earthquakes/feed/v1.0/detail/ci39896935.geojson","felt":null,"cdi":null,"mmi":null,"alert":null,"status":"reviewed","tsunami":0,"sig":75,"net":"ci","code":"39896935","ids":",ci39896935,","sources":",ci,","types":",focal-mechanism,nearby-cities,origin,phase-data,scitech-link,","nst":68,"dmin":0.07014,"rms":0.2,"gap":27,"magType":"ml","type":"earthquake","title":"M 2.2 - 10km N of Borrego Springs, CA"},"geometry":{"type":"Point","coordinates":[-116.3903333,33.3435,11.56]},"id":"ci39896935"},
{"type":"Feature","properties":{"mag":0.91,"place":"30km NNW of Searles Valley, CA","time":1640572483870,"updated":1640572746973,"tz":null,"url":"https://earthquake.usgs.gov/earthquakes/eventpage/ci39896927","detail":"https://earthquake.usgs.gov/earthquakes/feed/v1.0/detail/ci39896927.geojson","felt":null,"cdi":null,"mmi":null,"alert":null,"status":"automatic","tsunami":0,"sig":13,"net":"ci","code":"39896927","ids":",ci39896927,","sources":",ci,","types":",nearby-cities,origin,phase-data,scitech-link,","nst":10,"dmin":0.03146,"rms":0.16,"gap":170,"magType":"ml","type":"earthquake","title":"M 0.9 - 30km NNW of Searles Valley, CA"},"geometry":{"type":"Point","coordinates":[-117.4871667,36.0265,7.9]},"id":"ci39896927"},
{"type":"Feature","properties":{"mag":1.41,"place":"12km SSW of Searles Valley, CA","time":1640571694030,"updated":1640571952928,"tz":null,"url":"https://earthquake.usgs.gov/earthquakes/eventpage/ci39896919","detail":"https://earthquake.usgs.gov/earthquakes/feed/v1.0/detail/ci39896919.geojson","felt":null,"cdi":null,"mmi":null,"alert":null,"status":"automatic","tsunami":0,"sig":31,"net":"ci","code":"39896919","ids":",ci39896919,","sources":",ci,","types":",nearby-cities,origin,phase-data,scitech-link,","nst":16,"dmin":0.08239,"rms":0.2,"gap":149,"magType":"ml","type":"earthquake","title":"M 1.4 - 12km SSW of Searles Valley, CA"},"geometry":{"type":"Point","coordinates":[-117.4663333,35.669,8.79]},"id":"ci39896919"},
{"type":"Feature","properties":{"mag":2.14,"place":"17km W of Delta, B.C., MX","time":1640571033780,"updated":1640571295586,"tz":null,"url":"https://earthquake.usgs.gov/earthquakes/eventpage/ci39896911","detail":"https://earthquake.usgs.gov/earthquakes/feed/v1.0/detail/ci39896911.geojson","felt":null,"cdi":null,"mmi":null,"alert":null,"status":"automatic","tsunami":0,"sig":70,"net":"ci","code":"39896911","ids":",ci39896911,","sources":",ci,","types":",nearby-cities,origin,phase-data,scitech-link,","nst":16,"dmin":0.1073,"rms":0.16,"gap":123,"magType":"ml","type":"earthquake","title":"M 2.1 - 17km W of Delta, B.C., MX"},"geometry":{"type":"Point","coordinates":[-115.371,32.3276667,10.91]},"id":"ci39896911"},
{"type":"Feature","properties":{"mag":1.3,"place":"7km NW of The Geysers, CA","time":1640570475040,"updated":1640725750674,"tz":null,"url":"https://earthquake.usgs.gov/earthquakes/eventpage/nc73668681","detail":"https://earthquake.usgs.gov/earthquakes/feed/v1.0/detail/nc73668681.geojson","felt":null,"cdi":null,"mmi":null,"alert":null,"status":"reviewed","tsunami":0,"sig":26,"net":"nc","code":"73668681","ids":",nc73668681,","sources":",nc,","types":",nearby-cities,origin,phase-data,scitech-link,","nst":30,"dmin":0.0188,"rms":0.03,"gap":43,"magType":"md","type":"earthquake","title":"M 1.3 - 7km NW of The Geysers, CA"},"geometry":{"type":"Point","coordinates":[-122.8095,38.8231667,1.12]},"id":"nc73668681"},
{"type":"Feature","properties":{"mag":1.5,"place":"3km NNW of Palomar Observatory, CA","time":1640568517310,"updated":1640569197750,"tz":null,"url":"https://earthquake.usgs.gov/earthquakes/eventpage/ci39896895","detail":"https://earthquake.usgs.gov/earthquakes/feed/v1.0/detail/ci39896895.geojson","felt":null,"cdi":null,"mmi":null,"alert":null,"status":"automatic","tsunami":0,"sig":35,"net":"ci","code":"39896895","ids":",ci39896895,","sources":",ci,","types":",focal-mechanism,nearby-cities,origin,phase-data,scitech-link,","nst":53,"dmin":0.02692,"rms":0.21,"gap":25,"magType":"ml","type":"earthquake","title":"M 1.5 - 3km NNW of Palomar Observatory, CA"},"geometry":{"type":"Point","coordinates":[-116.8768333,33.3778333,5.59]},"id":"ci39896895"},
{"type":"Feature","properties":{"mag":1.4,"place":"36 km WNW of Valdez, Alaska","time":1640567824600,"updated":1640568021884,"tz":null,"url":"https://earthquake.usgs.gov/earthquakes/eventpage/ak021gl1pdek","detail":"https://earthquake.usgs.gov/earthquakes/feed/v1.0/detail/ak021gl1pdek.geojson","felt":null,"cdi":null,"mmi":null,"alert":null,"status":"automatic","tsunami":0,"sig":30,"net":"ak","code":"021gl1pdek","ids":",ak021gl1pdek,","sources":",ak,","types":",origin,","nst":null,"dmin":null,"rms":0.41,"gap":null,"magType":"ml","type":"earthquake","title":"M 1.4 - 36 km WNW of Valdez, Alaska"},"geometry":{"type":"Point","coordinates":[-146.9224,61.3109,25.2]},"id":"ak021gl1pdek"},
{"type":"Feature","properties":{"mag":2.2,"place":"56 km SSE of Kokhanok, Alaska","time":1640567496068,"updated":1640568061040,"tz":null,"url":"https://earthquake.usgs.gov/earthquakes/eventpage/ak021gl1o5kf","detail":"https://earthquake.usgs.gov/earthquakes/feed/v1.0/detail/ak021gl1o5kf.geojson","felt":null,"cdi":null,"mmi":null,"alert":null,"status":"automatic","tsunami":0,"sig":74,"net":"ak","code":"021gl1o5kf","ids":",us6000gfj6,ak021gl1o5kf,","sources":",us,ak,","types":",origin,phase-data,","nst":null,"dmin":null,"rms":0.83,"gap":null,"magType":"ml","type":"earthquake","title":"M 2.2 - 56 km SSE of Kokhanok, Alaska"},"geometry":{"type":"Point","coordinates":[-154.4288,58.9601,125.2]},"id":"ak021gl1o5kf"},
{"type":"Feature","properties":{"mag":0.81,"place":"2 km N of Manchester, Washington","time":1640566429510,"updated":1640571907280,"tz":null,"url":"https://earthquake.usgs.gov/earthquakes/eventpage/uw61799567","detail":"https://earthquake.usgs.gov/earthquakes/feed/v1.0/detail/uw61799567.geojson","felt":null,"cdi":null,"mmi":null,"alert":null,"status":"reviewed","tsunami":0,"sig":10,"net":"uw","code":"61799567","ids":",uw61799567,","sources":",uw,","types":",origin,phase-data,","nst":3,"dmin":0.1654,"rms":0.08,"gap":324,"magType":"ml","type":"earthquake","title":"M 0.8 - 2 km N of Manchester, Washington"},"geometry":{"type":"Point","coordinates":[-122.545333333333,47.579,5.09]},"id":"uw61799567"},
{"type":"Feature","properties":{"mag":1.1,"place":"46 km WNW of Tyonek, Alaska","time":1640566129957,"updated":1640567720694,"tz":null,"url":"https://earthquake.usgs.gov/earthquakes/eventpage/ak021gl1aoj9","detail":"https://earthquake.usgs.gov/earthquakes/feed/v1.0/detail/ak021gl1aoj9.geojson","felt":null,"cdi":null,"mmi":null,"alert":null,"status":"automatic","tsunami":0,"sig":19,"net":"ak","code":"021gl1aoj9","ids":",ak021gl1aoj9,","sources":",ak,","types":",origin,","nst":null,"dmin":null,"rms":0.84,"gap":null,"magType":"ml","type":"earthquake","title":"M 1.1 - 46 km WNW of Tyonek, Alaska"},"geometry":{"type":"Point","coordinates":[-151.9515,61.2137,92.4]},"id":"ak021gl1aoj9"},
{"type":"Feature","properties":{"mag":0.6,"place":"88 km NNW of Karluk, Alaska","time":1640565656627,"updated":1640641886064,"tz":null,"url":"https://earthquake.usgs.gov/earthquakes/eventpage/ak021gl18zad","detail":"https://earthquake.usgs.gov/earthquakes/feed/v1.0/detail/ak021gl18zad.geojson","felt":null,"cdi":null,"mmi":null,"alert":null,"status":"reviewed","tsunami":0,"sig":6,"net":"ak","code":"021gl18zad","ids":",ak021gl18zad,","sources":",ak,","types":",origin,phase-data,","nst":null,"dmin":null,"rms":0.54,"gap":null,"magType":"ml","type":"earthquake","title":"M 0.6 - 88 km NNW of Karluk, Alaska"},"geometry":{"type":"Point","coordinates":[-155.1615,58.2677,3.5]},"id":"ak021gl18zad"},
{"type":"Feature","properties":{"mag":1.97,"place":"8km NNE of Petrolia, CA","time":1640565628720,"updated":1640736851692,"tz":null,"url":"https://earthquake.usgs.gov/earthquakes/eventpage/nc73668671","detail":"https://earthquake.usgs.gov/earthquakes/feed/v1.0/detail/nc73668671.geojson","felt":null,"cdi":null,"mmi":null,"alert":null,"status":"reviewed","tsunami":0,"sig":60,"net":"nc","code":"73668671","ids":",nc73668671,","sources":",nc,","types":",nearby-cities,origin,phase-data,scitech-link,","nst":19,"dmin":0.07781,"rms":0.1,"gap":110,"magType":"md","type":"earthquake","title":"M 2.0 - 8km NNE of Petrolia, CA"},"geometry":{"type":"Point","coordinates":[-124.2561667,40.3968333,25.99]},"id":"nc73668671"},
{"type":"Feature","properties":{"mag":0.79,"place":"17km ESE of Little Lake, CA","time":1640565588880,"updated":1640565846557,"tz":null,"url":"https://earthquake.usgs.gov/earthquakes/eventpage/ci39896887","detail":"https://earthquake.usgs.gov/earthquakes/feed/v1.0/detail/ci39896887.geojson","felt":null,"cdi":null,"mmi":null,"alert":null,"status":"automatic","tsunami":0,"sig":10,"net":"ci","code":"39896887","ids":",ci39896887,","sources":",ci,","types":",nearby-cities,origin,phase-data,scitech-link,","nst":14,"dmin":0.08164,"rms":0.17,"gap":61,"magType":"ml","type":"earthquake","title":"M 0.8 - 17km ESE of Little Lake, CA"},"geometry":{"type":"Point","coordinates":[-117.726,35.884,2.69]},"id":"ci39896887"},
{"type":"Feature","properties":{"mag":3,"place":"59 km S of Whites City, New Mexico","time":1640565148535,"updated":1640581088853,"tz":null,"url":"https://earthquake.usgs.gov/earthquakes/eventpage/us6000gfj4","detail":"https://earthquake.usgs.gov/earthquakes/feed/v1.0/detail/us6000gfj4.geojson","felt":1,"cdi":2,"mmi":null,"alert":null,"status":"reviewed","tsunami":0,"sig":139,"net":"us","code":"6000gfj4","ids":",us6000gfj4,","sources":",us,","types":",dyfi,origin,phase-data,","nst":null,"dmin":0.175,"rms":0.39,"gap":77,"magType":"ml","type":"earthquake","title":"M 3.0 - 59 km S of Whites City, New Mexico"},"geometry":{"type":"Point","coordinates":[-104.297,31.6473,14.71]},"id":"us6000gfj4"},
{"type":"Feature","properties":{"mag":1.46,"place":"10 km NW of Friday Harbor, Washington","time":1640565086690,"updated":1640571580960,"tz":null,"url":"https://earthquake.usgs.gov/earthquakes/eventpage/uw61799562","detail":"https://earthquake.usgs.gov/earthquakes/feed/v1.0/detail/uw61799562.geojson","felt":null,"cdi":null,"mmi":null,"alert":null,"status":"reviewed","tsunami":0,"sig":33,"net":"uw","code":"61799562","ids":",uw61799562,","sources":",uw,","types":",origin,phase-data,","nst":15,"dmin":0.01785,"rms":0.26,"gap":104,"magType":"ml","type":"earthquake","title":"M 1.5 - 10 km NW of Friday Harbor, Washington"},"geometry":{"type":"Point","coordinates":[-123.1015,48.6051666666667,10.94]},"id":"uw61799562"},
{"type":"Feature","properties":{"mag":5.2,"place":"Volcano Islands, Japan region","time":1640563908689,"updated":1640580724040,"tz":null,"url":"https://earthquake.usgs.gov/earthquakes/eventpage/us6000gfj3","detail":"https://earthquake.usgs.gov/earthquakes/feed/v1.0/detail/us6000gfj3.geojson","felt":null,"cdi":null,"mmi":null,"alert":null,"status":"reviewed","tsunami":0,"sig":416,"net":"us","code":"6000gfj3","ids":",us6000gfj3,","sources":",us,","types":",origin,phase-data,","nst":null,"dmin":9.229,"rms":0.71,"gap":59,"magType":"mww","type":"earthquake","title":"M 5.2 - Volcano Islands, Japan region"},"geometry":{"type":"Point","coordinates":[143.1298,22.7193,109.41]},"id":"us6000gfj3"},
{"type":"Feature","properties":{"mag":1.2,"place":"19 km NW of Fox, Alaska","time":1640563890269,"updated":1640641524862,"tz":null,"url":"https://earthquake.usgs.gov/earthquakes/eventpage/ak021gl12p1o","detail":"https://earthquake.usgs.gov/earthquakes/feed/v1.0/detail/ak021gl12p1o.geojson","felt":null,"cdi":null,"mmi":null,"alert":null,"status":"reviewed","tsunami":0,"sig":22,"net":"ak","code":"021gl12p1o","ids":",ak021gl12p1o,","sources":",ak,","types":",origin,phase-data,","nst":null,"dmin":null,"rms":0.63,"gap":null,"magType":"ml","type":"earthquake","title":"M 1.2 - 19 km NW of Fox, Alaska"},"geometry":{"type":"Point","coordinates":[-147.9066,65.0848,10.9]},"id":"ak021gl12p1o"},
{"type":"Feature","properties":{"mag":0.71,"place":"4km WNW of Coso Junction, CA","time":1640563233960,"updated":1640563496554,"tz":null,"url":"https://earthquake.usgs.gov/earthquakes/eventpage/ci39896879","detail":"https://earthquake.usgs.gov/earthquakes/feed/v1.0/detail/ci39896879.geojson","felt":null,"cdi":null,"mmi":null,"alert":null,"status":"automatic","tsunami":0,"sig":8,"net":"ci","code":"39896879","ids":",ci39896879,","sources":",ci,","types":",nearby-cities,origin,phase-data,scitech-link,","nst":12,"dmin":0.09821,"rms":0.1,"gap":130,"magType":"ml","type":"earthquake","title":"M 0.7 - 4km WNW of Coso Junction, CA"},"geometry":{"type":"Point","coordinates":[-117.9885,36.0655,5.72]},"id":"ci39896879"},
{"type":"Feature","properties":{"mag":1.14,"place":"16km ESE of Little Lake, CA","time":1640562768340,"updated":1640563036353,"tz":null,"url":"https://earthquake.usgs.gov/earthquakes/eventpage/ci39896871","detail":"https://earthquake.usgs.gov/earthquakes/feed/v1.0/detail/ci39896871.geojson","felt":null,"cdi":null,"mmi":null,"alert":null,"status":"automatic","tsunami":0,"sig":20,"net":"ci","code":"39896871","ids":",ci39896871,","sources":",ci,","types":",nearby-cities,origin,phase-data,scitech-link,","nst":19,"dmin":0.07635,"rms":0.19,"gap":56,"magType":"ml","type":"earthquake","title":"M 1.1 - 16km ESE of Little Lake, CA"},"geometry":{"type":"Point","coordinates":[-117.7378333,35.8818333,3.41]},"id":"ci39896871"},
{"type":"Feature","properties":{"mag":2.47,"place":"2 km WSW of Guánica, Puerto Rico","time":1640562749460,"updated":1640563217379,"tz":null,"url":"https://earthquake.usgs.gov/earthquakes/eventpage/pr2021360011","detail":"https://earthquake.usgs.gov/earthquakes/feed/v1.0/detail/pr2021360011.geojson","felt":null,"cdi":null,"mmi":null,"alert":null,"status":"reviewed","tsunami":0,"sig":94,"net":"pr","code":"2021360011","ids":",pr2021360011,","sources":",pr,","types":",origin,phase-data,","nst":8,"dmin":0.0511,"rms":0.11,"gap":200,"magType":"md","type":"earthquake","title":"M 2.5 - 2 km WSW of Guánica, Puerto Rico"},"geometry":{"type":"Point","coordinates":[-66.9285,17.9616,9]},"id":"pr2021360011"},
{"type":"Feature","properties":{"mag":4.9,"place":"Fiji region","time":1640562320308,"updated":1640580130040,"tz":null,"url":"https://earthquake.usgs.gov/earthquakes/eventpage/us6000gfix","detail":"https://earthquake.usgs.gov/earthquakes/feed/v1.0/detail/us6000gfix.geojson","felt":null,"cdi":null,"mmi":null,"alert":null,"status":"reviewed","tsunami":0,"sig":369,"net":"us","code":"6000gfix","ids":",us6000gfix,","sources":",us,","types":",origin,phase-data,","nst":null,"dmin":4.676,"rms":0.69,"gap":31,"magType":"mb","type":"earthquake","title":"M 4.9 - Fiji region"},"geometry":{"type":"Point","coordinates":[-179.3966,-21.7781,587.87]},"id":"us6000gfix"},
{"type":"Feature","properties":{"mag":1.4,"place":"32 km NNW of Igiugig, Alaska","time":1640561049946,"updated":1640561888726,"tz":null,"url":"https://earthquake.usgs.gov/earthquakes/eventpage/ak021gjraxsb","detail":"https://earthquake.usgs.gov/earthquakes/feed/v1.0/detail/ak021gjraxsb.geojson","felt":null,"cdi":null,"mmi":null,"alert":null,"status":"reviewed","tsunami":0,"sig":30,"net":"ak","code":"021gjraxsb","ids":",ak021gjraxsb,","sources":",ak,","types":",origin,phase-data,","nst":null,"dmin":null,"rms":0.68,"gap":null,"magType":"ml","type":"earthquake","title":"M 1.4 - 32 km NNW of Igiugig, Alaska"},"geometry":{"type":"Point","coordinates":[-156.0296,59.6115,25.2]},"id":"ak021gjraxsb"},
{"type":"Feature","properties":{"mag":1,"place":"21 km NNW of Petersville, Alaska","time":1640560466989,"updated":1640561337485,"tz":null,"url":"https://earthquake.usgs.gov/earthquakes/eventpage/ak021gjr8xfm","detail":"https://earthquake.usgs.gov/earthquakes/feed/v1.0/detail/ak021gjr8xfm.geojson","felt":null,"cdi":null,"mmi":null,"alert":null,"status":"reviewed","tsunami":0,"sig":15,"net":"ak","code":"021gjr8xfm","ids":",ak021gjr8xfm,","sources":",ak,","types":",origin,phase-data,","nst":null,"dmin":null,"rms":0.3,"gap":null,"magType":"ml","type":"earthquake","title":"M 1.0 - 21 km NNW of Petersville, Alaska"},"geometry":{"type":"Point","coordinates":[-150.9447,62.6753,80.5]},"id":"ak021gjr8xfm"},
{"type":"Feature","properties":{"mag":1.06,"place":"17km SE of Anza, CA","time":1640560409900,"updated":1640623785549,"tz":null,"url":"https://earthquake.usgs.gov/earthquakes/eventpage/ci39896863","detail":"https://earthquake.usgs.gov/earthquakes/feed/v1.0/detail/ci39896863.geojson","felt":null,"cdi":null,"mmi":null,"alert":null,"status":"reviewed","tsunami":0,"sig":17,"net":"ci","code":"39896863","ids":",ci39896863,","sources":",ci,","types":",nearby-cities,origin,phase-data,scitech-link,","nst":33,"dmin":0.07006,"rms":0.19,"gap":70,"magType":"ml","type":"earthquake","title":"M 1.1 - 17km SE of Anza, CA"},"geometry":{"type":"Point","coordinates":[-116.5341667,33.4536667,9.02]},"id":"ci39896863"},
{"type":"Feature","properties":{"mag":1.8,"place":"61 km ESE of Denali National Park, Alaska","time":1640559770495,"updated":1640597374134,"tz":null,"url":"https://earthquake.usgs.gov/earthquakes/eventpage/ak021gjr6g0q","detail":"https://earthquake.usgs.gov/earthquakes/feed/v1.0/detail/ak021gjr6g0q.geojson","felt":1,"cdi":3.4,"mmi":null,"alert":null,"status":"automatic","tsunami":0,"sig":50,"net":"ak","code":"021gjr6g0q","ids":",ak021gjr6g0q,","sources":",ak,","types":",dyfi,origin,","nst":null,"dmin":null,"rms":0.52,"gap":null,"magType":"ml","type":"earthquake","title":"M 1.8 - 61 km ESE of Denali National Park, Alaska"},"geometry":{"type":"Point","coordinates":[-150.6789,63.2566,0]},"id":"ak021gjr6g0q"},
{"type":"Feature","properties":{"mag":1.7,"place":"36 km NNE of Petersville, Alaska","time":1640559178241,"updated":1640559973263,"tz":null,"url":"https://earthquake.usgs.gov/earthquakes/eventpage/ak021gjqvqtc","detail":"https://earthquake.usgs.gov/earthquakes/feed/v1.0/detail/ak021gjqvqtc.geojson","felt":null,"cdi":null,"mmi":null,"alert":null,"status":"automatic","tsunami":0,"sig":44,"net":"ak","code":"021gjqvqtc","ids":",ak021gjqvqtc,","sources":",ak,","types":",origin,","nst":null,"dmin":null,"rms":0.53,"gap":null,"magType":"ml","type":"earthquake","title":"M 1.7 - 36 km NNE of Petersville, Alaska"},"geometry":{"type":"Point","coordinates":[-150.5691,62.8112,14]},"id":"ak021gjqvqtc"},
{"type":"Feature","properties":{"mag":1.88,"place":"4 km S of Pāhala, Hawaii","time":1640558887030,"updated":1640559071260,"tz":null,"url":"https://earthquake.usgs.gov/earthquakes/eventpage/hv72847647","detail":"https://earthquake.usgs.gov/earthquakes/feed/v1.0/detail/hv72847647.geojson","felt":null,"cdi":null,"mmi":null,"alert":null,"status":"automatic","tsunami":0,"sig":54,"net":"hv","code":"72847647","ids":",hv72847647,","sources":",hv,","types":",origin,phase-data,","nst":28,"dmin":null,"rms":0.109999999,"gap":106,"magType":"md","type":"earthquake","title":"M 1.9 - 4 km S of Pāhala, Hawaii"},"geometry":{"type":"Point","coordinates":[-155.485168457031,19.1650009155273,35.0299987792969]},"id":"hv72847647"},
{"type":"Feature","properties":{"mag":1.5,"place":"11 km S of Princeton, Canada","time":1640557859010,"updated":1640576129370,"tz":null,"url":"https://earthquake.usgs.gov/earthquakes/eventpage/uw61799557","detail":"https://earthquake.usgs.gov/earthquakes/feed/v1.0/detail/uw61799557.geojson","felt":null,"cdi":null,"mmi":null,"alert":null,"status":"reviewed","tsunami":0,"sig":35,"net":"uw","code":"61799557","ids":",uw61799557,","sources":",uw,","types":",origin,phase-data,","nst":9,"dmin":0.5824,"rms":0.76,"gap":179,"magType":"md","type":"explosion","title":"M 1.5 Explosion - 11 km S of Princeton, Canada"},"geometry":{"type":"Point","coordinates":[-120.514,49.359,-0.37]},"id":"uw61799557"},
{"type":"Feature","properties":{"mag":1.9,"place":"36 km W of Salamatof, Alaska","time":1640557647566,"updated":1640558399590,"tz":null,"url":"https://earthquake.usgs.gov/earthquakes/eventpage/ak021gjqqbmx","detail":"https://earthquake.usgs.gov/earthquakes/feed/v1.0/detail/ak021gjqqbmx.geojson","felt":null,"cdi":null,"mmi":null,"alert":null,"status":"automatic","tsunami":0,"sig":56,"net":"ak","code":"021gjqqbmx","ids":",ak021gjqqbmx,","sources":",ak,","types":",origin,","nst":null,"dmin":null,"rms":0.67,"gap":null,"magType":"ml","type":"earthquake","title":"M 1.9 - 36 km W of Salamatof, Alaska"},"geometry":{"type":"Point","coordinates":[-151.9907,60.5915,76.7]},"id":"ak021gjqqbmx"},
{"type":"Feature","properties":{"mag":1.3,"place":"51 km NNE of Petersville, Alaska","time":1640557579129,"updated":1640560364655,"tz":null,"url":"https://earthquake.usgs.gov/earthquakes/eventpage/ak021gjqq2lv","detail":"https://earthquake.usgs.gov/earthquakes/feed/v1.0/detail/ak021gjqq2lv.geojson","felt":null,"cdi":null,"mmi":null,"alert":null,"status":"reviewed","tsunami":0,"sig":26,"net":"ak","code":"021gjqq2lv","ids":",ak021gjqq2lv,","sources":",ak,","types":",origin,phase-data,","nst":null,"dmin":null,"rms":0.63,"gap":null,"magType":"ml","type":"earthquake","title":"M 1.3 - 51 km NNE of Petersville, Alaska"},"geometry":{"type":"Point","coordinates":[-150.3769,62.926,99.4]},"id":"ak021gjqq2lv"},
{"type":"Feature","properties":{"mag":0.8,"place":"55 km ENE of Whittier, Alaska","time":1640557004189,"updated":1640557145364,"tz":null,"url":"https://earthquake.usgs.gov/earthquakes/eventpage/ak021gjqnzya","detail":"https://earthquake.usgs.gov/earthquakes/feed/v1.0/detail/ak021gjqnzya.geojson","felt":null,"cdi":null,"mmi":null,"alert":null,"status":"automatic","tsunami":0,"sig":10,"net":"ak","code":"021gjqnzya","ids":",ak021gjqnzya,","sources":",ak,","types":",origin,","nst":null,"dmin":null,"rms":0.21,"gap":null,"magType":"ml","type":"earthquake","title":"M 0.8 - 55 km ENE of Whittier, Alaska"},"geometry":{"type":"Point","coordinates":[-147.7621,60.9945,31.2]},"id":"ak021gjqnzya"},
{"type":"Feature","properties":{"mag":4.4,"place":"33 km SSE of Fry, Greece","time":1640556141729,"updated":1640579315040,"tz":null,"url":"https://earthquake.usgs.gov/earthquakes/eventpage/us6000gfim","detail":"https://earthquake.usgs.gov/earthquakes/feed/v1.0/detail/us6000gfim.geojson","felt":null,"cdi":null,"mmi":null,"alert":null,"status":"reviewed","tsunami":0,"sig":298,"net":"us","code":"6000gfim","ids":",us6000gfim,","sources":",us,","types":",origin,phase-data,","nst":null,"dmin":0.433,"rms":0.85,"gap":155,"magType":"mb","type":"earthquake","title":"M 4.4 - 33 km SSE of Fry, Greece"},"geometry":{"type":"Point","coordinates":[27.023,35.1273,10]},"id":"us6000gfim"},
{"type":"Feature","properties":{"mag":2.5,"place":"94 km SSE of Nikolai, Alaska","time":1640555411163,"updated":1640578876040,"tz":null,"url":"https://earthquake.usgs.gov/earthquakes/eventpage/ak021gjq9s0v","detail":"https://earthquake.usgs.gov/earthquakes/feed/v1.0/detail/ak021gjq9s0v.geojson","felt":null,"cdi":null,"mmi":null,"alert":null,"status":"automatic","tsunami":0,"sig":96,"net":"ak","code":"021gjq9s0v","ids":",us6000gfik,ak021gjq9s0v,","sources":",us,ak,","types":",origin,phase-data,","nst":null,"dmin":null,"rms":0.87,"gap":null,"magType":"ml","type":"earthquake","title":"M 2.5 - 94 km SSE of Nikolai, Alaska"},"geometry":{"type":"Point","coordinates":[-153.4607,62.2732,0]},"id":"ak021gjq9s0v"},
{"type":"Feature","properties":{"mag":1.6,"place":"15 km NNW of Fishhook, Alaska","time":1640554867288,"updated":1640555681461,"tz":null,"url":"https://earthquake.usgs.gov/earthquakes/eventpage/ak021gjq7uei","detail":"https://earthquake.usgs.gov/earthquakes/feed/v1.0/detail/ak021gjq7uei.geojson","felt":null,"cdi":null,"mmi":null,"alert":null,"status":"automatic","tsunami":0,"sig":39,"net":"ak","code":"021gjq7uei","ids":",ak021gjq7uei,","sources":",ak,","types":",origin,","nst":null,"dmin":null,"rms":0.79,"gap":null,"magType":"ml","type":"earthquake","title":"M 1.6 - 15 km NNW of Fishhook, Alaska"},"geometry":{"type":"Point","coordinates":[-149.3288,61.878,6.3]},"id":"ak021gjq7uei"},
{"type":"Feature","properties":{"mag":4.2,"place":"83 km S of San Francisco del Mar Viejo, Mexico","time":1640554420003,"updated":1640585627008,"tz":null,"url":"https://earthquake.usgs.gov/earthquakes/eventpage/us6000gfil","detail":"https://earthquake.usgs.gov/earthquakes/feed/v1.0/detail/us6000gfil.geojson","felt":1,"cdi":2,"mmi":null,"alert":null,"status":"reviewed","tsunami":0,"sig":272,"net":"us","code":"6000gfil","ids":",us6000gfil,","sources":",us,","types":",dyfi,origin,phase-data,","nst":null,"dmin":2.552,"rms":0.54,"gap":180,"magType":"mb","type":"earthquake","title":"M 4.2 - 83 km S of San Francisco del Mar Viejo, Mexico"},"geometry":{"type":"Point","coordinates":[-94.6554,15.4757,35]},"id":"us6000gfil"},
{"type":"Feature","properties":{"mag":1.9,"place":"8 km S of Cooper Landing, Alaska","time":1640553335170,"updated":1640553607263,"tz":null,"url":"https://earthquake.usgs.gov/earthquakes/eventpage/ak021gjq2bx9","detail":"https://earthquake.usgs.gov/earthquakes/feed/v1.0/detail/ak021gjq2bx9.geojson","felt":null,"cdi":null,"mmi":null,"alert":null,"status":"automatic","tsunami":0,"sig":56,"net":"ak","code":"021gjq2bx9","ids":",ak021gjq2bx9,","sources":",ak,","types":",origin,","nst":null,"dmin":null,"rms":1.09,"gap":null,"magType":"ml","type":"earthquake","title":"M 1.9 - 8 km S of Cooper Landing, Alaska"},"geometry":{"type":"Point","coordinates":[-149.8311,60.4107,35.1]},"id":"ak021gjq2bx9"},
{"type":"Feature","properties":{"mag":1.4,"place":"30 km SE of Mina, Nevada","time":1640552720680,"updated":1640724406044,"tz":null,"url":"https://earthquake.usgs.gov/earthquakes/eventpage/nn00830512","detail":"https://earthquake.usgs.gov/earthquakes/feed/v1.0/detail/nn00830512.geojson","felt":null,"cdi":null,"mmi":null,"alert":null,"status":"reviewed","tsunami":0,"sig":30,"net":"nn","code":"00830512","ids":",nn00830512,","sources":",nn,","types":",origin,phase-data,","nst":16,"dmin":0.09,"rms":0.1418,"gap":112.6,"magType":"ml","type":"earthquake","title":"M 1.4 - 30 km SE of Mina, Nevada"},"geometry":{"type":"Point","coordinates":[-117.8662,38.1908,9.5]},"id":"nn00830512"},
{"type":"Feature","properties":{"mag":1.8,"place":"43 km E of Pedro Bay, Alaska","time":1640551790788,"updated":1640552745491,"tz":null,"url":"https://earthquake.usgs.gov/earthquakes/eventpage/ak021gjpo7vw","detail":"https://earthquake.usgs.gov/earthquakes/feed/v1.0/detail/ak021gjpo7vw.geojson","felt":null,"cdi":null,"mmi":null,"alert":null,"status":"automatic","tsunami":0,"sig":50,"net":"ak","code":"021gjpo7vw","ids":",ak021gjpo7vw,","sources":",ak,","types":",origin,","nst":null,"dmin":null,"rms":0.42,"gap":null,"magType":"ml","type":"earthquake","title":"M 1.8 - 43 km E of Pedro Bay, Alaska"},"geometry":{"type":"Point","coordinates":[-153.3362,59.7475,124.7]},"id":"ak021gjpo7vw"},
{"type":"Feature","properties":{"mag":1.8,"place":"54 km WNW of Nanwalek, Alaska","time":1640551196001,"updated":1640551472682,"tz":null,"url":"https://earthquake.usgs.gov/earthquakes/eventpage/ak021gjpm346","detail":"https://earthquake.usgs.gov/earthquakes/feed/v1.0/detail/ak021gjpm346.geojson","felt":null,"cdi":null,"mmi":null,"alert":null,"status":"automatic","tsunami":0,"sig":50,"net":"ak","code":"021gjpm346","ids":",ak021gjpm346,","sources":",ak,","types":",origin,","nst":null,"dmin":null,"rms":0.41,"gap":null,"magType":"ml","type":"earthquake","title":"M 1.8 - 54 km WNW of Nanwalek, Alaska"},"geometry":{"type":"Point","coordinates":[-152.8184,59.5392,98.1]},"id":"ak021gjpm346"},
{"type":"Feature","properties":{"mag":1.88,"place":"9 km ENE of Pāhala, Hawaii","time":1640551024290,"updated":1640551223680,"tz":null,"url":"https://earthquake.usgs.gov/earthquakes/eventpage/hv72847492","detail":"https://earthquake.usgs.gov/earthquakes/feed/v1.0/detail/hv72847492.geojson","felt":null,"cdi":null,"mmi":null,"alert":null,"status":"automatic","tsunami":0,"sig":54,"net":"hv","code":"72847492","ids":",hv72847492,","sources":",hv,","types":",origin,phase-data,","nst":37,"dmin":null,"rms":0.109999999,"gap":131,"magType":"md","type":"earthquake","title":"M 1.9 - 9 km ENE of Pāhala, Hawaii"},"geometry":{"type":"Point","coordinates":[-155.399826049805,19.2501659393311,31.3899993896484]},"id":"hv72847492"},
{"type":"Feature","properties":{"mag":2.4,"place":"6 km ESE of La Parguera, Puerto Rico","time":1640550398600,"updated":1640550894974,"tz":null,"url":"https://earthquake.usgs.gov/earthquakes/eventpage/pr2021360010","detail":"https://earthquake.usgs.gov/earthquakes/feed/v1.0/detail/pr2021360010.geojson","felt":null,"cdi":null,"mmi":null,"alert":null,"status":"reviewed","tsunami":0,"sig":89,"net":"pr","code":"2021360010","ids":",pr2021360010,","sources":",pr,","types":",origin,phase-data,","nst":7,"dmin":0.0586,"rms":0.08,"gap":217,"magType":"md","type":"earthquake","title":"M 2.4 - 6 km ESE of La Parguera, Puerto Rico"},"geometry":{"type":"Point","coordinates":[-66.9895,17.9486,12]},"id":"pr2021360010"},
{"type":"Feature","properties":{"mag":1.85,"place":"11km NE of Coso Junction, CA","time":1640549709570,"updated":1640623854734,"tz":null,"url":"https://earthquake.usgs.gov/earthquakes/eventpage/ci39896791","detail":"https://earthquake.usgs.gov/earthquakes/feed/v1.0/detail/ci39896791.geojson","felt":null,"cdi":null,"mmi":null,"alert":null,"status":"reviewed","tsunami":0,"sig":53,"net":"ci","code":"39896791","ids":",ci39896791,","sources":",ci,","types":",nearby-cities,origin,phase-data,scitech-link,","nst":19,"dmin":0.008317,"rms":0.14,"gap":53,"magType":"ml","type":"earthquake","title":"M 1.9 - 11km NE of Coso Junction, CA"},"geometry":{"type":"Point","coordinates":[-117.8501667,36.1101667,3.67]},"id":"ci39896791"},
{"type":"Feature","properties":{"mag":1.94000006,"place":"4 km SSW of Pāhala, Hawaii","time":1640549514690,"updated":1640549711720,"tz":null,"url":"https://earthquake.usgs.gov/earthquakes/eventpage/hv72847457","detail":"https://earthquake.usgs.gov/earthquakes/feed/v1.0/detail/hv72847457.geojson","felt":null,"cdi":null,"mmi":null,"alert":null,"status":"automatic","tsunami":0,"sig":58,"net":"hv","code":"72847457","ids":",hv72847457,","sources":",hv,","types":",origin,phase-data,","nst":27,"dmin":null,"rms":0.189999998,"gap":174,"magType":"md","type":"earthquake","title":"M 1.9 - 4 km SSW of Pāhala, Hawaii"},"geometry":{"type":"Point","coordinates":[-155.488159179688,19.1591663360596,30.0699996948242]},"id":"hv72847457"},
{"type":"Feature","properties":{"mag":2.27,"place":"47 km ESE of Naalehu, Hawaii","time":1640548980920,"updated":1640645143430,"tz":null,"url":"https://earthquake.usgs.gov/earthquakes/eventpage/hv72847447","detail":"https://earthquake.usgs.gov/earthquakes/feed/v1.0/detail/hv72847447.geojson","felt":null,"cdi":null,"mmi":null,"alert":null,"status":"reviewed","tsunami":0,"sig":79,"net":"hv","code":"72847447","ids":",us6000gfi0,hv72847447,","sources":",us,hv,","types":",origin,phase-data,","nst":35,"dmin":null,"rms":0.16,"gap":266,"magType":"ml","type":"earthquake","title":"M 2.3 - 47 km ESE of Naalehu, Hawaii"},"geometry":{"type":"Point","coordinates":[-155.203833333333,18.834,8.74]},"id":"hv72847447"},
{"type":"Feature","properties":{"mag":2.5,"place":"55 km S of Whites City, New Mexico","time":1640548178427,"updated":1640555283040,"tz":null,"url":"https://earthquake.usgs.gov/earthquakes/eventpage/us6000gfhz","detail":"https://earthquake.usgs.gov/earthquakes/feed/v1.0/detail/us6000gfhz.geojson","felt":null,"cdi":null,"mmi":null,"alert":null,"status":"reviewed","tsunami":0,"sig":96,"net":"us","code":"6000gfhz","ids":",us6000gfhz,","sources":",us,","types":",origin,phase-data,","nst":null,"dmin":0.095,"rms":0.38,"gap":55,"magType":"mb_lg","type":"earthquake","title":"M 2.5 - 55 km S of Whites City, New Mexico"},"geometry":{"type":"Point","coordinates":[-104.3895,31.676,5]},"id":"us6000gfhz"},
{"type":"Feature","properties":{"mag":0.71,"place":"6km NE of Dixon Lane-Meadow Creek, CA","time":1640548007630,"updated":1640731451427,"tz":null,"url":"https://earthquake.usgs.gov/earthquakes/eventpage/nc73668651","detail":"https://earthquake.usgs.gov/earthquakes/feed/v1.0/detail/nc73668651.geojson","felt":null,"cdi":null,"mmi":null,"alert":null,"status":"reviewed","tsunami":0,"sig":8,"net":"nc","code":"73668651","ids":",nc73668651,","sources":",nc,","types":",nearby-cities,origin,phase-data,scitech-link,","nst":6,"dmin":0.05022,"rms":0.03,"gap":154,"magType":"md","type":"earthquake","title":"M 0.7 - 6km NE of Dixon Lane-Meadow Creek, CA"},"geometry":{"type":"Point","coordinates":[-118.3663333,37.423,4.66]},"id":"nc73668651"},
{"type":"Feature","properties":{"mag":2.24,"place":"15 km SSE of Guánica, Puerto Rico","time":1640547812980,"updated":1640549150807,"tz":null,"url":"https://earthquake.usgs.gov/earthquakes/eventpage/pr2021360009","detail":"https://earthquake.usgs.gov/earthquakes/feed/v1.0/detail/pr2021360009.geojson","felt":null,"cdi":null,"mmi":null,"alert":null,"status":"reviewed","tsunami":0,"sig":77,"net":"pr","code":"2021360009","ids":",pr2021360009,","sources":",pr,","types":",origin,phase-data,","nst":7,"dmin":0.1416,"rms":0.05,"gap":259,"magType":"md","type":"earthquake","title":"M 2.2 - 15 km SSE of Guánica, Puerto Rico"},"geometry":{"type":"Point","coordinates":[-66.8755,17.8335,15]},"id":"pr2021360009"},
{"type":"Feature","properties":{"mag":4.6,"place":"41 km S of Shizunai-furukawachō, Japan","time":1640547605795,"updated":1640553707040,"tz":null,"url":"https://earthquake.usgs.gov/earthquakes/eventpage/us6000gfhx","detail":"https://earthquake.usgs.gov/earthquakes/feed/v1.0/detail/us6000gfhx.geojson","felt":null,"cdi":null,"mmi":null,"alert":null,"status":"reviewed","tsunami":0,"sig":326,"net":"us","code":"6000gfhx","ids":",us6000gfhx,","sources":",us,","types":",origin,phase-data,","nst":null,"dmin":0.59,"rms":0.9,"gap":127,"magType":"mb","type":"earthquake","title":"M 4.6 - 41 km S of Shizunai-furukawachō, Japan"},"geometry":{"type":"Point","coordinates":[142.3674,41.9647,69.54]},"id":"us6000gfhx"},
{"type":"Feature","properties":{"mag":1.65,"place":"9km ESE of Lopez Point, CA","time":1640547214300,"updated":1640549471871,"tz":null,"url":"https://earthquake.usgs.gov/earthquakes/eventpage/nc73668646","detail":"https://earthquake.usgs.gov/earthquakes/feed/v1.0/detail/nc73668646.geojson","felt":null,"cdi":null,"mmi":null,"alert":null,"status":"automatic","tsunami":0,"sig":42,"net":"nc","code":"73668646","ids":",nc73668646,","sources":",nc,","types":",nearby-cities,origin,phase-data,scitech-link,","nst":9,"dmin":0.1927,"rms":0.02,"gap":213,"magType":"md","type":"earthquake","title":"M 1.7 - 9km ESE of Lopez Point, CA"},"geometry":{"type":"Point","coordinates":[-121.4708328,35.9941673,12]},"id":"nc73668646"},
{"type":"Feature","properties":{"mag":2.1,"place":"39 km WNW of Anchor Point, Alaska","time":1640545855207,"updated":1640546102964,"tz":null,"url":"https://earthquake.usgs.gov/earthquakes/eventpage/ak021gjoufnr","detail":"https://earthquake.usgs.gov/earthquakes/feed/v1.0/detail/ak021gjoufnr.geojson","felt":null,"cdi":null,"mmi":null,"alert":null,"status":"automatic","tsunami":0,"sig":68,"net":"ak","code":"021gjoufnr","ids":",ak021gjoufnr,","sources":",ak,","types":",origin,","nst":null,"dmin":null,"rms":0.5,"gap":null,"magType":"ml","type":"earthquake","title":"M 2.1 - 39 km WNW of Anchor Point, Alaska"},"geometry":{"type":"Point","coordinates":[-152.5005,59.9002,88.1]},"id":"ak021gjoufnr"},
{"type":"Feature","properties":{"mag":4.3,"place":"39 km ESE of Rengo, Chile","time":1640545496277,"updated":1640573994062,"tz":null,"url":"https://earthquake.usgs.gov/earthquakes/eventpage/us6000gfhr","detail":"https://earthquake.usgs.gov/earthquakes/feed/v1.0/detail/us6000gfhr.geojson","felt":2,"cdi":2,"mmi":null,"alert":null,"status":"reviewed","tsunami":0,"sig":285,"net":"us","code":"6000gfhr","ids":",us6000gfhr,","sources":",us,","types":",dyfi,origin,phase-data,","nst":null,"dmin":0.374,"rms":0.27,"gap":91,"magType":"mb","type":"earthquake","title":"M 4.3 - 39 km ESE of Rengo, Chile"},"geometry":{"type":"Point","coordinates":[-70.4575,-34.529,125.2]},"id":"us6000gfhr"},
{"type":"Feature","properties":{"mag":2,"place":"32 km E of Denali National Park, Alaska","time":1640545254666,"updated":1640546002492,"tz":null,"url":"https://earthquake.usgs.gov/earthquakes/eventpage/ak021gjosahm","detail":"https://earthquake.usgs.gov/earthquakes/feed/v1.0/detail/ak021gjosahm.geojson","felt":null,"cdi":null,"mmi":null,"alert":null,"status":"automatic","tsunami":0,"sig":62,"net":"ak","code":"021gjosahm","ids":",ak021gjosahm,","sources":",ak,","types":",origin,","nst":null,"dmin":null,"rms":1.03,"gap":null,"magType":"ml","type":"earthquake","title":"M 2.0 - 32 km E of Denali National Park, Alaska"},"geometry":{"type":"Point","coordinates":[-151.0791,63.507,0]},"id":"ak021gjosahm"},
{"type":"Feature","properties":{"mag":5.6,"place":"30 km S of Fry, Greece","time":1640545142537,"updated":1640756156340,"tz":null,"url":"https://earthquake.usgs.gov/earthquakes/eventpage/us6000gfhq","detail":"https://earthquake.usgs.gov/earthquakes/feed/v1.0/detail/us6000gfhq.geojson","felt":6,"cdi":4.1,"mmi":4.424,"alert":"green","status":"reviewed","tsunami":0,"sig":485,"net":"us","code":"6000gfhq","ids":",us6000gfhq,","sources":",us,","types":",dyfi,losspager,moment-tensor,origin,phase-data,shakemap,","nst":null,"dmin":1.448,"rms":1.11,"gap":46,"magType":"mww","type":"earthquake","title":"M 5.6 - 30 km S of Fry, Greece"},"geometry":{"type":"Point","coordinates":[26.9194,35.1437,10]},"id":"us6000gfhq"},
{"type":"Feature","properties":{"mag":4.5,"place":"231 km E of Levuka, Fiji","time":1640544281465,"updated":1640546862040,"tz":null,"url":"https://earthquake.usgs.gov/earthquakes/eventpage/us6000gfhp","detail":"https://earthquake.usgs.gov/earthquakes/feed/v1.0/detail/us6000gfhp.geojson","felt":null,"cdi":null,"mmi":null,"alert":null,"status":"reviewed","tsunami":0,"sig":312,"net":"us","code":"6000gfhp","ids":",us6000gfhp,","sources":",us,","types":",origin,phase-data,","nst":null,"dmin":7.56,"rms":1.05,"gap":97,"magType":"mb","type":"earthquake","title":"M 4.5 - 231 km E of Levuka, Fiji"},"geometry":{"type":"Point","coordinates":[-178.5128,-17.835,551.58]},"id":"us6000gfhp"},
{"type":"Feature","properties":{"mag":4.7,"place":"102 km W of La Libertad, Mexico","time":1640544211232,"updated":1640551533040,"tz":null,"url":"https://earthquake.usgs.gov/earthquakes/eventpage/us6000gfhi","detail":"https://earthquake.usgs.gov/earthquakes/feed/v1.0/detail/us6000gfhi.geojson","felt":null,"cdi":null,"mmi":null,"alert":null,"status":"reviewed","tsunami":0,"sig":340,"net":"us","code":"6000gfhi","ids":",us6000gfhi,","sources":",us,","types":",origin,phase-data,","nst":null,"dmin":1.464,"rms":1.02,"gap":42,"magType":"mb","type":"earthquake","title":"M 4.7 - 102 km W of La Libertad, Mexico"},"geometry":{"type":"Point","coordinates":[-113.7581,29.9134,10]},"id":"us6000gfhi"},
{"type":"Feature","properties":{"mag":3.6,"place":"223 km ESE of Attu Station, Alaska","time":1640542659628,"updated":1640559246141,"tz":null,"url":"https://earthquake.usgs.gov/earthquakes/eventpage/ak021gjoai98","detail":"https://earthquake.usgs.gov/earthquakes/feed/v1.0/detail/ak021gjoai98.geojson","felt":null,"cdi":null,"mmi":1.853,"alert":null,"status":"reviewed","tsunami":0,"sig":199,"net":"ak","code":"021gjoai98","ids":",ak021gjoai98,","sources":",ak,","types":",origin,phase-data,shakemap,","nst":null,"dmin":null,"rms":0.87,"gap":null,"magType":"ml","type":"earthquake","title":"M 3.6 - 223 km ESE of Attu Station, Alaska"},"geometry":{"type":"Point","coordinates":[176.0969,51.926,41]},"id":"ak021gjoai98"},
{"type":"Feature","properties":{"mag":2.4,"place":"10 km NW of St-Jean-Port-Joli, Canada","time":1640542625413,"updated":1640650137040,"tz":null,"url":"https://earthquake.usgs.gov/earthquakes/eventpage/us6000gfqh","detail":"https://earthquake.usgs.gov/earthquakes/feed/v1.0/detail/us6000gfqh.geojson","felt":null,"cdi":null,"mmi":null,"alert":null,"status":"reviewed","tsunami":0,"sig":89,"net":"us","code":"6000gfqh","ids":",us6000gfqh,","sources":",us,","types":",origin,phase-data,","nst":null,"dmin":0.279,"rms":0.41,"gap":69,"magType":"ml","type":"earthquake","title":"M 2.4 - 10 km NW of St-Jean-Port-Joli, Canada"},"geometry":{"type":"Point","coordinates":[-70.3737,47.2712,11.51]},"id":"us6000gfqh"},
{"type":"Feature","properties":{"mag":2.9,"place":"115 km SSE of Kaktovik, Alaska","time":1640542006025,"updated":1640552994040,"tz":null,"url":"https://earthquake.usgs.gov/earthquakes/eventpage/us6000gfhg","detail":"https://earthquake.usgs.gov/earthquakes/feed/v1.0/detail/us6000gfhg.geojson","felt":null,"cdi":null,"mmi":null,"alert":null,"status":"reviewed","tsunami":0,"sig":129,"net":"us","code":"6000gfhg","ids":",us6000gfhg,","sources":",us,","types":",origin,phase-data,","nst":null,"dmin":0.615,"rms":0.97,"gap":141,"magType":"ml","type":"earthquake","title":"M 2.9 - 115 km SSE of Kaktovik, Alaska"},"geometry":{"type":"Point","coordinates":[-142.57,69.1644,15.64]},"id":"us6000gfhg"},
{"type":"Feature","properties":{"mag":5.1,"place":"South Sandwich Islands region","time":1640541564539,"updated":1640542758040,"tz":null,"url":"https://earthquake.usgs.gov/earthquakes/eventpage/us6000gfha","detail":"https://earthquake.usgs.gov/earthquakes/feed/v1.0/detail/us6000gfha.geojson","felt":null,"cdi":null,"mmi":null,"alert":null,"status":"reviewed","tsunami":0,"sig":400,"net":"us","code":"6000gfha","ids":",us6000gfha,","sources":",us,","types":",origin,phase-data,","nst":null,"dmin":7.236,"rms":1.37,"gap":69,"magType":"mb","type":"earthquake","title":"M 5.1 - South Sandwich Islands region"},"geometry":{"type":"Point","coordinates":[-26.2718,-58.8036,33.02]},"id":"us6000gfha"},
{"type":"Feature","properties":{"mag":2.52,"place":"7 km ESE of La Parguera, Puerto Rico","time":1640541173790,"updated":1640542317405,"tz":null,"url":"https://earthquake.usgs.gov/earthquakes/eventpage/pr2021360008","detail":"https://earthquake.usgs.gov/earthquakes/feed/v1.0/detail/pr2021360008.geojson","felt":null,"cdi":null,"mmi":null,"alert":null,"status":"reviewed","tsunami":0,"sig":98,"net":"pr","code":"2021360008","ids":",pr2021360008,","sources":",pr,","types":",origin,phase-data,","nst":8,"dmin":0.0624,"rms":0.04,"gap":223,"magType":"md","type":"earthquake","title":"M 2.5 - 7 km ESE of La Parguera, Puerto Rico"},"geometry":{"type":"Point","coordinates":[-66.988,17.9423,11]},"id":"pr2021360008"},
{"type":"Feature","properties":{"mag":1.08,"place":"2km NW of The Geysers, CA","time":1640541107020,"updated":1640714231516,"tz":null,"url":"https://earthquake.usgs.gov/earthquakes/eventpage/nc73668636","detail":"https://earthquake.usgs.gov/earthquakes/feed/v1.0/detail/nc73668636.geojson","felt":null,"cdi":null,"mmi":null,"alert":null,"status":"reviewed","tsunami":0,"sig":18,"net":"nc","code":"73668636","ids":",nc73668636,","sources":",nc,","types":",focal-mechanism,nearby-cities,origin,phase-data,scitech-link,","nst":32,"dmin":0.01503,"rms":0.04,"gap":101,"magType":"md","type":"earthquake","title":"M 1.1 - 2km NW of The Geysers, CA"},"geometry":{"type":"Point","coordinates":[-122.7683333,38.7871667,1.81]},"id":"nc73668636"},
{"type":"Feature","properties":{"mag":2.46,"place":"6 km ESE of La Parguera, Puerto Rico","time":1640540949840,"updated":1640541823450,"tz":null,"url":"https://earthquake.usgs.gov/earthquakes/eventpage/pr2021360007","detail":"https://earthquake.usgs.gov/earthquakes/feed/v1.0/detail/pr2021360007.geojson","felt":null,"cdi":null,"mmi":null,"alert":null,"status":"reviewed","tsunami":0,"sig":93,"net":"pr","code":"2021360007","ids":",pr2021360007,","sources":",pr,","types":",origin,phase-data,","nst":14,"dmin":0.06,"rms":0.1,"gap":222,"magType":"md","type":"earthquake","title":"M 2.5 - 6 km ESE of La Parguera, Puerto Rico"},"geometry":{"type":"Point","coordinates":[-66.9895,17.9448,10]},"id":"pr2021360007"},
{"type":"Feature","properties":{"mag":2,"place":"32 km W of Petersville, Alaska","time":1640540755943,"updated":1640541543963,"tz":null,"url":"https://earthquake.usgs.gov/earthquakes/eventpage/ak021gjnv13x","detail":"https://earthquake.usgs.gov/earthquakes/feed/v1.0/detail/ak021gjnv13x.geojson","felt":null,"cdi":null,"mmi":null,"alert":null,"status":"automatic","tsunami":0,"sig":62,"net":"ak","code":"021gjnv13x","ids":",ak021gjnv13x,","sources":",ak,","types":",origin,","nst":null,"dmin":null,"rms":0.79,"gap":null,"magType":"ml","type":"earthquake","title":"M 2.0 - 32 km W of Petersville, Alaska"},"geometry":{"type":"Point","coordinates":[-151.392,62.5214,78.6]},"id":"ak021gjnv13x"},
{"type":"Feature","properties":{"mag":0.7,"place":"13km WSW of Mammoth Lakes, CA","time":1640540129960,"updated":1640543952323,"tz":null,"url":"https://earthquake.usgs.gov/earthquakes/eventpage/nc73668631","detail":"https://earthquake.usgs.gov/earthquakes/feed/v1.0/detail/nc73668631.geojson","felt":null,"cdi":null,"mmi":null,"alert":null,"status":"reviewed","tsunami":0,"sig":8,"net":"nc","code":"73668631","ids":",nc73668631,","sources":",nc,","types":",nearby-cities,origin,phase-data,scitech-link,","nst":7,"dmin":0.0725,"rms":0.02,"gap":305,"magType":"md","type":"earthquake","title":"M 0.7 - 13km WSW of Mammoth Lakes, CA"},"geometry":{"type":"Point","coordinates":[-119.1148333,37.5856667,5.96]},"id":"nc73668631"},
{"type":"Feature","properties":{"mag":0.81,"place":"13km WSW of Mammoth Lakes, CA","time":1640539725000,"updated":1640543351268,"tz":null,"url":"https://earthquake.usgs.gov/earthquakes/eventpage/nc73668626","detail":"https://earthquake.usgs.gov/earthquakes/feed/v1.0/detail/nc73668626.geojson","felt":null,"cdi":null,"mmi":null,"alert":null,"status":"reviewed","tsunami":0,"sig":10,"net":"nc","code":"73668626","ids":",nc73668626,","sources":",nc,","types":",nearby-cities,origin,phase-data,scitech-link,","nst":7,"dmin":0.06892,"rms":0.04,"gap":303,"magType":"md","type":"earthquake","title":"M 0.8 - 13km WSW of Mammoth Lakes, CA"},"geometry":{"type":"Point","coordinates":[-119.111,37.5878333,6.08]},"id":"nc73668626"},
{"type":"Feature","properties":{"mag":1.7,"place":"9 km NNW of Mina, Nevada","time":1640539554737,"updated":1640724034664,"tz":null,"url":"https://earthquake.usgs.gov/earthquakes/eventpage/nn00830511","detail":"https://earthquake.usgs.gov/earthquakes/feed/v1.0/detail/nn00830511.geojson","felt":null,"cdi":null,"mmi":null,"alert":null,"status":"reviewed","tsunami":0,"sig":44,"net":"nn","code":"00830511","ids":",nn00830511,","sources":",nn,","types":",origin,phase-data,","nst":19,"dmin":0.041,"rms":0.1413,"gap":114.48,"magType":"ml","type":"earthquake","title":"M 1.7 - 9 km NNW of Mina, Nevada"},"geometry":{"type":"Point","coordinates":[-118.1517,38.4739,9.3]},"id":"nn00830511"},
{"type":"Feature","properties":{"mag":2.9,"place":"10 km SSE of Guánica, Puerto Rico","time":1640539242630,"updated":1640540978166,"tz":null,"url":"https://earthquake.usgs.gov/earthquakes/eventpage/pr2021360006","detail":"https://earthquake.usgs.gov/earthquakes/feed/v1.0/detail/pr2021360006.geojson","felt":null,"cdi":null,"mmi":null,"alert":null,"status":"reviewed","tsunami":0,"sig":129,"net":"pr","code":"2021360006","ids":",pr2021360006,","sources":",pr,","types":",origin,phase-data,","nst":14,"dmin":0.0966,"rms":0.12,"gap":238,"magType":"md","type":"earthquake","title":"M 2.9 - 10 km SSE of Guánica, Puerto Rico"},"geometry":{"type":"Point","coordinates":[-66.8803,17.8785,14]},"id":"pr2021360006"},
{"type":"Feature","properties":{"mag":0.1,"place":"67 km W of Tyonek, Alaska","time":1640538311520,"updated":1640560836045,"tz":null,"url":"https://earthquake.usgs.gov/earthquakes/eventpage/ak021gjnmdt5","detail":"https://earthquake.usgs.gov/earthquakes/feed/v1.0/detail/ak021gjnmdt5.geojson","felt":null,"cdi":null,"mmi":null,"alert":null,"status":"reviewed","tsunami":0,"sig":0,"net":"ak","code":"021gjnmdt5","ids":",ak021gjnmdt5,","sources":",ak,","types":",origin,phase-data,","nst":null,"dmin":null,"rms":0.51,"gap":null,"magType":"ml","type":"earthquake","title":"M 0.1 - 67 km W of Tyonek, Alaska"},"geometry":{"type":"Point","coordinates":[-152.3583,61.1852,6.8]},"id":"ak021gjnmdt5"},
{"type":"Feature","properties":{"mag":1.7,"place":"22 km WNW of Willow, Alaska","time":1640538107176,"updated":1640538628326,"tz":null,"url":"https://earthquake.usgs.gov/earthquakes/eventpage/ak021gjnlmf0","detail":"https://earthquake.usgs.gov/earthquakes/feed/v1.0/detail/ak021gjnlmf0.geojson","felt":null,"cdi":null,"mmi":null,"alert":null,"status":"automatic","tsunami":0,"sig":44,"net":"ak","code":"021gjnlmf0","ids":",ak021gjnlmf0,","sources":",ak,","types":",origin,","nst":null,"dmin":null,"rms":0.34,"gap":null,"magType":"ml","type":"earthquake","title":"M 1.7 - 22 km WNW of Willow, Alaska"},"geometry":{"type":"Point","coordinates":[-150.4346,61.8211,60.2]},"id":"ak021gjnlmf0"},
{"type":"Feature","properties":{"mag":0.87,"place":"11km NE of Coso Junction, CA","time":1640538104690,"updated":1640539445803,"tz":null,"url":"https://earthquake.usgs.gov/earthquakes/eventpage/ci39896751","detail":"https://earthquake.usgs.gov/earthquakes/feed/v1.0/detail/ci39896751.geojson","felt":null,"cdi":null,"mmi":null,"alert":null,"status":"reviewed","tsunami":0,"sig":12,"net":"ci","code":"39896751","ids":",ci39896751,","sources":",ci,","types":",nearby-cities,origin,phase-data,scitech-link,","nst":10,"dmin":0.01027,"rms":0.09,"gap":124,"magType":"ml","type":"earthquake","title":"M 0.9 - 11km NE of Coso Junction, CA"},"geometry":{"type":"Point","coordinates":[-117.8523333,36.1075,3.41]},"id":"ci39896751"},
{"type":"Feature","properties":{"mag":1.7,"place":"14 km SSE of Pleasant Valley, Alaska","time":1640537960867,"updated":1640540051024,"tz":null,"url":"https://earthquake.usgs.gov/earthquakes/eventpage/ak021gjnckba","detail":"https://earthquake.usgs.gov/earthquakes/feed/v1.0/detail/ak021gjnckba.geojson","felt":null,"cdi":null,"mmi":null,"alert":null,"status":"automatic","tsunami":0,"sig":44,"net":"ak","code":"021gjnckba","ids":",ak021gjnckba,","sources":",ak,","types":",origin,","nst":null,"dmin":null,"rms":0.7,"gap":null,"magType":"ml","type":"earthquake","title":"M 1.7 - 14 km SSE of Pleasant Valley, Alaska"},"geometry":{"type":"Point","coordinates":[-146.7785,64.7585,8.1]},"id":"ak021gjnckba"},
{"type":"Feature","properties":{"mag":1.65,"place":"17km WSW of Mammoth Lakes, CA","time":1640537628270,"updated":1640543352268,"tz":null,"url":"https://earthquake.usgs.gov/earthquakes/eventpage/nc73668621","detail":"https://earthquake.usgs.gov/earthquakes/feed/v1.0/detail/nc73668621.geojson","felt":null,"cdi":null,"mmi":null,"alert":null,"status":"reviewed","tsunami":0,"sig":42,"net":"nc","code":"73668621","ids":",nc73668621,","sources":",nc,","types":",nearby-cities,origin,phase-data,scitech-link,","nst":15,"dmin":0.104,"rms":0.08,"gap":135,"magType":"md","type":"earthquake","title":"M 1.7 - 17km WSW of Mammoth Lakes, CA"},"geometry":{"type":"Point","coordinates":[-119.1465,37.5643333,3.38]},"id":"nc73668621"},
{"type":"Feature","properties":{"mag":0.4,"place":"14 km S of South Van Horn, Alaska","time":1640537468718,"updated":1640558560012,"tz":null,"url":"https://earthquake.usgs.gov/earthquakes/eventpage/ak021gjnatl8","detail":"https://earthquake.usgs.gov/earthquakes/feed/v1.0/detail/ak021gjnatl8.geojson","felt":null,"cdi":null,"mmi":null,"alert":null,"status":"reviewed","tsunami":0,"sig":2,"net":"ak","code":"021gjnatl8","ids":",ak021gjnatl8,","sources":",ak,","types":",origin,phase-data,","nst":null,"dmin":null,"rms":0.44,"gap":null,"magType":"ml","type":"earthquake","title":"M 0.4 - 14 km S of South Van Horn, Alaska"},"geometry":{"type":"Point","coordinates":[-147.7306,64.6781,13.7]},"id":"ak021gjnatl8"},
{"type":"Feature","properties":{"mag":1.86,"place":"30km NE of Oakhurst, CA","time":1640536812940,"updated":1640543351486,"tz":null,"url":"https://earthquake.usgs.gov/earthquakes/eventpage/nc73668616","detail":"https://earthquake.usgs.gov/earthquakes/feed/v1.0/detail/nc73668616.geojson","felt":null,"cdi":null,"mmi":null,"alert":null,"status":"reviewed","tsunami":0,"sig":53,"net":"nc","code":"73668616","ids":",nc73668616,","sources":",nc,","types":",nearby-cities,origin,phase-data,scitech-link,","nst":16,"dmin":0.2967,"rms":0.22,"gap":84,"magType":"md","type":"earthquake","title":"M 1.9 - 30km NE of Oakhurst, CA"},"geometry":{"type":"Point","coordinates":[-119.3816667,37.4903333,8.46]},"id":"nc73668616"},
{"type":"Feature","properties":{"mag":2.36,"place":"17km WSW of Mammoth Lakes, CA","time":1640536692630,"updated":1640541431058,"tz":null,"url":"https://earthquake.usgs.gov/earthquakes/eventpage/nc73668611","detail":"https://earthquake.usgs.gov/earthquakes/feed/v1.0/detail/nc73668611.geojson","felt":null,"cdi":null,"mmi":null,"alert":null,"status":"reviewed","tsunami":0,"sig":86,"net":"nc","code":"73668611","ids":",nc73668611,","sources":",nc,","types":",focal-mechanism,nearby-cities,origin,phase-data,scitech-link,","nst":23,"dmin":0.1025,"rms":0.07,"gap":59,"magType":"md","type":"earthquake","title":"M 2.4 - 17km WSW of Mammoth Lakes, CA"},"geometry":{"type":"Point","coordinates":[-119.145,37.5653333,3.87]},"id":"nc73668611"},
{"type":"Feature","properties":{"mag":2.85,"place":"1 km SSW of Palomas, Puerto Rico","time":1640536325580,"updated":1640537726505,"tz":null,"url":"https://earthquake.usgs.gov/earthquakes/eventpage/pr2021360005","detail":"https://earthquake.usgs.gov/earthquakes/feed/v1.0/detail/pr2021360005.geojson","felt":null,"cdi":null,"mmi":null,"alert":null,"status":"reviewed","tsunami":0,"sig":125,"net":"pr","code":"2021360005","ids":",pr2021360005,","sources":",pr,","types":",origin,phase-data,","nst":22,"dmin":0.0252,"rms":0.18,"gap":87,"magType":"md","type":"earthquake","title":"M 2.9 - 1 km SSW of Palomas, Puerto Rico"},"geometry":{"type":"Point","coordinates":[-66.8826,18.0001,14]},"id":"pr2021360005"},
{"type":"Feature","properties":{"mag":1.18,"place":"11km SSW of Borrego Springs, CA","time":1640536075030,"updated":1640536339537,"tz":null,"url":"https://earthquake.usgs.gov/earthquakes/eventpage/ci39896703","detail":"https://earthquake.usgs.gov/earthquakes/feed/v1.0/detail/ci39896703.geojson","felt":null,"cdi":null,"mmi":null,"alert":null,"status":"automatic","tsunami":0,"sig":21,"net":"ci","code":"39896703","ids":",ci39896703,","sources":",ci,","types":",nearby-cities,origin,phase-data,scitech-link,","nst":15,"dmin":0.1068,"rms":0.23,"gap":206,"magType":"ml","type":"earthquake","title":"M 1.2 - 11km SSW of Borrego Springs, CA"},"geometry":{"type":"Point","coordinates":[-116.4138333,33.1611667,9.53]},"id":"ci39896703"},
{"type":"Feature","properties":{"mag":4.6,"place":"11 km SSW of Kaparéllion, Greece","time":1640535233419,"updated":1640537913040,"tz":null,"url":"https://earthquake.usgs.gov/earthquakes/eventpage/us6000gfgn","detail":"https://earthquake.usgs.gov/earthquakes/feed/v1.0/detail/us6000gfgn.geojson","felt":null,"cdi":null,"mmi":null,"alert":null,"status":"reviewed","tsunami":0,"sig":326,"net":"us","code":"6000gfgn","ids":",us6000gfgn,","sources":",us,","types":",origin,phase-data,","nst":null,"dmin":1.374,"rms":0.52,"gap":72,"magType":"mb","type":"earthquake","title":"M 4.6 - 11 km SSW of Kaparéllion, Greece"},"geometry":{"type":"Point","coordinates":[23.1512,38.151,10]},"id":"us6000gfgn"},
{"type":"Feature","properties":{"mag":1.51,"place":"9 km E of Pāhala, Hawaii","time":1640535117820,"updated":1640640917460,"tz":null,"url":"https://earthquake.usgs.gov/earthquakes/eventpage/hv72847282","detail":"https://earthquake.usgs.gov/earthquakes/feed/v1.0/detail/hv72847282.geojson","felt":null,"cdi":null,"mmi":null,"alert":null,"status":"reviewed","tsunami":0,"sig":35,"net":"hv","code":"72847282","ids":",hv72847282,","sources":",hv,","types":",origin,phase-data,","nst":25,"dmin":null,"rms":0.08,"gap":173,"magType":"md","type":"earthquake","title":"M 1.5 - 9 km E of Pāhala, Hawaii"},"geometry":{"type":"Point","coordinates":[-155.386333333333,19.2148333333333,31.37]},"id":"hv72847282"},
{"type":"Feature","properties":{"mag":4.5,"place":"22 km SW of Dompu, Indonesia","time":1640535005354,"updated":1640536843040,"tz":null,"url":"https://earthquake.usgs.gov/earthquakes/eventpage/us6000gfgm","detail":"https://earthquake.usgs.gov/earthquakes/feed/v1.0/detail/us6000gfgm.geojson","felt":null,"cdi":null,"mmi":null,"alert":null,"status":"reviewed","tsunami":0,"sig":312,"net":"us","code":"6000gfgm","ids":",us6000gfgm,","sources":",us,","types":",origin,phase-data,","nst":null,"dmin":3.875,"rms":0.63,"gap":56,"magType":"mb","type":"earthquake","title":"M 4.5 - 22 km SW of Dompu, Indonesia"},"geometry":{"type":"Point","coordinates":[118.3181,-8.6833,122.27]},"id":"us6000gfgm"},
{"type":"Feature","properties":{"mag":1.64,"place":"11km NE of Coso Junction, CA","time":1640534835660,"updated":1640538441723,"tz":null,"url":"https://earthquake.usgs.gov/earthquakes/eventpage/ci39896695","detail":"https://earthquake.usgs.gov/earthquakes/feed/v1.0/detail/ci39896695.geojson","felt":null,"cdi":null,"mmi":null,"alert":null,"status":"reviewed","tsunami":0,"sig":41,"net":"ci","code":"39896695","ids":",ci39896695,","sources":",ci,","types":",focal-mechanism,nearby-cities,origin,phase-data,scitech-link,","nst":20,"dmin":0.007541,"rms":0.12,"gap":54,"magType":"ml","type":"earthquake","title":"M 1.6 - 11km NE of Coso Junction, CA"},"geometry":{"type":"Point","coordinates":[-117.8566667,36.1101667,3.64]},"id":"ci39896695"},
{"type":"Feature","properties":{"mag":4.5,"place":"7 km E of Tiquisate, Guatemala","time":1640534785319,"updated":1640536174040,"tz":null,"url":"https://earthquake.usgs.gov/earthquakes/eventpage/us6000gfgl","detail":"https://earthquake.usgs.gov/earthquakes/feed/v1.0/detail/us6000gfgl.geojson","felt":null,"cdi":null,"mmi":null,"alert":null,"status":"reviewed","tsunami":0,"sig":312,"net":"us","code":"6000gfgl","ids":",us6000gfgl,","sources":",us,","types":",origin,phase-data,","nst":null,"dmin":1.512,"rms":0.46,"gap":192,"magType":"mb","type":"earthquake","title":"M 4.5 - 7 km E of Tiquisate, Guatemala"},"geometry":{"type":"Point","coordinates":[-91.2883,14.2842,42.65]},"id":"us6000gfgl"},
{"type":"Feature","properties":{"mag":0.43,"place":"6 km NNE of Toston, Montana","time":1640533749750,"updated":1640644744790,"tz":null,"url":"https://earthquake.usgs.gov/earthquakes/eventpage/mb80534589","detail":"https://earthquake.usgs.gov/earthquakes/feed/v1.0/detail/mb80534589.geojson","felt":null,"cdi":null,"mmi":null,"alert":null,"status":"reviewed","tsunami":0,"sig":3,"net":"mb","code":"80534589","ids":",mb80534589,","sources":",mb,","types":",origin,phase-data,","nst":5,"dmin":0.157,"rms":0.08,"gap":234,"magType":"ml","type":"earthquake","title":"M 0.4 - 6 km NNE of Toston, Montana"},"geometry":{"type":"Point","coordinates":[-111.4075,46.2233333,5.84]},"id":"mb80534589"},
{"type":"Feature","properties":{"mag":2.7,"place":"23 km SSW of Susitna, Alaska","time":1640533731849,"updated":1640535623040,"tz":null,"url":"https://earthquake.usgs.gov/earthquakes/eventpage/ak021gjmou77","detail":"https://earthquake.usgs.gov/earthquakes/feed/v1.0/detail/ak021gjmou77.geojson","felt":null,"cdi":null,"mmi":null,"alert":null,"status":"automatic","tsunami":0,"sig":112,"net":"ak","code":"021gjmou77","ids":",us6000gfgi,ak021gjmou77,","sources":",us,ak,","types":",origin,phase-data,","nst":null,"dmin":null,"rms":0.74,"gap":null,"magType":"ml","type":"earthquake","title":"M 2.7 - 23 km SSW of Susitna, Alaska"},"geometry":{"type":"Point","coordinates":[-150.7282,61.3563,28.5]},"id":"ak021gjmou77"},
{"type":"Feature","properties":{"mag":6.1,"place":"140 km E of Levuka, Fiji","time":1640533377169,"updated":1640620049630,"tz":null,"url":"https://earthquake.usgs.gov/earthquakes/eventpage/us6000gfgd","detail":"https://earthquake.usgs.gov/earthquakes/feed/v1.0/detail/us6000gfgd.geojson","felt":null,"cdi":null,"mmi":1.705,"alert":"green","status":"reviewed","tsunami":0,"sig":572,"net":"us","code":"6000gfgd","ids":",us6000gfgd,","sources":",us,","types":",ground-failure,losspager,moment-tensor,origin,phase-data,shakemap,","nst":null,"dmin":2.493,"rms":0.8,"gap":33,"magType":"mww","type":"earthquake","title":"M 6.1 - 140 km E of Levuka, Fiji"},"geometry":{"type":"Point","coordinates":[-179.3531,-18.0922,639.82]},"id":"us6000gfgd"},
{"type":"Feature","properties":{"mag":1.8,"place":"41 km N of Valdez, Alaska","time":1640533367585,"updated":1640534178438,"tz":null,"url":"https://earthquake.usgs.gov/earthquakes/eventpage/ak021gjmnjog","detail":"https://earthquake.usgs.gov/earthquakes/feed/v1.0/detail/ak021gjmnjog.geojson","felt":null,"cdi":null,"mmi":null,"alert":null,"status":"automatic","tsunami":0,"sig":50,"net":"ak","code":"021gjmnjog","ids":",ak021gjmnjog,","sources":",ak,","types":",origin,","nst":null,"dmin":null,"rms":0.53,"gap":null,"magType":"ml","type":"earthquake","title":"M 1.8 - 41 km N of Valdez, Alaska"},"geometry":{"type":"Point","coordinates":[-146.4767,61.499,14.4]},"id":"ak021gjmnjog"},
{"type":"Feature","properties":{"mag":1.7,"place":"23 km WNW of Anchor Point, Alaska","time":1640532771492,"updated":1640532985432,"tz":null,"url":"https://earthquake.usgs.gov/earthquakes/eventpage/ak021gjmleql","detail":"https://earthquake.usgs.gov/earthquakes/feed/v1.0/detail/ak021gjmleql.geojson","felt":null,"cdi":null,"mmi":null,"alert":null,"status":"automatic","tsunami":0,"sig":44,"net":"ak","code":"021gjmleql","ids":",ak021gjmleql,","sources":",ak,","types":",origin,","nst":null,"dmin":null,"rms":0.52,"gap":null,"magType":"ml","type":"earthquake","title":"M 1.7 - 23 km WNW of Anchor Point, Alaska"},"geometry":{"type":"Point","coordinates":[-152.2367,59.8353,74.9]},"id":"ak021gjmleql"},
{"type":"Feature","properties":{"mag":2.04999995,"place":"3 km SSE of Pāhala, Hawaii","time":1640532636820,"updated":1640532828240,"tz":null,"url":"https://earthquake.usgs.gov/earthquakes/eventpage/hv72847247","detail":"https://earthquake.usgs.gov/earthquakes/feed/v1.0/detail/hv72847247.geojson","felt":null,"cdi":null,"mmi":null,"alert":null,"status":"automatic","tsunami":0,"sig":65,"net":"hv","code":"72847247","ids":",hv72847247,","sources":",hv,","types":",origin,phase-data,","nst":34,"dmin":null,"rms":0.109999999,"gap":155,"magType":"md","type":"earthquake","title":"M 2.0 - 3 km SSE of Pāhala, Hawaii"},"geometry":{"type":"Point","coordinates":[-155.470169067383,19.1706657409668,30.8799991607666]},"id":"hv72847247"},
{"type":"Feature","properties":{"mag":1.45,"place":"4 km E of Pāhala, Hawaii","time":1640532627490,"updated":1640631751030,"tz":null,"url":"https://earthquake.usgs.gov/earthquakes/eventpage/hv72847242","detail":"https://earthquake.usgs.gov/earthquakes/feed/v1.0/detail/hv72847242.geojson","felt":null,"cdi":null,"mmi":null,"alert":null,"status":"reviewed","tsunami":0,"sig":32,"net":"hv","code":"72847242","ids":",hv72847242,","sources":",hv,","types":",origin,phase-data,","nst":16,"dmin":null,"rms":0.09,"gap":167,"magType":"md","type":"earthquake","title":"M 1.5 - 4 km E of Pāhala, Hawaii"},"geometry":{"type":"Point","coordinates":[-155.437333333333,19.197,33.32]},"id":"hv72847242"},
{"type":"Feature","properties":{"mag":5.1,"place":"32 km S of Fry, Greece","time":1640531711566,"updated":1640560534040,"tz":null,"url":"https://earthquake.usgs.gov/earthquakes/eventpage/us6000gffm","detail":"https://earthquake.usgs.gov/earthquakes/feed/v1.0/detail/us6000gffm.geojson","felt":1,"cdi":2,"mmi":null,"alert":null,"status":"reviewed","tsunami":0,"sig":400,"net":"us","code":"6000gffm","ids":",us6000gffm,","sources":",us,","types":",dyfi,moment-tensor,origin,phase-data,","nst":null,"dmin":0.472,"rms":0.64,"gap":61,"magType":"mww","type":"earthquake","title":"M 5.1 - 32 km S of Fry, Greece"},"geometry":{"type":"Point","coordinates":[26.8912,35.1283,10]},"id":"us6000gffm"},
{"type":"Feature","properties":{"mag":1.14,"place":"3km SE of Lake Henshaw, CA","time":1640531124430,"updated":1640538509980,"tz":null,"url":"https://earthquake.usgs.gov/earthquakes/eventpage/ci39896679","detail":"https://earthquake.usgs.gov/earthquakes/feed/v1.0/detail/ci39896679.geojson","felt":null,"cdi":null,"mmi":null,"alert":null,"status":"reviewed","tsunami":0,"sig":20,"net":"ci","code":"39896679","ids":",ci39896679,","sources":",ci,","types":",focal-mechanism,nearby-cities,origin,phase-data,scitech-link,","nst":30,"dmin":0.07679,"rms":0.16,"gap":32,"magType":"ml","type":"earthquake","title":"M 1.1 - 3km SE of Lake Henshaw, CA"},"geometry":{"type":"Point","coordinates":[-116.7338333,33.2243333,12.19]},"id":"ci39896679"},
{"type":"Feature","properties":{"mag":5.4,"place":"79 km SE of Gorontalo, Indonesia","time":1640530890897,"updated":1640617479565,"tz":null,"url":"https://earthquake.usgs.gov/earthquakes/eventpage/us6000gffl","detail":"https://earthquake.usgs.gov/earthquakes/feed/v1.0/detail/us6000gffl.geojson","felt":null,"cdi":null,"mmi":3.812,"alert":"green","status":"reviewed","tsunami":0,"sig":449,"net":"us","code":"6000gffl","ids":",us6000gffl,","sources":",us,","types":",losspager,origin,phase-data,shakemap,","nst":null,"dmin":1.194,"rms":1.1,"gap":28,"magType":"mww","type":"earthquake","title":"M 5.4 - 79 km SE of Gorontalo, Indonesia"},"geometry":{"type":"Point","coordinates":[123.4632,-0.061,108.15]},"id":"us6000gffl"},
{"type":"Feature","properties":{"mag":-0.8,"place":"4 km ENE of Saint Ignatius, Montana","time":1640530787040,"updated":1640641961030,"tz":null,"url":"https://earthquake.usgs.gov/earthquakes/eventpage/mb80534564","detail":"https://earthquake.usgs.gov/earthquakes/feed/v1.0/detail/mb80534564.geojson","felt":null,"cdi":null,"mmi":null,"alert":null,"status":"reviewed","tsunami":0,"sig":0,"net":"mb","code":"80534564","ids":",mb80534564,","sources":",mb,","types":",origin,phase-data,","nst":5,"dmin":0.113,"rms":0.03,"gap":165,"magType":"md","type":"earthquake","title":"M -0.8 - 4 km ENE of Saint Ignatius, Montana"},"geometry":{"type":"Point","coordinates":[-114.034,47.3283333,5.86]},"id":"mb80534564"},
{"type":"Feature","properties":{"mag":1.3,"place":"13 km ENE of Willow, Alaska","time":1640530683133,"updated":1640531742857,"tz":null,"url":"https://earthquake.usgs.gov/earthquakes/eventpage/ak021gjm5g0p","detail":"https://earthquake.usgs.gov/earthquakes/feed/v1.0/detail/ak021gjm5g0p.geojson","felt":null,"cdi":null,"mmi":null,"alert":null,"status":"automatic","tsunami":0,"sig":26,"net":"ak","code":"021gjm5g0p","ids":",ak021gjm5g0p,","sources":",ak,","types":",origin,","nst":null,"dmin":null,"rms":0.46,"gap":null,"magType":"ml","type":"earthquake","title":"M 1.3 - 13 km ENE of Willow, Alaska"},"geometry":{"type":"Point","coordinates":[-149.7999,61.7821,29.2]},"id":"ak021gjm5g0p"},
{"type":"Feature","properties":{"mag":1.35,"place":"11km E of Coalinga, CA","time":1640528380820,"updated":1640531591145,"tz":null,"url":"https://earthquake.usgs.gov/earthquakes/eventpage/nc73668596","detail":"https://earthquake.usgs.gov/earthquakes/feed/v1.0/detail/nc73668596.geojson","felt":null,"cdi":null,"mmi":null,"alert":null,"status":"automatic","tsunami":0,"sig":28,"net":"nc","code":"73668596","ids":",nc73668596,","sources":",nc,","types":",nearby-cities,origin,phase-data,scitech-link,","nst":9,"dmin":0.1218,"rms":0.05,"gap":177,"magType":"md","type":"earthquake","title":"M 1.4 - 11km E of Coalinga, CA"},"geometry":{"type":"Point","coordinates":[-120.2323303,36.1419983,8.08]},"id":"nc73668596"},
{"type":"Feature","properties":{"mag":2.78,"place":"32km W of Petrolia, CA","time":1640528215200,"updated":1640638211511,"tz":null,"url":"https://earthquake.usgs.gov/earthquakes/eventpage/nc73668591","detail":"https://earthquake.usgs.gov/earthquakes/feed/v1.0/detail/nc73668591.geojson","felt":1,"cdi":0,"mmi":null,"alert":null,"status":"reviewed","tsunami":0,"sig":119,"net":"nc","code":"73668591","ids":",ew1640528220,nc73668591,us6000gffg,","sources":",ew,nc,us,","types":",associate,dyfi,nearby-cities,origin,phase-data,scitech-link,shake-alert,","nst":50,"dmin":0.2444,"rms":0.18,"gap":240,"magType":"ml","type":"earthquake","title":"M 2.8 - 32km W of Petrolia, CA"},"geometry":{"type":"Point","coordinates":[-124.6588333,40.324,19.21]},"id":"nc73668591"},
{"type":"Feature","properties":{"mag":2.19,"place":"14km W of Cantua Creek, CA","time":1640527790630,"updated":1640529070922,"tz":null,"url":"https://earthquake.usgs.gov/earthquakes/eventpage/nc73668586","detail":"https://earthquake.usgs.gov/earthquakes/feed/v1.0/detail/nc73668586.geojson","felt":null,"cdi":null,"mmi":null,"alert":null,"status":"automatic","tsunami":0,"sig":74,"net":"nc","code":"73668586","ids":",nc73668586,","sources":",nc,","types":",nearby-cities,origin,phase-data,scitech-link,","nst":23,"dmin":null,"rms":0.27,"gap":71,"magType":"md","type":"earthquake","title":"M 2.2 - 14km W of Cantua Creek, CA"},"geometry":{"type":"Point","coordinates":[-120.4741669,36.4993324,8.87]},"id":"nc73668586"},
{"type":"Feature","properties":{"mag":4.6,"place":"86 km SSW of Bengkulu, Indonesia","time":1640527754051,"updated":1640530701040,"tz":null,"url":"https://earthquake.usgs.gov/earthquakes/eventpage/us6000gfff","detail":"https://earthquake.usgs.gov/earthquakes/feed/v1.0/detail/us6000gfff.geojson","felt":null,"cdi":null,"mmi":null,"alert":null,"status":"reviewed","tsunami":0,"sig":326,"net":"us","code":"6000gfff","ids":",us6000gfff,","sources":",us,","types":",origin,phase-data,","nst":null,"dmin":0.95,"rms":0.44,"gap":181,"magType":"mb","type":"earthquake","title":"M 4.6 - 86 km SSW of Bengkulu, Indonesia"},"geometry":{"type":"Point","coordinates":[102.0208,-4.5457,45.13]},"id":"us6000gfff"},
{"type":"Feature","properties":{"mag":2.6,"place":"53 km SSW of Whites City, New Mexico","time":1640527109848,"updated":1640529571040,"tz":null,"url":"https://earthquake.usgs.gov/earthquakes/eventpage/us6000gff7","detail":"https://earthquake.usgs.gov/earthquakes/feed/v1.0/detail/us6000gff7.geojson","felt":null,"cdi":null,"mmi":null,"alert":null,"status":"reviewed","tsunami":0,"sig":104,"net":"us","code":"6000gff7","ids":",us6000gff7,","sources":",us,","types":",origin,phase-data,","nst":null,"dmin":0.074,"rms":0.36,"gap":111,"magType":"ml","type":"earthquake","title":"M 2.6 - 53 km SSW of Whites City, New Mexico"},"geometry":{"type":"Point","coordinates":[-104.5668,31.7178,8.28]},"id":"us6000gff7"},
{"type":"Feature","properties":{"mag":4.9,"place":"Bonin Islands, Japan region","time":1640526061531,"updated":1640528400040,"tz":null,"url":"https://earthquake.usgs.gov/earthquakes/eventpage/us6000gff5","detail":"https://earthquake.usgs.gov/earthquakes/feed/v1.0/detail/us6000gff5.geojson","felt":null,"cdi":null,"mmi":null,"alert":null,"status":"reviewed","tsunami":0,"sig":369,"net":"us","code":"6000gff5","ids":",us6000gff5,","sources":",us,","types":",origin,phase-data,","nst":null,"dmin":5.254,"rms":0.53,"gap":67,"magType":"mb","type":"earthquake","title":"M 4.9 - Bonin Islands, Japan region"},"geometry":{"type":"Point","coordinates":[141.5166,28.0534,88.17]},"id":"us6000gff5"},
{"type":"Feature","properties":{"mag":2.1,"place":"72 km W of Nanwalek, Alaska","time":1640526023458,"updated":1640526302752,"tz":null,"url":"https://earthquake.usgs.gov/earthquakes/eventpage/ak021gjlg73d","detail":"https://earthquake.usgs.gov/earthquakes/feed/v1.0/detail/ak021gjlg73d.geojson","felt":null,"cdi":null,"mmi":null,"alert":null,"status":"automatic","tsunami":0,"sig":68,"net":"ak","code":"021gjlg73d","ids":",ak021gjlg73d,","sources":",ak,","types":",origin,","nst":null,"dmin":null,"rms":0.71,"gap":null,"magType":"ml","type":"earthquake","title":"M 2.1 - 72 km W of Nanwalek, Alaska"},"geometry":{"type":"Point","coordinates":[-153.1905,59.2705,1]},"id":"ak021gjlg73d"},
{"type":"Feature","properties":{"mag":1.6,"place":"14 km S of Point Possession, Alaska","time":1640525480578,"updated":1640526302607,"tz":null,"url":"https://earthquake.usgs.gov/earthquakes/eventpage/ak021gjle8m7","detail":"https://earthquake.usgs.gov/earthquakes/feed/v1.0/detail/ak021gjle8m7.geojson","felt":null,"cdi":null,"mmi":null,"alert":null,"status":"automatic","tsunami":0,"sig":39,"net":"ak","code":"021gjle8m7","ids":",ak021gjle8m7,","sources":",ak,","types":",origin,","nst":null,"dmin":null,"rms":0.47,"gap":null,"magType":"ml","type":"earthquake","title":"M 1.6 - 14 km S of Point Possession, Alaska"},"geometry":{"type":"Point","coordinates":[-150.6883,60.7934,40.3]},"id":"ak021gjle8m7"},
{"type":"Feature","properties":{"mag":1.4,"place":"33 km WNW of Beluga, Alaska","time":1640524015491,"updated":1640525610891,"tz":null,"url":"https://earthquake.usgs.gov/earthquakes/eventpage/ak021gjl8z6o","detail":"https://earthquake.usgs.gov/earthquakes/feed/v1.0/detail/ak021gjl8z6o.geojson","felt":null,"cdi":null,"mmi":null,"alert":null,"status":"automatic","tsunami":0,"sig":30,"net":"ak","code":"021gjl8z6o","ids":",ak021gjl8z6o,","sources":",ak,","types":",origin,","nst":null,"dmin":null,"rms":0.63,"gap":null,"magType":"ml","type":"earthquake","title":"M 1.4 - 33 km WNW of Beluga, Alaska"},"geometry":{"type":"Point","coordinates":[-151.6845,61.2175,72.6]},"id":"ak021gjl8z6o"},
{"type":"Feature","properties":{"mag":2.37,"place":"Puerto Rico region","time":1640523103560,"updated":1640525170875,"tz":null,"url":"https://earthquake.usgs.gov/earthquakes/eventpage/pr2021360004","detail":"https://earthquake.usgs.gov/earthquakes/feed/v1.0/detail/pr2021360004.geojson","felt":null,"cdi":null,"mmi":null,"alert":null,"status":"reviewed","tsunami":0,"sig":86,"net":"pr","code":"2021360004","ids":",pr2021360004,","sources":",pr,","types":",origin,phase-data,","nst":11,"dmin":0.0583,"rms":0.13,"gap":175,"magType":"md","type":"earthquake","title":"M 2.4 - Puerto Rico region"},"geometry":{"type":"Point","coordinates":[-66.824,17.994,15]},"id":"pr2021360004"},
{"type":"Feature","properties":{"mag":0.81,"place":"13km SW of Searles Valley, CA","time":1640522613910,"updated":1640522885833,"tz":null,"url":"https://earthquake.usgs.gov/earthquakes/eventpage/ci39896663","detail":"https://earthquake.usgs.gov/earthquakes/feed/v1.0/detail/ci39896663.geojson","felt":null,"cdi":null,"mmi":null,"alert":null,"status":"automatic","tsunami":0,"sig":10,"net":"ci","code":"39896663","ids":",ci39896663,","sources":",ci,","types":",nearby-cities,origin,phase-data,scitech-link,","nst":14,"dmin":0.1172,"rms":0.18,"gap":140,"magType":"ml","type":"earthquake","title":"M 0.8 - 13km SW of Searles Valley, CA"},"geometry":{"type":"Point","coordinates":[-117.5161667,35.6953333,2.91]},"id":"ci39896663"},
{"type":"Feature","properties":{"mag":1.5,"place":"5 km ENE of Seldovia Village, Alaska","time":1640520313537,"updated":1640520631913,"tz":null,"url":"https://earthquake.usgs.gov/earthquakes/eventpage/ak021gjkn8nt","detail":"https://earthquake.usgs.gov/earthquakes/feed/v1.0/detail/ak021gjkn8nt.geojson","felt":null,"cdi":null,"mmi":null,"alert":null,"status":"automatic","tsunami":0,"sig":35,"net":"ak","code":"021gjkn8nt","ids":",ak021gjkn8nt,","sources":",ak,","types":",origin,","nst":null,"dmin":null,"rms":0.63,"gap":null,"magType":"ml","type":"earthquake","title":"M 1.5 - 5 km ENE of Seldovia Village, Alaska"},"geometry":{"type":"Point","coordinates":[-151.5542,59.4902,48.8]},"id":"ak021gjkn8nt"},
{"type":"Feature","properties":{"mag":2.1099999,"place":"7 km E of Pāhala, Hawaii","time":1640520289440,"updated":1640520479040,"tz":null,"url":"https://earthquake.usgs.gov/earthquakes/eventpage/hv72847092","detail":"https://earthquake.usgs.gov/earthquakes/feed/v1.0/detail/hv72847092.geojson","felt":null,"cdi":null,"mmi":null,"alert":null,"status":"automatic","tsunami":0,"sig":68,"net":"hv","code":"72847092","ids":",hv72847092,","sources":",hv,","types":",origin,phase-data,","nst":41,"dmin":null,"rms":0.109999999,"gap":150,"magType":"md","type":"earthquake","title":"M 2.1 - 7 km E of Pāhala, Hawaii"},"geometry":{"type":"Point","coordinates":[-155.410171508789,19.2084999084473,32.3899993896484]},"id":"hv72847092"},
{"type":"Feature","properties":{"mag":1.72000003,"place":"2 km E of Pāhala, Hawaii","time":1640519806080,"updated":1640519993130,"tz":null,"url":"https://earthquake.usgs.gov/earthquakes/eventpage/hv72847077","detail":"https://earthquake.usgs.gov/earthquakes/feed/v1.0/detail/hv72847077.geojson","felt":null,"cdi":null,"mmi":null,"alert":null,"status":"automatic","tsunami":0,"sig":46,"net":"hv","code":"72847077","ids":",hv72847077,","sources":",hv,","types":",origin,phase-data,","nst":32,"dmin":null,"rms":0.140000001,"gap":130,"magType":"md","type":"earthquake","title":"M 1.7 - 2 km E of Pāhala, Hawaii"},"geometry":{"type":"Point","coordinates":[-155.452835083008,19.2038326263428,34.0400009155273]},"id":"hv72847077"},
{"type":"Feature","properties":{"mag":1.6,"place":"69 km N of Petersville, Alaska","time":1640519572646,"updated":1640519740100,"tz":null,"url":"https://earthquake.usgs.gov/earthquakes/eventpage/ak021gjkbyq8","detail":"https://earthquake.usgs.gov/earthquakes/feed/v1.0/detail/ak021gjkbyq8.geojson","felt":null,"cdi":null,"mmi":null,"alert":null,"status":"automatic","tsunami":0,"sig":39,"net":"ak","code":"021gjkbyq8","ids":",ak021gjkbyq8,","sources":",ak,","types":",origin,","nst":null,"dmin":null,"rms":0.1,"gap":null,"magType":"ml","type":"earthquake","title":"M 1.6 - 69 km N of Petersville, Alaska"},"geometry":{"type":"Point","coordinates":[-150.5928,63.1185,123.3]},"id":"ak021gjkbyq8"},
{"type":"Feature","properties":{"mag":1.51,"place":"10km NE of Coso Junction, CA","time":1640518768380,"updated":1640538578591,"tz":null,"url":"https://earthquake.usgs.gov/earthquakes/eventpage/ci39896655","detail":"https://earthquake.usgs.gov/earthquakes/feed/v1.0/detail/ci39896655.geojson","felt":null,"cdi":null,"mmi":null,"alert":null,"status":"reviewed","tsunami":0,"sig":35,"net":"ci","code":"39896655","ids":",ci39896655,","sources":",ci,","types":",nearby-cities,origin,phase-data,scitech-link,","nst":17,"dmin":0.01735,"rms":0.11,"gap":69,"magType":"ml","type":"earthquake","title":"M 1.5 - 10km NE of Coso Junction, CA"},"geometry":{"type":"Point","coordinates":[-117.8588333,36.1005,3.94]},"id":"ci39896655"},
{"type":"Feature","properties":{"mag":2.1,"place":"64 km WNW of Happy Valley, Alaska","time":1640517678493,"updated":1640518497752,"tz":null,"url":"https://earthquake.usgs.gov/earthquakes/eventpage/ak021gjk58w5","detail":"https://earthquake.usgs.gov/earthquakes/feed/v1.0/detail/ak021gjk58w5.geojson","felt":null,"cdi":null,"mmi":null,"alert":null,"status":"automatic","tsunami":0,"sig":68,"net":"ak","code":"021gjk58w5","ids":",ak021gjk58w5,","sources":",ak,","types":",origin,","nst":null,"dmin":null,"rms":0.38,"gap":null,"magType":"ml","type":"earthquake","title":"M 2.1 - 64 km WNW of Happy Valley, Alaska"},"geometry":{"type":"Point","coordinates":[-152.8443,60.1035,113.8]},"id":"ak021gjk58w5"},
{"type":"Feature","properties":{"mag":0.54,"place":"23 km ENE of Ashford, Washington","time":1640517451640,"updated":1640575080320,"tz":null,"url":"https://earthquake.usgs.gov/earthquakes/eventpage/uw61799497","detail":"https://earthquake.usgs.gov/earthquakes/feed/v1.0/detail/uw61799497.geojson","felt":null,"cdi":null,"mmi":null,"alert":null,"status":"reviewed","tsunami":0,"sig":4,"net":"uw","code":"61799497","ids":",uw61799497,","sources":",uw,","types":",origin,phase-data,","nst":11,"dmin":0.02465,"rms":0.05,"gap":88,"magType":"ml","type":"earthquake","title":"M 0.5 - 23 km ENE of Ashford, Washington"},"geometry":{"type":"Point","coordinates":[-121.757833333333,46.856,1.99]},"id":"uw61799497"},
{"type":"Feature","properties":{"mag":1.5,"place":"6km W of Imperial, CA","time":1640517231710,"updated":1640517495497,"tz":null,"url":"https://earthquake.usgs.gov/earthquakes/eventpage/ci39896647","detail":"https://earthquake.usgs.gov/earthquakes/feed/v1.0/detail/ci39896647.geojson","felt":null,"cdi":null,"mmi":null,"alert":null,"status":"automatic","tsunami":0,"sig":35,"net":"ci","code":"39896647","ids":",ci39896647,","sources":",ci,","types":",nearby-cities,origin,phase-data,scitech-link,","nst":23,"dmin":0.08069,"rms":0.26,"gap":61,"magType":"ml","type":"earthquake","title":"M 1.5 - 6km W of Imperial, CA"},"geometry":{"type":"Point","coordinates":[-115.6336667,32.8381667,7.52]},"id":"ci39896647"},
{"type":"Feature","properties":{"mag":0.79,"place":"13km WNW of Anza, CA","time":1640516957580,"updated":1640517230956,"tz":null,"url":"https://earthquake.usgs.gov/earthquakes/eventpage/ci39896639","detail":"https://earthquake.usgs.gov/earthquakes/feed/v1.0/detail/ci39896639.geojson","felt":null,"cdi":null,"mmi":null,"alert":null,"status":"automatic","tsunami":0,"sig":10,"net":"ci","code":"39896639","ids":",ci39896639,","sources":",ci,","types":",nearby-cities,origin,phase-data,scitech-link,","nst":18,"dmin":0.0345,"rms":0.19,"gap":74,"magType":"ml","type":"earthquake","title":"M 0.8 - 13km WNW of Anza, CA"},"geometry":{"type":"Point","coordinates":[-116.8053333,33.5913333,7.4]},"id":"ci39896639"},
{"type":"Feature","properties":{"mag":2.01999998,"place":"8 km NE of Pāhala, Hawaii","time":1640516454590,"updated":1640516643470,"tz":null,"url":"https://earthquake.usgs.gov/earthquakes/eventpage/hv72847037","detail":"https://earthquake.usgs.gov/earthquakes/feed/v1.0/detail/hv72847037.geojson","felt":null,"cdi":null,"mmi":null,"alert":null,"status":"automatic","tsunami":0,"sig":63,"net":"hv","code":"72847037","ids":",hv72847037,","sources":",hv,","types":",origin,phase-data,","nst":31,"dmin":null,"rms":0.129999995,"gap":143,"magType":"md","type":"earthquake","title":"M 2.0 - 8 km NE of Pāhala, Hawaii"},"geometry":{"type":"Point","coordinates":[-155.411666870117,19.2506675720215,30.7299995422363]},"id":"hv72847037"},
{"type":"Feature","properties":{"mag":1.43,"place":"9km ENE of Coso Junction, CA","time":1640516440100,"updated":1640516707526,"tz":null,"url":"https://earthquake.usgs.gov/earthquakes/eventpage/ci39896631","detail":"https://earthquake.usgs.gov/earthquakes/feed/v1.0/detail/ci39896631.geojson","felt":null,"cdi":null,"mmi":null,"alert":null,"status":"automatic","tsunami":0,"sig":31,"net":"ci","code":"39896631","ids":",ci39896631,","sources":",ci,","types":",nearby-cities,origin,phase-data,scitech-link,","nst":17,"dmin":0.02979,"rms":0.15,"gap":69,"magType":"ml","type":"earthquake","title":"M 1.4 - 9km ENE of Coso Junction, CA"},"geometry":{"type":"Point","coordinates":[-117.864,36.0886667,3.1]},"id":"ci39896631"},
{"type":"Feature","properties":{"mag":3.9,"place":"8 km ESE of Assaria, Kansas","time":1640515217008,"updated":1640828886080,"tz":null,"url":"https://earthquake.usgs.gov/earthquakes/eventpage/us6000gfe5","detail":"https://earthquake.usgs.gov/earthquakes/feed/v1.0/detail/us6000gfe5.geojson","felt":46,"cdi":4,"mmi":3.98,"alert":null,"status":"reviewed","tsunami":0,"sig":252,"net":"us","code":"6000gfe5","ids":",us6000gfe5,","sources":",us,","types":",dyfi,origin,phase-data,shakemap,","nst":null,"dmin":0.691,"rms":0.46,"gap":74,"magType":"mb_lg","type":"earthquake","title":"M 3.9 - 8 km ESE of Assaria, Kansas"},"geometry":{"type":"Point","coordinates":[-97.5152,38.6401,5]},"id":"us6000gfe5"},
{"type":"Feature","properties":{"mag":4.7,"place":"106 km SSE of Auki, Solomon Islands","time":1640515166551,"updated":1640516721040,"tz":null,"url":"https://earthquake.usgs.gov/earthquakes/eventpage/us6000gfe8","detail":"https://earthquake.usgs.gov/earthquakes/feed/v1.0/detail/us6000gfe8.geojson","felt":null,"cdi":null,"mmi":null,"alert":null,"status":"reviewed","tsunami":0,"sig":340,"net":"us","code":"6000gfe8","ids":",us6000gfe8,","sources":",us,","types":",origin,phase-data,","nst":null,"dmin":1.074,"rms":0.58,"gap":111,"magType":"mb","type":"earthquake","title":"M 4.7 - 106 km SSE of Auki, Solomon Islands"},"geometry":{"type":"Point","coordinates":[161.0093,-9.6796,10]},"id":"us6000gfe8"},
{"type":"Feature","properties":{"mag":1.3,"place":"18 km W of Point MacKenzie, Alaska","time":1640515112071,"updated":1640515311169,"tz":null,"url":"https://earthquake.usgs.gov/earthquakes/eventpage/ak021gjjnhif","detail":"https://earthquake.usgs.gov/earthquakes/feed/v1.0/detail/ak021gjjnhif.geojson","felt":null,"cdi":null,"mmi":null,"alert":null,"status":"automatic","tsunami":0,"sig":26,"net":"ak","code":"021gjjnhif","ids":",ak021gjjnhif,","sources":",ak,","types":",origin,","nst":null,"dmin":null,"rms":0.67,"gap":null,"magType":"ml","type":"earthquake","title":"M 1.3 - 18 km W of Point MacKenzie, Alaska"},"geometry":{"type":"Point","coordinates":[-150.3265,61.3279,42.4]},"id":"ak021gjjnhif"},
{"type":"Feature","properties":{"mag":1.7,"place":"71 km NNE of Petersville, Alaska","time":1640514929450,"updated":1640515531763,"tz":null,"url":"https://earthquake.usgs.gov/earthquakes/eventpage/ak021gjjmu5t","detail":"https://earthquake.usgs.gov/earthquakes/feed/v1.0/detail/ak021gjjmu5t.geojson","felt":null,"cdi":null,"mmi":null,"alert":null,"status":"automatic","tsunami":0,"sig":44,"net":"ak","code":"021gjjmu5t","ids":",ak021gjjmu5t,","sources":",ak,","types":",origin,","nst":null,"dmin":null,"rms":0.35,"gap":null,"magType":"ml","type":"earthquake","title":"M 1.7 - 71 km NNE of Petersville, Alaska"},"geometry":{"type":"Point","coordinates":[-150.475,63.1198,109]},"id":"ak021gjjmu5t"},
{"type":"Feature","properties":{"mag":0.67,"place":"12km WNW of Anza, CA","time":1640514724710,"updated":1640514995528,"tz":null,"url":"https://earthquake.usgs.gov/earthquakes/eventpage/ci39896623","detail":"https://earthquake.usgs.gov/earthquakes/feed/v1.0/detail/ci39896623.geojson","felt":null,"cdi":null,"mmi":null,"alert":null,"status":"automatic","tsunami":0,"sig":7,"net":"ci","code":"39896623","ids":",ci39896623,","sources":",ci,","types":",nearby-cities,origin,phase-data,scitech-link,","nst":11,"dmin":0.03153,"rms":0.13,"gap":170,"magType":"ml","type":"earthquake","title":"M 0.7 - 12km WNW of Anza, CA"},"geometry":{"type":"Point","coordinates":[-116.8008333,33.5863333,8.91]},"id":"ci39896623"},
{"type":"Feature","properties":{"mag":0.36,"place":"37 km NNE of Amboy, Washington","time":1640514222720,"updated":1640572434650,"tz":null,"url":"https://earthquake.usgs.gov/earthquakes/eventpage/uw61799492","detail":"https://earthquake.usgs.gov/earthquakes/feed/v1.0/detail/uw61799492.geojson","felt":null,"cdi":null,"mmi":null,"alert":null,"status":"reviewed","tsunami":0,"sig":2,"net":"uw","code":"61799492","ids":",uw61799492,","sources":",uw,","types":",origin,phase-data,","nst":12,"dmin":0.007298,"rms":0.12,"gap":137,"magType":"mh","type":"earthquake","title":"M 0.4 - 37 km NNE of Amboy, Washington"},"geometry":{"type":"Point","coordinates":[-122.200666666667,46.1971666666667,1.7]},"id":"uw61799492"},
{"type":"Feature","properties":{"mag":1.2,"place":"31 km NW of Valdez, Alaska","time":1640513168174,"updated":1640513417401,"tz":null,"url":"https://earthquake.usgs.gov/earthquakes/eventpage/ak021gjjgkr5","detail":"https://earthquake.usgs.gov/earthquakes/feed/v1.0/detail/ak021gjjgkr5.geojson","felt":null,"cdi":null,"mmi":null,"alert":null,"status":"automatic","tsunami":0,"sig":22,"net":"ak","code":"021gjjgkr5","ids":",ak021gjjgkr5,","sources":",ak,","types":",origin,","nst":null,"dmin":null,"rms":0.64,"gap":null,"magType":"ml","type":"earthquake","title":"M 1.2 - 31 km NW of Valdez, Alaska"},"geometry":{"type":"Point","coordinates":[-146.8156,61.3071,35]},"id":"ak021gjjgkr5"},
{"type":"Feature","properties":{"mag":4.6,"place":"49 km E of Hirara, Japan","time":1640510222975,"updated":1640521113722,"tz":null,"url":"https://earthquake.usgs.gov/earthquakes/eventpage/us6000gfdl","detail":"https://earthquake.usgs.gov/earthquakes/feed/v1.0/detail/us6000gfdl.geojson","felt":1,"cdi":3.1,"mmi":null,"alert":null,"status":"reviewed","tsunami":0,"sig":326,"net":"us","code":"6000gfdl","ids":",us6000gfdl,","sources":",us,","types":",dyfi,origin,phase-data,","nst":null,"dmin":2.554,"rms":0.9,"gap":91,"magType":"mww","type":"earthquake","title":"M 4.6 - 49 km E of Hirara, Japan"},"geometry":{"type":"Point","coordinates":[125.7872,24.8488,35]},"id":"us6000gfdl"},
{"type":"Feature","properties":{"mag":3.37,"place":"75 km NNW of Charlotte Amalie, U.S. Virgin Islands","time":1640510169640,"updated":1640511972222,"tz":null,"url":"https://earthquake.usgs.gov/earthquakes/eventpage/pr2021360003","detail":"https://earthquake.usgs.gov/earthquakes/feed/v1.0/detail/pr2021360003.geojson","felt":null,"cdi":null,"mmi":null,"alert":null,"status":"reviewed","tsunami":0,"sig":175,"net":"pr","code":"2021360003","ids":",pr2021360003,","sources":",pr,","types":",origin,phase-data,","nst":15,"dmin":0.7288,"rms":0.37,"gap":306,"magType":"md","type":"earthquake","title":"M 3.4 - 75 km NNW of Charlotte Amalie, U.S. Virgin Islands"},"geometry":{"type":"Point","coordinates":[-65.0906,19.0106,23]},"id":"pr2021360003"},
{"type":"Feature","properties":{"mag":1.47,"place":"8km SSE of Gilroy, CA","time":1640510092880,"updated":1640512151300,"tz":null,"url":"https://earthquake.usgs.gov/earthquakes/eventpage/nc73668581","detail":"https://earthquake.usgs.gov/earthquakes/feed/v1.0/detail/nc73668581.geojson","felt":1,"cdi":0,"mmi":null,"alert":null,"status":"automatic","tsunami":0,"sig":33,"net":"nc","code":"73668581","ids":",nc73668581,","sources":",nc,","types":",dyfi,nearby-cities,origin,phase-data,scitech-link,","nst":16,"dmin":null,"rms":0.15,"gap":117,"magType":"md","type":"earthquake","title":"M 1.5 - 8km SSE of Gilroy, CA"},"geometry":{"type":"Point","coordinates":[-121.5404968,36.9413338,9.27]},"id":"nc73668581"},
{"type":"Feature","properties":{"mag":1.6,"place":"22 km SSE of Kokhanok, Alaska","time":1640510059296,"updated":1640510251875,"tz":null,"url":"https://earthquake.usgs.gov/earthquakes/eventpage/ak021gjiwvqh","detail":"https://earthquake.usgs.gov/earthquakes/feed/v1.0/detail/ak021gjiwvqh.geojson","felt":null,"cdi":null,"mmi":null,"alert":null,"status":"automatic","tsunami":0,"sig":39,"net":"ak","code":"021gjiwvqh","ids":",ak021gjiwvqh,","sources":",ak,","types":",origin,","nst":null,"dmin":null,"rms":0.4,"gap":null,"magType":"ml","type":"earthquake","title":"M 1.6 - 22 km SSE of Kokhanok, Alaska"},"geometry":{"type":"Point","coordinates":[-154.6184,59.2536,2.8]},"id":"ak021gjiwvqh"},
{"type":"Feature","properties":{"mag":1.6,"place":"57 km NW of Tatitlek, Alaska","time":1640509245071,"updated":1640509520333,"tz":null,"url":"https://earthquake.usgs.gov/earthquakes/eventpage/ak021gjitxrp","detail":"https://earthquake.usgs.gov/earthquakes/feed/v1.0/detail/ak021gjitxrp.geojson","felt":null,"cdi":null,"mmi":null,"alert":null,"status":"automatic","tsunami":0,"sig":39,"net":"ak","code":"021gjitxrp","ids":",ak021gjitxrp,","sources":",ak,","types":",origin,","nst":null,"dmin":null,"rms":1.19,"gap":null,"magType":"ml","type":"earthquake","title":"M 1.6 - 57 km NW of Tatitlek, Alaska"},"geometry":{"type":"Point","coordinates":[-147.4636,61.2174,3]},"id":"ak021gjitxrp"},
{"type":"Feature","properties":{"mag":1.38,"place":"11km ENE of Borrego Springs, CA","time":1640508338810,"updated":1640538647030,"tz":null,"url":"https://earthquake.usgs.gov/earthquakes/eventpage/ci39896615","detail":"https://earthquake.usgs.gov/earthquakes/feed/v1.0/detail/ci39896615.geojson","felt":null,"cdi":null,"mmi":null,"alert":null,"status":"reviewed","tsunami":0,"sig":29,"net":"ci","code":"39896615","ids":",ci39896615,","sources":",ci,","types":",nearby-cities,origin,phase-data,scitech-link,","nst":31,"dmin":0.08629,"rms":0.25,"gap":91,"magType":"ml","type":"earthquake","title":"M 1.4 - 11km ENE of Borrego Springs, CA"},"geometry":{"type":"Point","coordinates":[-116.2646667,33.2845,2.54]},"id":"ci39896615"},
{"type":"Feature","properties":{"mag":2.87,"place":"49 km ESE of Naalehu, Hawaii","time":1640508279380,"updated":1640628663990,"tz":null,"url":"https://earthquake.usgs.gov/earthquakes/eventpage/hv72846932","detail":"https://earthquake.usgs.gov/earthquakes/feed/v1.0/detail/hv72846932.geojson","felt":null,"cdi":null,"mmi":null,"alert":null,"status":"reviewed","tsunami":0,"sig":127,"net":"hv","code":"72846932","ids":",us6000gfde,hv72846932,","sources":",us,hv,","types":",origin,phase-data,","nst":34,"dmin":null,"rms":0.11,"gap":265,"magType":"ml","type":"earthquake","title":"M 2.9 - 49 km ESE of Naalehu, Hawaii"},"geometry":{"type":"Point","coordinates":[-155.161833333333,18.8708333333333,9.68]},"id":"hv72846932"},
{"type":"Feature","properties":{"mag":3.37,"place":"75 km NW of Aguadilla, Puerto Rico","time":1640507992860,"updated":1640516577990,"tz":null,"url":"https://earthquake.usgs.gov/earthquakes/eventpage/pr2021360002","detail":"https://earthquake.usgs.gov/earthquakes/feed/v1.0/detail/pr2021360002.geojson","felt":2,"cdi":2.7,"mmi":null,"alert":null,"status":"reviewed","tsunami":0,"sig":175,"net":"pr","code":"2021360002","ids":",pr2021360002,","sources":",pr,","types":",dyfi,origin,phase-data,","nst":16,"dmin":0.7086,"rms":0.43,"gap":221,"magType":"md","type":"earthquake","title":"M 3.4 - 75 km NW of Aguadilla, Puerto Rico"},"geometry":{"type":"Point","coordinates":[-67.6856,18.8825,74]},"id":"pr2021360002"},
{"type":"Feature","properties":{"mag":3.1,"place":"3 km WNW of Point MacKenzie, Alaska","time":1640507790816,"updated":1640596711724,"tz":null,"url":"https://earthquake.usgs.gov/earthquakes/eventpage/ak021gjig6ox","detail":"https://earthquake.usgs.gov/earthquakes/feed/v1.0/detail/ak021gjig6ox.geojson","felt":32,"cdi":3.1,"mmi":2.053,"alert":null,"status":"reviewed","tsunami":0,"sig":158,"net":"ak","code":"021gjig6ox","ids":",ak021gjig6ox,us6000gfdb,","sources":",ak,us,","types":",dyfi,origin,phase-data,shakemap,","nst":null,"dmin":null,"rms":0.96,"gap":null,"magType":"ml","type":"earthquake","title":"M 3.1 - 3 km WNW of Point MacKenzie, Alaska"},"geometry":{"type":"Point","coordinates":[-150.045,61.3715,30.6]},"id":"ak021gjig6ox"},
{"type":"Feature","properties":{"mag":0.74,"place":"27km ENE of Alum Rock, CA","time":1640507421300,"updated":1640770782964,"tz":null,"url":"https://earthquake.usgs.gov/earthquakes/eventpage/nc73668576","detail":"https://earthquake.usgs.gov/earthquakes/feed/v1.0/detail/nc73668576.geojson","felt":null,"cdi":null,"mmi":null,"alert":null,"status":"reviewed","tsunami":0,"sig":8,"net":"nc","code":"73668576","ids":",nc73668576,","sources":",nc,","types":",nearby-cities,origin,phase-data,","nst":12,"dmin":0.04095,"rms":0.07,"gap":80,"magType":"md","type":"earthquake","title":"M 0.7 - 27km ENE of Alum Rock, CA"},"geometry":{"type":"Point","coordinates":[-121.5458333,37.46,10.46]},"id":"nc73668576"},
{"type":"Feature","properties":{"mag":5.9,"place":"55 km NNE of Hirara, Japan","time":1640507206517,"updated":1640691429037,"tz":null,"url":"https://earthquake.usgs.gov/earthquakes/eventpage/us6000gfd9","detail":"https://earthquake.usgs.gov/earthquakes/feed/v1.0/detail/us6000gfd9.geojson","felt":9,"cdi":3.9,"mmi":4.292,"alert":"green","status":"reviewed","tsunami":0,"sig":539,"net":"us","code":"6000gfd9","ids":",us6000gfd9,","sources":",us,","types":",dyfi,losspager,moment-tensor,origin,phase-data,shakemap,","nst":null,"dmin":2.462,"rms":1,"gap":22,"magType":"mww","type":"earthquake","title":"M 5.9 - 55 km NNE of Hirara, Japan"},"geometry":{"type":"Point","coordinates":[125.5917,25.2257,10]},"id":"us6000gfd9"},
{"type":"Feature","properties":{"mag":1.16,"place":"17km NNE of Indio, CA","time":1640506960320,"updated":1640507221371,"tz":null,"url":"https://earthquake.usgs.gov/earthquakes/eventpage/ci39896599","detail":"https://earthquake.usgs.gov/earthquakes/feed/v1.0/detail/ci39896599.geojson","felt":null,"cdi":null,"mmi":null,"alert":null,"status":"automatic","tsunami":0,"sig":21,"net":"ci","code":"39896599","ids":",ci39896599,","sources":",ci,","types":",nearby-cities,origin,phase-data,scitech-link,","nst":22,"dmin":0.06338,"rms":0.18,"gap":118,"magType":"ml","type":"earthquake","title":"M 1.2 - 17km NNE of Indio, CA"},"geometry":{"type":"Point","coordinates":[-116.1593333,33.863,4.54]},"id":"ci39896599"},
{"type":"Feature","properties":{"mag":1.1,"place":"29 km NNW of Petersville, Alaska","time":1640506753323,"updated":1640506985202,"tz":null,"url":"https://earthquake.usgs.gov/earthquakes/eventpage/ak021gjici90","detail":"https://earthquake.usgs.gov/earthquakes/feed/v1.0/detail/ak021gjici90.geojson","felt":null,"cdi":null,"mmi":null,"alert":null,"status":"automatic","tsunami":0,"sig":19,"net":"ak","code":"021gjici90","ids":",ak021gjici90,","sources":",ak,","types":",origin,","nst":null,"dmin":null,"rms":0.41,"gap":null,"magType":"ml","type":"earthquake","title":"M 1.1 - 29 km NNW of Petersville, Alaska"},"geometry":{"type":"Point","coordinates":[-151.0061,62.7409,119.4]},"id":"ak021gjici90"},
{"type":"Feature","properties":{"mag":1.38,"place":"2km WNW of Coso Junction, CA","time":1640506687410,"updated":1640538720138,"tz":null,"url":"https://earthquake.usgs.gov/earthquakes/eventpage/ci39896591","detail":"https://earthquake.usgs.gov/earthquakes/feed/v1.0/detail/ci39896591.geojson","felt":null,"cdi":null,"mmi":null,"alert":null,"status":"reviewed","tsunami":0,"sig":29,"net":"ci","code":"39896591","ids":",ci39896591,","sources":",ci,","types":",nearby-cities,origin,phase-data,scitech-link,","nst":22,"dmin":0.07414,"rms":0.14,"gap":66,"magType":"ml","type":"earthquake","title":"M 1.4 - 2km WNW of Coso Junction, CA"},"geometry":{"type":"Point","coordinates":[-117.9641667,36.0516667,2.67]},"id":"ci39896591"},
{"type":"Feature","properties":{"mag":1.23,"place":"1km NE of Brea, CA","time":1640506561330,"updated":1640506853785,"tz":null,"url":"https://earthquake.usgs.gov/earthquakes/eventpage/ci39896583","detail":"https://earthquake.usgs.gov/earthquakes/feed/v1.0/detail/ci39896583.geojson","felt":null,"cdi":null,"mmi":null,"alert":null,"status":"automatic","tsunami":0,"sig":23,"net":"ci","code":"39896583","ids":",ci39896583,","sources":",ci,","types":",nearby-cities,origin,phase-data,scitech-link,","nst":28,"dmin":0.03436,"rms":0.27,"gap":48,"magType":"ml","type":"earthquake","title":"M 1.2 - 1km NE of Brea, CA"},"geometry":{"type":"Point","coordinates":[-117.8943333,33.9211667,3.09]},"id":"ci39896583"},
{"type":"Feature","properties":{"mag":2.23,"place":"8km NNW of Pinnacles, CA","time":1640505182570,"updated":1640511559592,"tz":null,"url":"https://earthquake.usgs.gov/earthquakes/eventpage/nc73668571","detail":"https://earthquake.usgs.gov/earthquakes/feed/v1.0/detail/nc73668571.geojson","felt":1,"cdi":2,"mmi":null,"alert":null,"status":"automatic","tsunami":0,"sig":77,"net":"nc","code":"73668571","ids":",nc73668571,","sources":",nc,","types":",dyfi,nearby-cities,origin,phase-data,scitech-link,","nst":22,"dmin":null,"rms":0.06,"gap":123,"magType":"md","type":"earthquake","title":"M 2.2 - 8km NNW of Pinnacles, CA"},"geometry":{"type":"Point","coordinates":[-121.1866684,36.5914993,6.08]},"id":"nc73668571"},
{"type":"Feature","properties":{"mag":4,"place":"39 km SE of Santiago de Cuba, Cuba","time":1640504454112,"updated":1640653259039,"tz":null,"url":"https://earthquake.usgs.gov/earthquakes/eventpage/us6000gfqn","detail":"https://earthquake.usgs.gov/earthquakes/feed/v1.0/detail/us6000gfqn.geojson","felt":3,"cdi":2,"mmi":null,"alert":null,"status":"reviewed","tsunami":0,"sig":247,"net":"us","code":"6000gfqn","ids":",us6000gfqn,","sources":",us,","types":",dyfi,origin,phase-data,","nst":null,"dmin":0.413,"rms":0.67,"gap":88,"magType":"mb","type":"earthquake","title":"M 4.0 - 39 km SE of Santiago de Cuba, Cuba"},"geometry":{"type":"Point","coordinates":[-75.5308,19.8034,19.81]},"id":"us6000gfqn"},
{"type":"Feature","properties":{"mag":4.1,"place":"161 km ESE of Aral, China","time":1640504296248,"updated":1640505709040,"tz":null,"url":"https://earthquake.usgs.gov/earthquakes/eventpage/us6000gfd3","detail":"https://earthquake.usgs.gov/earthquakes/feed/v1.0/detail/us6000gfd3.geojson","felt":null,"cdi":null,"mmi":null,"alert":null,"status":"reviewed","tsunami":0,"sig":259,"net":"us","code":"6000gfd3","ids":",us6000gfd3,","sources":",us,","types":",origin,phase-data,","nst":null,"dmin":4.229,"rms":0.42,"gap":85,"magType":"mb","type":"earthquake","title":"M 4.1 - 161 km ESE of Aral, China"},"geometry":{"type":"Point","coordinates":[83.0494,40.0435,9.63]},"id":"us6000gfd3"},
{"type":"Feature","properties":{"mag":1.5,"place":"34 km SE of Denali National Park, Alaska","time":1640503656384,"updated":1640504029842,"tz":null,"url":"https://earthquake.usgs.gov/earthquakes/eventpage/ak021gjhsu5k","detail":"https://earthquake.usgs.gov/earthquakes/feed/v1.0/detail/ak021gjhsu5k.geojson","felt":null,"cdi":null,"mmi":null,"alert":null,"status":"automatic","tsunami":0,"sig":35,"net":"ak","code":"021gjhsu5k","ids":",ak021gjhsu5k,","sources":",ak,","types":",origin,","nst":null,"dmin":null,"rms":0.5,"gap":null,"magType":"ml","type":"earthquake","title":"M 1.5 - 34 km SE of Denali National Park, Alaska"},"geometry":{"type":"Point","coordinates":[-151.3106,63.2927,0]},"id":"ak021gjhsu5k"},
{"type":"Feature","properties":{"mag":3.22,"place":"8km NNW of Pinnacles, CA","time":1640503186530,"updated":1640688970885,"tz":null,"url":"https://earthquake.usgs.gov/earthquakes/eventpage/nc73668566","detail":"https://earthquake.usgs.gov/earthquakes/feed/v1.0/detail/nc73668566.geojson","felt":23,"cdi":3.4,"mmi":null,"alert":null,"status":"reviewed","tsunami":0,"sig":167,"net":"nc","code":"73668566","ids":",nc73668566,ew1640503190,us6000gfd0,","sources":",nc,ew,us,","types":",dyfi,focal-mechanism,nearby-cities,origin,phase-data,scitech-link,shake-alert,","nst":63,"dmin":null,"rms":0.1,"gap":66,"magType":"ml","type":"earthquake","title":"M 3.2 - 8km NNW of Pinnacles, CA"},"geometry":{"type":"Point","coordinates":[-121.1905,36.5941667,5.64]},"id":"nc73668566"},
{"type":"Feature","properties":{"mag":2.1500001,"place":"7 km NE of Pāhala, Hawaii","time":1640502160080,"updated":1640502352750,"tz":null,"url":"https://earthquake.usgs.gov/earthquakes/eventpage/hv72846832","detail":"https://earthquake.usgs.gov/earthquakes/feed/v1.0/detail/hv72846832.geojson","felt":null,"cdi":null,"mmi":null,"alert":null,"status":"automatic","tsunami":0,"sig":71,"net":"hv","code":"72846832","ids":",hv72846832,","sources":",hv,","types":",origin,phase-data,","nst":30,"dmin":null,"rms":0.129999995,"gap":123,"magType":"md","type":"earthquake","title":"M 2.2 - 7 km NE of Pāhala, Hawaii"},"geometry":{"type":"Point","coordinates":[-155.421005249023,19.2468338012695,34.4000015258789]},"id":"hv72846832"},
{"type":"Feature","properties":{"mag":1.25,"place":"22km ESE of Little Lake, CA","time":1640501609690,"updated":1640501870800,"tz":null,"url":"https://earthquake.usgs.gov/earthquakes/eventpage/ci39896551","detail":"https://earthquake.usgs.gov/earthquakes/feed/v1.0/detail/ci39896551.geojson","felt":null,"cdi":null,"mmi":null,"alert":null,"status":"automatic","tsunami":0,"sig":24,"net":"ci","code":"39896551","ids":",ci39896551,","sources":",ci,","types":",nearby-cities,origin,phase-data,scitech-link,","nst":18,"dmin":0.07946,"rms":0.13,"gap":91,"magType":"ml","type":"earthquake","title":"M 1.3 - 22km ESE of Little Lake, CA"},"geometry":{"type":"Point","coordinates":[-117.6718333,35.8675,6.52]},"id":"ci39896551"},
{"type":"Feature","properties":{"mag":4.8,"place":"Izu Islands, Japan region","time":1640501515331,"updated":1640503578040,"tz":null,"url":"https://earthquake.usgs.gov/earthquakes/eventpage/us6000gfcw","detail":"https://earthquake.usgs.gov/earthquakes/feed/v1.0/detail/us6000gfcw.geojson","felt":null,"cdi":null,"mmi":null,"alert":null,"status":"reviewed","tsunami":0,"sig":354,"net":"us","code":"6000gfcw","ids":",us6000gfcw,","sources":",us,","types":",origin,phase-data,","nst":null,"dmin":2.8,"rms":0.41,"gap":120,"magType":"mb","type":"earthquake","title":"M 4.8 - Izu Islands, Japan region"},"geometry":{"type":"Point","coordinates":[142.2293,31.201,10]},"id":"us6000gfcw"},
{"type":"Feature","properties":{"mag":1.39,"place":"16km NE of Borrego Springs, CA","time":1640500144290,"updated":1640500413484,"tz":null,"url":"https://earthquake.usgs.gov/earthquakes/eventpage/ci39896543","detail":"https://earthquake.usgs.gov/earthquakes/feed/v1.0/detail/ci39896543.geojson","felt":null,"cdi":null,"mmi":null,"alert":null,"status":"automatic","tsunami":0,"sig":30,"net":"ci","code":"39896543","ids":",ci39896543,","sources":",ci,","types":",nearby-cities,origin,phase-data,scitech-link,","nst":43,"dmin":0.05996,"rms":0.24,"gap":40,"magType":"ml","type":"earthquake","title":"M 1.4 - 16km NE of Borrego Springs, CA"},"geometry":{"type":"Point","coordinates":[-116.2405,33.3465,9.43]},"id":"ci39896543"},
{"type":"Feature","properties":{"mag":4.6,"place":"northern Mid-Atlantic Ridge","time":1640500137419,"updated":1640502202040,"tz":null,"url":"https://earthquake.usgs.gov/earthquakes/eventpage/us6000gfcu","detail":"https://earthquake.usgs.gov/earthquakes/feed/v1.0/detail/us6000gfcu.geojson","felt":null,"cdi":null,"mmi":null,"alert":null,"status":"reviewed","tsunami":0,"sig":326,"net":"us","code":"6000gfcu","ids":",us6000gfcu,","sources":",us,","types":",origin,phase-data,","nst":null,"dmin":15.344,"rms":0.55,"gap":70,"magType":"mb","type":"earthquake","title":"M 4.6 - northern Mid-Atlantic Ridge"},"geometry":{"type":"Point","coordinates":[-31.7545,52.4021,10]},"id":"us6000gfcu"},
{"type":"Feature","properties":{"mag":2.27,"place":"23km ESE of Little Lake, CA","time":1640499634070,"updated":1640500336970,"tz":null,"url":"https://earthquake.usgs.gov/earthquakes/eventpage/ci39896535","detail":"https://earthquake.usgs.gov/earthquakes/feed/v1.0/detail/ci39896535.geojson","felt":null,"cdi":null,"mmi":null,"alert":null,"status":"automatic","tsunami":0,"sig":79,"net":"ci","code":"39896535","ids":",ci39896535,","sources":",ci,","types":",focal-mechanism,nearby-cities,origin,phase-data,scitech-link,","nst":23,"dmin":0.07481,"rms":0.18,"gap":96,"magType":"ml","type":"earthquake","title":"M 2.3 - 23km ESE of Little Lake, CA"},"geometry":{"type":"Point","coordinates":[-117.6658333,35.866,7.18]},"id":"ci39896535"},
{"type":"Feature","properties":{"mag":1.5,"place":"5 km W of Healy, Alaska","time":1640499131972,"updated":1640499802069,"tz":null,"url":"https://earthquake.usgs.gov/earthquakes/eventpage/ak021gjh44x8","detail":"https://earthquake.usgs.gov/earthquakes/feed/v1.0/detail/ak021gjh44x8.geojson","felt":null,"cdi":null,"mmi":null,"alert":null,"status":"automatic","tsunami":0,"sig":35,"net":"ak","code":"021gjh44x8","ids":",ak021gjh44x8,","sources":",ak,","types":",origin,","nst":null,"dmin":null,"rms":0.67,"gap":null,"magType":"ml","type":"earthquake","title":"M 1.5 - 5 km W of Healy, Alaska"},"geometry":{"type":"Point","coordinates":[-149.0756,63.8484,0.4]},"id":"ak021gjh44x8"},
{"type":"Feature","properties":{"mag":1.5,"place":"30 km SE of Mina, Nevada","time":1640497972676,"updated":1640722182607,"tz":null,"url":"https://earthquake.usgs.gov/earthquakes/eventpage/nn00830498","detail":"https://earthquake.usgs.gov/earthquakes/feed/v1.0/detail/nn00830498.geojson","felt":null,"cdi":null,"mmi":null,"alert":null,"status":"reviewed","tsunami":0,"sig":35,"net":"nn","code":"00830498","ids":",nn00830498,","sources":",nn,","types":",origin,phase-data,","nst":15,"dmin":0.082,"rms":0.1265,"gap":107.8,"magType":"ml","type":"earthquake","title":"M 1.5 - 30 km SE of Mina, Nevada"},"geometry":{"type":"Point","coordinates":[-117.8755,38.1875,8.2]},"id":"nn00830498"},
{"type":"Feature","properties":{"mag":0.76,"place":"16km ESE of Anza, CA","time":1640497911030,"updated":1640498181962,"tz":null,"url":"https://earthquake.usgs.gov/earthquakes/eventpage/ci39896527","detail":"https://earthquake.usgs.gov/earthquakes/feed/v1.0/detail/ci39896527.geojson","felt":null,"cdi":null,"mmi":null,"alert":null,"status":"automatic","tsunami":0,"sig":9,"net":"ci","code":"39896527","ids":",ci39896527,","sources":",ci,","types":",nearby-cities,origin,phase-data,scitech-link,","nst":31,"dmin":0.06788,"rms":0.19,"gap":54,"magType":"ml","type":"earthquake","title":"M 0.8 - 16km ESE of Anza, CA"},"geometry":{"type":"Point","coordinates":[-116.5246667,33.4765,11.37]},"id":"ci39896527"},
{"type":"Feature","properties":{"mag":1.47,"place":"8 km E of Pāhala, Hawaii","time":1640497880130,"updated":1640654313760,"tz":null,"url":"https://earthquake.usgs.gov/earthquakes/eventpage/hv72846787","detail":"https://earthquake.usgs.gov/earthquakes/feed/v1.0/detail/hv72846787.geojson","felt":null,"cdi":null,"mmi":null,"alert":null,"status":"reviewed","tsunami":0,"sig":33,"net":"hv","code":"72846787","ids":",hv72846787,","sources":",hv,","types":",origin,phase-data,","nst":12,"dmin":null,"rms":0.11,"gap":242,"magType":"md","type":"earthquake","title":"M 1.5 - 8 km E of Pāhala, Hawaii"},"geometry":{"type":"Point","coordinates":[-155.401166666667,19.2061666666667,30.31]},"id":"hv72846787"},
{"type":"Feature","properties":{"mag":1.4,"place":"31 km ESE of Kasilof, Alaska","time":1640497868963,"updated":1640499300811,"tz":null,"url":"https://earthquake.usgs.gov/earthquakes/eventpage/ak021gjgr20g","detail":"https://earthquake.usgs.gov/earthquakes/feed/v1.0/detail/ak021gjgr20g.geojson","felt":null,"cdi":null,"mmi":null,"alert":null,"status":"automatic","tsunami":0,"sig":30,"net":"ak","code":"021gjgr20g","ids":",ak021gjgr20g,","sources":",ak,","types":",origin,","nst":null,"dmin":null,"rms":0.41,"gap":null,"magType":"ml","type":"earthquake","title":"M 1.4 - 31 km ESE of Kasilof, Alaska"},"geometry":{"type":"Point","coordinates":[-150.794,60.1938,50.5]},"id":"ak021gjgr20g"},
{"type":"Feature","properties":{"mag":2.4,"place":"13 km W of Healy, Alaska","time":1640497394406,"updated":1640499173040,"tz":null,"url":"https://earthquake.usgs.gov/earthquakes/eventpage/ak021gjgpcyk","detail":"https://earthquake.usgs.gov/earthquakes/feed/v1.0/detail/ak021gjgpcyk.geojson","felt":null,"cdi":null,"mmi":null,"alert":null,"status":"automatic","tsunami":0,"sig":89,"net":"ak","code":"021gjgpcyk","ids":",us6000gfcn,ak021gjgpcyk,","sources":",us,ak,","types":",origin,phase-data,","nst":null,"dmin":null,"rms":0.81,"gap":null,"magType":"ml","type":"earthquake","title":"M 2.4 - 13 km W of Healy, Alaska"},"geometry":{"type":"Point","coordinates":[-149.2421,63.8624,105]},"id":"ak021gjgpcyk"},
{"type":"Feature","properties":{"mag":4.9,"place":"southeast of the Loyalty Islands","time":1640497028451,"updated":1640498611040,"tz":null,"url":"https://earthquake.usgs.gov/earthquakes/eventpage/us6000gfcm","detail":"https://earthquake.usgs.gov/earthquakes/feed/v1.0/detail/us6000gfcm.geojson","felt":null,"cdi":null,"mmi":null,"alert":null,"status":"reviewed","tsunami":0,"sig":369,"net":"us","code":"6000gfcm","ids":",us6000gfcm,","sources":",us,","types":",origin,phase-data,","nst":null,"dmin":4.27,"rms":1.07,"gap":92,"magType":"mb","type":"earthquake","title":"M 4.9 - southeast of the Loyalty Islands"},"geometry":{"type":"Point","coordinates":[172.0586,-22.9654,10]},"id":"us6000gfcm"},
{"type":"Feature","properties":{"mag":0.9,"place":"31 km SE of Mina, Nevada","time":1640496851221,"updated":1640721439437,"tz":null,"url":"https://earthquake.usgs.gov/earthquakes/eventpage/nn00830497","detail":"https://earthquake.usgs.gov/earthquakes/feed/v1.0/detail/nn00830497.geojson","felt":null,"cdi":null,"mmi":null,"alert":null,"status":"reviewed","tsunami":0,"sig":12,"net":"nn","code":"00830497","ids":",nn00830497,","sources":",nn,","types":",origin,phase-data,","nst":14,"dmin":0.094,"rms":0.125,"gap":145.52,"magType":"ml","type":"earthquake","title":"M 0.9 - 31 km SE of Mina, Nevada"},"geometry":{"type":"Point","coordinates":[-117.8555,38.1843,10.4]},"id":"nn00830497"},
{"type":"Feature","properties":{"mag":2.89,"place":"4 km S of Indios, Puerto Rico","time":1640496789170,"updated":1640498632945,"tz":null,"url":"https://earthquake.usgs.gov/earthquakes/eventpage/pr2021360001","detail":"https://earthquake.usgs.gov/earthquakes/feed/v1.0/detail/pr2021360001.geojson","felt":null,"cdi":null,"mmi":null,"alert":null,"status":"reviewed","tsunami":0,"sig":128,"net":"pr","code":"2021360001","ids":",pr2021360001,","sources":",pr,","types":",origin,phase-data,","nst":24,"dmin":0.0676,"rms":0.12,"gap":170,"magType":"md","type":"earthquake","title":"M 2.9 - 4 km S of Indios, Puerto Rico"},"geometry":{"type":"Point","coordinates":[-66.8143,17.9561,10]},"id":"pr2021360001"},
{"type":"Feature","properties":{"mag":2.00999999,"place":"4 km E of Pāhala, Hawaii","time":1640496714490,"updated":1640496897230,"tz":null,"url":"https://earthquake.usgs.gov/earthquakes/eventpage/hv72846777","detail":"https://earthquake.usgs.gov/earthquakes/feed/v1.0/detail/hv72846777.geojson","felt":null,"cdi":null,"mmi":null,"alert":null,"status":"automatic","tsunami":0,"sig":62,"net":"hv","code":"72846777","ids":",hv72846777,","sources":",hv,","types":",origin,phase-data,","nst":37,"dmin":null,"rms":0.109999999,"gap":134,"magType":"md","type":"earthquake","title":"M 2.0 - 4 km E of Pāhala, Hawaii"},"geometry":{"type":"Point","coordinates":[-155.434997558594,19.204833984375,33]},"id":"hv72846777"},
{"type":"Feature","properties":{"mag":1.4,"place":"35 km NE of Chase, Alaska","time":1640494881441,"updated":1640495122404,"tz":null,"url":"https://earthquake.usgs.gov/earthquakes/eventpage/ak021gjggd2w","detail":"https://earthquake.usgs.gov/earthquakes/feed/v1.0/detail/ak021gjggd2w.geojson","felt":null,"cdi":null,"mmi":null,"alert":null,"status":"automatic","tsunami":0,"sig":30,"net":"ak","code":"021gjggd2w","ids":",ak021gjggd2w,","sources":",ak,","types":",origin,","nst":null,"dmin":null,"rms":0.47,"gap":null,"magType":"ml","type":"earthquake","title":"M 1.4 - 35 km NE of Chase, Alaska"},"geometry":{"type":"Point","coordinates":[-149.7048,62.7086,52.9]},"id":"ak021gjggd2w"},
{"type":"Feature","properties":{"mag":1.4,"place":"6 km N of Knik, Alaska","time":1640494863080,"updated":1640495222725,"tz":null,"url":"https://earthquake.usgs.gov/earthquakes/eventpage/ak021gjggbr8","detail":"https://earthquake.usgs.gov/earthquakes/feed/v1.0/detail/ak021gjggbr8.geojson","felt":null,"cdi":null,"mmi":null,"alert":null,"status":"automatic","tsunami":0,"sig":30,"net":"ak","code":"021gjggbr8","ids":",ak021gjggbr8,","sources":",ak,","types":",origin,","nst":null,"dmin":null,"rms":0.74,"gap":null,"magType":"ml","type":"earthquake","title":"M 1.4 - 6 km N of Knik, Alaska"},"geometry":{"type":"Point","coordinates":[-149.7217,61.5146,32.5]},"id":"ak021gjggbr8"},
{"type":"Feature","properties":{"mag":1,"place":"13 km ESE of Lincoln, Montana","time":1640494852580,"updated":1640641716250,"tz":null,"url":"https://earthquake.usgs.gov/earthquakes/eventpage/mb80534559","detail":"https://earthquake.usgs.gov/earthquakes/feed/v1.0/detail/mb80534559.geojson","felt":null,"cdi":null,"mmi":null,"alert":null,"status":"reviewed","tsunami":0,"sig":15,"net":"mb","code":"80534559","ids":",mb80534559,","sources":",mb,","types":",origin,phase-data,","nst":16,"dmin":0.067,"rms":0.14,"gap":74,"magType":"ml","type":"earthquake","title":"M 1.0 - 13 km ESE of Lincoln, Montana"},"geometry":{"type":"Point","coordinates":[-112.513,46.9146667,11.26]},"id":"mb80534559"},
{"type":"Feature","properties":{"mag":2,"place":"46 km W of Susitna, Alaska","time":1640494184950,"updated":1640494991871,"tz":null,"url":"https://earthquake.usgs.gov/earthquakes/eventpage/ak021gjg59ql","detail":"https://earthquake.usgs.gov/earthquakes/feed/v1.0/detail/ak021gjg59ql.geojson","felt":null,"cdi":null,"mmi":null,"alert":null,"status":"automatic","tsunami":0,"sig":62,"net":"ak","code":"021gjg59ql","ids":",ak021gjg59ql,","sources":",ak,","types":",origin,","nst":null,"dmin":null,"rms":0.48,"gap":null,"magType":"ml","type":"earthquake","title":"M 2.0 - 46 km W of Susitna, Alaska"},"geometry":{"type":"Point","coordinates":[-151.3876,61.5485,74.5]},"id":"ak021gjg59ql"},
{"type":"Feature","properties":{"mag":1.90999997,"place":"11 km E of Pāhala, Hawaii","time":1640492857600,"updated":1640493049040,"tz":null,"url":"https://earthquake.usgs.gov/earthquakes/eventpage/hv72846747","detail":"https://earthquake.usgs.gov/earthquakes/feed/v1.0/detail/hv72846747.geojson","felt":null,"cdi":null,"mmi":null,"alert":null,"status":"automatic","tsunami":0,"sig":56,"net":"hv","code":"72846747","ids":",hv72846747,","sources":",hv,","types":",origin,phase-data,","nst":26,"dmin":null,"rms":0.119999997,"gap":157,"magType":"md","type":"earthquake","title":"M 1.9 - 11 km E of Pāhala, Hawaii"},"geometry":{"type":"Point","coordinates":[-155.373992919922,19.2159996032715,31.2000007629395]},"id":"hv72846747"},
{"type":"Feature","properties":{"mag":1.7,"place":"35 km NNE of Chenega, Alaska","time":1640492775496,"updated":1640493047601,"tz":null,"url":"https://earthquake.usgs.gov/earthquakes/eventpage/ak021gjg0a19","detail":"https://earthquake.usgs.gov/earthquakes/feed/v1.0/detail/ak021gjg0a19.geojson","felt":null,"cdi":null,"mmi":null,"alert":null,"status":"automatic","tsunami":0,"sig":44,"net":"ak","code":"021gjg0a19","ids":",ak021gjg0a19,","sources":",ak,","types":",origin,","nst":null,"dmin":null,"rms":0.41,"gap":null,"magType":"ml","type":"earthquake","title":"M 1.7 - 35 km NNE of Chenega, Alaska"},"geometry":{"type":"Point","coordinates":[-147.7071,60.3463,13.7]},"id":"ak021gjg0a19"},
{"type":"Feature","properties":{"mag":2.17,"place":"12km N of Pinnacles, CA","time":1640492000180,"updated":1640494751602,"tz":null,"url":"https://earthquake.usgs.gov/earthquakes/eventpage/nc73668551","detail":"https://earthquake.usgs.gov/earthquakes/feed/v1.0/detail/nc73668551.geojson","felt":null,"cdi":null,"mmi":null,"alert":null,"status":"automatic","tsunami":0,"sig":72,"net":"nc","code":"73668551","ids":",nc73668551,","sources":",nc,","types":",nearby-cities,origin,phase-data,scitech-link,","nst":19,"dmin":null,"rms":0.17,"gap":136,"magType":"md","type":"earthquake","title":"M 2.2 - 12km N of Pinnacles, CA"},"geometry":{"type":"Point","coordinates":[-121.1608353,36.6428337,11.71]},"id":"nc73668551"},
{"type":"Feature","properties":{"mag":1.81,"place":"7km NNW of Pinnacles, CA","time":1640491785700,"updated":1640493851514,"tz":null,"url":"https://earthquake.usgs.gov/earthquakes/eventpage/nc73668546","detail":"https://earthquake.usgs.gov/earthquakes/feed/v1.0/detail/nc73668546.geojson","felt":null,"cdi":null,"mmi":null,"alert":null,"status":"automatic","tsunami":0,"sig":50,"net":"nc","code":"73668546","ids":",nc73668546,","sources":",nc,","types":",nearby-cities,origin,phase-data,scitech-link,","nst":7,"dmin":0.01762,"rms":0.07,"gap":173,"magType":"md","type":"earthquake","title":"M 1.8 - 7km NNW of Pinnacles, CA"},"geometry":{"type":"Point","coordinates":[-121.1793365,36.588665,6.9]},"id":"nc73668546"},
{"type":"Feature","properties":{"mag":1.85000002,"place":"3 km SE of Pāhala, Hawaii","time":1640491368500,"updated":1640491554870,"tz":null,"url":"https://earthquake.usgs.gov/earthquakes/eventpage/hv72846737","detail":"https://earthquake.usgs.gov/earthquakes/feed/v1.0/detail/hv72846737.geojson","felt":null,"cdi":null,"mmi":null,"alert":null,"status":"automatic","tsunami":0,"sig":53,"net":"hv","code":"72846737","ids":",hv72846737,","sources":",hv,","types":",origin,phase-data,","nst":28,"dmin":null,"rms":0.159999996,"gap":141,"magType":"md","type":"earthquake","title":"M 1.9 - 3 km SE of Pāhala, Hawaii"},"geometry":{"type":"Point","coordinates":[-155.451171875,19.1846675872803,32.2400016784668]},"id":"hv72846737"},
{"type":"Feature","properties":{"mag":2.16000009,"place":"6 km ENE of Pāhala, Hawaii","time":1640491172200,"updated":1640491373890,"tz":null,"url":"https://earthquake.usgs.gov/earthquakes/eventpage/hv72846732","detail":"https://earthquake.usgs.gov/earthquakes/feed/v1.0/detail/hv72846732.geojson","felt":null,"cdi":null,"mmi":null,"alert":null,"status":"automatic","tsunami":0,"sig":72,"net":"hv","code":"72846732","ids":",hv72846732,","sources":",hv,","types":",origin,phase-data,","nst":38,"dmin":null,"rms":0.109999999,"gap":136,"magType":"md","type":"earthquake","title":"M 2.2 - 6 km ENE of Pāhala, Hawaii"},"geometry":{"type":"Point","coordinates":[-155.420669555664,19.219165802002,32.9799995422363]},"id":"hv72846732"},
{"type":"Feature","properties":{"mag":1.81,"place":"10km S of Big Bear City, CA","time":1640491027320,"updated":1640491697610,"tz":null,"url":"https://earthquake.usgs.gov/earthquakes/eventpage/ci39896503","detail":"https://earthquake.usgs.gov/earthquakes/feed/v1.0/detail/ci39896503.geojson","felt":null,"cdi":null,"mmi":null,"alert":null,"status":"automatic","tsunami":0,"sig":50,"net":"ci","code":"39896503","ids":",ci39896503,","sources":",ci,","types":",focal-mechanism,nearby-cities,origin,phase-data,scitech-link,","nst":61,"dmin":0.1162,"rms":0.17,"gap":42,"magType":"ml","type":"earthquake","title":"M 1.8 - 10km S of Big Bear City, CA"},"geometry":{"type":"Point","coordinates":[-116.831,34.1728333,6.38]},"id":"ci39896503"},
{"type":"Feature","properties":{"mag":1.4,"place":"27 km WNW of Four Mile Road, Alaska","time":1640488859937,"updated":1640489631322,"tz":null,"url":"https://earthquake.usgs.gov/earthquakes/eventpage/ak021gjfdqmr","detail":"https://earthquake.usgs.gov/earthquakes/feed/v1.0/detail/ak021gjfdqmr.geojson","felt":null,"cdi":null,"mmi":null,"alert":null,"status":"automatic","tsunami":0,"sig":30,"net":"ak","code":"021gjfdqmr","ids":",ak021gjfdqmr,","sources":",ak,","types":",origin,","nst":null,"dmin":null,"rms":0.65,"gap":null,"magType":"ml","type":"earthquake","title":"M 1.4 - 27 km WNW of Four Mile Road, Alaska"},"geometry":{"type":"Point","coordinates":[-149.6695,64.6877,0]},"id":"ak021gjfdqmr"},
{"type":"Feature","properties":{"mag":1.8,"place":"16km NNW of Santa Cruz Is. (E end), CA","time":1640488143720,"updated":1640488408345,"tz":null,"url":"https://earthquake.usgs.gov/earthquakes/eventpage/ci39896479","detail":"https://earthquake.usgs.gov/earthquakes/feed/v1.0/detail/ci39896479.geojson","felt":null,"cdi":null,"mmi":null,"alert":null,"status":"automatic","tsunami":0,"sig":50,"net":"ci","code":"39896479","ids":",ci39896479,","sources":",ci,","types":",nearby-cities,origin,phase-data,scitech-link,","nst":11,"dmin":0.2572,"rms":0.28,"gap":262,"magType":"ml","type":"earthquake","title":"M 1.8 - 16km NNW of Santa Cruz Is. (E end), CA"},"geometry":{"type":"Point","coordinates":[-119.6091667,34.1533333,1.02]},"id":"ci39896479"},
{"type":"Feature","properties":{"mag":2.1500001,"place":"1 km S of Pāhala, Hawaii","time":1640486179570,"updated":1640486372640,"tz":null,"url":"https://earthquake.usgs.gov/earthquakes/eventpage/hv72846687","detail":"https://earthquake.usgs.gov/earthquakes/feed/v1.0/detail/hv72846687.geojson","felt":null,"cdi":null,"mmi":null,"alert":null,"status":"automatic","tsunami":0,"sig":71,"net":"hv","code":"72846687","ids":",hv72846687,","sources":",hv,","types":",origin,phase-data,","nst":24,"dmin":null,"rms":0.119999997,"gap":102,"magType":"md","type":"earthquake","title":"M 2.2 - 1 km S of Pāhala, Hawaii"},"geometry":{"type":"Point","coordinates":[-155.47966003418,19.1875,34.4199981689453]},"id":"hv72846687"},
{"type":"Feature","properties":{"mag":1.54,"place":"15 km ESE of Lincoln, Montana","time":1640486027730,"updated":1640551929010,"tz":null,"url":"https://earthquake.usgs.gov/earthquakes/eventpage/mb80534489","detail":"https://earthquake.usgs.gov/earthquakes/feed/v1.0/detail/mb80534489.geojson","felt":null,"cdi":null,"mmi":null,"alert":null,"status":"reviewed","tsunami":0,"sig":36,"net":"mb","code":"80534489","ids":",mb80534489,","sources":",mb,","types":",origin,phase-data,","nst":19,"dmin":0.052,"rms":0.26,"gap":78,"magType":"ml","type":"earthquake","title":"M 1.5 - 15 km ESE of Lincoln, Montana"},"geometry":{"type":"Point","coordinates":[-112.5003333,46.9018333,14.6]},"id":"mb80534489"},
{"type":"Feature","properties":{"mag":4.1,"place":"62 km WSW of Puerto Madero, Mexico","time":1640485623821,"updated":1640487498040,"tz":null,"url":"https://earthquake.usgs.gov/earthquakes/eventpage/us6000gfbs","detail":"https://earthquake.usgs.gov/earthquakes/feed/v1.0/detail/us6000gfbs.geojson","felt":null,"cdi":null,"mmi":null,"alert":null,"status":"reviewed","tsunami":0,"sig":259,"net":"us","code":"6000gfbs","ids":",us6000gfbs,","sources":",us,","types":",origin,phase-data,","nst":null,"dmin":1.977,"rms":0.58,"gap":223,"magType":"mb","type":"earthquake","title":"M 4.1 - 62 km WSW of Puerto Madero, Mexico"},"geometry":{"type":"Point","coordinates":[-92.9234,14.4453,74.11]},"id":"us6000gfbs"},
{"type":"Feature","properties":{"mag":5.4,"place":"155 km WNW of Tobelo, Indonesia","time":1640485375750,"updated":1640571965151,"tz":null,"url":"https://earthquake.usgs.gov/earthquakes/eventpage/us6000gfbr","detail":"https://earthquake.usgs.gov/earthquakes/feed/v1.0/detail/us6000gfbr.geojson","felt":null,"cdi":null,"mmi":3.4,"alert":"green","status":"reviewed","tsunami":0,"sig":449,"net":"us","code":"6000gfbr","ids":",us6000gfbr,","sources":",us,","types":",losspager,origin,phase-data,shakemap,","nst":null,"dmin":1.516,"rms":1.21,"gap":79,"magType":"mb","type":"earthquake","title":"M 5.4 - 155 km WNW of Tobelo, Indonesia"},"geometry":{"type":"Point","coordinates":[126.6721,2.1285,51.09]},"id":"us6000gfbr"},
{"type":"Feature","properties":{"mag":1.36,"place":"11km NE of Coso Junction, CA","time":1640484490330,"updated":1640484747424,"tz":null,"url":"https://earthquake.usgs.gov/earthquakes/eventpage/ci39896471","detail":"https://earthquake.usgs.gov/earthquakes/feed/v1.0/detail/ci39896471.geojson","felt":null,"cdi":null,"mmi":null,"alert":null,"status":"automatic","tsunami":0,"sig":28,"net":"ci","code":"39896471","ids":",ci39896471,","sources":",ci,","types":",nearby-cities,origin,phase-data,scitech-link,","nst":14,"dmin":0.009605,"rms":0.15,"gap":94,"magType":"ml","type":"earthquake","title":"M 1.4 - 11km NE of Coso Junction, CA"},"geometry":{"type":"Point","coordinates":[-117.8573333,36.1081667,3.44]},"id":"ci39896471"},
{"type":"Feature","properties":{"mag":1.4,"place":"12 km W of Point Possession, Alaska","time":1640484481068,"updated":1640484672039,"tz":null,"url":"https://earthquake.usgs.gov/earthquakes/eventpage/ak021gjepisk","detail":"https://earthquake.usgs.gov/earthquakes/feed/v1.0/detail/ak021gjepisk.geojson","felt":null,"cdi":null,"mmi":null,"alert":null,"status":"automatic","tsunami":0,"sig":30,"net":"ak","code":"021gjepisk","ids":",ak021gjepisk,","sources":",ak,","types":",origin,","nst":null,"dmin":null,"rms":0.26,"gap":null,"magType":"ml","type":"earthquake","title":"M 1.4 - 12 km W of Point Possession, Alaska"},"geometry":{"type":"Point","coordinates":[-150.926,60.9258,24]},"id":"ak021gjepisk"},
{"type":"Feature","properties":{"mag":2,"place":"80 km S of Ugashik, Alaska","time":1640483557504,"updated":1640483850423,"tz":null,"url":"https://earthquake.usgs.gov/earthquakes/eventpage/ak021gjedlii","detail":"https://earthquake.usgs.gov/earthquakes/feed/v1.0/detail/ak021gjedlii.geojson","felt":null,"cdi":null,"mmi":null,"alert":null,"status":"automatic","tsunami":0,"sig":62,"net":"ak","code":"021gjedlii","ids":",ak021gjedlii,","sources":",ak,","types":",origin,","nst":null,"dmin":null,"rms":0.11,"gap":null,"magType":"ml","type":"earthquake","title":"M 2.0 - 80 km S of Ugashik, Alaska"},"geometry":{"type":"Point","coordinates":[-157.2124,56.7959,95.4]},"id":"ak021gjedlii"},
{"type":"Feature","properties":{"mag":2.33,"place":"11km SE of Pinnacles, CA","time":1640483478970,"updated":1640484850609,"tz":null,"url":"https://earthquake.usgs.gov/earthquakes/eventpage/nc73668536","detail":"https://earthquake.usgs.gov/earthquakes/feed/v1.0/detail/nc73668536.geojson","felt":null,"cdi":null,"mmi":null,"alert":null,"status":"automatic","tsunami":0,"sig":84,"net":"nc","code":"73668536","ids":",nc73668536,","sources":",nc,","types":",nearby-cities,origin,phase-data,scitech-link,","nst":20,"dmin":null,"rms":0.08,"gap":112,"magType":"md","type":"earthquake","title":"M 2.3 - 11km SE of Pinnacles, CA"},"geometry":{"type":"Point","coordinates":[-121.0426636,36.4720001,2.63]},"id":"nc73668536"},
{"type":"Feature","properties":{"mag":1.2,"place":"36 km WNW of Valdez, Alaska","time":1640482913571,"updated":1640557676586,"tz":null,"url":"https://earthquake.usgs.gov/earthquakes/eventpage/ak021gjeb8nw","detail":"https://earthquake.usgs.gov/earthquakes/feed/v1.0/detail/ak021gjeb8nw.geojson","felt":null,"cdi":null,"mmi":null,"alert":null,"status":"reviewed","tsunami":0,"sig":22,"net":"ak","code":"021gjeb8nw","ids":",ak021gjeb8nw,","sources":",ak,","types":",origin,phase-data,","nst":null,"dmin":null,"rms":0.43,"gap":null,"magType":"ml","type":"earthquake","title":"M 1.2 - 36 km WNW of Valdez, Alaska"},"geometry":{"type":"Point","coordinates":[-146.9493,61.2783,10.2]},"id":"ak021gjeb8nw"},
{"type":"Feature","properties":{"mag":2.33999991,"place":"10 km ENE of Pāhala, Hawaii","time":1640482290460,"updated":1640482483080,"tz":null,"url":"https://earthquake.usgs.gov/earthquakes/eventpage/hv72846637","detail":"https://earthquake.usgs.gov/earthquakes/feed/v1.0/detail/hv72846637.geojson","felt":null,"cdi":null,"mmi":null,"alert":null,"status":"automatic","tsunami":0,"sig":84,"net":"hv","code":"72846637","ids":",hv72846637,","sources":",hv,","types":",origin,phase-data,","nst":32,"dmin":null,"rms":0.129999995,"gap":141,"magType":"md","type":"earthquake","title":"M 2.3 - 10 km ENE of Pāhala, Hawaii"},"geometry":{"type":"Point","coordinates":[-155.389831542969,19.2386665344238,30.2999992370605]},"id":"hv72846637"},
{"type":"Feature","properties":{"mag":3.54,"place":"44 km SE of Boca de Yuma, Dominican Republic","time":1640480912870,"updated":1640484349605,"tz":null,"url":"https://earthquake.usgs.gov/earthquakes/eventpage/pr2021360000","detail":"https://earthquake.usgs.gov/earthquakes/feed/v1.0/detail/pr2021360000.geojson","felt":null,"cdi":null,"mmi":null,"alert":null,"status":"reviewed","tsunami":0,"sig":193,"net":"pr","code":"2021360000","ids":",pr2021360000,","sources":",pr,","types":",origin,phase-data,","nst":17,"dmin":0.4353,"rms":0.2,"gap":211,"magType":"md","type":"earthquake","title":"M 3.5 - 44 km SE of Boca de Yuma, Dominican Republic"},"geometry":{"type":"Point","coordinates":[-68.3236,18.0825,76]},"id":"pr2021360000"},
{"type":"Feature","properties":{"mag":1.69,"place":"14 km ESE of Lincoln, Montana","time":1640480481120,"updated":1640618195670,"tz":null,"url":"https://earthquake.usgs.gov/earthquakes/eventpage/mb80534484","detail":"https://earthquake.usgs.gov/earthquakes/feed/v1.0/detail/mb80534484.geojson","felt":null,"cdi":null,"mmi":null,"alert":null,"status":"reviewed","tsunami":0,"sig":44,"net":"mb","code":"80534484","ids":",mb80534484,","sources":",mb,","types":",origin,phase-data,","nst":19,"dmin":0.053,"rms":0.22,"gap":68,"magType":"ml","type":"earthquake","title":"M 1.7 - 14 km ESE of Lincoln, Montana"},"geometry":{"type":"Point","coordinates":[-112.5105,46.897,15.84]},"id":"mb80534484"},
{"type":"Feature","properties":{"mag":0.8,"place":"19 km ESE of Chickaloon, Alaska","time":1640479886991,"updated":1640480163592,"tz":null,"url":"https://earthquake.usgs.gov/earthquakes/eventpage/ak021gjdrxdn","detail":"https://earthquake.usgs.gov/earthquakes/feed/v1.0/detail/ak021gjdrxdn.geojson","felt":null,"cdi":null,"mmi":null,"alert":null,"status":"automatic","tsunami":0,"sig":10,"net":"ak","code":"021gjdrxdn","ids":",ak021gjdrxdn,","sources":",ak,","types":",origin,","nst":null,"dmin":null,"rms":0.2,"gap":null,"magType":"ml","type":"earthquake","title":"M 0.8 - 19 km ESE of Chickaloon, Alaska"},"geometry":{"type":"Point","coordinates":[-148.1401,61.703,22]},"id":"ak021gjdrxdn"},
{"type":"Feature","properties":{"mag":1.6,"place":"35 km N of Petersville, Alaska","time":1640479878515,"updated":1640480163463,"tz":null,"url":"https://earthquake.usgs.gov/earthquakes/eventpage/ak021gjdrwq3","detail":"https://earthquake.usgs.gov/earthquakes/feed/v1.0/detail/ak021gjdrwq3.geojson","felt":null,"cdi":null,"mmi":null,"alert":null,"status":"automatic","tsunami":0,"sig":39,"net":"ak","code":"021gjdrwq3","ids":",ak021gjdrwq3,","sources":",ak,","types":",origin,","nst":null,"dmin":null,"rms":0.97,"gap":null,"magType":"ml","type":"earthquake","title":"M 1.6 - 35 km N of Petersville, Alaska"},"geometry":{"type":"Point","coordinates":[-150.6431,62.808,96.6]},"id":"ak021gjdrwq3"},
{"type":"Feature","properties":{"mag":1.7,"place":"19 km ESE of Kasilof, Alaska","time":1640479518177,"updated":1640479912911,"tz":null,"url":"https://earthquake.usgs.gov/earthquakes/eventpage/ak021gjdqme8","detail":"https://earthquake.usgs.gov/earthquakes/feed/v1.0/detail/ak021gjdqme8.geojson","felt":null,"cdi":null,"mmi":null,"alert":null,"status":"automatic","tsunami":0,"sig":44,"net":"ak","code":"021gjdqme8","ids":",ak021gjdqme8,","sources":",ak,","types":",origin,","nst":null,"dmin":null,"rms":0.44,"gap":null,"magType":"ml","type":"earthquake","title":"M 1.7 - 19 km ESE of Kasilof, Alaska"},"geometry":{"type":"Point","coordinates":[-150.9448,60.2759,67.8]},"id":"ak021gjdqme8"},
{"type":"Feature","properties":{"mag":4.1,"place":"140 km S of Bodden Town, Cayman Islands","time":1640479467418,"updated":1640523112460,"tz":null,"url":"https://earthquake.usgs.gov/earthquakes/eventpage/us6000gfbc","detail":"https://earthquake.usgs.gov/earthquakes/feed/v1.0/detail/us6000gfbc.geojson","felt":9,"cdi":3.1,"mmi":null,"alert":null,"status":"reviewed","tsunami":0,"sig":261,"net":"us","code":"6000gfbc","ids":",us6000gfbc,","sources":",us,","types":",dyfi,origin,phase-data,","nst":null,"dmin":2.081,"rms":0.88,"gap":141,"magType":"mb","type":"earthquake","title":"M 4.1 - 140 km S of Bodden Town, Cayman Islands"},"geometry":{"type":"Point","coordinates":[-81.4289,18.0142,10]},"id":"us6000gfbc"},
{"type":"Feature","properties":{"mag":2.43,"place":"2 km S of Pāhala, Hawaii","time":1640478803250,"updated":1640479133560,"tz":null,"url":"https://earthquake.usgs.gov/earthquakes/eventpage/hv72846597","detail":"https://earthquake.usgs.gov/earthquakes/feed/v1.0/detail/hv72846597.geojson","felt":null,"cdi":null,"mmi":null,"alert":null,"status":"automatic","tsunami":0,"sig":91,"net":"hv","code":"72846597","ids":",hv72846597,","sources":",hv,","types":",origin,phase-data,","nst":40,"dmin":null,"rms":0.129999995,"gap":82,"magType":"ml","type":"earthquake","title":"M 2.4 - 2 km S of Pāhala, Hawaii"},"geometry":{"type":"Point","coordinates":[-155.477005004883,19.1843338012695,32.5699996948242]},"id":"hv72846597"},
{"type":"Feature","properties":{"mag":2.76,"place":"15km SE of Malibu, CA","time":1640477974310,"updated":1640709673048,"tz":null,"url":"https://earthquake.usgs.gov/earthquakes/eventpage/ci39896439","detail":"https://earthquake.usgs.gov/earthquakes/feed/v1.0/detail/ci39896439.geojson","felt":19,"cdi":3.1,"mmi":null,"alert":null,"status":"automatic","tsunami":0,"sig":123,"net":"ci","code":"39896439","ids":",ci39896439,","sources":",ci,","types":",dyfi,focal-mechanism,nearby-cities,origin,phase-data,scitech-link,","nst":70,"dmin":0.1536,"rms":0.27,"gap":155,"magType":"ml","type":"earthquake","title":"M 2.8 - 15km SE of Malibu, CA"},"geometry":{"type":"Point","coordinates":[-118.7126667,33.9,12.86]},"id":"ci39896439"},
{"type":"Feature","properties":{"mag":4.7,"place":"34 km WNW of Ilioilio, Philippines","time":1640477527005,"updated":1640487592137,"tz":null,"url":"https://earthquake.usgs.gov/earthquakes/eventpage/us6000gfb8","detail":"https://earthquake.usgs.gov/earthquakes/feed/v1.0/detail/us6000gfb8.geojson","felt":3,"cdi":2.2,"mmi":null,"alert":null,"status":"reviewed","tsunami":0,"sig":341,"net":"us","code":"6000gfb8","ids":",us6000gfb8,","sources":",us,","types":",dyfi,origin,phase-data,","nst":null,"dmin":6.904,"rms":0.7,"gap":109,"magType":"mb","type":"earthquake","title":"M 4.7 - 34 km WNW of Ilioilio, Philippines"},"geometry":{"type":"Point","coordinates":[119.4586,16.0489,10]},"id":"us6000gfb8"},
{"type":"Feature","properties":{"mag":0.54,"place":"9 km E of Hebgen Lake Estates, Montana","time":1640477280670,"updated":1640611944320,"tz":null,"url":"https://earthquake.usgs.gov/earthquakes/eventpage/uu60473897","detail":"https://earthquake.usgs.gov/earthquakes/feed/v1.0/detail/uu60473897.geojson","felt":null,"cdi":null,"mmi":null,"alert":null,"status":"reviewed","tsunami":0,"sig":4,"net":"uu","code":"60473897","ids":",uu60473897,","sources":",uu,","types":",origin,phase-data,","nst":11,"dmin":0.04407,"rms":0.12,"gap":110,"magType":"md","type":"earthquake","title":"M 0.5 - 9 km E of Hebgen Lake Estates, Montana"},"geometry":{"type":"Point","coordinates":[-111.0676667,44.7546667,7.33]},"id":"uu60473897"},
{"type":"Feature","properties":{"mag":1.3,"place":"35 km N of Valdez, Alaska","time":1640477203735,"updated":1640477718505,"tz":null,"url":"https://earthquake.usgs.gov/earthquakes/eventpage/ak021gjdibg5","detail":"https://earthquake.usgs.gov/earthquakes/feed/v1.0/detail/ak021gjdibg5.geojson","felt":null,"cdi":null,"mmi":null,"alert":null,"status":"automatic","tsunami":0,"sig":26,"net":"ak","code":"021gjdibg5","ids":",ak021gjdibg5,","sources":",ak,","types":",origin,","nst":null,"dmin":null,"rms":0.95,"gap":null,"magType":"ml","type":"earthquake","title":"M 1.3 - 35 km N of Valdez, Alaska"},"geometry":{"type":"Point","coordinates":[-146.4653,61.4433,27.9]},"id":"ak021gjdibg5"},
{"type":"Feature","properties":{"mag":1.25,"place":"26km SSW of Ocotillo Wells, CA","time":1640477129200,"updated":1640477400735,"tz":null,"url":"https://earthquake.usgs.gov/earthquakes/eventpage/ci39896431","detail":"https://earthquake.usgs.gov/earthquakes/feed/v1.0/detail/ci39896431.geojson","felt":null,"cdi":null,"mmi":null,"alert":null,"status":"automatic","tsunami":0,"sig":24,"net":"ci","code":"39896431","ids":",ci39896431,","sources":",ci,","types":",nearby-cities,origin,phase-data,scitech-link,","nst":27,"dmin":0.05282,"rms":0.2,"gap":89,"magType":"ml","type":"earthquake","title":"M 1.3 - 26km SSW of Ocotillo Wells, CA"},"geometry":{"type":"Point","coordinates":[-116.2481667,32.9293333,9.45]},"id":"ci39896431"},
{"type":"Feature","properties":{"mag":2.4,"place":"7 km E of Pāhala, Hawaii","time":1640476154600,"updated":1640476485850,"tz":null,"url":"https://earthquake.usgs.gov/earthquakes/eventpage/hv72846572","detail":"https://earthquake.usgs.gov/earthquakes/feed/v1.0/detail/hv72846572.geojson","felt":null,"cdi":null,"mmi":null,"alert":null,"status":"automatic","tsunami":0,"sig":89,"net":"hv","code":"72846572","ids":",hv72846572,","sources":",hv,","types":",origin,phase-data,","nst":43,"dmin":null,"rms":0.109999999,"gap":150,"magType":"ml","type":"earthquake","title":"M 2.4 - 7 km E of Pāhala, Hawaii"},"geometry":{"type":"Point","coordinates":[-155.411331176758,19.2081661224365,31.9799995422363]},"id":"hv72846572"},
{"type":"Feature","properties":{"mag":1.6,"place":"6 km N of Two Rivers, Alaska","time":1640476082222,"updated":1640476795467,"tz":null,"url":"https://earthquake.usgs.gov/earthquakes/eventpage/ak021gi3wuri","detail":"https://earthquake.usgs.gov/earthquakes/feed/v1.0/detail/ak021gi3wuri.geojson","felt":null,"cdi":null,"mmi":null,"alert":null,"status":"automatic","tsunami":0,"sig":39,"net":"ak","code":"021gi3wuri","ids":",ak021gi3wuri,","sources":",ak,","types":",origin,","nst":null,"dmin":null,"rms":0.62,"gap":null,"magType":"ml","type":"earthquake","title":"M 1.6 - 6 km N of Two Rivers, Alaska"},"geometry":{"type":"Point","coordinates":[-147.0386,64.9294,10.3]},"id":"ak021gi3wuri"},
{"type":"Feature","properties":{"mag":2,"place":"2 km SSW of Marion, Kansas","time":1640475815433,"updated":1640649529110,"tz":null,"url":"https://earthquake.usgs.gov/earthquakes/eventpage/us6000gfb2","detail":"https://earthquake.usgs.gov/earthquakes/feed/v1.0/detail/us6000gfb2.geojson","felt":5,"cdi":4.1,"mmi":null,"alert":null,"status":"reviewed","tsunami":0,"sig":64,"net":"us","code":"6000gfb2","ids":",us6000gfb2,","sources":",us,","types":",dyfi,origin,phase-data,","nst":null,"dmin":0.811,"rms":0.67,"gap":99,"magType":"mb_lg","type":"earthquake","title":"M 2.0 - 2 km SSW of Marion, Kansas"},"geometry":{"type":"Point","coordinates":[-97.0294,38.329,5]},"id":"us6000gfb2"},
{"type":"Feature","properties":{"mag":2.1500001,"place":"3 km ENE of Pāhala, Hawaii","time":1640475731410,"updated":1640475931280,"tz":null,"url":"https://earthquake.usgs.gov/earthquakes/eventpage/hv72846562","detail":"https://earthquake.usgs.gov/earthquakes/feed/v1.0/detail/hv72846562.geojson","felt":null,"cdi":null,"mmi":null,"alert":null,"status":"automatic","tsunami":0,"sig":71,"net":"hv","code":"72846562","ids":",hv72846562,","sources":",hv,","types":",origin,phase-data,","nst":32,"dmin":null,"rms":0.109999999,"gap":130,"magType":"md","type":"earthquake","title":"M 2.2 - 3 km ENE of Pāhala, Hawaii"},"geometry":{"type":"Point","coordinates":[-155.449661254883,19.2154998779297,33.189998626709]},"id":"hv72846562"},
{"type":"Feature","properties":{"mag":1.16,"place":"12 km N of Seeley Lake, Montana","time":1640475635200,"updated":1640641136330,"tz":null,"url":"https://earthquake.usgs.gov/earthquakes/eventpage/mb80534549","detail":"https://earthquake.usgs.gov/earthquakes/feed/v1.0/detail/mb80534549.geojson","felt":null,"cdi":null,"mmi":null,"alert":null,"status":"reviewed","tsunami":0,"sig":21,"net":"mb","code":"80534549","ids":",mb80534549,","sources":",mb,","types":",origin,phase-data,","nst":7,"dmin":0.052,"rms":0.06,"gap":180,"magType":"ml","type":"earthquake","title":"M 1.2 - 12 km N of Seeley Lake, Montana"},"geometry":{"type":"Point","coordinates":[-113.495,47.294,17.83]},"id":"mb80534549"},
{"type":"Feature","properties":{"mag":4.1,"place":"268 km NNE of Lospalos, Timor Leste","time":1640475554000,"updated":1640476181040,"tz":null,"url":"https://earthquake.usgs.gov/earthquakes/eventpage/us6000gfb1","detail":"https://earthquake.usgs.gov/earthquakes/feed/v1.0/detail/us6000gfb1.geojson","felt":null,"cdi":null,"mmi":null,"alert":null,"status":"reviewed","tsunami":0,"sig":259,"net":"us","code":"6000gfb1","ids":",us6000gfb1,","sources":",us,","types":",origin,phase-data,","nst":null,"dmin":3.612,"rms":0.44,"gap":96,"magType":"mb","type":"earthquake","title":"M 4.1 - 268 km NNE of Lospalos, Timor Leste"},"geometry":{"type":"Point","coordinates":[128.0523,-6.3371,336.82]},"id":"us6000gfb1"},
{"type":"Feature","properties":{"mag":3.9,"place":"161 km SSE of Perryville, Alaska","time":1640473813294,"updated":1640477775682,"tz":null,"url":"https://earthquake.usgs.gov/earthquakes/eventpage/ak021gi3oqcq","detail":"https://earthquake.usgs.gov/earthquakes/feed/v1.0/detail/ak021gi3oqcq.geojson","felt":1,"cdi":2,"mmi":1.26,"alert":null,"status":"reviewed","tsunami":0,"sig":234,"net":"ak","code":"021gi3oqcq","ids":",us6000gfaz,ak021gi3oqcq,","sources":",us,ak,","types":",dyfi,origin,phase-data,shakemap,","nst":null,"dmin":null,"rms":0.78,"gap":null,"magType":"ml","type":"earthquake","title":"M 3.9 - 161 km SSE of Perryville, Alaska"},"geometry":{"type":"Point","coordinates":[-157.7597,54.6915,19.9]},"id":"ak021gi3oqcq"},
{"type":"Feature","properties":{"mag":1.6,"place":"1 km SSE of Trapper Creek, Alaska","time":1640472391055,"updated":1640473037083,"tz":null,"url":"https://earthquake.usgs.gov/earthquakes/eventpage/ak021gi3b1xd","detail":"https://earthquake.usgs.gov/earthquakes/feed/v1.0/detail/ak021gi3b1xd.geojson","felt":null,"cdi":null,"mmi":null,"alert":null,"status":"automatic","tsunami":0,"sig":39,"net":"ak","code":"021gi3b1xd","ids":",ak021gi3b1xd,","sources":",ak,","types":",origin,","nst":null,"dmin":null,"rms":0.72,"gap":null,"magType":"ml","type":"earthquake","title":"M 1.6 - 1 km SSE of Trapper Creek, Alaska"},"geometry":{"type":"Point","coordinates":[-150.2259,62.3049,15.8]},"id":"ak021gi3b1xd"},
{"type":"Feature","properties":{"mag":1.1,"place":"58 km WNW of Anchor Point, Alaska","time":1640472257402,"updated":1640472615410,"tz":null,"url":"https://earthquake.usgs.gov/earthquakes/eventpage/ak021gi3al5x","detail":"https://earthquake.usgs.gov/earthquakes/feed/v1.0/detail/ak021gi3al5x.geojson","felt":null,"cdi":null,"mmi":null,"alert":null,"status":"automatic","tsunami":0,"sig":19,"net":"ak","code":"021gi3al5x","ids":",ak021gi3al5x,","sources":",ak,","types":",origin,","nst":null,"dmin":null,"rms":0.79,"gap":null,"magType":"ml","type":"earthquake","title":"M 1.1 - 58 km WNW of Anchor Point, Alaska"},"geometry":{"type":"Point","coordinates":[-152.8406,59.9119,89.7]},"id":"ak021gi3al5x"},
{"type":"Feature","properties":{"mag":1.7,"place":"40 km N of Valdez, Alaska","time":1640471907451,"updated":1640472284039,"tz":null,"url":"https://earthquake.usgs.gov/earthquakes/eventpage/ak021gi39bx7","detail":"https://earthquake.usgs.gov/earthquakes/feed/v1.0/detail/ak021gi39bx7.geojson","felt":null,"cdi":null,"mmi":null,"alert":null,"status":"automatic","tsunami":0,"sig":44,"net":"ak","code":"021gi39bx7","ids":",ak021gi39bx7,","sources":",ak,","types":",origin,","nst":null,"dmin":null,"rms":0.73,"gap":null,"magType":"ml","type":"earthquake","title":"M 1.7 - 40 km N of Valdez, Alaska"},"geometry":{"type":"Point","coordinates":[-146.394,61.4902,15.7]},"id":"ak021gi39bx7"},
{"type":"Feature","properties":{"mag":2,"place":"19 km WSW of Point Possession, Alaska","time":1640470296793,"updated":1640471131468,"tz":null,"url":"https://earthquake.usgs.gov/earthquakes/eventpage/ak021gi33kbu","detail":"https://earthquake.usgs.gov/earthquakes/feed/v1.0/detail/ak021gi33kbu.geojson","felt":null,"cdi":null,"mmi":null,"alert":null,"status":"automatic","tsunami":0,"sig":62,"net":"ak","code":"021gi33kbu","ids":",ak021gi33kbu,","sources":",ak,","types":",origin,","nst":null,"dmin":null,"rms":0.6,"gap":null,"magType":"ml","type":"earthquake","title":"M 2.0 - 19 km WSW of Point Possession, Alaska"},"geometry":{"type":"Point","coordinates":[-150.989,60.8333,9.4]},"id":"ak021gi33kbu"},
{"type":"Feature","properties":{"mag":1.2,"place":"10 km S of Girdwood, Alaska","time":1640469749418,"updated":1640470499729,"tz":null,"url":"https://earthquake.usgs.gov/earthquakes/eventpage/ak021gi31mai","detail":"https://earthquake.usgs.gov/earthquakes/feed/v1.0/detail/ak021gi31mai.geojson","felt":null,"cdi":null,"mmi":null,"alert":null,"status":"automatic","tsunami":0,"sig":22,"net":"ak","code":"021gi31mai","ids":",ak021gi31mai,","sources":",ak,","types":",origin,","nst":null,"dmin":null,"rms":0.59,"gap":null,"magType":"ml","type":"earthquake","title":"M 1.2 - 10 km S of Girdwood, Alaska"},"geometry":{"type":"Point","coordinates":[-149.1287,60.8488,13.5]},"id":"ak021gi31mai"},
{"type":"Feature","properties":{"mag":4.5,"place":"84 km NE of Amahai, Indonesia","time":1640468934546,"updated":1640469858040,"tz":null,"url":"https://earthquake.usgs.gov/earthquakes/eventpage/us6000gfaq","detail":"https://earthquake.usgs.gov/earthquakes/feed/v1.0/detail/us6000gfaq.geojson","felt":null,"cdi":null,"mmi":null,"alert":null,"status":"reviewed","tsunami":0,"sig":312,"net":"us","code":"6000gfaq","ids":",us6000gfaq,","sources":",us,","types":",origin,phase-data,","nst":null,"dmin":2.803,"rms":0.69,"gap":70,"magType":"mb","type":"earthquake","title":"M 4.5 - 84 km NE of Amahai, Indonesia"},"geometry":{"type":"Point","coordinates":[129.4451,-2.7871,10]},"id":"us6000gfaq"},
{"type":"Feature","properties":{"mag":1.9,"place":"55 km SE of Pope-Vannoy Landing, Alaska","time":1640468271535,"updated":1640469336520,"tz":null,"url":"https://earthquake.usgs.gov/earthquakes/eventpage/ak021gi2nqfw","detail":"https://earthquake.usgs.gov/earthquakes/feed/v1.0/detail/ak021gi2nqfw.geojson","felt":null,"cdi":null,"mmi":null,"alert":null,"status":"automatic","tsunami":0,"sig":56,"net":"ak","code":"021gi2nqfw","ids":",ak021gi2nqfw,","sources":",ak,","types":",origin,","nst":null,"dmin":null,"rms":0.44,"gap":null,"magType":"ml","type":"earthquake","title":"M 1.9 - 55 km SE of Pope-Vannoy Landing, Alaska"},"geometry":{"type":"Point","coordinates":[-153.6869,59.2758,107.3]},"id":"ak021gi2nqfw"},
{"type":"Feature","properties":{"mag":1.6,"place":"28 km NNE of Petersville, Alaska","time":1640467926143,"updated":1640468193984,"tz":null,"url":"https://earthquake.usgs.gov/earthquakes/eventpage/ak021gi2mkcp","detail":"https://earthquake.usgs.gov/earthquakes/feed/v1.0/detail/ak021gi2mkcp.geojson","felt":null,"cdi":null,"mmi":null,"alert":null,"status":"automatic","tsunami":0,"sig":39,"net":"ak","code":"021gi2mkcp","ids":",ak021gi2mkcp,","sources":",ak,","types":",origin,","nst":null,"dmin":null,"rms":0.73,"gap":null,"magType":"ml","type":"earthquake","title":"M 1.6 - 28 km NNE of Petersville, Alaska"},"geometry":{"type":"Point","coordinates":[-150.5805,62.7416,83.5]},"id":"ak021gi2mkcp"},
{"type":"Feature","properties":{"mag":1.8,"place":"8km SE of Neenach, CA","time":1640467387760,"updated":1640468092260,"tz":null,"url":"https://earthquake.usgs.gov/earthquakes/eventpage/ci39896399","detail":"https://earthquake.usgs.gov/earthquakes/feed/v1.0/detail/ci39896399.geojson","felt":null,"cdi":null,"mmi":null,"alert":null,"status":"automatic","tsunami":0,"sig":50,"net":"ci","code":"39896399","ids":",ci39896399,","sources":",ci,","types":",focal-mechanism,nearby-cities,origin,phase-data,scitech-link,","nst":42,"dmin":0.03932,"rms":0.17,"gap":39,"magType":"ml","type":"earthquake","title":"M 1.8 - 8km SE of Neenach, CA"},"geometry":{"type":"Point","coordinates":[-118.559,34.7196667,10.84]},"id":"ci39896399"},
{"type":"Feature","properties":{"mag":1.5,"place":"28 km SSW of Walker Lake, Nevada","time":1640467257776,"updated":1640816223309,"tz":null,"url":"https://earthquake.usgs.gov/earthquakes/eventpage/nn00830496","detail":"https://earthquake.usgs.gov/earthquakes/feed/v1.0/detail/nn00830496.geojson","felt":null,"cdi":null,"mmi":null,"alert":null,"status":"reviewed","tsunami":0,"sig":35,"net":"nn","code":"00830496","ids":",nn00830496,","sources":",nn,","types":",origin,phase-data,","nst":15,"dmin":0.38,"rms":0.085,"gap":139.16,"magType":"ml","type":"earthquake","title":"M 1.5 - 28 km SSW of Walker Lake, Nevada"},"geometry":{"type":"Point","coordinates":[-118.9288,38.4354,13.6]},"id":"nn00830496"},
{"type":"Feature","properties":{"mag":1.8,"place":"7 km SE of Sand Point, Alaska","time":1640467135230,"updated":1640477247027,"tz":null,"url":"https://earthquake.usgs.gov/earthquakes/eventpage/ak021gi2jmre","detail":"https://earthquake.usgs.gov/earthquakes/feed/v1.0/detail/ak021gi2jmre.geojson","felt":null,"cdi":null,"mmi":null,"alert":null,"status":"reviewed","tsunami":0,"sig":50,"net":"ak","code":"021gi2jmre","ids":",ak021gi2jmre,","sources":",ak,","types":",origin,phase-data,","nst":null,"dmin":null,"rms":0.16,"gap":null,"magType":"ml","type":"earthquake","title":"M 1.8 - 7 km SE of Sand Point, Alaska"},"geometry":{"type":"Point","coordinates":[-160.4329,55.2842,56.9]},"id":"ak021gi2jmre"},
{"type":"Feature","properties":{"mag":1.99000001,"place":"Island of Hawaii, Hawaii","time":1640466417560,"updated":1640466604730,"tz":null,"url":"https://earthquake.usgs.gov/earthquakes/eventpage/hv72846397","detail":"https://earthquake.usgs.gov/earthquakes/feed/v1.0/detail/hv72846397.geojson","felt":null,"cdi":null,"mmi":null,"alert":null,"status":"automatic","tsunami":0,"sig":61,"net":"hv","code":"72846397","ids":",hv72846397,","sources":",hv,","types":",origin,phase-data,","nst":37,"dmin":null,"rms":0.109999999,"gap":128,"magType":"md","type":"earthquake","title":"M 2.0 - Island of Hawaii, Hawaii"},"geometry":{"type":"Point","coordinates":[-155.414505004883,19.2413330078125,31.7099990844727]},"id":"hv72846397"},
{"type":"Feature","properties":{"mag":1.1,"place":"27 km SSW of Mina, Nevada","time":1640465430541,"updated":1640821113311,"tz":null,"url":"https://earthquake.usgs.gov/earthquakes/eventpage/nn00830714","detail":"https://earthquake.usgs.gov/earthquakes/feed/v1.0/detail/nn00830714.geojson","felt":null,"cdi":null,"mmi":null,"alert":null,"status":"reviewed","tsunami":0,"sig":19,"net":"nn","code":"00830714","ids":",nn00830714,","sources":",nn,","types":",origin,phase-data,","nst":13,"dmin":0.215,"rms":0.1074,"gap":173.47,"magType":"ml","type":"earthquake","title":"M 1.1 - 27 km SSW of Mina, Nevada"},"geometry":{"type":"Point","coordinates":[-118.2317,38.1626,13.2]},"id":"nn00830714"},
{"type":"Feature","properties":{"mag":1.64,"place":"7km N of Petrolia, CA","time":1640463899970,"updated":1640732891587,"tz":null,"url":"https://earthquake.usgs.gov/earthquakes/eventpage/nc73668521","detail":"https://earthquake.usgs.gov/earthquakes/feed/v1.0/detail/nc73668521.geojson","felt":null,"cdi":null,"mmi":null,"alert":null,"status":"reviewed","tsunami":0,"sig":41,"net":"nc","code":"73668521","ids":",nc73668521,","sources":",nc,","types":",nearby-cities,origin,phase-data,scitech-link,","nst":11,"dmin":0.1019,"rms":0.09,"gap":126,"magType":"md","type":"earthquake","title":"M 1.6 - 7km N of Petrolia, CA"},"geometry":{"type":"Point","coordinates":[-124.2781667,40.3841667,22.81]},"id":"nc73668521"},
{"type":"Feature","properties":{"mag":2.61,"place":"9 km SSE of Maria Antonia, Puerto Rico","time":1640462690740,"updated":1640464059910,"tz":null,"url":"https://earthquake.usgs.gov/earthquakes/eventpage/pr2021359003","detail":"https://earthquake.usgs.gov/earthquakes/feed/v1.0/detail/pr2021359003.geojson","felt":null,"cdi":null,"mmi":null,"alert":null,"status":"reviewed","tsunami":0,"sig":105,"net":"pr","code":"2021359003","ids":",pr2021359003,","sources":",pr,","types":",origin,phase-data,","nst":12,"dmin":0.0802,"rms":0.11,"gap":232,"magType":"md","type":"earthquake","title":"M 2.6 - 9 km SSE of Maria Antonia, Puerto Rico"},"geometry":{"type":"Point","coordinates":[-66.847,17.9016,14]},"id":"pr2021359003"},
{"type":"Feature","properties":{"mag":2.3,"place":"7 km E of Pāhala, Hawaii","time":1640462582960,"updated":1640462913240,"tz":null,"url":"https://earthquake.usgs.gov/earthquakes/eventpage/hv72846312","detail":"https://earthquake.usgs.gov/earthquakes/feed/v1.0/detail/hv72846312.geojson","felt":null,"cdi":null,"mmi":null,"alert":null,"status":"automatic","tsunami":0,"sig":81,"net":"hv","code":"72846312","ids":",hv72846312,","sources":",hv,","types":",origin,phase-data,","nst":43,"dmin":null,"rms":0.100000001,"gap":152,"magType":"ml","type":"earthquake","title":"M 2.3 - 7 km E of Pāhala, Hawaii"},"geometry":{"type":"Point","coordinates":[-155.407669067383,19.2083339691162,32.689998626709]},"id":"hv72846312"},
{"type":"Feature","properties":{"mag":1.42,"place":"15km N of Fillmore, CA","time":1640462367770,"updated":1640462644279,"tz":null,"url":"https://earthquake.usgs.gov/earthquakes/eventpage/ci39896383","detail":"https://earthquake.usgs.gov/earthquakes/feed/v1.0/detail/ci39896383.geojson","felt":null,"cdi":null,"mmi":null,"alert":null,"status":"automatic","tsunami":0,"sig":31,"net":"ci","code":"39896383","ids":",ci39896383,","sources":",ci,","types":",nearby-cities,origin,phase-data,scitech-link,","nst":17,"dmin":0.1657,"rms":0.29,"gap":108,"magType":"ml","type":"earthquake","title":"M 1.4 - 15km N of Fillmore, CA"},"geometry":{"type":"Point","coordinates":[-118.899,34.5338333,0.17]},"id":"ci39896383"},
{"type":"Feature","properties":{"mag":1.6,"place":"46 km ENE of Pedro Bay, Alaska","time":1640461944754,"updated":1640467302138,"tz":null,"url":"https://earthquake.usgs.gov/earthquakes/eventpage/ak021gi1k0wf","detail":"https://earthquake.usgs.gov/earthquakes/feed/v1.0/detail/ak021gi1k0wf.geojson","felt":null,"cdi":null,"mmi":null,"alert":null,"status":"automatic","tsunami":0,"sig":39,"net":"ak","code":"021gi1k0wf","ids":",ak021gi1k0wf,","sources":",ak,","types":",origin,","nst":null,"dmin":null,"rms":0.76,"gap":null,"magType":"ml","type":"earthquake","title":"M 1.6 - 46 km ENE of Pedro Bay, Alaska"},"geometry":{"type":"Point","coordinates":[-153.3962,60.0082,142.7]},"id":"ak021gi1k0wf"},
{"type":"Feature","properties":{"mag":1.47,"place":"6km NW of The Geysers, CA","time":1640461751470,"updated":1640470151033,"tz":null,"url":"https://earthquake.usgs.gov/earthquakes/eventpage/nc73668516","detail":"https://earthquake.usgs.gov/earthquakes/feed/v1.0/detail/nc73668516.geojson","felt":null,"cdi":null,"mmi":null,"alert":null,"status":"automatic","tsunami":0,"sig":33,"net":"nc","code":"73668516","ids":",nc73668516,","sources":",nc,","types":",nearby-cities,origin,phase-data,scitech-link,","nst":7,"dmin":0.01294,"rms":0.04,"gap":117,"magType":"md","type":"earthquake","title":"M 1.5 - 6km NW of The Geysers, CA"},"geometry":{"type":"Point","coordinates":[-122.7994995,38.8204994,0.12]},"id":"nc73668516"},
{"type":"Feature","properties":{"mag":2.04,"place":"10 km ENE of Pāhala, Hawaii","time":1640461566720,"updated":1640461897260,"tz":null,"url":"https://earthquake.usgs.gov/earthquakes/eventpage/hv72846307","detail":"https://earthquake.usgs.gov/earthquakes/feed/v1.0/detail/hv72846307.geojson","felt":null,"cdi":null,"mmi":null,"alert":null,"status":"automatic","tsunami":0,"sig":64,"net":"hv","code":"72846307","ids":",hv72846307,","sources":",hv,","types":",origin,phase-data,","nst":38,"dmin":null,"rms":0.109999999,"gap":150,"magType":"ml","type":"earthquake","title":"M 2.0 - 10 km ENE of Pāhala, Hawaii"},"geometry":{"type":"Point","coordinates":[-155.385498046875,19.2264995574951,31.7999992370605]},"id":"hv72846307"},
{"type":"Feature","properties":{"mag":1.24,"place":"2km SSE of Kensington, CA","time":1640461269730,"updated":1640468530887,"tz":null,"url":"https://earthquake.usgs.gov/earthquakes/eventpage/nc73668511","detail":"https://earthquake.usgs.gov/earthquakes/feed/v1.0/detail/nc73668511.geojson","felt":null,"cdi":null,"mmi":null,"alert":null,"status":"automatic","tsunami":0,"sig":24,"net":"nc","code":"73668511","ids":",nc73668511,","sources":",nc,","types":",nearby-cities,origin,phase-data,scitech-link,","nst":8,"dmin":0.02708,"rms":0.03,"gap":111,"magType":"md","type":"earthquake","title":"M 1.2 - 2km SSE of Kensington, CA"},"geometry":{"type":"Point","coordinates":[-122.2743301,37.895668,2.5]},"id":"nc73668511"},
{"type":"Feature","properties":{"mag":2.84,"place":"5 km E of Pāhala, Hawaii","time":1640460904890,"updated":1640639944380,"tz":null,"url":"https://earthquake.usgs.gov/earthquakes/eventpage/hv72846297","detail":"https://earthquake.usgs.gov/earthquakes/feed/v1.0/detail/hv72846297.geojson","felt":null,"cdi":null,"mmi":null,"alert":null,"status":"reviewed","tsunami":0,"sig":124,"net":"hv","code":"72846297","ids":",hv72846297,","sources":",hv,","types":",origin,phase-data,","nst":49,"dmin":null,"rms":0.1,"gap":137,"magType":"ml","type":"earthquake","title":"M 2.8 - 5 km E of Pāhala, Hawaii"},"geometry":{"type":"Point","coordinates":[-155.4285,19.2086666666667,33.72]},"id":"hv72846297"},
{"type":"Feature","properties":{"mag":5.1,"place":"Mid-Indian Ridge","time":1640460100079,"updated":1640565480040,"tz":null,"url":"https://earthquake.usgs.gov/earthquakes/eventpage/us6000gfa4","detail":"https://earthquake.usgs.gov/earthquakes/feed/v1.0/detail/us6000gfa4.geojson","felt":null,"cdi":null,"mmi":null,"alert":null,"status":"reviewed","tsunami":0,"sig":400,"net":"us","code":"6000gfa4","ids":",us6000gfa4,","sources":",us,","types":",moment-tensor,origin,phase-data,","nst":null,"dmin":11.655,"rms":0.71,"gap":87,"magType":"mww","type":"earthquake","title":"M 5.1 - Mid-Indian Ridge"},"geometry":{"type":"Point","coordinates":[67.4655,-8.7314,10]},"id":"us6000gfa4"},
{"type":"Feature","properties":{"mag":2.52,"place":"15km W of Delta, B.C., MX","time":1640460076550,"updated":1640460748830,"tz":null,"url":"https://earthquake.usgs.gov/earthquakes/eventpage/ci39896375","detail":"https://earthquake.usgs.gov/earthquakes/feed/v1.0/detail/ci39896375.geojson","felt":null,"cdi":null,"mmi":null,"alert":null,"status":"automatic","tsunami":0,"sig":98,"net":"ci","code":"39896375","ids":",ci39896375,","sources":",ci,","types":",focal-mechanism,nearby-cities,origin,phase-data,scitech-link,","nst":21,"dmin":0.0854,"rms":0.3,"gap":173,"magType":"ml","type":"earthquake","title":"M 2.5 - 15km W of Delta, B.C., MX"},"geometry":{"type":"Point","coordinates":[-115.3511667,32.3433333,15.82]},"id":"ci39896375"},
{"type":"Feature","properties":{"mag":1.4,"place":"25 km SW of Cantwell, Alaska","time":1640459695221,"updated":1640460490481,"tz":null,"url":"https://earthquake.usgs.gov/earthquakes/eventpage/ak021gi1by2c","detail":"https://earthquake.usgs.gov/earthquakes/feed/v1.0/detail/ak021gi1by2c.geojson","felt":null,"cdi":null,"mmi":null,"alert":null,"status":"automatic","tsunami":0,"sig":30,"net":"ak","code":"021gi1by2c","ids":",ak021gi1by2c,","sources":",ak,","types":",origin,","nst":null,"dmin":null,"rms":0.73,"gap":null,"magType":"ml","type":"earthquake","title":"M 1.4 - 25 km SW of Cantwell, Alaska"},"geometry":{"type":"Point","coordinates":[-149.2678,63.2109,76.1]},"id":"ak021gi1by2c"},
{"type":"Feature","properties":{"mag":1.6,"place":"7 km N of Point MacKenzie, Alaska","time":1640459422245,"updated":1640459899063,"tz":null,"url":"https://earthquake.usgs.gov/earthquakes/eventpage/ak021gi1b0nm","detail":"https://earthquake.usgs.gov/earthquakes/feed/v1.0/detail/ak021gi1b0nm.geojson","felt":null,"cdi":null,"mmi":null,"alert":null,"status":"automatic","tsunami":0,"sig":39,"net":"ak","code":"021gi1b0nm","ids":",ak021gi1b0nm,","sources":",ak,","types":",origin,","nst":null,"dmin":null,"rms":0.58,"gap":null,"magType":"ml","type":"earthquake","title":"M 1.6 - 7 km N of Point MacKenzie, Alaska"},"geometry":{"type":"Point","coordinates":[-149.9561,61.4247,32.4]},"id":"ak021gi1b0nm"},
{"type":"Feature","properties":{"mag":1.4,"place":"34 km SSE of Nelchina, Alaska","time":1640459297893,"updated":1640459447847,"tz":null,"url":"https://earthquake.usgs.gov/earthquakes/eventpage/ak021gi1akvx","detail":"https://earthquake.usgs.gov/earthquakes/feed/v1.0/detail/ak021gi1akvx.geojson","felt":null,"cdi":null,"mmi":null,"alert":null,"status":"automatic","tsunami":0,"sig":30,"net":"ak","code":"021gi1akvx","ids":",ak021gi1akvx,","sources":",ak,","types":",origin,","nst":null,"dmin":null,"rms":0.66,"gap":null,"magType":"ml","type":"earthquake","title":"M 1.4 - 34 km SSE of Nelchina, Alaska"},"geometry":{"type":"Point","coordinates":[-146.609,61.6905,31]},"id":"ak021gi1akvx"},
{"type":"Feature","properties":{"mag":0.59,"place":"12km SE of Mammoth Lakes, CA","time":1640458876000,"updated":1640466970717,"tz":null,"url":"https://earthquake.usgs.gov/earthquakes/eventpage/nc73668506","detail":"https://earthquake.usgs.gov/earthquakes/feed/v1.0/detail/nc73668506.geojson","felt":null,"cdi":null,"mmi":null,"alert":null,"status":"reviewed","tsunami":0,"sig":5,"net":"nc","code":"73668506","ids":",nc73668506,","sources":",nc,","types":",nearby-cities,origin,phase-data,scitech-link,","nst":9,"dmin":0.03574,"rms":0.07,"gap":250,"magType":"md","type":"earthquake","title":"M 0.6 - 12km SE of Mammoth Lakes, CA"},"geometry":{"type":"Point","coordinates":[-118.8705,37.576,5.64]},"id":"nc73668506"},
{"type":"Feature","properties":{"mag":4.9,"place":"South Sandwich Islands region","time":1640456792497,"updated":1640458340040,"tz":null,"url":"https://earthquake.usgs.gov/earthquakes/eventpage/us6000gf9u","detail":"https://earthquake.usgs.gov/earthquakes/feed/v1.0/detail/us6000gf9u.geojson","felt":null,"cdi":null,"mmi":null,"alert":null,"status":"reviewed","tsunami":0,"sig":369,"net":"us","code":"6000gf9u","ids":",us6000gf9u,","sources":",us,","types":",origin,phase-data,","nst":null,"dmin":7.002,"rms":0.65,"gap":97,"magType":"mb","type":"earthquake","title":"M 4.9 - South Sandwich Islands region"},"geometry":{"type":"Point","coordinates":[-25.1638,-57.121,39.29]},"id":"us6000gf9u"},
{"type":"Feature","properties":{"mag":1.7,"place":"35 km NNE of Chenega, Alaska","time":1640455930135,"updated":1640456222224,"tz":null,"url":"https://earthquake.usgs.gov/earthquakes/eventpage/ak021gi0pzjo","detail":"https://earthquake.usgs.gov/earthquakes/feed/v1.0/detail/ak021gi0pzjo.geojson","felt":null,"cdi":null,"mmi":null,"alert":null,"status":"automatic","tsunami":0,"sig":44,"net":"ak","code":"021gi0pzjo","ids":",ak021gi0pzjo,","sources":",ak,","types":",origin,","nst":null,"dmin":null,"rms":0.97,"gap":null,"magType":"ml","type":"earthquake","title":"M 1.7 - 35 km NNE of Chenega, Alaska"},"geometry":{"type":"Point","coordinates":[-147.7417,60.3568,8.6]},"id":"ak021gi0pzjo"},
{"type":"Feature","properties":{"mag":1.99000001,"place":"11 km ENE of Pāhala, Hawaii","time":1640455667320,"updated":1640455859560,"tz":null,"url":"https://earthquake.usgs.gov/earthquakes/eventpage/hv72846237","detail":"https://earthquake.usgs.gov/earthquakes/feed/v1.0/detail/hv72846237.geojson","felt":null,"cdi":null,"mmi":null,"alert":null,"status":"automatic","tsunami":0,"sig":61,"net":"hv","code":"72846237","ids":",hv72846237,","sources":",hv,","types":",origin,phase-data,","nst":32,"dmin":null,"rms":0.150000006,"gap":154,"magType":"md","type":"earthquake","title":"M 2.0 - 11 km ENE of Pāhala, Hawaii"},"geometry":{"type":"Point","coordinates":[-155.376327514648,19.2269992828369,31.9099998474121]},"id":"hv72846237"},
{"type":"Feature","properties":{"mag":0.91,"place":"7km SE of Coso Junction, CA","time":1640455615140,"updated":1640538833392,"tz":null,"url":"https://earthquake.usgs.gov/earthquakes/eventpage/ci39896367","detail":"https://earthquake.usgs.gov/earthquakes/feed/v1.0/detail/ci39896367.geojson","felt":null,"cdi":null,"mmi":null,"alert":null,"status":"reviewed","tsunami":0,"sig":13,"net":"ci","code":"39896367","ids":",ci39896367,","sources":",ci,","types":",nearby-cities,origin,phase-data,scitech-link,","nst":9,"dmin":0.002979,"rms":0.12,"gap":172,"magType":"ml","type":"earthquake","title":"M 0.9 - 7km SE of Coso Junction, CA"},"geometry":{"type":"Point","coordinates":[-117.889,36.0105,2.08]},"id":"ci39896367"},
{"type":"Feature","properties":{"mag":0.54,"place":"14km SE of Mammoth Lakes, CA","time":1640455437660,"updated":1640465290514,"tz":null,"url":"https://earthquake.usgs.gov/earthquakes/eventpage/nc73668501","detail":"https://earthquake.usgs.gov/earthquakes/feed/v1.0/detail/nc73668501.geojson","felt":null,"cdi":null,"mmi":null,"alert":null,"status":"reviewed","tsunami":0,"sig":4,"net":"nc","code":"73668501","ids":",nc73668501,","sources":",nc,","types":",nearby-cities,origin,phase-data,scitech-link,","nst":11,"dmin":0.0634,"rms":0.03,"gap":228,"magType":"md","type":"earthquake","title":"M 0.5 - 14km SE of Mammoth Lakes, CA"},"geometry":{"type":"Point","coordinates":[-118.8771667,37.5393333,7.15]},"id":"nc73668501"},
{"type":"Feature","properties":{"mag":4.5,"place":"140 km SW of Uyuni, Bolivia","time":1640454900855,"updated":1640468442040,"tz":null,"url":"https://earthquake.usgs.gov/earthquakes/eventpage/us6000gf9n","detail":"https://earthquake.usgs.gov/earthquakes/feed/v1.0/detail/us6000gf9n.geojson","felt":null,"cdi":null,"mmi":null,"alert":null,"status":"reviewed","tsunami":0,"sig":312,"net":"us","code":"6000gf9n","ids":",us6000gf9n,","sources":",us,","types":",origin,phase-data,","nst":null,"dmin":1.406,"rms":1.17,"gap":69,"magType":"mb","type":"earthquake","title":"M 4.5 - 140 km SW of Uyuni, Bolivia"},"geometry":{"type":"Point","coordinates":[-67.8184,-21.3213,165.67]},"id":"us6000gf9n"},
{"type":"Feature","properties":{"mag":1.51,"place":"0 km ENE of Pāhala, Hawaii","time":1640454878750,"updated":1640642971130,"tz":null,"url":"https://earthquake.usgs.gov/earthquakes/eventpage/hv72846227","detail":"https://earthquake.usgs.gov/earthquakes/feed/v1.0/detail/hv72846227.geojson","felt":null,"cdi":null,"mmi":null,"alert":null,"status":"reviewed","tsunami":0,"sig":35,"net":"hv","code":"72846227","ids":",hv72846227,","sources":",hv,","types":",origin,phase-data,","nst":21,"dmin":null,"rms":0.11,"gap":109,"magType":"md","type":"earthquake","title":"M 1.5 - 0 km ENE of Pāhala, Hawaii"},"geometry":{"type":"Point","coordinates":[-155.471,19.2071666666667,35.12]},"id":"hv72846227"},
{"type":"Feature","properties":{"mag":2.34,"place":"9 km SE of Leilani Estates, Hawaii","time":1640454627340,"updated":1640648338160,"tz":null,"url":"https://earthquake.usgs.gov/earthquakes/eventpage/hv72846222","detail":"https://earthquake.usgs.gov/earthquakes/feed/v1.0/detail/hv72846222.geojson","felt":null,"cdi":null,"mmi":null,"alert":null,"status":"reviewed","tsunami":0,"sig":84,"net":"hv","code":"72846222","ids":",us6000gf9m,hv72846222,","sources":",us,hv,","types":",origin,phase-data,","nst":43,"dmin":null,"rms":0.1,"gap":281,"magType":"ml","type":"earthquake","title":"M 2.3 - 9 km SE of Leilani Estates, Hawaii"},"geometry":{"type":"Point","coordinates":[-154.849,19.4203333333333,44.06]},"id":"hv72846222"},
{"type":"Feature","properties":{"mag":1.80999994,"place":"1 km NW of Pāhala, Hawaii","time":1640454576500,"updated":1640454762710,"tz":null,"url":"https://earthquake.usgs.gov/earthquakes/eventpage/hv72846217","detail":"https://earthquake.usgs.gov/earthquakes/feed/v1.0/detail/hv72846217.geojson","felt":null,"cdi":null,"mmi":null,"alert":null,"status":"automatic","tsunami":0,"sig":50,"net":"hv","code":"72846217","ids":",hv72846217,","sources":",hv,","types":",origin,phase-data,","nst":19,"dmin":null,"rms":0.280000001,"gap":166,"magType":"md","type":"earthquake","title":"M 1.8 - 1 km NW of Pāhala, Hawaii"},"geometry":{"type":"Point","coordinates":[-155.487167358398,19.2105007171631,35.8400001525879]},"id":"hv72846217"},
{"type":"Feature","properties":{"mag":1.1,"place":"11 km NNE of Hoehne, Colorado","time":1640454417377,"updated":1640775566040,"tz":null,"url":"https://earthquake.usgs.gov/earthquakes/eventpage/us6000gg3b","detail":"https://earthquake.usgs.gov/earthquakes/feed/v1.0/detail/us6000gg3b.geojson","felt":null,"cdi":null,"mmi":null,"alert":null,"status":"reviewed","tsunami":0,"sig":19,"net":"us","code":"6000gg3b","ids":",us6000gg3b,","sources":",us,","types":",origin,phase-data,","nst":null,"dmin":0.246,"rms":0.02,"gap":136,"magType":"ml","type":"earthquake","title":"M 1.1 - 11 km NNE of Hoehne, Colorado"},"geometry":{"type":"Point","coordinates":[-104.347,37.3806,5]},"id":"us6000gg3b"},
{"type":"Feature","properties":{"mag":1.7,"place":"38 km SW of Denali National Park, Alaska","time":1640454152006,"updated":1640454909755,"tz":null,"url":"https://earthquake.usgs.gov/earthquakes/eventpage/ak021gi0b13q","detail":"https://earthquake.usgs.gov/earthquakes/feed/v1.0/detail/ak021gi0b13q.geojson","felt":null,"cdi":null,"mmi":null,"alert":null,"status":"automatic","tsunami":0,"sig":44,"net":"ak","code":"021gi0b13q","ids":",ak021gi0b13q,","sources":",ak,","types":",origin,","nst":null,"dmin":null,"rms":1.15,"gap":null,"magType":"ml","type":"earthquake","title":"M 1.7 - 38 km SW of Denali National Park, Alaska"},"geometry":{"type":"Point","coordinates":[-152.2076,63.2745,14.2]},"id":"ak021gi0b13q"},
{"type":"Feature","properties":{"mag":1.3,"place":"61 km NNE of Petersville, Alaska","time":1640452378367,"updated":1640452635310,"tz":null,"url":"https://earthquake.usgs.gov/earthquakes/eventpage/ak021gi04nn8","detail":"https://earthquake.usgs.gov/earthquakes/feed/v1.0/detail/ak021gi04nn8.geojson","felt":null,"cdi":null,"mmi":null,"alert":null,"status":"automatic","tsunami":0,"sig":26,"net":"ak","code":"021gi04nn8","ids":",ak021gi04nn8,","sources":",ak,","types":",origin,","nst":null,"dmin":null,"rms":0.4,"gap":null,"magType":"ml","type":"earthquake","title":"M 1.3 - 61 km NNE of Petersville, Alaska"},"geometry":{"type":"Point","coordinates":[-150.2677,63.0003,81]},"id":"ak021gi04nn8"},
{"type":"Feature","properties":{"mag":1.88999999,"place":"1 km SE of Pāhala, Hawaii","time":1640451745450,"updated":1640451935780,"tz":null,"url":"https://earthquake.usgs.gov/earthquakes/eventpage/hv72846172","detail":"https://earthquake.usgs.gov/earthquakes/feed/v1.0/detail/hv72846172.geojson","felt":null,"cdi":null,"mmi":null,"alert":null,"status":"automatic","tsunami":0,"sig":55,"net":"hv","code":"72846172","ids":",hv72846172,","sources":",hv,","types":",origin,phase-data,","nst":36,"dmin":null,"rms":0.140000001,"gap":95,"magType":"md","type":"earthquake","title":"M 1.9 - 1 km SE of Pāhala, Hawaii"},"geometry":{"type":"Point","coordinates":[-155.469665527344,19.1908340454102,35.5200004577637]},"id":"hv72846172"},
{"type":"Feature","properties":{"mag":1.90999997,"place":"0 km E of Pāhala, Hawaii","time":1640450681150,"updated":1640450875200,"tz":null,"url":"https://earthquake.usgs.gov/earthquakes/eventpage/hv72846152","detail":"https://earthquake.usgs.gov/earthquakes/feed/v1.0/detail/hv72846152.geojson","felt":null,"cdi":null,"mmi":null,"alert":null,"status":"automatic","tsunami":0,"sig":56,"net":"hv","code":"72846152","ids":",hv72846152,","sources":",hv,","types":",origin,phase-data,","nst":29,"dmin":null,"rms":0.119999997,"gap":95,"magType":"md","type":"earthquake","title":"M 1.9 - 0 km E of Pāhala, Hawaii"},"geometry":{"type":"Point","coordinates":[-155.471160888672,19.2043342590332,34.7000007629395]},"id":"hv72846152"},
{"type":"Feature","properties":{"mag":1.9,"place":"60 km ESE of Denali National Park, Alaska","time":1640449166814,"updated":1640452534831,"tz":null,"url":"https://earthquake.usgs.gov/earthquakes/eventpage/ak021ghzkne2","detail":"https://earthquake.usgs.gov/earthquakes/feed/v1.0/detail/ak021ghzkne2.geojson","felt":null,"cdi":null,"mmi":null,"alert":null,"status":"automatic","tsunami":0,"sig":56,"net":"ak","code":"021ghzkne2","ids":",ak021ghzkne2,","sources":",ak,","types":",origin,","nst":null,"dmin":null,"rms":0.39,"gap":null,"magType":"ml","type":"earthquake","title":"M 1.9 - 60 km ESE of Denali National Park, Alaska"},"geometry":{"type":"Point","coordinates":[-150.6428,63.3013,127]},"id":"ak021ghzkne2"},
{"type":"Feature","properties":{"mag":2.9,"place":"36km W of Petrolia, CA","time":1640447872330,"updated":1640795232552,"tz":null,"url":"https://earthquake.usgs.gov/earthquakes/eventpage/nc73668476","detail":"https://earthquake.usgs.gov/earthquakes/feed/v1.0/detail/nc73668476.geojson","felt":null,"cdi":null,"mmi":null,"alert":null,"status":"reviewed","tsunami":0,"sig":129,"net":"nc","code":"73668476","ids":",nc73668476,ew1640447881,us6000gf92,","sources":",nc,ew,us,","types":",associate,focal-mechanism,nearby-cities,origin,phase-data,scitech-link,","nst":47,"dmin":0.3223,"rms":0.17,"gap":231,"magType":"ml","type":"earthquake","title":"M 2.9 - 36km W of Petrolia, CA"},"geometry":{"type":"Point","coordinates":[-124.7105,40.3246667,20.15]},"id":"nc73668476"},
{"type":"Feature","properties":{"mag":0.7,"place":"21 km E of Clear, Alaska, Alaska","time":1640447164841,"updated":1640476895823,"tz":null,"url":"https://earthquake.usgs.gov/earthquakes/eventpage/ak021ghz4tba","detail":"https://earthquake.usgs.gov/earthquakes/feed/v1.0/detail/ak021ghz4tba.geojson","felt":null,"cdi":null,"mmi":null,"alert":null,"status":"reviewed","tsunami":0,"sig":8,"net":"ak","code":"021ghz4tba","ids":",ak021ghz4tba,","sources":",ak,","types":",origin,phase-data,","nst":null,"dmin":null,"rms":0.89,"gap":null,"magType":"ml","type":"earthquake","title":"M 0.7 - 21 km E of Clear, Alaska, Alaska"},"geometry":{"type":"Point","coordinates":[-148.749,64.2721,2.5]},"id":"ak021ghz4tba"},
{"type":"Feature","properties":{"mag":2.94,"place":"4 km ENE of Pāhala, Hawaii","time":1640446364900,"updated":1640627768052,"tz":null,"url":"https://earthquake.usgs.gov/earthquakes/eventpage/hv72846107","detail":"https://earthquake.usgs.gov/earthquakes/feed/v1.0/detail/hv72846107.geojson","felt":1,"cdi":2,"mmi":null,"alert":null,"status":"reviewed","tsunami":0,"sig":133,"net":"hv","code":"72846107","ids":",hv72846107,us6000gf8y,","sources":",hv,us,","types":",dyfi,origin,phase-data,","nst":50,"dmin":null,"rms":0.11,"gap":130,"magType":"ml","type":"earthquake","title":"M 2.9 - 4 km ENE of Pāhala, Hawaii"},"geometry":{"type":"Point","coordinates":[-155.435666666667,19.2116666666667,33.98]},"id":"hv72846107"},
{"type":"Feature","properties":{"mag":1.15,"place":"10km SW of Anza, CA","time":1640446327080,"updated":1640455093234,"tz":null,"url":"https://earthquake.usgs.gov/earthquakes/eventpage/ci39896343","detail":"https://earthquake.usgs.gov/earthquakes/feed/v1.0/detail/ci39896343.geojson","felt":null,"cdi":null,"mmi":null,"alert":null,"status":"reviewed","tsunami":0,"sig":20,"net":"ci","code":"39896343","ids":",ci39896343,","sources":",ci,","types":",focal-mechanism,nearby-cities,origin,phase-data,scitech-link,","nst":41,"dmin":0.05024,"rms":0.16,"gap":42,"magType":"ml","type":"earthquake","title":"M 1.2 - 10km SW of Anza, CA"},"geometry":{"type":"Point","coordinates":[-116.749,33.4861667,9.42]},"id":"ci39896343"},
{"type":"Feature","properties":{"mag":2.2,"place":"64 km SE of Denali National Park, Alaska","time":1640444659592,"updated":1640444950808,"tz":null,"url":"https://earthquake.usgs.gov/earthquakes/eventpage/ak021ghyvzq2","detail":"https://earthquake.usgs.gov/earthquakes/feed/v1.0/detail/ak021ghyvzq2.geojson","felt":null,"cdi":null,"mmi":null,"alert":null,"status":"automatic","tsunami":0,"sig":74,"net":"ak","code":"021ghyvzq2","ids":",ak021ghyvzq2,","sources":",ak,","types":",origin,","nst":null,"dmin":null,"rms":1.3,"gap":null,"magType":"ml","type":"earthquake","title":"M 2.2 - 64 km SE of Denali National Park, Alaska"},"geometry":{"type":"Point","coordinates":[-150.896,63.095,25]},"id":"ak021ghyvzq2"},
{"type":"Feature","properties":{"mag":1.2,"place":"34 km SE of Mina, Nevada","time":1640443934519,"updated":1640816975615,"tz":null,"url":"https://earthquake.usgs.gov/earthquakes/eventpage/nn00830494","detail":"https://earthquake.usgs.gov/earthquakes/feed/v1.0/detail/nn00830494.geojson","felt":null,"cdi":null,"mmi":null,"alert":null,"status":"reviewed","tsunami":0,"sig":22,"net":"nn","code":"00830494","ids":",nn00830494,","sources":",nn,","types":",origin,phase-data,","nst":17,"dmin":0.117,"rms":0.0924,"gap":113.53,"magType":"ml","type":"earthquake","title":"M 1.2 - 34 km SE of Mina, Nevada"},"geometry":{"type":"Point","coordinates":[-117.8182,38.1756,7.8]},"id":"nn00830494"},
{"type":"Feature","properties":{"mag":2.1,"place":"13 km N of Cantwell, Alaska","time":1640443804209,"updated":1640444329425,"tz":null,"url":"https://earthquake.usgs.gov/earthquakes/eventpage/ak021ghykdvf","detail":"https://earthquake.usgs.gov/earthquakes/feed/v1.0/detail/ak021ghykdvf.geojson","felt":null,"cdi":null,"mmi":null,"alert":null,"status":"automatic","tsunami":0,"sig":68,"net":"ak","code":"021ghykdvf","ids":",ak021ghykdvf,","sources":",ak,","types":",origin,","nst":null,"dmin":null,"rms":0.79,"gap":null,"magType":"ml","type":"earthquake","title":"M 2.1 - 13 km N of Cantwell, Alaska"},"geometry":{"type":"Point","coordinates":[-148.9729,63.5098,0.9]},"id":"ak021ghykdvf"},
{"type":"Feature","properties":{"mag":1.25,"place":"2km NNW of Palomar Observatory, CA","time":1640443408920,"updated":1640444037410,"tz":null,"url":"https://earthquake.usgs.gov/earthquakes/eventpage/ci39896335","detail":"https://earthquake.usgs.gov/earthquakes/feed/v1.0/detail/ci39896335.geojson","felt":null,"cdi":null,"mmi":null,"alert":null,"status":"automatic","tsunami":0,"sig":24,"net":"ci","code":"39896335","ids":",ci39896335,","sources":",ci,","types":",focal-mechanism,nearby-cities,origin,phase-data,scitech-link,","nst":44,"dmin":0.02347,"rms":0.24,"gap":27,"magType":"ml","type":"earthquake","title":"M 1.3 - 2km NNW of Palomar Observatory, CA"},"geometry":{"type":"Point","coordinates":[-116.8743333,33.375,5.52]},"id":"ci39896335"},
{"type":"Feature","properties":{"mag":3.5,"place":"86 km NNW of False Pass, Alaska","time":1640443248708,"updated":1640449834040,"tz":null,"url":"https://earthquake.usgs.gov/earthquakes/eventpage/us6000gf8j","detail":"https://earthquake.usgs.gov/earthquakes/feed/v1.0/detail/us6000gf8j.geojson","felt":null,"cdi":null,"mmi":null,"alert":null,"status":"reviewed","tsunami":0,"sig":188,"net":"us","code":"6000gf8j","ids":",us6000gf8j,","sources":",us,","types":",origin,phase-data,","nst":null,"dmin":0.779,"rms":0.37,"gap":158,"magType":"ml","type":"earthquake","title":"M 3.5 - 86 km NNW of False Pass, Alaska"},"geometry":{"type":"Point","coordinates":[-164.161,55.5071,240.51]},"id":"us6000gf8j"},
{"type":"Feature","properties":{"mag":5.3,"place":"Pacific-Antarctic Ridge","time":1640442960664,"updated":1640444777040,"tz":null,"url":"https://earthquake.usgs.gov/earthquakes/eventpage/us6000gf8r","detail":"https://earthquake.usgs.gov/earthquakes/feed/v1.0/detail/us6000gf8r.geojson","felt":null,"cdi":null,"mmi":null,"alert":null,"status":"reviewed","tsunami":0,"sig":432,"net":"us","code":"6000gf8r","ids":",us6000gf8r,","sources":",us,","types":",origin,phase-data,","nst":null,"dmin":28.415,"rms":1.1,"gap":54,"magType":"mb","type":"earthquake","title":"M 5.3 - Pacific-Antarctic Ridge"},"geometry":{"type":"Point","coordinates":[-144.313,-55.991,10]},"id":"us6000gf8r"},
{"type":"Feature","properties":{"mag":1.29,"place":"9km S of Big Bear City, CA","time":1640442955200,"updated":1640443180027,"tz":null,"url":"https://earthquake.usgs.gov/earthquakes/eventpage/ci39896327","detail":"https://earthquake.usgs.gov/earthquakes/feed/v1.0/detail/ci39896327.geojson","felt":null,"cdi":null,"mmi":null,"alert":null,"status":"automatic","tsunami":0,"sig":26,"net":"ci","code":"39896327","ids":",ci39896327,","sources":",ci,","types":",nearby-cities,origin,phase-data,scitech-link,","nst":31,"dmin":0.1136,"rms":0.17,"gap":65,"magType":"ml","type":"earthquake","title":"M 1.3 - 9km S of Big Bear City, CA"},"geometry":{"type":"Point","coordinates":[-116.8278333,34.1785,8.63]},"id":"ci39896327"},
{"type":"Feature","properties":{"mag":4.7,"place":"23 km SE of San Ignacio, Philippines","time":1640442324365,"updated":1640450618040,"tz":null,"url":"https://earthquake.usgs.gov/earthquakes/eventpage/us6000gf8i","detail":"https://earthquake.usgs.gov/earthquakes/feed/v1.0/detail/us6000gf8i.geojson","felt":null,"cdi":null,"mmi":null,"alert":null,"status":"reviewed","tsunami":0,"sig":340,"net":"us","code":"6000gf8i","ids":",us6000gf8i,","sources":",us,","types":",origin,phase-data,","nst":null,"dmin":1.073,"rms":0.96,"gap":81,"magType":"mb","type":"earthquake","title":"M 4.7 - 23 km SE of San Ignacio, Philippines"},"geometry":{"type":"Point","coordinates":[126.6579,6.9921,66.75]},"id":"us6000gf8i"},
{"type":"Feature","properties":{"mag":1.4,"place":"45 km NE of Chase, Alaska","time":1640441350034,"updated":1640441584155,"tz":null,"url":"https://earthquake.usgs.gov/earthquakes/eventpage/ak021ghyblzg","detail":"https://earthquake.usgs.gov/earthquakes/feed/v1.0/detail/ak021ghyblzg.geojson","felt":null,"cdi":null,"mmi":null,"alert":null,"status":"automatic","tsunami":0,"sig":30,"net":"ak","code":"021ghyblzg","ids":",ak021ghyblzg,","sources":",ak,","types":",origin,","nst":null,"dmin":null,"rms":0.85,"gap":null,"magType":"ml","type":"earthquake","title":"M 1.4 - 45 km NE of Chase, Alaska"},"geometry":{"type":"Point","coordinates":[-149.5412,62.7674,63.5]},"id":"ak021ghyblzg"},
{"type":"Feature","properties":{"mag":1.1,"place":"24 km ENE of Seeley Lake, Montana","time":1640441154410,"updated":1640640584790,"tz":null,"url":"https://earthquake.usgs.gov/earthquakes/eventpage/mb80534544","detail":"https://earthquake.usgs.gov/earthquakes/feed/v1.0/detail/mb80534544.geojson","felt":null,"cdi":null,"mmi":null,"alert":null,"status":"reviewed","tsunami":0,"sig":19,"net":"mb","code":"80534544","ids":",mb80534544,","sources":",mb,","types":",origin,phase-data,","nst":11,"dmin":0.177,"rms":0.16,"gap":97,"magType":"md","type":"earthquake","title":"M 1.1 - 24 km ENE of Seeley Lake, Montana"},"geometry":{"type":"Point","coordinates":[-113.1898333,47.2638333,11.37]},"id":"mb80534544"},
{"type":"Feature","properties":{"mag":0.9,"place":"26 km NE of Beluga, Alaska","time":1640440891805,"updated":1640476364259,"tz":null,"url":"https://earthquake.usgs.gov/earthquakes/eventpage/ak021ghy9wug","detail":"https://earthquake.usgs.gov/earthquakes/feed/v1.0/detail/ak021ghy9wug.geojson","felt":null,"cdi":null,"mmi":null,"alert":null,"status":"reviewed","tsunami":0,"sig":12,"net":"ak","code":"021ghy9wug","ids":",ak021ghy9wug,","sources":",ak,","types":",origin,phase-data,","nst":null,"dmin":null,"rms":0.32,"gap":null,"magType":"ml","type":"earthquake","title":"M 0.9 - 26 km NE of Beluga, Alaska"},"geometry":{"type":"Point","coordinates":[-150.7542,61.3201,53.5]},"id":"ak021ghy9wug"},
{"type":"Feature","properties":{"mag":1.09,"place":"21km NNW of Searles Valley, CA","time":1640440428830,"updated":1640440649736,"tz":null,"url":"https://earthquake.usgs.gov/earthquakes/eventpage/ci39896319","detail":"https://earthquake.usgs.gov/earthquakes/feed/v1.0/detail/ci39896319.geojson","felt":null,"cdi":null,"mmi":null,"alert":null,"status":"automatic","tsunami":0,"sig":18,"net":"ci","code":"39896319","ids":",ci39896319,","sources":",ci,","types":",nearby-cities,origin,phase-data,scitech-link,","nst":15,"dmin":0.102,"rms":0.1,"gap":166,"magType":"ml","type":"earthquake","title":"M 1.1 - 21km NNW of Searles Valley, CA"},"geometry":{"type":"Point","coordinates":[-117.4763333,35.9433333,0.25]},"id":"ci39896319"},
{"type":"Feature","properties":{"mag":2.14,"place":"20km SSW of Carpinteria, CA","time":1640439841720,"updated":1640440089677,"tz":null,"url":"https://earthquake.usgs.gov/earthquakes/eventpage/ci39896311","detail":"https://earthquake.usgs.gov/earthquakes/feed/v1.0/detail/ci39896311.geojson","felt":null,"cdi":null,"mmi":null,"alert":null,"status":"automatic","tsunami":0,"sig":70,"net":"ci","code":"39896311","ids":",ci39896311,","sources":",ci,","types":",nearby-cities,origin,phase-data,scitech-link,","nst":30,"dmin":0.1762,"rms":0.25,"gap":147,"magType":"ml","type":"earthquake","title":"M 2.1 - 20km SSW of Carpinteria, CA"},"geometry":{"type":"Point","coordinates":[-119.6013333,34.2375,1.02]},"id":"ci39896311"},
{"type":"Feature","properties":{"mag":4.6,"place":"south of the Fiji Islands","time":1640439760084,"updated":1640440911040,"tz":null,"url":"https://earthquake.usgs.gov/earthquakes/eventpage/us6000gf8b","detail":"https://earthquake.usgs.gov/earthquakes/feed/v1.0/detail/us6000gf8b.geojson","felt":null,"cdi":null,"mmi":null,"alert":null,"status":"reviewed","tsunami":0,"sig":326,"net":"us","code":"6000gf8b","ids":",us6000gf8b,","sources":",us,","types":",origin,phase-data,","nst":null,"dmin":5.189,"rms":0.89,"gap":107,"magType":"mb","type":"earthquake","title":"M 4.6 - south of the Fiji Islands"},"geometry":{"type":"Point","coordinates":[-179.974,-24.3884,503.74]},"id":"us6000gf8b"},
{"type":"Feature","properties":{"mag":1.3,"place":"17 km SW of Susitna, Alaska","time":1640439603196,"updated":1640439800984,"tz":null,"url":"https://earthquake.usgs.gov/earthquakes/eventpage/ak021ghxwt1b","detail":"https://earthquake.usgs.gov/earthquakes/feed/v1.0/detail/ak021ghxwt1b.geojson","felt":null,"cdi":null,"mmi":null,"alert":null,"status":"automatic","tsunami":0,"sig":26,"net":"ak","code":"021ghxwt1b","ids":",ak021ghxwt1b,","sources":",ak,","types":",origin,","nst":null,"dmin":null,"rms":0.33,"gap":null,"magType":"ml","type":"earthquake","title":"M 1.3 - 17 km SW of Susitna, Alaska"},"geometry":{"type":"Point","coordinates":[-150.7074,61.4192,59.8]},"id":"ak021ghxwt1b"},
{"type":"Feature","properties":{"mag":2.03999996,"place":"4 km SSW of Pāhala, Hawaii","time":1640439462190,"updated":1640439658160,"tz":null,"url":"https://earthquake.usgs.gov/earthquakes/eventpage/hv72846012","detail":"https://earthquake.usgs.gov/earthquakes/feed/v1.0/detail/hv72846012.geojson","felt":null,"cdi":null,"mmi":null,"alert":null,"status":"automatic","tsunami":0,"sig":64,"net":"hv","code":"72846012","ids":",hv72846012,","sources":",hv,","types":",origin,phase-data,","nst":34,"dmin":null,"rms":0.129999995,"gap":105,"magType":"md","type":"earthquake","title":"M 2.0 - 4 km SSW of Pāhala, Hawaii"},"geometry":{"type":"Point","coordinates":[-155.488327026367,19.1655006408691,36.2000007629395]},"id":"hv72846012"},
{"type":"Feature","properties":{"mag":1.5,"place":"21 km NNW of Sutcliffe, Nevada","time":1640439416532,"updated":1640820919453,"tz":null,"url":"https://earthquake.usgs.gov/earthquakes/eventpage/nn00830711","detail":"https://earthquake.usgs.gov/earthquakes/feed/v1.0/detail/nn00830711.geojson","felt":null,"cdi":null,"mmi":null,"alert":null,"status":"reviewed","tsunami":0,"sig":35,"net":"nn","code":"00830711","ids":",nn00830711,","sources":",nn,","types":",origin,phase-data,","nst":9,"dmin":0.06,"rms":0.1415,"gap":163.73,"magType":"ml","type":"earthquake","title":"M 1.5 - 21 km NNW of Sutcliffe, Nevada"},"geometry":{"type":"Point","coordinates":[-119.6649,40.1389,6.5]},"id":"nn00830711"},
{"type":"Feature","properties":{"mag":2.01999998,"place":"10 km ENE of Pāhala, Hawaii","time":1640439246470,"updated":1640439442170,"tz":null,"url":"https://earthquake.usgs.gov/earthquakes/eventpage/hv72846007","detail":"https://earthquake.usgs.gov/earthquakes/feed/v1.0/detail/hv72846007.geojson","felt":null,"cdi":null,"mmi":null,"alert":null,"status":"automatic","tsunami":0,"sig":63,"net":"hv","code":"72846007","ids":",hv72846007,","sources":",hv,","types":",origin,phase-data,","nst":38,"dmin":null,"rms":0.119999997,"gap":154,"magType":"md","type":"earthquake","title":"M 2.0 - 10 km ENE of Pāhala, Hawaii"},"geometry":{"type":"Point","coordinates":[-155.378326416016,19.2256660461426,32.3199996948242]},"id":"hv72846007"},
{"type":"Feature","properties":{"mag":0.54,"place":"152 km W of Adak, Alaska","time":1640438533320,"updated":1640853014530,"tz":null,"url":"https://earthquake.usgs.gov/earthquakes/eventpage/av91451521","detail":"https://earthquake.usgs.gov/earthquakes/feed/v1.0/detail/av91451521.geojson","felt":null,"cdi":null,"mmi":null,"alert":null,"status":"reviewed","tsunami":0,"sig":4,"net":"av","code":"91451521","ids":",av91451521,","sources":",av,","types":",origin,phase-data,","nst":4,"dmin":null,"rms":0.07,"gap":264,"magType":"ml","type":"earthquake","title":"M 0.5 - 152 km W of Adak, Alaska"},"geometry":{"type":"Point","coordinates":[-178.8435,51.822,3.41]},"id":"av91451521"},
{"type":"Feature","properties":{"mag":1.4,"place":"5 km N of Walker Lake, Nevada","time":1640438063298,"updated":1640816037237,"tz":null,"url":"https://earthquake.usgs.gov/earthquakes/eventpage/nn00830491","detail":"https://earthquake.usgs.gov/earthquakes/feed/v1.0/detail/nn00830491.geojson","felt":null,"cdi":null,"mmi":null,"alert":null,"status":"reviewed","tsunami":0,"sig":30,"net":"nn","code":"00830491","ids":",nn00830491,","sources":",nn,","types":",origin,phase-data,","nst":18,"dmin":0.42,"rms":0.1064,"gap":81.38,"magType":"ml","type":"earthquake","title":"M 1.4 - 5 km N of Walker Lake, Nevada"},"geometry":{"type":"Point","coordinates":[-118.7582,38.6953,5.1]},"id":"nn00830491"},
{"type":"Feature","properties":{"mag":0.5,"place":"19 km ENE of Doyle, California","time":1640437163082,"updated":1640820548222,"tz":null,"url":"https://earthquake.usgs.gov/earthquakes/eventpage/nn00830710","detail":"https://earthquake.usgs.gov/earthquakes/feed/v1.0/detail/nn00830710.geojson","felt":null,"cdi":null,"mmi":null,"alert":null,"status":"reviewed","tsunami":0,"sig":4,"net":"nn","code":"00830710","ids":",nn00830710,","sources":",nn,","types":",origin,phase-data,","nst":4,"dmin":0.141,"rms":0.1986,"gap":179.06,"magType":"ml","type":"earthquake","title":"M 0.5 - 19 km ENE of Doyle, California"},"geometry":{"type":"Point","coordinates":[-119.8874,40.0935,12.8]},"id":"nn00830710"},
{"type":"Feature","properties":{"mag":5.9,"place":"121 km SSE of Hihifo, Tonga","time":1640435949107,"updated":1640522598865,"tz":null,"url":"https://earthquake.usgs.gov/earthquakes/eventpage/us6000gf7u","detail":"https://earthquake.usgs.gov/earthquakes/feed/v1.0/detail/us6000gf7u.geojson","felt":5,"cdi":2.5,"mmi":3.4,"alert":"green","status":"reviewed","tsunami":0,"sig":537,"net":"us","code":"6000gf7u","ids":",us6000gf7u,pt21359050,","sources":",us,pt,","types":",dyfi,losspager,origin,phase-data,shakemap,","nst":null,"dmin":3.513,"rms":0.58,"gap":41,"magType":"mb","type":"earthquake","title":"M 5.9 - 121 km SSE of Hihifo, Tonga"},"geometry":{"type":"Point","coordinates":[-173.5123,-17.0191,8.61]},"id":"us6000gf7u"},
{"type":"Feature","properties":{"mag":5.4,"place":"Fiji region","time":1640435945731,"updated":1640522549849,"tz":null,"url":"https://earthquake.usgs.gov/earthquakes/eventpage/us6000gf7t","detail":"https://earthquake.usgs.gov/earthquakes/feed/v1.0/detail/us6000gf7t.geojson","felt":null,"cdi":null,"mmi":2.888,"alert":"green","status":"reviewed","tsunami":0,"sig":449,"net":"us","code":"6000gf7t","ids":",us6000gf7t,","sources":",us,","types":",losspager,origin,phase-data,shakemap,","nst":null,"dmin":15.305,"rms":1.58,"gap":80,"magType":"mb","type":"earthquake","title":"M 5.4 - Fiji region"},"geometry":{"type":"Point","coordinates":[-177.2018,-17.4639,235.42]},"id":"us6000gf7t"},
{"type":"Feature","properties":{"mag":1.9,"place":"21 km WNW of Petersville, Alaska","time":1640435880418,"updated":1640436154381,"tz":null,"url":"https://earthquake.usgs.gov/earthquakes/eventpage/ak021ghxaxs6","detail":"https://earthquake.usgs.gov/earthquakes/feed/v1.0/detail/ak021ghxaxs6.geojson","felt":null,"cdi":null,"mmi":null,"alert":null,"status":"automatic","tsunami":0,"sig":56,"net":"ak","code":"021ghxaxs6","ids":",ak021ghxaxs6,","sources":",ak,","types":",origin,","nst":null,"dmin":null,"rms":0.65,"gap":null,"magType":"ml","type":"earthquake","title":"M 1.9 - 21 km WNW of Petersville, Alaska"},"geometry":{"type":"Point","coordinates":[-151.1541,62.5653,69.5]},"id":"ak021ghxaxs6"},
{"type":"Feature","properties":{"mag":1.7,"place":"50 km ENE of Susitna North, Alaska","time":1640435846984,"updated":1640436053936,"tz":null,"url":"https://earthquake.usgs.gov/earthquakes/eventpage/ak021ghxas40","detail":"https://earthquake.usgs.gov/earthquakes/feed/v1.0/detail/ak021ghxas40.geojson","felt":null,"cdi":null,"mmi":null,"alert":null,"status":"automatic","tsunami":0,"sig":44,"net":"ak","code":"021ghxas40","ids":",ak021ghxas40,","sources":",ak,","types":",origin,","nst":null,"dmin":null,"rms":1.12,"gap":null,"magType":"ml","type":"earthquake","title":"M 1.7 - 50 km ENE of Susitna North, Alaska"},"geometry":{"type":"Point","coordinates":[-148.9985,62.3724,26.1]},"id":"ak021ghxas40"},
{"type":"Feature","properties":{"mag":0.5,"place":"35 km ENE of Furnace Creek, California","time":1640435385033,"updated":1640817916664,"tz":null,"url":"https://earthquake.usgs.gov/earthquakes/eventpage/nn00830484","detail":"https://earthquake.usgs.gov/earthquakes/feed/v1.0/detail/nn00830484.geojson","felt":null,"cdi":null,"mmi":null,"alert":null,"status":"reviewed","tsunami":0,"sig":4,"net":"nn","code":"00830484","ids":",nn00830484,","sources":",nn,","types":",origin,phase-data,","nst":18,"dmin":0.136,"rms":0.1426,"gap":72.48,"magType":"ml","type":"earthquake","title":"M 0.5 - 35 km ENE of Furnace Creek, California"},"geometry":{"type":"Point","coordinates":[-116.4877,36.5817,6.7]},"id":"nn00830484"},
{"type":"Feature","properties":{"mag":1.79,"place":"14km SSW of Carpinteria, CA","time":1640435280160,"updated":1640435503161,"tz":null,"url":"https://earthquake.usgs.gov/earthquakes/eventpage/ci39896295","detail":"https://earthquake.usgs.gov/earthquakes/feed/v1.0/detail/ci39896295.geojson","felt":null,"cdi":null,"mmi":null,"alert":null,"status":"automatic","tsunami":0,"sig":49,"net":"ci","code":"39896295","ids":",ci39896295,","sources":",ci,","types":",nearby-cities,origin,phase-data,scitech-link,","nst":19,"dmin":0.1254,"rms":0.22,"gap":204,"magType":"ml","type":"earthquake","title":"M 1.8 - 14km SSW of Carpinteria, CA"},"geometry":{"type":"Point","coordinates":[-119.586,34.2878333,2.76]},"id":"ci39896295"},
{"type":"Feature","properties":{"mag":5,"place":"69 km N of Isangel, Vanuatu","time":1640434796979,"updated":1640435816040,"tz":null,"url":"https://earthquake.usgs.gov/earthquakes/eventpage/us6000gf7p","detail":"https://earthquake.usgs.gov/earthquakes/feed/v1.0/detail/us6000gf7p.geojson","felt":null,"cdi":null,"mmi":null,"alert":null,"status":"reviewed","tsunami":0,"sig":385,"net":"us","code":"6000gf7p","ids":",us6000gf7p,","sources":",us,","types":",origin,phase-data,","nst":null,"dmin":3.953,"rms":0.56,"gap":74,"magType":"mb","type":"earthquake","title":"M 5.0 - 69 km N of Isangel, Vanuatu"},"geometry":{"type":"Point","coordinates":[169.2228,-18.9169,217.32]},"id":"us6000gf7p"},
{"type":"Feature","properties":{"mag":0.8,"place":"0 km SSE of Sattley, California","time":1640434544363,"updated":1640820362491,"tz":null,"url":"https://earthquake.usgs.gov/earthquakes/eventpage/nn00830709","detail":"https://earthquake.usgs.gov/earthquakes/feed/v1.0/detail/nn00830709.geojson","felt":null,"cdi":null,"mmi":null,"alert":null,"status":"reviewed","tsunami":0,"sig":10,"net":"nn","code":"00830709","ids":",nn00830709,","sources":",nn,","types":",origin,phase-data,","nst":10,"dmin":0.154,"rms":0.1303,"gap":104.01,"magType":"ml","type":"earthquake","title":"M 0.8 - 0 km SSE of Sattley, California"},"geometry":{"type":"Point","coordinates":[-120.4231,39.608,7.7]},"id":"nn00830709"},
{"type":"Feature","properties":{"mag":1.16,"place":"14km ENE of Ridgecrest, CA","time":1640434229760,"updated":1640434442119,"tz":null,"url":"https://earthquake.usgs.gov/earthquakes/eventpage/ci39896287","detail":"https://earthquake.usgs.gov/earthquakes/feed/v1.0/detail/ci39896287.geojson","felt":null,"cdi":null,"mmi":null,"alert":null,"status":"automatic","tsunami":0,"sig":21,"net":"ci","code":"39896287","ids":",ci39896287,","sources":",ci,","types":",nearby-cities,origin,phase-data,scitech-link,","nst":17,"dmin":0.1145,"rms":0.17,"gap":139,"magType":"ml","type":"earthquake","title":"M 1.2 - 14km ENE of Ridgecrest, CA"},"geometry":{"type":"Point","coordinates":[-117.5423333,35.6808333,6.71]},"id":"ci39896287"},
{"type":"Feature","properties":{"mag":1.3,"place":"32 km SE of Mina, Nevada","time":1640434061365,"updated":1640817541452,"tz":null,"url":"https://earthquake.usgs.gov/earthquakes/eventpage/nn00830482","detail":"https://earthquake.usgs.gov/earthquakes/feed/v1.0/detail/nn00830482.geojson","felt":null,"cdi":null,"mmi":null,"alert":null,"status":"reviewed","tsunami":0,"sig":26,"net":"nn","code":"00830482","ids":",nn00830482,","sources":",nn,","types":",origin,phase-data,","nst":17,"dmin":0.083,"rms":0.1578,"gap":110.55,"magType":"ml","type":"earthquake","title":"M 1.3 - 32 km SE of Mina, Nevada"},"geometry":{"type":"Point","coordinates":[-117.8633,38.1719,12.8]},"id":"nn00830482"},
{"type":"Feature","properties":{"mag":1.7,"place":"52 km WNW of Anchor Point, Alaska","time":1640433851170,"updated":1640434300880,"tz":null,"url":"https://earthquake.usgs.gov/earthquakes/eventpage/ak021ghx3o5z","detail":"https://earthquake.usgs.gov/earthquakes/feed/v1.0/detail/ak021ghx3o5z.geojson","felt":null,"cdi":null,"mmi":null,"alert":null,"status":"automatic","tsunami":0,"sig":44,"net":"ak","code":"021ghx3o5z","ids":",ak021ghx3o5z,","sources":",ak,","types":",origin,","nst":null,"dmin":null,"rms":0.53,"gap":null,"magType":"ml","type":"earthquake","title":"M 1.7 - 52 km WNW of Anchor Point, Alaska"},"geometry":{"type":"Point","coordinates":[-152.7274,59.9179,99.3]},"id":"ak021ghx3o5z"},
{"type":"Feature","properties":{"mag":3.19,"place":"6 km WSW of La Parguera, Puerto Rico","time":1640432959550,"updated":1640434173814,"tz":null,"url":"https://earthquake.usgs.gov/earthquakes/eventpage/pr2021359002","detail":"https://earthquake.usgs.gov/earthquakes/feed/v1.0/detail/pr2021359002.geojson","felt":null,"cdi":null,"mmi":null,"alert":null,"status":"reviewed","tsunami":0,"sig":157,"net":"pr","code":"2021359002","ids":",pr2021359002,","sources":",pr,","types":",origin,phase-data,","nst":24,"dmin":0.0557,"rms":0.13,"gap":238,"magType":"md","type":"earthquake","title":"M 3.2 - 6 km WSW of La Parguera, Puerto Rico"},"geometry":{"type":"Point","coordinates":[-67.0985,17.9518,11]},"id":"pr2021359002"},
{"type":"Feature","properties":{"mag":0.76,"place":"18km ESE of Anza, CA","time":1640432786300,"updated":1640433009529,"tz":null,"url":"https://earthquake.usgs.gov/earthquakes/eventpage/ci39896279","detail":"https://earthquake.usgs.gov/earthquakes/feed/v1.0/detail/ci39896279.geojson","felt":null,"cdi":null,"mmi":null,"alert":null,"status":"automatic","tsunami":0,"sig":9,"net":"ci","code":"39896279","ids":",ci39896279,","sources":",ci,","types":",nearby-cities,origin,phase-data,scitech-link,","nst":15,"dmin":0.05767,"rms":0.21,"gap":100,"magType":"ml","type":"earthquake","title":"M 0.8 - 18km ESE of Anza, CA"},"geometry":{"type":"Point","coordinates":[-116.4905,33.5106667,12.58]},"id":"ci39896279"},
{"type":"Feature","properties":{"mag":0.7,"place":"17km ESE of Anza, CA","time":1640432688190,"updated":1640432907988,"tz":null,"url":"https://earthquake.usgs.gov/earthquakes/eventpage/ci39896271","detail":"https://earthquake.usgs.gov/earthquakes/feed/v1.0/detail/ci39896271.geojson","felt":null,"cdi":null,"mmi":null,"alert":null,"status":"automatic","tsunami":0,"sig":8,"net":"ci","code":"39896271","ids":",ci39896271,","sources":",ci,","types":",nearby-cities,origin,phase-data,scitech-link,","nst":22,"dmin":0.04914,"rms":0.18,"gap":55,"magType":"ml","type":"earthquake","title":"M 0.7 - 17km ESE of Anza, CA"},"geometry":{"type":"Point","coordinates":[-116.4986667,33.5163333,13.68]},"id":"ci39896271"},
{"type":"Feature","properties":{"mag":0.06,"place":"149 km W of Adak, Alaska","time":1640432204040,"updated":1640851504700,"tz":null,"url":"https://earthquake.usgs.gov/earthquakes/eventpage/av91451441","detail":"https://earthquake.usgs.gov/earthquakes/feed/v1.0/detail/av91451441.geojson","felt":null,"cdi":null,"mmi":null,"alert":null,"status":"reviewed","tsunami":0,"sig":0,"net":"av","code":"91451441","ids":",av91451441,","sources":",av,","types":",origin,phase-data,","nst":5,"dmin":null,"rms":0.06,"gap":97,"magType":"ml","type":"earthquake","title":"M 0.1 - 149 km W of Adak, Alaska"},"geometry":{"type":"Point","coordinates":[-178.793166666667,51.7895,5.14]},"id":"av91451441"},
{"type":"Feature","properties":{"mag":1.46,"place":"12km SSW of Borrego Springs, CA","time":1640431603470,"updated":1640432232180,"tz":null,"url":"https://earthquake.usgs.gov/earthquakes/eventpage/ci39896263","detail":"https://earthquake.usgs.gov/earthquakes/feed/v1.0/detail/ci39896263.geojson","felt":null,"cdi":null,"mmi":null,"alert":null,"status":"automatic","tsunami":0,"sig":33,"net":"ci","code":"39896263","ids":",ci39896263,","sources":",ci,","types":",focal-mechanism,nearby-cities,origin,phase-data,scitech-link,","nst":44,"dmin":0.1015,"rms":0.27,"gap":61,"magType":"ml","type":"earthquake","title":"M 1.5 - 12km SSW of Borrego Springs, CA"},"geometry":{"type":"Point","coordinates":[-116.4415,33.1685,11.44]},"id":"ci39896263"},
{"type":"Feature","properties":{"mag":1.29,"place":"12km SSW of Borrego Springs, CA","time":1640431597010,"updated":1640431815297,"tz":null,"url":"https://earthquake.usgs.gov/earthquakes/eventpage/ci39896255","detail":"https://earthquake.usgs.gov/earthquakes/feed/v1.0/detail/ci39896255.geojson","felt":null,"cdi":null,"mmi":null,"alert":null,"status":"automatic","tsunami":0,"sig":26,"net":"ci","code":"39896255","ids":",ci39896255,","sources":",ci,","types":",nearby-cities,origin,phase-data,scitech-link,","nst":35,"dmin":0.1036,"rms":0.25,"gap":49,"magType":"ml","type":"earthquake","title":"M 1.3 - 12km SSW of Borrego Springs, CA"},"geometry":{"type":"Point","coordinates":[-116.4373333,33.1656667,10.74]},"id":"ci39896255"},
{"type":"Feature","properties":{"mag":2.06,"place":"11km SSW of Borrego Springs, CA","time":1640431494760,"updated":1640455217750,"tz":null,"url":"https://earthquake.usgs.gov/earthquakes/eventpage/ci39896247","detail":"https://earthquake.usgs.gov/earthquakes/feed/v1.0/detail/ci39896247.geojson","felt":null,"cdi":null,"mmi":null,"alert":null,"status":"reviewed","tsunami":0,"sig":65,"net":"ci","code":"39896247","ids":",ci39896247,","sources":",ci,","types":",focal-mechanism,nearby-cities,origin,phase-data,scitech-link,","nst":61,"dmin":0.1004,"rms":0.21,"gap":38,"magType":"ml","type":"earthquake","title":"M 2.1 - 11km SSW of Borrego Springs, CA"},"geometry":{"type":"Point","coordinates":[-116.442,33.1696667,12.09]},"id":"ci39896247"},
{"type":"Feature","properties":{"mag":1.34,"place":"11km SSW of Borrego Springs, CA","time":1640431469850,"updated":1640431685826,"tz":null,"url":"https://earthquake.usgs.gov/earthquakes/eventpage/ci39896239","detail":"https://earthquake.usgs.gov/earthquakes/feed/v1.0/detail/ci39896239.geojson","felt":null,"cdi":null,"mmi":null,"alert":null,"status":"automatic","tsunami":0,"sig":28,"net":"ci","code":"39896239","ids":",ci39896239,","sources":",ci,","types":",nearby-cities,origin,phase-data,scitech-link,","nst":23,"dmin":0.098,"rms":0.21,"gap":69,"magType":"ml","type":"earthquake","title":"M 1.3 - 11km SSW of Borrego Springs, CA"},"geometry":{"type":"Point","coordinates":[-116.4251667,33.1701667,10.94]},"id":"ci39896239"},
{"type":"Feature","properties":{"mag":1.54,"place":"11km SSW of Borrego Springs, CA","time":1640431435380,"updated":1640432102780,"tz":null,"url":"https://earthquake.usgs.gov/earthquakes/eventpage/ci39896223","detail":"https://earthquake.usgs.gov/earthquakes/feed/v1.0/detail/ci39896223.geojson","felt":null,"cdi":null,"mmi":null,"alert":null,"status":"automatic","tsunami":0,"sig":36,"net":"ci","code":"39896223","ids":",ci39896223,","sources":",ci,","types":",focal-mechanism,nearby-cities,origin,phase-data,scitech-link,","nst":48,"dmin":0.1001,"rms":0.23,"gap":52,"magType":"ml","type":"earthquake","title":"M 1.5 - 11km SSW of Borrego Springs, CA"},"geometry":{"type":"Point","coordinates":[-116.4386667,33.1695,11.91]},"id":"ci39896223"},
{"type":"Feature","properties":{"mag":0.98,"place":"11km SW of Borrego Springs, CA","time":1640431391830,"updated":1640431618541,"tz":null,"url":"https://earthquake.usgs.gov/earthquakes/eventpage/ci39896215","detail":"https://earthquake.usgs.gov/earthquakes/feed/v1.0/detail/ci39896215.geojson","felt":null,"cdi":null,"mmi":null,"alert":null,"status":"automatic","tsunami":0,"sig":15,"net":"ci","code":"39896215","ids":",ci39896215,","sources":",ci,","types":",nearby-cities,origin,phase-data,scitech-link,","nst":25,"dmin":0.09509,"rms":0.23,"gap":70,"magType":"ml","type":"earthquake","title":"M 1.0 - 11km SW of Borrego Springs, CA"},"geometry":{"type":"Point","coordinates":[-116.4401667,33.1748333,11.44]},"id":"ci39896215"},
{"type":"Feature","properties":{"mag":1.6,"place":"16 km NE of Hoehne, Colorado","time":1640431303210,"updated":1640775404040,"tz":null,"url":"https://earthquake.usgs.gov/earthquakes/eventpage/us6000gg3a","detail":"https://earthquake.usgs.gov/earthquakes/feed/v1.0/detail/us6000gg3a.geojson","felt":null,"cdi":null,"mmi":null,"alert":null,"status":"reviewed","tsunami":0,"sig":39,"net":"us","code":"6000gg3a","ids":",us6000gg3a,","sources":",us,","types":",origin,phase-data,","nst":null,"dmin":0.285,"rms":0.57,"gap":148,"magType":"ml","type":"earthquake","title":"M 1.6 - 16 km NE of Hoehne, Colorado"},"geometry":{"type":"Point","coordinates":[-104.2707,37.4025,8.26]},"id":"us6000gg3a"},
{"type":"Feature","properties":{"mag":1.74000001,"place":"5 km ESE of Pāhala, Hawaii","time":1640431107180,"updated":1640431309610,"tz":null,"url":"https://earthquake.usgs.gov/earthquakes/eventpage/hv72845907","detail":"https://earthquake.usgs.gov/earthquakes/feed/v1.0/detail/hv72845907.geojson","felt":null,"cdi":null,"mmi":null,"alert":null,"status":"automatic","tsunami":0,"sig":47,"net":"hv","code":"72845907","ids":",hv72845907,","sources":",hv,","types":",origin,phase-data,","nst":33,"dmin":null,"rms":0.25999999,"gap":148,"magType":"md","type":"earthquake","title":"M 1.7 - 5 km ESE of Pāhala, Hawaii"},"geometry":{"type":"Point","coordinates":[-155.432998657227,19.1900005340576,-0.379999995231628]},"id":"hv72845907"},
{"type":"Feature","properties":{"mag":0.92,"place":"12km ENE of Ridgecrest, CA","time":1640430579640,"updated":1640455264065,"tz":null,"url":"https://earthquake.usgs.gov/earthquakes/eventpage/ci39896207","detail":"https://earthquake.usgs.gov/earthquakes/feed/v1.0/detail/ci39896207.geojson","felt":null,"cdi":null,"mmi":null,"alert":null,"status":"reviewed","tsunami":0,"sig":13,"net":"ci","code":"39896207","ids":",ci39896207,","sources":",ci,","types":",nearby-cities,origin,phase-data,scitech-link,","nst":11,"dmin":0.1232,"rms":0.2,"gap":143,"magType":"ml","type":"earthquake","title":"M 0.9 - 12km ENE of Ridgecrest, CA"},"geometry":{"type":"Point","coordinates":[-117.5638333,35.678,13.73]},"id":"ci39896207"},
{"type":"Feature","properties":{"mag":2.03,"place":"31 km NW of Stanley, Idaho","time":1640430451790,"updated":1640621734550,"tz":null,"url":"https://earthquake.usgs.gov/earthquakes/eventpage/mb80534459","detail":"https://earthquake.usgs.gov/earthquakes/feed/v1.0/detail/mb80534459.geojson","felt":null,"cdi":null,"mmi":null,"alert":null,"status":"reviewed","tsunami":0,"sig":63,"net":"mb","code":"80534459","ids":",mb80534459,","sources":",mb,","types":",origin,phase-data,","nst":7,"dmin":0.873,"rms":0.19,"gap":84,"magType":"ml","type":"earthquake","title":"M 2.0 - 31 km NW of Stanley, Idaho"},"geometry":{"type":"Point","coordinates":[-115.2263333,44.4105,14.49]},"id":"mb80534459"},
{"type":"Feature","properties":{"mag":0.44,"place":"Andreanof Islands, Aleutian Islands, Alaska","time":1640428951230,"updated":1640850970690,"tz":null,"url":"https://earthquake.usgs.gov/earthquakes/eventpage/av91451421","detail":"https://earthquake.usgs.gov/earthquakes/feed/v1.0/detail/av91451421.geojson","felt":null,"cdi":null,"mmi":null,"alert":null,"status":"reviewed","tsunami":0,"sig":3,"net":"av","code":"91451421","ids":",av91451421,","sources":",av,","types":",origin,phase-data,","nst":5,"dmin":null,"rms":0.04,"gap":123,"magType":"ml","type":"earthquake","title":"M 0.4 - Andreanof Islands, Aleutian Islands, Alaska"},"geometry":{"type":"Point","coordinates":[-178.805833333333,51.7831666666667,3.62]},"id":"av91451421"},
{"type":"Feature","properties":{"mag":4.4,"place":"23 km WNW of Otrada, Russia","time":1640428840320,"updated":1640430228040,"tz":null,"url":"https://earthquake.usgs.gov/earthquakes/eventpage/us6000gf7d","detail":"https://earthquake.usgs.gov/earthquakes/feed/v1.0/detail/us6000gf7d.geojson","felt":null,"cdi":null,"mmi":null,"alert":null,"status":"reviewed","tsunami":0,"sig":298,"net":"us","code":"6000gf7d","ids":",us6000gf7d,","sources":",us,","types":",origin,phase-data,","nst":null,"dmin":2.153,"rms":0.52,"gap":121,"magType":"mb","type":"earthquake","title":"M 4.4 - 23 km WNW of Otrada, Russia"},"geometry":{"type":"Point","coordinates":[145.5833,44.1366,126.22]},"id":"us6000gf7d"},
{"type":"Feature","properties":{"mag":1.5,"place":"35 km SE of Mina, Nevada","time":1640428612978,"updated":1640815658423,"tz":null,"url":"https://earthquake.usgs.gov/earthquakes/eventpage/nn00830481","detail":"https://earthquake.usgs.gov/earthquakes/feed/v1.0/detail/nn00830481.geojson","felt":null,"cdi":null,"mmi":null,"alert":null,"status":"reviewed","tsunami":0,"sig":35,"net":"nn","code":"00830481","ids":",nn00830481,","sources":",nn,","types":",origin,phase-data,","nst":19,"dmin":0.115,"rms":0.1025,"gap":112.64,"magType":"ml","type":"earthquake","title":"M 1.5 - 35 km SE of Mina, Nevada"},"geometry":{"type":"Point","coordinates":[-117.8181,38.1686,8.1]},"id":"nn00830481"},
{"type":"Feature","properties":{"mag":1.7,"place":"35 km SE of Mina, Nevada","time":1640428575369,"updated":1640815471844,"tz":null,"url":"https://earthquake.usgs.gov/earthquakes/eventpage/nn00830478","detail":"https://earthquake.usgs.gov/earthquakes/feed/v1.0/detail/nn00830478.geojson","felt":null,"cdi":null,"mmi":null,"alert":null,"status":"reviewed","tsunami":0,"sig":44,"net":"nn","code":"00830478","ids":",nn00830478,","sources":",nn,","types":",origin,phase-data,","nst":19,"dmin":0.113,"rms":0.106,"gap":112.21,"magType":"ml","type":"earthquake","title":"M 1.7 - 35 km SE of Mina, Nevada"},"geometry":{"type":"Point","coordinates":[-117.8209,38.1664,9.2]},"id":"nn00830478"},
{"type":"Feature","properties":{"mag":1.61,"place":"15km W of Searles Valley, CA","time":1640427983320,"updated":1640455333420,"tz":null,"url":"https://earthquake.usgs.gov/earthquakes/eventpage/ci39896199","detail":"https://earthquake.usgs.gov/earthquakes/feed/v1.0/detail/ci39896199.geojson","felt":null,"cdi":null,"mmi":null,"alert":null,"status":"reviewed","tsunami":0,"sig":40,"net":"ci","code":"39896199","ids":",ci39896199,","sources":",ci,","types":",focal-mechanism,nearby-cities,origin,phase-data,scitech-link,","nst":23,"dmin":0.06032,"rms":0.17,"gap":131,"magType":"ml","type":"earthquake","title":"M 1.6 - 15km W of Searles Valley, CA"},"geometry":{"type":"Point","coordinates":[-117.5725,35.7588333,10.44]},"id":"ci39896199"},
{"type":"Feature","properties":{"mag":0.97,"place":"11km SSW of Borrego Springs, CA","time":1640427965410,"updated":1640428177527,"tz":null,"url":"https://earthquake.usgs.gov/earthquakes/eventpage/ci39896191","detail":"https://earthquake.usgs.gov/earthquakes/feed/v1.0/detail/ci39896191.geojson","felt":null,"cdi":null,"mmi":null,"alert":null,"status":"automatic","tsunami":0,"sig":14,"net":"ci","code":"39896191","ids":",ci39896191,","sources":",ci,","types":",nearby-cities,origin,phase-data,scitech-link,","nst":18,"dmin":0.09972,"rms":0.21,"gap":100,"magType":"ml","type":"earthquake","title":"M 1.0 - 11km SSW of Borrego Springs, CA"},"geometry":{"type":"Point","coordinates":[-116.4261667,33.1685,11.75]},"id":"ci39896191"},
{"type":"Feature","properties":{"mag":2.37,"place":"4km SSW of Anderson Springs, CA","time":1640427904120,"updated":1640429171166,"tz":null,"url":"https://earthquake.usgs.gov/earthquakes/eventpage/nc73668456","detail":"https://earthquake.usgs.gov/earthquakes/feed/v1.0/detail/nc73668456.geojson","felt":null,"cdi":null,"mmi":null,"alert":null,"status":"automatic","tsunami":0,"sig":86,"net":"nc","code":"73668456","ids":",nc73668456,","sources":",nc,","types":",nearby-cities,origin,phase-data,scitech-link,","nst":14,"dmin":0.08022,"rms":0.1,"gap":78,"magType":"md","type":"earthquake","title":"M 2.4 - 4km SSW of Anderson Springs, CA"},"geometry":{"type":"Point","coordinates":[-122.7088318,38.7366676,-0.69]},"id":"nc73668456"},
{"type":"Feature","properties":{"mag":0.36,"place":"153 km W of Adak, Alaska","time":1640427606120,"updated":1640850564150,"tz":null,"url":"https://earthquake.usgs.gov/earthquakes/eventpage/av91451416","detail":"https://earthquake.usgs.gov/earthquakes/feed/v1.0/detail/av91451416.geojson","felt":null,"cdi":null,"mmi":null,"alert":null,"status":"reviewed","tsunami":0,"sig":2,"net":"av","code":"91451416","ids":",av91451416,","sources":",av,","types":",origin,phase-data,","nst":4,"dmin":null,"rms":0.05,"gap":288,"magType":"ml","type":"earthquake","title":"M 0.4 - 153 km W of Adak, Alaska"},"geometry":{"type":"Point","coordinates":[-178.864666666667,51.8296666666667,2.74]},"id":"av91451416"},
{"type":"Feature","properties":{"mag":4.3,"place":"177 km SE of Chignik, Alaska","time":1640427354124,"updated":1640476064802,"tz":null,"url":"https://earthquake.usgs.gov/earthquakes/eventpage/ak021ghvz8wg","detail":"https://earthquake.usgs.gov/earthquakes/feed/v1.0/detail/ak021ghvz8wg.geojson","felt":null,"cdi":null,"mmi":1.583,"alert":null,"status":"reviewed","tsunami":0,"sig":284,"net":"ak","code":"021ghvz8wg","ids":",us6000gf78,ak021ghvz8wg,","sources":",us,ak,","types":",moment-tensor,origin,phase-data,shakemap,","nst":null,"dmin":null,"rms":0.96,"gap":null,"magType":"ml","type":"earthquake","title":"M 4.3 - 177 km SE of Chignik, Alaska"},"geometry":{"type":"Point","coordinates":[-156.6674,55.0365,44.3]},"id":"ak021ghvz8wg"},
{"type":"Feature","properties":{"mag":1.3,"place":"Southern Alaska","time":1640427235125,"updated":1640474981127,"tz":null,"url":"https://earthquake.usgs.gov/earthquakes/eventpage/ak021ghvyu4w","detail":"https://earthquake.usgs.gov/earthquakes/feed/v1.0/detail/ak021ghvyu4w.geojson","felt":null,"cdi":null,"mmi":null,"alert":null,"status":"reviewed","tsunami":0,"sig":26,"net":"ak","code":"021ghvyu4w","ids":",ak021ghvyu4w,","sources":",ak,","types":",origin,phase-data,","nst":null,"dmin":null,"rms":0.68,"gap":null,"magType":"ml","type":"earthquake","title":"M 1.3 - Southern Alaska"},"geometry":{"type":"Point","coordinates":[-147.6801,60.4002,4.8]},"id":"ak021ghvyu4w"},
{"type":"Feature","properties":{"mag":1.28,"place":"2km N of The Geysers, CA","time":1640427005970,"updated":1640720591258,"tz":null,"url":"https://earthquake.usgs.gov/earthquakes/eventpage/nc73668451","detail":"https://earthquake.usgs.gov/earthquakes/feed/v1.0/detail/nc73668451.geojson","felt":null,"cdi":null,"mmi":null,"alert":null,"status":"reviewed","tsunami":0,"sig":25,"net":"nc","code":"73668451","ids":",nc73668451,","sources":",nc,","types":",nearby-cities,origin,phase-data,scitech-link,","nst":31,"dmin":0.01044,"rms":0.04,"gap":73,"magType":"md","type":"earthquake","title":"M 1.3 - 2km N of The Geysers, CA"},"geometry":{"type":"Point","coordinates":[-122.7595,38.7901667,1.15]},"id":"nc73668451"},
{"type":"Feature","properties":{"mag":1,"place":"19 km NW of Nikiski, Alaska","time":1640426888755,"updated":1640427087871,"tz":null,"url":"https://earthquake.usgs.gov/earthquakes/eventpage/ak021ghvxnqj","detail":"https://earthquake.usgs.gov/earthquakes/feed/v1.0/detail/ak021ghvxnqj.geojson","felt":null,"cdi":null,"mmi":null,"alert":null,"status":"automatic","tsunami":0,"sig":15,"net":"ak","code":"021ghvxnqj","ids":",ak021ghvxnqj,","sources":",ak,","types":",origin,","nst":null,"dmin":null,"rms":0.41,"gap":null,"magType":"ml","type":"earthquake","title":"M 1.0 - 19 km NW of Nikiski, Alaska"},"geometry":{"type":"Point","coordinates":[-151.5357,60.8111,67.8]},"id":"ak021ghvxnqj"},
{"type":"Feature","properties":{"mag":4.6,"place":"149 km E of Levuka, Fiji","time":1640426604848,"updated":1640427637040,"tz":null,"url":"https://earthquake.usgs.gov/earthquakes/eventpage/us6000gf77","detail":"https://earthquake.usgs.gov/earthquakes/feed/v1.0/detail/us6000gf77.geojson","felt":null,"cdi":null,"mmi":null,"alert":null,"status":"reviewed","tsunami":0,"sig":326,"net":"us","code":"6000gf77","ids":",us6000gf77,","sources":",us,","types":",origin,phase-data,","nst":null,"dmin":2.552,"rms":0.82,"gap":111,"magType":"mb","type":"earthquake","title":"M 4.6 - 149 km E of Levuka, Fiji"},"geometry":{"type":"Point","coordinates":[-179.2788,-17.982,629.23]},"id":"us6000gf77"},
{"type":"Feature","properties":{"mag":1.29,"place":"14km SW of Searles Valley, CA","time":1640426392530,"updated":1640455405291,"tz":null,"url":"https://earthquake.usgs.gov/earthquakes/eventpage/ci39896183","detail":"https://earthquake.usgs.gov/earthquakes/feed/v1.0/detail/ci39896183.geojson","felt":null,"cdi":null,"mmi":null,"alert":null,"status":"reviewed","tsunami":0,"sig":26,"net":"ci","code":"39896183","ids":",ci39896183,","sources":",ci,","types":",focal-mechanism,nearby-cities,origin,phase-data,scitech-link,","nst":16,"dmin":0.102,"rms":0.14,"gap":140,"magType":"ml","type":"earthquake","title":"M 1.3 - 14km SW of Searles Valley, CA"},"geometry":{"type":"Point","coordinates":[-117.5118333,35.6803333,10.94]},"id":"ci39896183"},
{"type":"Feature","properties":{"mag":2.5,"place":"35 km SE of Mina, Nevada","time":1640426087902,"updated":1640815100802,"tz":null,"url":"https://earthquake.usgs.gov/earthquakes/eventpage/nn00830474","detail":"https://earthquake.usgs.gov/earthquakes/feed/v1.0/detail/nn00830474.geojson","felt":null,"cdi":null,"mmi":null,"alert":null,"status":"reviewed","tsunami":0,"sig":96,"net":"nn","code":"00830474","ids":",us6000gf71,nn00830474,","sources":",us,nn,","types":",origin,phase-data,","nst":19,"dmin":0.114,"rms":0.1283,"gap":56.89,"magType":"ml","type":"earthquake","title":"M 2.5 - 35 km SE of Mina, Nevada"},"geometry":{"type":"Point","coordinates":[-117.8189,38.1676,10]},"id":"nn00830474"},
{"type":"Feature","properties":{"mag":2.97,"place":"46 km ESE of Naalehu, Hawaii","time":1640425894970,"updated":1640626991200,"tz":null,"url":"https://earthquake.usgs.gov/earthquakes/eventpage/hv72845842","detail":"https://earthquake.usgs.gov/earthquakes/feed/v1.0/detail/hv72845842.geojson","felt":null,"cdi":null,"mmi":null,"alert":null,"status":"reviewed","tsunami":0,"sig":136,"net":"hv","code":"72845842","ids":",us6000gf6y,hv72845842,","sources":",us,hv,","types":",origin,phase-data,","nst":39,"dmin":null,"rms":0.12,"gap":262,"magType":"ml","type":"earthquake","title":"M 3.0 - 46 km ESE of Naalehu, Hawaii"},"geometry":{"type":"Point","coordinates":[-155.1925,18.8626666666667,10.45]},"id":"hv72845842"},
{"type":"Feature","properties":{"mag":0.92,"place":"36 km NNE of Amboy, Washington","time":1640425532900,"updated":1640654772440,"tz":null,"url":"https://earthquake.usgs.gov/earthquakes/eventpage/uw61799432","detail":"https://earthquake.usgs.gov/earthquakes/feed/v1.0/detail/uw61799432.geojson","felt":null,"cdi":null,"mmi":null,"alert":null,"status":"reviewed","tsunami":0,"sig":13,"net":"uw","code":"61799432","ids":",uw61799432,","sources":",uw,","types":",origin,phase-data,","nst":11,"dmin":0.01585,"rms":0.08,"gap":90,"magType":"ml","type":"earthquake","title":"M 0.9 - 36 km NNE of Amboy, Washington"},"geometry":{"type":"Point","coordinates":[-122.214833333333,46.2011666666667,6.42]},"id":"uw61799432"},
{"type":"Feature","properties":{"mag":1.5,"place":"63 km S of Denali National Park, Alaska","time":1640424029186,"updated":1640424242854,"tz":null,"url":"https://earthquake.usgs.gov/earthquakes/eventpage/ak021ghveuau","detail":"https://earthquake.usgs.gov/earthquakes/feed/v1.0/detail/ak021ghveuau.geojson","felt":null,"cdi":null,"mmi":null,"alert":null,"status":"automatic","tsunami":0,"sig":35,"net":"ak","code":"021ghveuau","ids":",ak021ghveuau,","sources":",ak,","types":",origin,","nst":null,"dmin":null,"rms":1.3,"gap":null,"magType":"ml","type":"earthquake","title":"M 1.5 - 63 km S of Denali National Park, Alaska"},"geometry":{"type":"Point","coordinates":[-151.5176,62.9749,42]},"id":"ak021ghveuau"},
{"type":"Feature","properties":{"mag":5.4,"place":"South Indian Ocean","time":1640424012507,"updated":1640567264040,"tz":null,"url":"https://earthquake.usgs.gov/earthquakes/eventpage/us6000gf6p","detail":"https://earthquake.usgs.gov/earthquakes/feed/v1.0/detail/us6000gf6p.geojson","felt":null,"cdi":null,"mmi":0,"alert":"green","status":"reviewed","tsunami":0,"sig":449,"net":"us","code":"6000gf6p","ids":",us6000gf6p,","sources":",us,","types":",losspager,moment-tensor,origin,phase-data,shakemap,","nst":null,"dmin":10.123,"rms":0.62,"gap":17,"magType":"mww","type":"earthquake","title":"M 5.4 - South Indian Ocean"},"geometry":{"type":"Point","coordinates":[53.3134,-36.3569,10]},"id":"us6000gf6p"},
{"type":"Feature","properties":{"mag":0.7,"place":"24 km N of Sutcliffe, Nevada","time":1640423976380,"updated":1640819991326,"tz":null,"url":"https://earthquake.usgs.gov/earthquakes/eventpage/nn00830708","detail":"https://earthquake.usgs.gov/earthquakes/feed/v1.0/detail/nn00830708.geojson","felt":null,"cdi":null,"mmi":null,"alert":null,"status":"reviewed","tsunami":0,"sig":8,"net":"nn","code":"00830708","ids":",nn00830708,","sources":",nn,","types":",origin,phase-data,","nst":4,"dmin":0.07,"rms":0.1629,"gap":246.12,"magType":"ml","type":"earthquake","title":"M 0.7 - 24 km N of Sutcliffe, Nevada"},"geometry":{"type":"Point","coordinates":[-119.6409,40.1693,9.5]},"id":"nn00830708"},
{"type":"Feature","properties":{"mag":1.9,"place":"45 km SE of Pedro Bay, Alaska","time":1640423571607,"updated":1640423932197,"tz":null,"url":"https://earthquake.usgs.gov/earthquakes/eventpage/ak021ghvd6aw","detail":"https://earthquake.usgs.gov/earthquakes/feed/v1.0/detail/ak021ghvd6aw.geojson","felt":null,"cdi":null,"mmi":null,"alert":null,"status":"automatic","tsunami":0,"sig":56,"net":"ak","code":"021ghvd6aw","ids":",ak021ghvd6aw,","sources":",ak,","types":",origin,","nst":null,"dmin":null,"rms":1.12,"gap":null,"magType":"ml","type":"earthquake","title":"M 1.9 - 45 km SE of Pedro Bay, Alaska"},"geometry":{"type":"Point","coordinates":[-153.4566,59.5396,110.3]},"id":"ak021ghvd6aw"},
{"type":"Feature","properties":{"mag":1.1,"place":"24 km WSW of Anchorage, Alaska","time":1640422731486,"updated":1640423310840,"tz":null,"url":"https://earthquake.usgs.gov/earthquakes/eventpage/ak021ghv1lmj","detail":"https://earthquake.usgs.gov/earthquakes/feed/v1.0/detail/ak021ghv1lmj.geojson","felt":null,"cdi":null,"mmi":null,"alert":null,"status":"automatic","tsunami":0,"sig":19,"net":"ak","code":"021ghv1lmj","ids":",ak021ghv1lmj,","sources":",ak,","types":",origin,","nst":null,"dmin":null,"rms":0.38,"gap":null,"magType":"ml","type":"earthquake","title":"M 1.1 - 24 km WSW of Anchorage, Alaska"},"geometry":{"type":"Point","coordinates":[-150.3016,61.1153,42.3]},"id":"ak021ghv1lmj"},
{"type":"Feature","properties":{"mag":2,"place":"9 km NE of Pāhala, Hawaii","time":1640422495110,"updated":1640422685600,"tz":null,"url":"https://earthquake.usgs.gov/earthquakes/eventpage/hv72845797","detail":"https://earthquake.usgs.gov/earthquakes/feed/v1.0/detail/hv72845797.geojson","felt":null,"cdi":null,"mmi":null,"alert":null,"status":"automatic","tsunami":0,"sig":62,"net":"hv","code":"72845797","ids":",hv72845797,","sources":",hv,","types":",origin,phase-data,","nst":34,"dmin":null,"rms":0.129999995,"gap":129,"magType":"md","type":"earthquake","title":"M 2.0 - 9 km NE of Pāhala, Hawaii"},"geometry":{"type":"Point","coordinates":[-155.400833129883,19.2533340454102,31.9200000762939]},"id":"hv72845797"},
{"type":"Feature","properties":{"mag":2.23,"place":"4 km SSW of Indios, Puerto Rico","time":1640421882560,"updated":1640423989479,"tz":null,"url":"https://earthquake.usgs.gov/earthquakes/eventpage/pr2021359001","detail":"https://earthquake.usgs.gov/earthquakes/feed/v1.0/detail/pr2021359001.geojson","felt":null,"cdi":null,"mmi":null,"alert":null,"status":"reviewed","tsunami":0,"sig":77,"net":"pr","code":"2021359001","ids":",pr2021359001,","sources":",pr,","types":",origin,phase-data,","nst":10,"dmin":0.046,"rms":0.11,"gap":204,"magType":"md","type":"earthquake","title":"M 2.2 - 4 km SSW of Indios, Puerto Rico"},"geometry":{"type":"Point","coordinates":[-66.8361,17.9591,10]},"id":"pr2021359001"},
{"type":"Feature","properties":{"mag":1.69,"place":"0 km NNE of Navy Yard City, Washington","time":1640421709680,"updated":1640653827880,"tz":null,"url":"https://earthquake.usgs.gov/earthquakes/eventpage/uw61799427","detail":"https://earthquake.usgs.gov/earthquakes/feed/v1.0/detail/uw61799427.geojson","felt":null,"cdi":null,"mmi":null,"alert":null,"status":"reviewed","tsunami":0,"sig":44,"net":"uw","code":"61799427","ids":",uw61799427,","sources":",uw,","types":",origin,phase-data,","nst":53,"dmin":0.06913,"rms":0.25,"gap":30,"magType":"ml","type":"earthquake","title":"M 1.7 - 0 km NNE of Navy Yard City, Washington"},"geometry":{"type":"Point","coordinates":[-122.66,47.5581666666667,24.49]},"id":"uw61799427"},
{"type":"Feature","properties":{"mag":0.72,"place":"14 km NE of Ashford, Washington","time":1640421522170,"updated":1640652712700,"tz":null,"url":"https://earthquake.usgs.gov/earthquakes/eventpage/uw61799422","detail":"https://earthquake.usgs.gov/earthquakes/feed/v1.0/detail/uw61799422.geojson","felt":null,"cdi":null,"mmi":null,"alert":null,"status":"reviewed","tsunami":0,"sig":8,"net":"uw","code":"61799422","ids":",uw61799422,","sources":",uw,","types":",origin,phase-data,","nst":16,"dmin":0.02611,"rms":0.09,"gap":81,"magType":"ml","type":"earthquake","title":"M 0.7 - 14 km NE of Ashford, Washington"},"geometry":{"type":"Point","coordinates":[-121.917333333333,46.8581666666667,10.53]},"id":"uw61799422"},
{"type":"Feature","properties":{"mag":2.1,"place":"0 km SSW of Guayanilla, Puerto Rico","time":1640421409250,"updated":1640422257560,"tz":null,"url":"https://earthquake.usgs.gov/earthquakes/eventpage/pr2021359000","detail":"https://earthquake.usgs.gov/earthquakes/feed/v1.0/detail/pr2021359000.geojson","felt":null,"cdi":null,"mmi":null,"alert":null,"status":"reviewed","tsunami":0,"sig":68,"net":"pr","code":"2021359000","ids":",pr2021359000,","sources":",pr,","types":",origin,phase-data,","nst":11,"dmin":0.091,"rms":0.16,"gap":160,"magType":"md","type":"earthquake","title":"M 2.1 - 0 km SSW of Guayanilla, Puerto Rico"},"geometry":{"type":"Point","coordinates":[-66.7958,18.0115,17]},"id":"pr2021359000"},
{"type":"Feature","properties":{"mag":1.5,"place":"35 km SSE of Chickaloon, Alaska","time":1640421089084,"updated":1640421727763,"tz":null,"url":"https://earthquake.usgs.gov/earthquakes/eventpage/ak021ghuvrjk","detail":"https://earthquake.usgs.gov/earthquakes/feed/v1.0/detail/ak021ghuvrjk.geojson","felt":null,"cdi":null,"mmi":null,"alert":null,"status":"automatic","tsunami":0,"sig":35,"net":"ak","code":"021ghuvrjk","ids":",ak021ghuvrjk,","sources":",ak,","types":",origin,","nst":null,"dmin":null,"rms":0.49,"gap":null,"magType":"ml","type":"earthquake","title":"M 1.5 - 35 km SSE of Chickaloon, Alaska"},"geometry":{"type":"Point","coordinates":[-148.1587,61.5125,29.8]},"id":"ak021ghuvrjk"},
{"type":"Feature","properties":{"mag":0.44,"place":"153 km W of Adak, Alaska","time":1640418869390,"updated":1640849384750,"tz":null,"url":"https://earthquake.usgs.gov/earthquakes/eventpage/av91451351","detail":"https://earthquake.usgs.gov/earthquakes/feed/v1.0/detail/av91451351.geojson","felt":null,"cdi":null,"mmi":null,"alert":null,"status":"reviewed","tsunami":0,"sig":3,"net":"av","code":"91451351","ids":",av91451351,","sources":",av,","types":",origin,phase-data,","nst":4,"dmin":null,"rms":0.07,"gap":298,"magType":"ml","type":"earthquake","title":"M 0.4 - 153 km W of Adak, Alaska"},"geometry":{"type":"Point","coordinates":[-178.865,51.841,3.21]},"id":"av91451351"},
{"type":"Feature","properties":{"mag":1.1,"place":"51 km NE of Whittier, Alaska","time":1640418723051,"updated":1640418932681,"tz":null,"url":"https://earthquake.usgs.gov/earthquakes/eventpage/ak021ghuerzl","detail":"https://earthquake.usgs.gov/earthquakes/feed/v1.0/detail/ak021ghuerzl.geojson","felt":null,"cdi":null,"mmi":null,"alert":null,"status":"automatic","tsunami":0,"sig":19,"net":"ak","code":"021ghuerzl","ids":",ak021ghuerzl,","sources":",ak,","types":",origin,","nst":null,"dmin":null,"rms":0.59,"gap":null,"magType":"ml","type":"earthquake","title":"M 1.1 - 51 km NE of Whittier, Alaska"},"geometry":{"type":"Point","coordinates":[-148.0032,61.0984,9.3]},"id":"ak021ghuerzl"},
{"type":"Feature","properties":{"mag":1.3,"place":"10 km W of Point Possession, Alaska","time":1640418612940,"updated":1640418932536,"tz":null,"url":"https://earthquake.usgs.gov/earthquakes/eventpage/ak021ghuedbi","detail":"https://earthquake.usgs.gov/earthquakes/feed/v1.0/detail/ak021ghuedbi.geojson","felt":null,"cdi":null,"mmi":null,"alert":null,"status":"automatic","tsunami":0,"sig":26,"net":"ak","code":"021ghuedbi","ids":",ak021ghuedbi,","sources":",ak,","types":",origin,","nst":null,"dmin":null,"rms":0.41,"gap":null,"magType":"ml","type":"earthquake","title":"M 1.3 - 10 km W of Point Possession, Alaska"},"geometry":{"type":"Point","coordinates":[-150.8855,60.9053,34.4]},"id":"ak021ghuedbi"},
{"type":"Feature","properties":{"mag":0.39,"place":"150 km W of Adak, Alaska","time":1640418555160,"updated":1640849104640,"tz":null,"url":"https://earthquake.usgs.gov/earthquakes/eventpage/av91451341","detail":"https://earthquake.usgs.gov/earthquakes/feed/v1.0/detail/av91451341.geojson","felt":null,"cdi":null,"mmi":null,"alert":null,"status":"reviewed","tsunami":0,"sig":2,"net":"av","code":"91451341","ids":",av91451341,","sources":",av,","types":",origin,phase-data,","nst":5,"dmin":null,"rms":0.03,"gap":137,"magType":"ml","type":"earthquake","title":"M 0.4 - 150 km W of Adak, Alaska"},"geometry":{"type":"Point","coordinates":[-178.811666666667,51.7991666666667,5.53]},"id":"av91451341"},
{"type":"Feature","properties":{"mag":1.3,"place":"24 km NNW of Glacier View, Alaska","time":1640418312552,"updated":1640418491511,"tz":null,"url":"https://earthquake.usgs.gov/earthquakes/eventpage/ak021ghudapj","detail":"https://earthquake.usgs.gov/earthquakes/feed/v1.0/detail/ak021ghudapj.geojson","felt":null,"cdi":null,"mmi":null,"alert":null,"status":"automatic","tsunami":0,"sig":26,"net":"ak","code":"021ghudapj","ids":",ak021ghudapj,","sources":",ak,","types":",origin,","nst":null,"dmin":null,"rms":0.38,"gap":null,"magType":"ml","type":"earthquake","title":"M 1.3 - 24 km NNW of Glacier View, Alaska"},"geometry":{"type":"Point","coordinates":[-147.7539,62.0266,42]},"id":"ak021ghudapj"},
{"type":"Feature","properties":{"mag":0.64,"place":"3 km NNE of Magna, Utah","time":1640418142560,"updated":1640645766040,"tz":null,"url":"https://earthquake.usgs.gov/earthquakes/eventpage/uu60473812","detail":"https://earthquake.usgs.gov/earthquakes/feed/v1.0/detail/uu60473812.geojson","felt":null,"cdi":null,"mmi":null,"alert":null,"status":"reviewed","tsunami":0,"sig":6,"net":"uu","code":"60473812","ids":",uu60473812,","sources":",uu,","types":",origin,phase-data,","nst":8,"dmin":0.03556,"rms":0.06,"gap":91,"magType":"md","type":"earthquake","title":"M 0.6 - 3 km NNE of Magna, Utah"},"geometry":{"type":"Point","coordinates":[-112.0798333,40.7391667,6.35]},"id":"uu60473812"},
{"type":"Feature","properties":{"mag":2.01,"place":"16 km NW of Beaver, Utah","time":1640416957580,"updated":1640795313092,"tz":null,"url":"https://earthquake.usgs.gov/earthquakes/eventpage/uu60473802","detail":"https://earthquake.usgs.gov/earthquakes/feed/v1.0/detail/uu60473802.geojson","felt":1,"cdi":2,"mmi":null,"alert":null,"status":"reviewed","tsunami":0,"sig":62,"net":"uu","code":"60473802","ids":",uu60473802,","sources":",uu,","types":",dyfi,origin,phase-data,","nst":9,"dmin":0.07499,"rms":0.19,"gap":87,"magType":"ml","type":"earthquake","title":"M 2.0 - 16 km NW of Beaver, Utah"},"geometry":{"type":"Point","coordinates":[-112.7736667,38.3785,5.48]},"id":"uu60473802"},
{"type":"Feature","properties":{"mag":1.3,"place":"35 km SE of Mina, Nevada","time":1640416661654,"updated":1640817351405,"tz":null,"url":"https://earthquake.usgs.gov/earthquakes/eventpage/nn00830473","detail":"https://earthquake.usgs.gov/earthquakes/feed/v1.0/detail/nn00830473.geojson","felt":null,"cdi":null,"mmi":null,"alert":null,"status":"reviewed","tsunami":0,"sig":26,"net":"nn","code":"00830473","ids":",nn00830473,","sources":",nn,","types":",origin,phase-data,","nst":16,"dmin":0.125,"rms":0.1113,"gap":117.63,"magType":"ml","type":"earthquake","title":"M 1.3 - 35 km SE of Mina, Nevada"},"geometry":{"type":"Point","coordinates":[-117.8011,38.1786,8.1]},"id":"nn00830473"},
{"type":"Feature","properties":{"mag":2.6,"place":"20 km WNW of Stanley, Idaho","time":1640416637960,"updated":1640448637050,"tz":null,"url":"https://earthquake.usgs.gov/earthquakes/eventpage/mb80534449","detail":"https://earthquake.usgs.gov/earthquakes/feed/v1.0/detail/mb80534449.geojson","felt":null,"cdi":null,"mmi":null,"alert":null,"status":"reviewed","tsunami":0,"sig":104,"net":"mb","code":"80534449","ids":",mb80534449,","sources":",mb,","types":",origin,phase-data,","nst":15,"dmin":0.919,"rms":0.25,"gap":82,"magType":"ml","type":"earthquake","title":"M 2.6 - 20 km WNW of Stanley, Idaho"},"geometry":{"type":"Point","coordinates":[-115.1663333,44.3036667,9.94]},"id":"mb80534449"},
{"type":"Feature","properties":{"mag":1.02,"place":"21km ESE of Little Lake, CA","time":1640416564540,"updated":1640455473807,"tz":null,"url":"https://earthquake.usgs.gov/earthquakes/eventpage/ci39896175","detail":"https://earthquake.usgs.gov/earthquakes/feed/v1.0/detail/ci39896175.geojson","felt":null,"cdi":null,"mmi":null,"alert":null,"status":"reviewed","tsunami":0,"sig":16,"net":"ci","code":"39896175","ids":",ci39896175,","sources":",ci,","types":",nearby-cities,origin,phase-data,scitech-link,","nst":14,"dmin":0.06117,"rms":0.12,"gap":80,"magType":"ml","type":"earthquake","title":"M 1.0 - 21km ESE of Little Lake, CA"},"geometry":{"type":"Point","coordinates":[-117.6835,35.8928333,4.92]},"id":"ci39896175"},
{"type":"Feature","properties":{"mag":1.2,"place":"108 km S of McCarthy, Alaska","time":1640416209702,"updated":1640473287710,"tz":null,"url":"https://earthquake.usgs.gov/earthquakes/eventpage/ak021ghu5nss","detail":"https://earthquake.usgs.gov/earthquakes/feed/v1.0/detail/ak021ghu5nss.geojson","felt":null,"cdi":null,"mmi":null,"alert":null,"status":"reviewed","tsunami":0,"sig":22,"net":"ak","code":"021ghu5nss","ids":",ak021ghu5nss,","sources":",ak,","types":",origin,phase-data,","nst":null,"dmin":null,"rms":0.81,"gap":null,"magType":"ml","type":"earthquake","title":"M 1.2 - 108 km S of McCarthy, Alaska"},"geometry":{"type":"Point","coordinates":[-143.2049,60.4681,8.9]},"id":"ak021ghu5nss"},
{"type":"Feature","properties":{"mag":2.43000007,"place":"9 km ENE of Pāhala, Hawaii","time":1640415772390,"updated":1640415970430,"tz":null,"url":"https://earthquake.usgs.gov/earthquakes/eventpage/hv72845722","detail":"https://earthquake.usgs.gov/earthquakes/feed/v1.0/detail/hv72845722.geojson","felt":null,"cdi":null,"mmi":null,"alert":null,"status":"automatic","tsunami":0,"sig":91,"net":"hv","code":"72845722","ids":",hv72845722,","sources":",hv,","types":",origin,phase-data,","nst":40,"dmin":null,"rms":0.109999999,"gap":143,"magType":"md","type":"earthquake","title":"M 2.4 - 9 km ENE of Pāhala, Hawaii"},"geometry":{"type":"Point","coordinates":[-155.397506713867,19.2293338775635,32.6399993896484]},"id":"hv72845722"},
{"type":"Feature","properties":{"mag":3.92,"place":"47 km ESE of Naalehu, Hawaii","time":1640415551330,"updated":1640417125430,"tz":null,"url":"https://earthquake.usgs.gov/earthquakes/eventpage/hv72845717","detail":"https://earthquake.usgs.gov/earthquakes/feed/v1.0/detail/hv72845717.geojson","felt":1,"cdi":1,"mmi":2.429,"alert":null,"status":"reviewed","tsunami":0,"sig":237,"net":"hv","code":"72845717","ids":",hv72845717,us6000gf65,","sources":",hv,us,","types":",dyfi,origin,phase-data,shakemap,","nst":45,"dmin":null,"rms":0.12,"gap":263,"magType":"ml","type":"earthquake","title":"M 3.9 - 47 km ESE of Naalehu, Hawaii"},"geometry":{"type":"Point","coordinates":[-155.192333333333,18.8561666666667,10.86]},"id":"hv72845717"},
{"type":"Feature","properties":{"mag":0.8,"place":"9km NNE of Coso Junction, CA","time":1640415369390,"updated":1640415588905,"tz":null,"url":"https://earthquake.usgs.gov/earthquakes/eventpage/ci39896167","detail":"https://earthquake.usgs.gov/earthquakes/feed/v1.0/detail/ci39896167.geojson","felt":null,"cdi":null,"mmi":null,"alert":null,"status":"automatic","tsunami":0,"sig":10,"net":"ci","code":"39896167","ids":",ci39896167,","sources":",ci,","types":",nearby-cities,origin,phase-data,scitech-link,","nst":9,"dmin":0.03414,"rms":0.14,"gap":203,"magType":"ml","type":"earthquake","title":"M 0.8 - 9km NNE of Coso Junction, CA"},"geometry":{"type":"Point","coordinates":[-117.897,36.1163333,5.02]},"id":"ci39896167"},
{"type":"Feature","properties":{"mag":1.1,"place":"70 km SE of Denali National Park, Alaska","time":1640415222746,"updated":1640472936478,"tz":null,"url":"https://earthquake.usgs.gov/earthquakes/eventpage/ak021ghttnni","detail":"https://earthquake.usgs.gov/earthquakes/feed/v1.0/detail/ak021ghttnni.geojson","felt":null,"cdi":null,"mmi":null,"alert":null,"status":"reviewed","tsunami":0,"sig":19,"net":"ak","code":"021ghttnni","ids":",ak021ghttnni,","sources":",ak,","types":",origin,phase-data,","nst":null,"dmin":null,"rms":0.47,"gap":null,"magType":"ml","type":"earthquake","title":"M 1.1 - 70 km SE of Denali National Park, Alaska"},"geometry":{"type":"Point","coordinates":[-150.6215,63.1511,117.8]},"id":"ak021ghttnni"},
{"type":"Feature","properties":{"mag":4.6,"place":"18 km SSW of Alik Ghund, Pakistan","time":1640414341775,"updated":1640424761325,"tz":null,"url":"https://earthquake.usgs.gov/earthquakes/eventpage/us6000gf61","detail":"https://earthquake.usgs.gov/earthquakes/feed/v1.0/detail/us6000gf61.geojson","felt":3,"cdi":4.1,"mmi":null,"alert":null,"status":"reviewed","tsunami":0,"sig":327,"net":"us","code":"6000gf61","ids":",us6000gf61,","sources":",us,","types":",dyfi,origin,phase-data,","nst":null,"dmin":4.405,"rms":0.74,"gap":122,"magType":"mb","type":"earthquake","title":"M 4.6 - 18 km SSW of Alik Ghund, Pakistan"},"geometry":{"type":"Point","coordinates":[67.4247,30.3406,10]},"id":"us6000gf61"},
{"type":"Feature","properties":{"mag":0.16,"place":"60 km E of Port Alsworth, Alaska","time":1640414155210,"updated":1640820517690,"tz":null,"url":"https://earthquake.usgs.gov/earthquakes/eventpage/av91451331","detail":"https://earthquake.usgs.gov/earthquakes/feed/v1.0/detail/av91451331.geojson","felt":null,"cdi":null,"mmi":null,"alert":null,"status":"reviewed","tsunami":0,"sig":0,"net":"av","code":"91451331","ids":",av91451331,","sources":",av,","types":",origin,phase-data,","nst":8,"dmin":null,"rms":0.31,"gap":197,"magType":"ml","type":"earthquake","title":"M 0.2 - 60 km E of Port Alsworth, Alaska"},"geometry":{"type":"Point","coordinates":[-153.2315,60.1238333333333,4.81]},"id":"av91451331"},
{"type":"Feature","properties":{"mag":0.45,"place":"14 km W of Pony, Montana","time":1640414048970,"updated":1640644289920,"tz":null,"url":"https://earthquake.usgs.gov/earthquakes/eventpage/mb80534584","detail":"https://earthquake.usgs.gov/earthquakes/feed/v1.0/detail/mb80534584.geojson","felt":null,"cdi":null,"mmi":null,"alert":null,"status":"reviewed","tsunami":0,"sig":3,"net":"mb","code":"80534584","ids":",mb80534584,","sources":",mb,","types":",origin,phase-data,","nst":7,"dmin":0.22,"rms":0.09,"gap":93,"magType":"ml","type":"earthquake","title":"M 0.5 - 14 km W of Pony, Montana"},"geometry":{"type":"Point","coordinates":[-112.0771667,45.6676667,5.97]},"id":"mb80534584"},
{"type":"Feature","properties":{"mag":1.4,"place":"59 km ENE of Cantwell, Alaska","time":1640413865586,"updated":1640414203950,"tz":null,"url":"https://earthquake.usgs.gov/earthquakes/eventpage/ak021ghtouji","detail":"https://earthquake.usgs.gov/earthquakes/feed/v1.0/detail/ak021ghtouji.geojson","felt":null,"cdi":null,"mmi":null,"alert":null,"status":"automatic","tsunami":0,"sig":30,"net":"ak","code":"021ghtouji","ids":",ak021ghtouji,","sources":",ak,","types":",origin,","nst":null,"dmin":null,"rms":0.69,"gap":null,"magType":"ml","type":"earthquake","title":"M 1.4 - 59 km ENE of Cantwell, Alaska"},"geometry":{"type":"Point","coordinates":[-147.7912,63.5129,16.7]},"id":"ak021ghtouji"},
{"type":"Feature","properties":{"mag":2.5999999,"place":"4 km SW of Pāhala, Hawaii","time":1640413277960,"updated":1640413470930,"tz":null,"url":"https://earthquake.usgs.gov/earthquakes/eventpage/hv72845692","detail":"https://earthquake.usgs.gov/earthquakes/feed/v1.0/detail/hv72845692.geojson","felt":null,"cdi":null,"mmi":null,"alert":null,"status":"automatic","tsunami":0,"sig":104,"net":"hv","code":"72845692","ids":",hv72845692,","sources":",hv,","types":",origin,phase-data,","nst":43,"dmin":null,"rms":0.140000001,"gap":100,"magType":"md","type":"earthquake","title":"M 2.6 - 4 km SW of Pāhala, Hawaii"},"geometry":{"type":"Point","coordinates":[-155.508834838867,19.1683330535889,36.1699981689453]},"id":"hv72845692"},
{"type":"Feature","properties":{"mag":1.8,"place":"44 km SSW of Skwentna, Alaska","time":1640411811857,"updated":1640412380559,"tz":null,"url":"https://earthquake.usgs.gov/earthquakes/eventpage/ak021ght8vfx","detail":"https://earthquake.usgs.gov/earthquakes/feed/v1.0/detail/ak021ght8vfx.geojson","felt":null,"cdi":null,"mmi":null,"alert":null,"status":"automatic","tsunami":0,"sig":50,"net":"ak","code":"021ght8vfx","ids":",ak021ght8vfx,","sources":",ak,","types":",origin,","nst":null,"dmin":null,"rms":0.53,"gap":null,"magType":"ml","type":"earthquake","title":"M 1.8 - 44 km SSW of Skwentna, Alaska"},"geometry":{"type":"Point","coordinates":[-151.8086,61.6455,91.6]},"id":"ak021ght8vfx"},
{"type":"Feature","properties":{"mag":1.5,"place":"74 km SSW of Manley Hot Springs, Alaska","time":1640411640024,"updated":1640411849313,"tz":null,"url":"https://earthquake.usgs.gov/earthquakes/eventpage/ak021ght8bz6","detail":"https://earthquake.usgs.gov/earthquakes/feed/v1.0/detail/ak021ght8bz6.geojson","felt":null,"cdi":null,"mmi":null,"alert":null,"status":"automatic","tsunami":0,"sig":35,"net":"ak","code":"021ght8bz6","ids":",ak021ght8bz6,","sources":",ak,","types":",origin,","nst":null,"dmin":null,"rms":1.04,"gap":null,"magType":"ml","type":"earthquake","title":"M 1.5 - 74 km SSW of Manley Hot Springs, Alaska"},"geometry":{"type":"Point","coordinates":[-151.467,64.4407,0]},"id":"ak021ght8bz6"},
{"type":"Feature","properties":{"mag":2.05,"place":"8 km W of Mitchell, Oregon","time":1640411209950,"updated":1640580476370,"tz":null,"url":"https://earthquake.usgs.gov/earthquakes/eventpage/uw61799412","detail":"https://earthquake.usgs.gov/earthquakes/feed/v1.0/detail/uw61799412.geojson","felt":null,"cdi":null,"mmi":null,"alert":null,"status":"reviewed","tsunami":0,"sig":65,"net":"uw","code":"61799412","ids":",uw61799412,","sources":",uw,","types":",origin,phase-data,","nst":21,"dmin":0.51,"rms":0.4,"gap":201,"magType":"ml","type":"earthquake","title":"M 2.1 - 8 km W of Mitchell, Oregon"},"geometry":{"type":"Point","coordinates":[-120.263,44.5538333333333,7.22]},"id":"uw61799412"},
{"type":"Feature","properties":{"mag":2.5,"place":"92 km E of McCarthy, Alaska","time":1640411183022,"updated":1640411688903,"tz":null,"url":"https://earthquake.usgs.gov/earthquakes/eventpage/ak021ght6o1g","detail":"https://earthquake.usgs.gov/earthquakes/feed/v1.0/detail/ak021ght6o1g.geojson","felt":null,"cdi":null,"mmi":null,"alert":null,"status":"automatic","tsunami":0,"sig":96,"net":"ak","code":"021ght6o1g","ids":",ak021ght6o1g,","sources":",ak,","types":",origin,","nst":null,"dmin":null,"rms":0.62,"gap":null,"magType":"ml","type":"earthquake","title":"M 2.5 - 92 km E of McCarthy, Alaska"},"geometry":{"type":"Point","coordinates":[-141.2076,61.5795,0]},"id":"ak021ght6o1g"},
{"type":"Feature","properties":{"mag":0.4,"place":"72 km ENE of Chase, Alaska","time":1640411174537,"updated":1640472414528,"tz":null,"url":"https://earthquake.usgs.gov/earthquakes/eventpage/ak021ght6n0e","detail":"https://earthquake.usgs.gov/earthquakes/feed/v1.0/detail/ak021ght6n0e.geojson","felt":null,"cdi":null,"mmi":null,"alert":null,"status":"reviewed","tsunami":0,"sig":2,"net":"ak","code":"021ght6n0e","ids":",ak021ght6n0e,","sources":",ak,","types":",origin,phase-data,","nst":null,"dmin":null,"rms":0.42,"gap":null,"magType":"ml","type":"earthquake","title":"M 0.4 - 72 km ENE of Chase, Alaska"},"geometry":{"type":"Point","coordinates":[-148.8524,62.7441,7.8]},"id":"ak021ght6n0e"},
{"type":"Feature","properties":{"mag":2.06999993,"place":"5 km ENE of Pāhala, Hawaii","time":1640411142090,"updated":1640411328250,"tz":null,"url":"https://earthquake.usgs.gov/earthquakes/eventpage/hv72845667","detail":"https://earthquake.usgs.gov/earthquakes/feed/v1.0/detail/hv72845667.geojson","felt":null,"cdi":null,"mmi":null,"alert":null,"status":"automatic","tsunami":0,"sig":66,"net":"hv","code":"72845667","ids":",hv72845667,","sources":",hv,","types":",origin,phase-data,","nst":28,"dmin":null,"rms":0.0900000036,"gap":133,"magType":"md","type":"earthquake","title":"M 2.1 - 5 km ENE of Pāhala, Hawaii"},"geometry":{"type":"Point","coordinates":[-155.430328369141,19.2129993438721,33.0900001525879]},"id":"hv72845667"},
{"type":"Feature","properties":{"mag":1.03,"place":"21km ESE of Anza, CA","time":1640410911180,"updated":1640455543263,"tz":null,"url":"https://earthquake.usgs.gov/earthquakes/eventpage/ci39896159","detail":"https://earthquake.usgs.gov/earthquakes/feed/v1.0/detail/ci39896159.geojson","felt":null,"cdi":null,"mmi":null,"alert":null,"status":"reviewed","tsunami":0,"sig":16,"net":"ci","code":"39896159","ids":",ci39896159,","sources":",ci,","types":",focal-mechanism,nearby-cities,origin,phase-data,scitech-link,","nst":42,"dmin":0.04961,"rms":0.21,"gap":48,"magType":"ml","type":"earthquake","title":"M 1.0 - 21km ESE of Anza, CA"},"geometry":{"type":"Point","coordinates":[-116.4603333,33.483,11.59]},"id":"ci39896159"},
{"type":"Feature","properties":{"mag":1.87,"place":"5km NNE of Alum Rock, CA","time":1640409303000,"updated":1640413510767,"tz":null,"url":"https://earthquake.usgs.gov/earthquakes/eventpage/nc73668431","detail":"https://earthquake.usgs.gov/earthquakes/feed/v1.0/detail/nc73668431.geojson","felt":5,"cdi":2.2,"mmi":null,"alert":null,"status":"automatic","tsunami":0,"sig":55,"net":"nc","code":"73668431","ids":",nc73668431,","sources":",nc,","types":",dyfi,nearby-cities,origin,phase-data,scitech-link,","nst":21,"dmin":0.04045,"rms":0.13,"gap":74,"magType":"md","type":"earthquake","title":"M 1.9 - 5km NNE of Alum Rock, CA"},"geometry":{"type":"Point","coordinates":[-121.8121643,37.4124985,-0.59]},"id":"nc73668431"},
{"type":"Feature","properties":{"mag":4.7,"place":"225 km NE of Lospalos, Timor Leste","time":1640408629534,"updated":1640409635040,"tz":null,"url":"https://earthquake.usgs.gov/earthquakes/eventpage/us6000gf5l","detail":"https://earthquake.usgs.gov/earthquakes/feed/v1.0/detail/us6000gf5l.geojson","felt":null,"cdi":null,"mmi":null,"alert":null,"status":"reviewed","tsunami":0,"sig":340,"net":"us","code":"6000gf5l","ids":",us6000gf5l,","sources":",us,","types":",origin,phase-data,","nst":null,"dmin":2.713,"rms":0.54,"gap":65,"magType":"mb","type":"earthquake","title":"M 4.7 - 225 km NE of Lospalos, Timor Leste"},"geometry":{"type":"Point","coordinates":[128.6458,-7.311,145.61]},"id":"us6000gf5l"},
{"type":"Feature","properties":{"mag":1.78999996,"place":"9 km ENE of Pāhala, Hawaii","time":1640407999280,"updated":1640408196730,"tz":null,"url":"https://earthquake.usgs.gov/earthquakes/eventpage/hv72845617","detail":"https://earthquake.usgs.gov/earthquakes/feed/v1.0/detail/hv72845617.geojson","felt":null,"cdi":null,"mmi":null,"alert":null,"status":"automatic","tsunami":0,"sig":49,"net":"hv","code":"72845617","ids":",hv72845617,","sources":",hv,","types":",origin,phase-data,","nst":29,"dmin":null,"rms":0.119999997,"gap":146,"magType":"md","type":"earthquake","title":"M 1.8 - 9 km ENE of Pāhala, Hawaii"},"geometry":{"type":"Point","coordinates":[-155.389999389648,19.2290000915527,33.1300010681152]},"id":"hv72845617"},
{"type":"Feature","properties":{"mag":2.2,"place":"56 km NNE of Yakutat, Alaska","time":1640407342286,"updated":1640407541259,"tz":null,"url":"https://earthquake.usgs.gov/earthquakes/eventpage/ak021ghskdhw","detail":"https://earthquake.usgs.gov/earthquakes/feed/v1.0/detail/ak021ghskdhw.geojson","felt":null,"cdi":null,"mmi":null,"alert":null,"status":"automatic","tsunami":0,"sig":74,"net":"ak","code":"021ghskdhw","ids":",ak021ghskdhw,","sources":",ak,","types":",origin,","nst":null,"dmin":null,"rms":0.75,"gap":null,"magType":"ml","type":"earthquake","title":"M 2.2 - 56 km NNE of Yakutat, Alaska"},"geometry":{"type":"Point","coordinates":[-139.1727,59.9725,0.8]},"id":"ak021ghskdhw"},
{"type":"Feature","properties":{"mag":0.4,"place":"23 km N of Sutcliffe, Nevada","time":1640407243248,"updated":1640819805301,"tz":null,"url":"https://earthquake.usgs.gov/earthquakes/eventpage/nn00830707","detail":"https://earthquake.usgs.gov/earthquakes/feed/v1.0/detail/nn00830707.geojson","felt":null,"cdi":null,"mmi":null,"alert":null,"status":"reviewed","tsunami":0,"sig":2,"net":"nn","code":"00830707","ids":",nn00830707,","sources":",nn,","types":",origin,phase-data,","nst":3,"dmin":0.086,"rms":0.0544,"gap":242.31,"magType":"ml","type":"earthquake","title":"M 0.4 - 23 km N of Sutcliffe, Nevada"},"geometry":{"type":"Point","coordinates":[-119.6205,40.1615,6.4]},"id":"nn00830707"},
{"type":"Feature","properties":{"mag":1.3,"place":"24 km N of Sutcliffe, Nevada","time":1640407066439,"updated":1640819804530,"tz":null,"url":"https://earthquake.usgs.gov/earthquakes/eventpage/nn00830706","detail":"https://earthquake.usgs.gov/earthquakes/feed/v1.0/detail/nn00830706.geojson","felt":null,"cdi":null,"mmi":null,"alert":null,"status":"reviewed","tsunami":0,"sig":26,"net":"nn","code":"00830706","ids":",nn00830706,","sources":",nn,","types":",origin,phase-data,","nst":4,"dmin":0.067,"rms":0.1645,"gap":191.64,"magType":"ml","type":"earthquake","title":"M 1.3 - 24 km N of Sutcliffe, Nevada"},"geometry":{"type":"Point","coordinates":[-119.6454,40.1647,9]},"id":"nn00830706"},
{"type":"Feature","properties":{"mag":1.65,"place":"7 km E of Pāhala, Hawaii","time":1640406611010,"updated":1640642107600,"tz":null,"url":"https://earthquake.usgs.gov/earthquakes/eventpage/hv72845592","detail":"https://earthquake.usgs.gov/earthquakes/feed/v1.0/detail/hv72845592.geojson","felt":null,"cdi":null,"mmi":null,"alert":null,"status":"reviewed","tsunami":0,"sig":42,"net":"hv","code":"72845592","ids":",hv72845592,","sources":",hv,","types":",origin,phase-data,","nst":24,"dmin":null,"rms":0.1,"gap":165,"magType":"md","type":"earthquake","title":"M 1.7 - 7 km E of Pāhala, Hawaii"},"geometry":{"type":"Point","coordinates":[-155.404333333333,19.1903333333333,31.58]},"id":"hv72845592"},
{"type":"Feature","properties":{"mag":1.70000005,"place":"8 km E of Pāhala, Hawaii","time":1640405880630,"updated":1640406072580,"tz":null,"url":"https://earthquake.usgs.gov/earthquakes/eventpage/hv72845577","detail":"https://earthquake.usgs.gov/earthquakes/feed/v1.0/detail/hv72845577.geojson","felt":null,"cdi":null,"mmi":null,"alert":null,"status":"automatic","tsunami":0,"sig":44,"net":"hv","code":"72845577","ids":",hv72845577,","sources":",hv,","types":",origin,phase-data,","nst":28,"dmin":null,"rms":0.109999999,"gap":157,"magType":"md","type":"earthquake","title":"M 1.7 - 8 km E of Pāhala, Hawaii"},"geometry":{"type":"Point","coordinates":[-155.400665283203,19.2043342590332,33.4099998474121]},"id":"hv72845577"},
{"type":"Feature","properties":{"mag":0.73,"place":"101 km W of Adak, Alaska","time":1640405442740,"updated":1640819680470,"tz":null,"url":"https://earthquake.usgs.gov/earthquakes/eventpage/av91451271","detail":"https://earthquake.usgs.gov/earthquakes/feed/v1.0/detail/av91451271.geojson","felt":null,"cdi":null,"mmi":null,"alert":null,"status":"reviewed","tsunami":0,"sig":8,"net":"av","code":"91451271","ids":",av91451271,","sources":",av,","types":",origin,phase-data,","nst":4,"dmin":null,"rms":0.2,"gap":173,"magType":"ml","type":"earthquake","title":"M 0.7 - 101 km W of Adak, Alaska"},"geometry":{"type":"Point","coordinates":[-178.1115,51.8493333333333,24.03]},"id":"av91451271"},
{"type":"Feature","properties":{"mag":2.68,"place":"11km NE of Coso Junction, CA","time":1640405323110,"updated":1640407343040,"tz":null,"url":"https://earthquake.usgs.gov/earthquakes/eventpage/ci39896143","detail":"https://earthquake.usgs.gov/earthquakes/feed/v1.0/detail/ci39896143.geojson","felt":null,"cdi":null,"mmi":null,"alert":null,"status":"automatic","tsunami":0,"sig":110,"net":"ci","code":"39896143","ids":",ci39896143,us6000gf5h,","sources":",ci,us,","types":",focal-mechanism,nearby-cities,origin,phase-data,scitech-link,","nst":28,"dmin":0.01805,"rms":0.14,"gap":54,"magType":"ml","type":"earthquake","title":"M 2.7 - 11km NE of Coso Junction, CA"},"geometry":{"type":"Point","coordinates":[-117.8488333,36.1001667,1.91]},"id":"ci39896143"},
{"type":"Feature","properties":{"mag":2.42,"place":"11km NE of Coso Junction, CA","time":1640405291940,"updated":1640405942250,"tz":null,"url":"https://earthquake.usgs.gov/earthquakes/eventpage/ci39896135","detail":"https://earthquake.usgs.gov/earthquakes/feed/v1.0/detail/ci39896135.geojson","felt":null,"cdi":null,"mmi":null,"alert":null,"status":"automatic","tsunami":0,"sig":90,"net":"ci","code":"39896135","ids":",ci39896135,","sources":",ci,","types":",focal-mechanism,nearby-cities,origin,phase-data,scitech-link,","nst":27,"dmin":0.01709,"rms":0.13,"gap":46,"magType":"ml","type":"earthquake","title":"M 2.4 - 11km NE of Coso Junction, CA"},"geometry":{"type":"Point","coordinates":[-117.8488333,36.1011667,1.98]},"id":"ci39896135"},
{"type":"Feature","properties":{"mag":1.3,"place":"1 km ESE of Sattley, California","time":1640404561847,"updated":1640816788922,"tz":null,"url":"https://earthquake.usgs.gov/earthquakes/eventpage/nn00830470","detail":"https://earthquake.usgs.gov/earthquakes/feed/v1.0/detail/nn00830470.geojson","felt":null,"cdi":null,"mmi":null,"alert":null,"status":"reviewed","tsunami":0,"sig":26,"net":"nn","code":"00830470","ids":",nn00830470,","sources":",nn,","types":",origin,phase-data,","nst":13,"dmin":0.146,"rms":0.1317,"gap":87.29,"magType":"ml","type":"earthquake","title":"M 1.3 - 1 km ESE of Sattley, California"},"geometry":{"type":"Point","coordinates":[-120.4133,39.6092,9.3]},"id":"nn00830470"},
{"type":"Feature","properties":{"mag":1.8,"place":"24 km W of Skwentna, Alaska","time":1640404407017,"updated":1640404756275,"tz":null,"url":"https://earthquake.usgs.gov/earthquakes/eventpage/ak021ghs1b5m","detail":"https://earthquake.usgs.gov/earthquakes/feed/v1.0/detail/ak021ghs1b5m.geojson","felt":null,"cdi":null,"mmi":null,"alert":null,"status":"automatic","tsunami":0,"sig":50,"net":"ak","code":"021ghs1b5m","ids":",ak021ghs1b5m,","sources":",ak,","types":",origin,","nst":null,"dmin":null,"rms":0.51,"gap":null,"magType":"ml","type":"earthquake","title":"M 1.8 - 24 km W of Skwentna, Alaska"},"geometry":{"type":"Point","coordinates":[-151.8612,61.9484,103.4]},"id":"ak021ghs1b5m"},
{"type":"Feature","properties":{"mag":1.8,"place":"29 km WNW of Four Mile Road, Alaska","time":1640404133906,"updated":1640404976802,"tz":null,"url":"https://earthquake.usgs.gov/earthquakes/eventpage/ak021ghs0alq","detail":"https://earthquake.usgs.gov/earthquakes/feed/v1.0/detail/ak021ghs0alq.geojson","felt":null,"cdi":null,"mmi":null,"alert":null,"status":"automatic","tsunami":0,"sig":50,"net":"ak","code":"021ghs0alq","ids":",ak021ghs0alq,","sources":",ak,","types":",origin,","nst":null,"dmin":null,"rms":1.4,"gap":null,"magType":"ml","type":"earthquake","title":"M 1.8 - 29 km WNW of Four Mile Road, Alaska"},"geometry":{"type":"Point","coordinates":[-149.6645,64.7261,0]},"id":"ak021ghs0alq"},
{"type":"Feature","properties":{"mag":1.6,"place":"34 km SSE of Denali National Park, Alaska","time":1640404027853,"updated":1640404595652,"tz":null,"url":"https://earthquake.usgs.gov/earthquakes/eventpage/ak021ghrzzcu","detail":"https://earthquake.usgs.gov/earthquakes/feed/v1.0/detail/ak021ghrzzcu.geojson","felt":null,"cdi":null,"mmi":null,"alert":null,"status":"automatic","tsunami":0,"sig":39,"net":"ak","code":"021ghrzzcu","ids":",ak021ghrzzcu,","sources":",ak,","types":",origin,","nst":null,"dmin":null,"rms":0.33,"gap":null,"magType":"ml","type":"earthquake","title":"M 1.6 - 34 km SSE of Denali National Park, Alaska"},"geometry":{"type":"Point","coordinates":[-151.406,63.2653,8.8]},"id":"ak021ghrzzcu"},
{"type":"Feature","properties":{"mag":0.7,"place":"1 km SE of Sattley, California","time":1640403812039,"updated":1640819612156,"tz":null,"url":"https://earthquake.usgs.gov/earthquakes/eventpage/nn00830699","detail":"https://earthquake.usgs.gov/earthquakes/feed/v1.0/detail/nn00830699.geojson","felt":null,"cdi":null,"mmi":null,"alert":null,"status":"reviewed","tsunami":0,"sig":8,"net":"nn","code":"00830699","ids":",nn00830699,","sources":",nn,","types":",origin,phase-data,","nst":9,"dmin":0.151,"rms":0.1716,"gap":103.41,"magType":"ml","type":"earthquake","title":"M 0.7 - 1 km SE of Sattley, California"},"geometry":{"type":"Point","coordinates":[-120.4189,39.609,8.9]},"id":"nn00830699"},
{"type":"Feature","properties":{"mag":1.3,"place":"24 km N of Sutcliffe, Nevada","time":1640403733318,"updated":1640818297467,"tz":null,"url":"https://earthquake.usgs.gov/earthquakes/eventpage/nn00830695","detail":"https://earthquake.usgs.gov/earthquakes/feed/v1.0/detail/nn00830695.geojson","felt":null,"cdi":null,"mmi":null,"alert":null,"status":"reviewed","tsunami":0,"sig":26,"net":"nn","code":"00830695","ids":",nn00830695,","sources":",nn,","types":",origin,phase-data,","nst":7,"dmin":0.074,"rms":0.0852,"gap":192.73,"magType":"ml","type":"earthquake","title":"M 1.3 - 24 km N of Sutcliffe, Nevada"},"geometry":{"type":"Point","coordinates":[-119.6358,40.1653,8.1]},"id":"nn00830695"},
{"type":"Feature","properties":{"mag":2.43,"place":"23 km WNW of Stanley, Idaho","time":1640402923780,"updated":1640448056450,"tz":null,"url":"https://earthquake.usgs.gov/earthquakes/eventpage/mb80534439","detail":"https://earthquake.usgs.gov/earthquakes/feed/v1.0/detail/mb80534439.geojson","felt":null,"cdi":null,"mmi":null,"alert":null,"status":"reviewed","tsunami":0,"sig":91,"net":"mb","code":"80534439","ids":",mb80534439,","sources":",mb,","types":",origin,phase-data,","nst":15,"dmin":0.948,"rms":0.25,"gap":84,"magType":"ml","type":"earthquake","title":"M 2.4 - 23 km WNW of Stanley, Idaho"},"geometry":{"type":"Point","coordinates":[-115.1983333,44.3221667,13.76]},"id":"mb80534439"},
{"type":"Feature","properties":{"mag":1.54,"place":"5km SW of Brawley, CA","time":1640402497630,"updated":1640402719880,"tz":null,"url":"https://earthquake.usgs.gov/earthquakes/eventpage/ci39896119","detail":"https://earthquake.usgs.gov/earthquakes/feed/v1.0/detail/ci39896119.geojson","felt":null,"cdi":null,"mmi":null,"alert":null,"status":"automatic","tsunami":0,"sig":36,"net":"ci","code":"39896119","ids":",ci39896119,","sources":",ci,","types":",nearby-cities,origin,phase-data,scitech-link,","nst":18,"dmin":0.04667,"rms":0.25,"gap":51,"magType":"ml","type":"earthquake","title":"M 1.5 - 5km SW of Brawley, CA"},"geometry":{"type":"Point","coordinates":[-115.5643333,32.9481667,4.74]},"id":"ci39896119"},
{"type":"Feature","properties":{"mag":1.75,"place":"11km NNE of Banning, CA","time":1640401852520,"updated":1640455614326,"tz":null,"url":"https://earthquake.usgs.gov/earthquakes/eventpage/ci39896111","detail":"https://earthquake.usgs.gov/earthquakes/feed/v1.0/detail/ci39896111.geojson","felt":null,"cdi":null,"mmi":null,"alert":null,"status":"reviewed","tsunami":0,"sig":47,"net":"ci","code":"39896111","ids":",ci39896111,","sources":",ci,","types":",focal-mechanism,nearby-cities,origin,phase-data,scitech-link,","nst":63,"dmin":0.03142,"rms":0.22,"gap":32,"magType":"ml","type":"earthquake","title":"M 1.8 - 11km NNE of Banning, CA"},"geometry":{"type":"Point","coordinates":[-116.8423333,34.0223333,17.89]},"id":"ci39896111"},
{"type":"Feature","properties":{"mag":0.58,"place":"7km E of Mammoth Lakes, CA","time":1640401850800,"updated":1640458810078,"tz":null,"url":"https://earthquake.usgs.gov/earthquakes/eventpage/nc73668416","detail":"https://earthquake.usgs.gov/earthquakes/feed/v1.0/detail/nc73668416.geojson","felt":null,"cdi":null,"mmi":null,"alert":null,"status":"reviewed","tsunami":0,"sig":5,"net":"nc","code":"73668416","ids":",nc73668416,","sources":",nc,","types":",nearby-cities,origin,phase-data,scitech-link,","nst":13,"dmin":0.003664,"rms":0.06,"gap":93,"magType":"md","type":"earthquake","title":"M 0.6 - 7km E of Mammoth Lakes, CA"},"geometry":{"type":"Point","coordinates":[-118.8998333,37.6288333,3.74]},"id":"nc73668416"},
{"type":"Feature","properties":{"mag":0.72,"place":"7km E of Mammoth Lakes, CA","time":1640401468890,"updated":1640457190896,"tz":null,"url":"https://earthquake.usgs.gov/earthquakes/eventpage/nc73668411","detail":"https://earthquake.usgs.gov/earthquakes/feed/v1.0/detail/nc73668411.geojson","felt":null,"cdi":null,"mmi":null,"alert":null,"status":"reviewed","tsunami":0,"sig":8,"net":"nc","code":"73668411","ids":",nc73668411,","sources":",nc,","types":",nearby-cities,origin,phase-data,scitech-link,","nst":13,"dmin":0.003358,"rms":0.06,"gap":103,"magType":"md","type":"earthquake","title":"M 0.7 - 7km E of Mammoth Lakes, CA"},"geometry":{"type":"Point","coordinates":[-118.8986667,37.6258333,3.77]},"id":"nc73668411"},
{"type":"Feature","properties":{"mag":0.38,"place":"7km E of Mammoth Lakes, CA","time":1640401359090,"updated":1640453951541,"tz":null,"url":"https://earthquake.usgs.gov/earthquakes/eventpage/nc73668406","detail":"https://earthquake.usgs.gov/earthquakes/feed/v1.0/detail/nc73668406.geojson","felt":null,"cdi":null,"mmi":null,"alert":null,"status":"reviewed","tsunami":0,"sig":2,"net":"nc","code":"73668406","ids":",nc73668406,","sources":",nc,","types":",nearby-cities,origin,phase-data,scitech-link,","nst":12,"dmin":0.006755,"rms":0.07,"gap":79,"magType":"md","type":"earthquake","title":"M 0.4 - 7km E of Mammoth Lakes, CA"},"geometry":{"type":"Point","coordinates":[-118.8991667,37.6321667,3.23]},"id":"nc73668406"},
{"type":"Feature","properties":{"mag":4.5,"place":"south of the Kermadec Islands","time":1640400723515,"updated":1640402613040,"tz":null,"url":"https://earthquake.usgs.gov/earthquakes/eventpage/us6000gf59","detail":"https://earthquake.usgs.gov/earthquakes/feed/v1.0/detail/us6000gf59.geojson","felt":null,"cdi":null,"mmi":null,"alert":null,"status":"reviewed","tsunami":0,"sig":312,"net":"us","code":"6000gf59","ids":",us6000gf59,","sources":",us,","types":",origin,phase-data,","nst":null,"dmin":3.754,"rms":0.67,"gap":106,"magType":"mb","type":"earthquake","title":"M 4.5 - south of the Kermadec Islands"},"geometry":{"type":"Point","coordinates":[-179.8806,-32.6281,205.75]},"id":"us6000gf59"},
{"type":"Feature","properties":{"mag":2.9,"place":"40km W of Petrolia, CA","time":1640400589530,"updated":1640635640531,"tz":null,"url":"https://earthquake.usgs.gov/earthquakes/eventpage/nc73668401","detail":"https://earthquake.usgs.gov/earthquakes/feed/v1.0/detail/nc73668401.geojson","felt":1,"cdi":1,"mmi":null,"alert":null,"status":"reviewed","tsunami":0,"sig":129,"net":"nc","code":"73668401","ids":",ew1640400600,nc73668401,us6000gf55,","sources":",ew,nc,us,","types":",associate,dyfi,focal-mechanism,nearby-cities,origin,phase-data,scitech-link,shake-alert,","nst":59,"dmin":0.3547,"rms":0.19,"gap":234,"magType":"ml","type":"earthquake","title":"M 2.9 - 40km W of Petrolia, CA"},"geometry":{"type":"Point","coordinates":[-124.7583333,40.3253333,19.58]},"id":"nc73668401"},
{"type":"Feature","properties":{"mag":3,"place":"59 km E of Port Alsworth, Alaska","time":1640399779967,"updated":1640400714040,"tz":null,"url":"https://earthquake.usgs.gov/earthquakes/eventpage/ak021ghrc7yd","detail":"https://earthquake.usgs.gov/earthquakes/feed/v1.0/detail/ak021ghrc7yd.geojson","felt":1,"cdi":2,"mmi":null,"alert":null,"status":"automatic","tsunami":0,"sig":139,"net":"ak","code":"021ghrc7yd","ids":",ak021ghrc7yd,us6000gf54,","sources":",ak,us,","types":",dyfi,origin,phase-data,","nst":null,"dmin":null,"rms":0.71,"gap":null,"magType":"ml","type":"earthquake","title":"M 3.0 - 59 km E of Port Alsworth, Alaska"},"geometry":{"type":"Point","coordinates":[-153.2497,60.1756,123.1]},"id":"ak021ghrc7yd"},
{"type":"Feature","properties":{"mag":0.78,"place":"10km SSE of Lake Henshaw, CA","time":1640399398910,"updated":1640399616107,"tz":null,"url":"https://earthquake.usgs.gov/earthquakes/eventpage/ci39896103","detail":"https://earthquake.usgs.gov/earthquakes/feed/v1.0/detail/ci39896103.geojson","felt":null,"cdi":null,"mmi":null,"alert":null,"status":"automatic","tsunami":0,"sig":9,"net":"ci","code":"39896103","ids":",ci39896103,","sources":",ci,","types":",nearby-cities,origin,phase-data,scitech-link,","nst":12,"dmin":0.2199,"rms":0.28,"gap":142,"magType":"ml","type":"earthquake","title":"M 0.8 - 10km SSE of Lake Henshaw, CA"},"geometry":{"type":"Point","coordinates":[-116.7408333,33.1583333,14.47]},"id":"ci39896103"},
{"type":"Feature","properties":{"mag":4.2,"place":"32 km SW of El Cardo, Peru","time":1640399150555,"updated":1640400998040,"tz":null,"url":"https://earthquake.usgs.gov/earthquakes/eventpage/us6000gf51","detail":"https://earthquake.usgs.gov/earthquakes/feed/v1.0/detail/us6000gf51.geojson","felt":null,"cdi":null,"mmi":null,"alert":null,"status":"reviewed","tsunami":0,"sig":271,"net":"us","code":"6000gf51","ids":",us6000gf51,","sources":",us,","types":",origin,phase-data,","nst":null,"dmin":2.962,"rms":0.73,"gap":143,"magType":"mb","type":"earthquake","title":"M 4.2 - 32 km SW of El Cardo, Peru"},"geometry":{"type":"Point","coordinates":[-72.9666,-16.7787,70.89]},"id":"us6000gf51"},
{"type":"Feature","properties":{"mag":0.97,"place":"4km N of Big Bear Lake, CA","time":1640398468360,"updated":1640398677741,"tz":null,"url":"https://earthquake.usgs.gov/earthquakes/eventpage/ci39896095","detail":"https://earthquake.usgs.gov/earthquakes/feed/v1.0/detail/ci39896095.geojson","felt":null,"cdi":null,"mmi":null,"alert":null,"status":"automatic","tsunami":0,"sig":14,"net":"ci","code":"39896095","ids":",ci39896095,","sources":",ci,","types":",nearby-cities,origin,phase-data,scitech-link,","nst":10,"dmin":0.02492,"rms":0.19,"gap":121,"magType":"ml","type":"earthquake","title":"M 1.0 - 4km N of Big Bear Lake, CA"},"geometry":{"type":"Point","coordinates":[-116.9033333,34.2826667,6.13]},"id":"ci39896095"},
{"type":"Feature","properties":{"mag":1.42,"place":"3km NNW of Palomar Observatory, CA","time":1640398378230,"updated":1640455685308,"tz":null,"url":"https://earthquake.usgs.gov/earthquakes/eventpage/ci39896087","detail":"https://earthquake.usgs.gov/earthquakes/feed/v1.0/detail/ci39896087.geojson","felt":null,"cdi":null,"mmi":null,"alert":null,"status":"reviewed","tsunami":0,"sig":31,"net":"ci","code":"39896087","ids":",ci39896087,","sources":",ci,","types":",focal-mechanism,nearby-cities,origin,phase-data,scitech-link,","nst":44,"dmin":0.02632,"rms":0.22,"gap":25,"magType":"ml","type":"earthquake","title":"M 1.4 - 3km NNW of Palomar Observatory, CA"},"geometry":{"type":"Point","coordinates":[-116.8741667,33.3781667,6.04]},"id":"ci39896087"},
{"type":"Feature","properties":{"mag":1.35,"place":"8km ESE of Pinnacles, CA","time":1640398350360,"updated":1640721432323,"tz":null,"url":"https://earthquake.usgs.gov/earthquakes/eventpage/nc73668391","detail":"https://earthquake.usgs.gov/earthquakes/feed/v1.0/detail/nc73668391.geojson","felt":null,"cdi":null,"mmi":null,"alert":null,"status":"reviewed","tsunami":0,"sig":28,"net":"nc","code":"73668391","ids":",nc73668391,","sources":",nc,","types":",nearby-cities,origin,phase-data,scitech-link,","nst":20,"dmin":0.04352,"rms":0.07,"gap":89,"magType":"md","type":"earthquake","title":"M 1.4 - 8km ESE of Pinnacles, CA"},"geometry":{"type":"Point","coordinates":[-121.0706667,36.4976667,5.55]},"id":"nc73668391"},
{"type":"Feature","properties":{"mag":1.88,"place":"Island of Hawaii, Hawaii","time":1640398324750,"updated":1640398508450,"tz":null,"url":"https://earthquake.usgs.gov/earthquakes/eventpage/hv72845477","detail":"https://earthquake.usgs.gov/earthquakes/feed/v1.0/detail/hv72845477.geojson","felt":null,"cdi":null,"mmi":null,"alert":null,"status":"automatic","tsunami":0,"sig":54,"net":"hv","code":"72845477","ids":",hv72845477,","sources":",hv,","types":",origin,phase-data,","nst":24,"dmin":null,"rms":0.109999999,"gap":171,"magType":"md","type":"earthquake","title":"M 1.9 - Island of Hawaii, Hawaii"},"geometry":{"type":"Point","coordinates":[-155.427001953125,19.1846675872803,32.4599990844727]},"id":"hv72845477"},
{"type":"Feature","properties":{"mag":1.15,"place":"12km NW of Avenal, CA","time":1640398310050,"updated":1640720831279,"tz":null,"url":"https://earthquake.usgs.gov/earthquakes/eventpage/nc73668396","detail":"https://earthquake.usgs.gov/earthquakes/feed/v1.0/detail/nc73668396.geojson","felt":null,"cdi":null,"mmi":null,"alert":null,"status":"reviewed","tsunami":0,"sig":20,"net":"nc","code":"73668396","ids":",nc73668396,","sources":",nc,","types":",nearby-cities,origin,phase-data,scitech-link,","nst":14,"dmin":0.07968,"rms":0.07,"gap":277,"magType":"md","type":"earthquake","title":"M 1.2 - 12km NW of Avenal, CA"},"geometry":{"type":"Point","coordinates":[-120.226,36.0735,6.81]},"id":"nc73668396"},
{"type":"Feature","properties":{"mag":0.7,"place":"7 km SSW of Talkeetna, Alaska","time":1640397923793,"updated":1640470399028,"tz":null,"url":"https://earthquake.usgs.gov/earthquakes/eventpage/ak021ghr5fv6","detail":"https://earthquake.usgs.gov/earthquakes/feed/v1.0/detail/ak021ghr5fv6.geojson","felt":null,"cdi":null,"mmi":null,"alert":null,"status":"reviewed","tsunami":0,"sig":8,"net":"ak","code":"021ghr5fv6","ids":",ak021ghr5fv6,","sources":",ak,","types":",origin,phase-data,","nst":null,"dmin":null,"rms":0.4,"gap":null,"magType":"ml","type":"earthquake","title":"M 0.7 - 7 km SSW of Talkeetna, Alaska"},"geometry":{"type":"Point","coordinates":[-150.1395,62.258,20.5]},"id":"ak021ghr5fv6"},
{"type":"Feature","properties":{"mag":1.9,"place":"11km N of Westmorland, CA","time":1640397592540,"updated":1640398222380,"tz":null,"url":"https://earthquake.usgs.gov/earthquakes/eventpage/ci39896071","detail":"https://earthquake.usgs.gov/earthquakes/feed/v1.0/detail/ci39896071.geojson","felt":null,"cdi":null,"mmi":null,"alert":null,"status":"automatic","tsunami":0,"sig":56,"net":"ci","code":"39896071","ids":",ci39896071,","sources":",ci,","types":",focal-mechanism,nearby-cities,origin,phase-data,scitech-link,","nst":33,"dmin":0.04502,"rms":0.2,"gap":42,"magType":"ml","type":"earthquake","title":"M 1.9 - 11km N of Westmorland, CA"},"geometry":{"type":"Point","coordinates":[-115.6363333,33.1395,6.99]},"id":"ci39896071"},
{"type":"Feature","properties":{"mag":1.2,"place":"27 km NNE of Paxson, Alaska","time":1640396513857,"updated":1640397311561,"tz":null,"url":"https://earthquake.usgs.gov/earthquakes/eventpage/ak021ghqrxei","detail":"https://earthquake.usgs.gov/earthquakes/feed/v1.0/detail/ak021ghqrxei.geojson","felt":null,"cdi":null,"mmi":null,"alert":null,"status":"automatic","tsunami":0,"sig":22,"net":"ak","code":"021ghqrxei","ids":",ak021ghqrxei,","sources":",ak,","types":",origin,","nst":null,"dmin":null,"rms":0.23,"gap":null,"magType":"ml","type":"earthquake","title":"M 1.2 - 27 km NNE of Paxson, Alaska"},"geometry":{"type":"Point","coordinates":[-145.338,63.3046,8.7]},"id":"ak021ghqrxei"},
{"type":"Feature","properties":{"mag":0.44,"place":"9km WNW of Toms Place, CA","time":1640396164670,"updated":1640411951633,"tz":null,"url":"https://earthquake.usgs.gov/earthquakes/eventpage/nc73668386","detail":"https://earthquake.usgs.gov/earthquakes/feed/v1.0/detail/nc73668386.geojson","felt":null,"cdi":null,"mmi":null,"alert":null,"status":"reviewed","tsunami":0,"sig":3,"net":"nc","code":"73668386","ids":",nc73668386,","sources":",nc,","types":",nearby-cities,origin,phase-data,scitech-link,","nst":8,"dmin":0.04129,"rms":0.02,"gap":298,"magType":"md","type":"earthquake","title":"M 0.4 - 9km WNW of Toms Place, CA"},"geometry":{"type":"Point","coordinates":[-118.7781667,37.5818333,6.27]},"id":"nc73668386"},
{"type":"Feature","properties":{"mag":2.1099999,"place":"2 km SSW of Pāhala, Hawaii","time":1640393511540,"updated":1640393704180,"tz":null,"url":"https://earthquake.usgs.gov/earthquakes/eventpage/hv72845442","detail":"https://earthquake.usgs.gov/earthquakes/feed/v1.0/detail/hv72845442.geojson","felt":null,"cdi":null,"mmi":null,"alert":null,"status":"automatic","tsunami":0,"sig":68,"net":"hv","code":"72845442","ids":",hv72845442,","sources":",hv,","types":",origin,phase-data,","nst":19,"dmin":null,"rms":0.170000002,"gap":82,"magType":"md","type":"earthquake","title":"M 2.1 - 2 km SSW of Pāhala, Hawaii"},"geometry":{"type":"Point","coordinates":[-155.487503051758,19.1776676177979,35.5]},"id":"hv72845442"},
{"type":"Feature","properties":{"mag":0.12,"place":"10km E of Mammoth Lakes, CA","time":1640393503830,"updated":1640819448860,"tz":null,"url":"https://earthquake.usgs.gov/earthquakes/eventpage/nc73668381","detail":"https://earthquake.usgs.gov/earthquakes/feed/v1.0/detail/nc73668381.geojson","felt":null,"cdi":null,"mmi":null,"alert":null,"status":"reviewed","tsunami":0,"sig":0,"net":"nc","code":"73668381","ids":",nc73668381,","sources":",nc,","types":",nearby-cities,origin,phase-data,","nst":8,"dmin":0.006345,"rms":0.03,"gap":83,"magType":"md","type":"earthquake","title":"M 0.1 - 10km E of Mammoth Lakes, CA"},"geometry":{"type":"Point","coordinates":[-118.8635,37.6253333,5.72]},"id":"nc73668381"},
{"type":"Feature","properties":{"mag":4.9,"place":"Fiji region","time":1640393410803,"updated":1640394492040,"tz":null,"url":"https://earthquake.usgs.gov/earthquakes/eventpage/us6000gf4u","detail":"https://earthquake.usgs.gov/earthquakes/feed/v1.0/detail/us6000gf4u.geojson","felt":null,"cdi":null,"mmi":null,"alert":null,"status":"reviewed","tsunami":0,"sig":369,"net":"us","code":"6000gf4u","ids":",us6000gf4u,","sources":",us,","types":",origin,phase-data,","nst":null,"dmin":4.504,"rms":0.89,"gap":115,"magType":"mb","type":"earthquake","title":"M 4.9 - Fiji region"},"geometry":{"type":"Point","coordinates":[-177.6812,-19.743,417.47]},"id":"us6000gf4u"},
{"type":"Feature","properties":{"mag":1.92,"place":"12 km SSE of Volcano, Hawaii","time":1640393355000,"updated":1640393686200,"tz":null,"url":"https://earthquake.usgs.gov/earthquakes/eventpage/hv72845437","detail":"https://earthquake.usgs.gov/earthquakes/feed/v1.0/detail/hv72845437.geojson","felt":null,"cdi":null,"mmi":null,"alert":null,"status":"automatic","tsunami":0,"sig":57,"net":"hv","code":"72845437","ids":",hv72845437,","sources":",hv,","types":",origin,phase-data,","nst":36,"dmin":null,"rms":0.239999995,"gap":98,"magType":"ml","type":"earthquake","title":"M 1.9 - 12 km SSE of Volcano, Hawaii"},"geometry":{"type":"Point","coordinates":[-155.185501098633,19.3439998626709,0.129999995231628]},"id":"hv72845437"},
{"type":"Feature","properties":{"mag":1.7,"place":"11 km ENE of Fox, Alaska","time":1640393300642,"updated":1640393574741,"tz":null,"url":"https://earthquake.usgs.gov/earthquakes/eventpage/ak021ghq7x9b","detail":"https://earthquake.usgs.gov/earthquakes/feed/v1.0/detail/ak021ghq7x9b.geojson","felt":null,"cdi":null,"mmi":null,"alert":null,"status":"automatic","tsunami":0,"sig":44,"net":"ak","code":"021ghq7x9b","ids":",ak021ghq7x9b,","sources":",ak,","types":",origin,","nst":null,"dmin":null,"rms":1.09,"gap":null,"magType":"ml","type":"earthquake","title":"M 1.7 - 11 km ENE of Fox, Alaska"},"geometry":{"type":"Point","coordinates":[-147.4131,65.0071,0.2]},"id":"ak021ghq7x9b"},
{"type":"Feature","properties":{"mag":2.17,"place":"47 km ESE of Naalehu, Hawaii","time":1640392929220,"updated":1640650535780,"tz":null,"url":"https://earthquake.usgs.gov/earthquakes/eventpage/hv72845422","detail":"https://earthquake.usgs.gov/earthquakes/feed/v1.0/detail/hv72845422.geojson","felt":null,"cdi":null,"mmi":null,"alert":null,"status":"reviewed","tsunami":0,"sig":72,"net":"hv","code":"72845422","ids":",hv72845422,","sources":",hv,","types":",origin,phase-data,","nst":21,"dmin":null,"rms":0.13,"gap":262,"magType":"md","type":"earthquake","title":"M 2.2 - 47 km ESE of Naalehu, Hawaii"},"geometry":{"type":"Point","coordinates":[-155.166333333333,18.8888333333333,9.73]},"id":"hv72845422"},
{"type":"Feature","properties":{"mag":1.11,"place":"18km ESE of Anza, CA","time":1640392881990,"updated":1640393099743,"tz":null,"url":"https://earthquake.usgs.gov/earthquakes/eventpage/ci39896063","detail":"https://earthquake.usgs.gov/earthquakes/feed/v1.0/detail/ci39896063.geojson","felt":null,"cdi":null,"mmi":null,"alert":null,"status":"automatic","tsunami":0,"sig":19,"net":"ci","code":"39896063","ids":",ci39896063,","sources":",ci,","types":",nearby-cities,origin,phase-data,scitech-link,","nst":29,"dmin":0.08733,"rms":0.15,"gap":58,"magType":"ml","type":"earthquake","title":"M 1.1 - 18km ESE of Anza, CA"},"geometry":{"type":"Point","coordinates":[-116.5001667,33.4738333,13.34]},"id":"ci39896063"},
{"type":"Feature","properties":{"mag":0.97,"place":"20km W of Searles Valley, CA","time":1640392014990,"updated":1640392225837,"tz":null,"url":"https://earthquake.usgs.gov/earthquakes/eventpage/ci39896047","detail":"https://earthquake.usgs.gov/earthquakes/feed/v1.0/detail/ci39896047.geojson","felt":null,"cdi":null,"mmi":null,"alert":null,"status":"automatic","tsunami":0,"sig":14,"net":"ci","code":"39896047","ids":",ci39896047,","sources":",ci,","types":",nearby-cities,origin,phase-data,scitech-link,","nst":12,"dmin":0.0279,"rms":0.16,"gap":94,"magType":"ml","type":"earthquake","title":"M 1.0 - 20km W of Searles Valley, CA"},"geometry":{"type":"Point","coordinates":[-117.6231667,35.7971667,7.08]},"id":"ci39896047"},
{"type":"Feature","properties":{"mag":1.6,"place":"21 km SSE of Skwentna, Alaska","time":1640391870329,"updated":1640392232190,"tz":null,"url":"https://earthquake.usgs.gov/earthquakes/eventpage/ak021ghq2st5","detail":"https://earthquake.usgs.gov/earthquakes/feed/v1.0/detail/ak021ghq2st5.geojson","felt":null,"cdi":null,"mmi":null,"alert":null,"status":"automatic","tsunami":0,"sig":39,"net":"ak","code":"021ghq2st5","ids":",ak021ghq2st5,","sources":",ak,","types":",origin,","nst":null,"dmin":null,"rms":0.41,"gap":null,"magType":"ml","type":"earthquake","title":"M 1.6 - 21 km SSE of Skwentna, Alaska"},"geometry":{"type":"Point","coordinates":[-151.2531,61.806,77.4]},"id":"ak021ghq2st5"},
{"type":"Feature","properties":{"mag":0.85,"place":"17km WSW of Toms Place, CA","time":1640391352790,"updated":1640410151983,"tz":null,"url":"https://earthquake.usgs.gov/earthquakes/eventpage/nc73668376","detail":"https://earthquake.usgs.gov/earthquakes/feed/v1.0/detail/nc73668376.geojson","felt":null,"cdi":null,"mmi":null,"alert":null,"status":"reviewed","tsunami":0,"sig":11,"net":"nc","code":"73668376","ids":",nc73668376,","sources":",nc,","types":",nearby-cities,origin,phase-data,scitech-link,","nst":14,"dmin":0.1005,"rms":0.05,"gap":267,"magType":"md","type":"earthquake","title":"M 0.9 - 17km WSW of Toms Place, CA"},"geometry":{"type":"Point","coordinates":[-118.8485,37.4905,3.9]},"id":"nc73668376"},
{"type":"Feature","properties":{"mag":4.1,"place":"1 km WSW of Blamont, France","time":1640390395886,"updated":1640461152688,"tz":null,"url":"https://earthquake.usgs.gov/earthquakes/eventpage/us6000gf4p","detail":"https://earthquake.usgs.gov/earthquakes/feed/v1.0/detail/us6000gf4p.geojson","felt":14,"cdi":4.1,"mmi":null,"alert":null,"status":"reviewed","tsunami":0,"sig":264,"net":"us","code":"6000gf4p","ids":",us6000gf4p,","sources":",us,","types":",dyfi,origin,phase-data,","nst":null,"dmin":0.866,"rms":0.79,"gap":88,"magType":"mb","type":"earthquake","title":"M 4.1 - 1 km WSW of Blamont, France"},"geometry":{"type":"Point","coordinates":[6.8318,47.3788,9.51]},"id":"us6000gf4p"},
{"type":"Feature","properties":{"mag":1.8,"place":"91 km NNW of Rachel, Nevada","time":1640390064066,"updated":1640727932331,"tz":null,"url":"https://earthquake.usgs.gov/earthquakes/eventpage/nn00830469","detail":"https://earthquake.usgs.gov/earthquakes/feed/v1.0/detail/nn00830469.geojson","felt":null,"cdi":null,"mmi":null,"alert":null,"status":"reviewed","tsunami":0,"sig":50,"net":"nn","code":"00830469","ids":",nn00830469,","sources":",nn,","types":",origin,phase-data,","nst":4,"dmin":0.889,"rms":0.0553,"gap":132.53,"magType":"ml","type":"earthquake","title":"M 1.8 - 91 km NNW of Rachel, Nevada"},"geometry":{"type":"Point","coordinates":[-116.1672,38.3947,1.1]},"id":"nn00830469"},
{"type":"Feature","properties":{"mag":1.5,"place":"35 km SE of Mina, Nevada","time":1640389794574,"updated":1640795152738,"tz":null,"url":"https://earthquake.usgs.gov/earthquakes/eventpage/nn00830467","detail":"https://earthquake.usgs.gov/earthquakes/feed/v1.0/detail/nn00830467.geojson","felt":null,"cdi":null,"mmi":null,"alert":null,"status":"reviewed","tsunami":0,"sig":35,"net":"nn","code":"00830467","ids":",nn00830467,","sources":",nn,","types":",origin,phase-data,","nst":18,"dmin":0.114,"rms":0.124,"gap":112.21,"magType":"ml","type":"earthquake","title":"M 1.5 - 35 km SE of Mina, Nevada"},"geometry":{"type":"Point","coordinates":[-117.8182,38.1652,7.8]},"id":"nn00830467"},
{"type":"Feature","properties":{"mag":1,"place":"2 km SSE of Snowville, Utah","time":1640389485930,"updated":1640794120360,"tz":null,"url":"https://earthquake.usgs.gov/earthquakes/eventpage/uu60473687","detail":"https://earthquake.usgs.gov/earthquakes/feed/v1.0/detail/uu60473687.geojson","felt":null,"cdi":null,"mmi":null,"alert":null,"status":"reviewed","tsunami":0,"sig":15,"net":"uu","code":"60473687","ids":",uu60473687,","sources":",uu,","types":",origin,phase-data,","nst":7,"dmin":0.1713,"rms":0.2,"gap":194,"magType":"md","type":"earthquake","title":"M 1.0 - 2 km SSE of Snowville, Utah"},"geometry":{"type":"Point","coordinates":[-112.702,41.9421667,2.87]},"id":"uu60473687"},
{"type":"Feature","properties":{"mag":1.74,"place":"4km ENE of Petrolia, CA","time":1640389021470,"updated":1640807291160,"tz":null,"url":"https://earthquake.usgs.gov/earthquakes/eventpage/nc73668371","detail":"https://earthquake.usgs.gov/earthquakes/feed/v1.0/detail/nc73668371.geojson","felt":null,"cdi":null,"mmi":null,"alert":null,"status":"reviewed","tsunami":0,"sig":47,"net":"nc","code":"73668371","ids":",nc73668371,","sources":",nc,","types":",nearby-cities,origin,phase-data,scitech-link,","nst":12,"dmin":0.08084,"rms":0.13,"gap":142,"magType":"md","type":"earthquake","title":"M 1.7 - 4km ENE of Petrolia, CA"},"geometry":{"type":"Point","coordinates":[-124.2456667,40.3361667,26.43]},"id":"nc73668371"},
{"type":"Feature","properties":{"mag":1.92,"place":"4km N of Pinnacles, CA","time":1640388449840,"updated":1640392811038,"tz":null,"url":"https://earthquake.usgs.gov/earthquakes/eventpage/nc73668366","detail":"https://earthquake.usgs.gov/earthquakes/feed/v1.0/detail/nc73668366.geojson","felt":null,"cdi":null,"mmi":null,"alert":null,"status":"automatic","tsunami":0,"sig":57,"net":"nc","code":"73668366","ids":",nc73668366,","sources":",nc,","types":",nearby-cities,origin,phase-data,scitech-link,","nst":16,"dmin":null,"rms":0.09,"gap":117,"magType":"md","type":"earthquake","title":"M 1.9 - 4km N of Pinnacles, CA"},"geometry":{"type":"Point","coordinates":[-121.142334,36.5636673,8.51]},"id":"nc73668366"},
{"type":"Feature","properties":{"mag":1.3,"place":"11 km NNE of Hoehne, Colorado","time":1640387856232,"updated":1640766309040,"tz":null,"url":"https://earthquake.usgs.gov/earthquakes/eventpage/us6000gg2f","detail":"https://earthquake.usgs.gov/earthquakes/feed/v1.0/detail/us6000gg2f.geojson","felt":null,"cdi":null,"mmi":null,"alert":null,"status":"reviewed","tsunami":0,"sig":26,"net":"us","code":"6000gg2f","ids":",us6000gg2f,","sources":",us,","types":",origin,phase-data,","nst":null,"dmin":0.249,"rms":0.15,"gap":213,"magType":"ml","type":"earthquake","title":"M 1.3 - 11 km NNE of Hoehne, Colorado"},"geometry":{"type":"Point","coordinates":[-104.3472,37.3835,5]},"id":"us6000gg2f"},
{"type":"Feature","properties":{"mag":1.53,"place":"3km NW of The Geysers, CA","time":1640387843000,"updated":1640391071886,"tz":null,"url":"https://earthquake.usgs.gov/earthquakes/eventpage/nc73668361","detail":"https://earthquake.usgs.gov/earthquakes/feed/v1.0/detail/nc73668361.geojson","felt":null,"cdi":null,"mmi":null,"alert":null,"status":"automatic","tsunami":0,"sig":36,"net":"nc","code":"73668361","ids":",nc73668361,","sources":",nc,","types":",nearby-cities,origin,phase-data,scitech-link,","nst":7,"dmin":0.01412,"rms":0.03,"gap":133,"magType":"md","type":"earthquake","title":"M 1.5 - 3km NW of The Geysers, CA"},"geometry":{"type":"Point","coordinates":[-122.7813339,38.7989998,2.91]},"id":"nc73668361"},
{"type":"Feature","properties":{"mag":1.59,"place":"6km WSW of Paso Robles, CA","time":1640387376630,"updated":1640389391425,"tz":null,"url":"https://earthquake.usgs.gov/earthquakes/eventpage/nc73668356","detail":"https://earthquake.usgs.gov/earthquakes/feed/v1.0/detail/nc73668356.geojson","felt":null,"cdi":null,"mmi":null,"alert":null,"status":"automatic","tsunami":0,"sig":39,"net":"nc","code":"73668356","ids":",nc73668356,","sources":",nc,","types":",nearby-cities,origin,phase-data,scitech-link,","nst":15,"dmin":0.1076,"rms":0.03,"gap":130,"magType":"md","type":"earthquake","title":"M 1.6 - 6km WSW of Paso Robles, CA"},"geometry":{"type":"Point","coordinates":[-120.7421646,35.6085014,7.18]},"id":"nc73668356"},
{"type":"Feature","properties":{"mag":2.2,"place":"58 km N of Petersville, Alaska","time":1640386598784,"updated":1640386892183,"tz":null,"url":"https://earthquake.usgs.gov/earthquakes/eventpage/ak021ggftv7r","detail":"https://earthquake.usgs.gov/earthquakes/feed/v1.0/detail/ak021ggftv7r.geojson","felt":null,"cdi":null,"mmi":null,"alert":null,"status":"automatic","tsunami":0,"sig":74,"net":"ak","code":"021ggftv7r","ids":",ak021ggftv7r,","sources":",ak,","types":",origin,","nst":null,"dmin":null,"rms":0.92,"gap":null,"magType":"ml","type":"earthquake","title":"M 2.2 - 58 km N of Petersville, Alaska"},"geometry":{"type":"Point","coordinates":[-150.6212,63.0191,93.6]},"id":"ak021ggftv7r"},
{"type":"Feature","properties":{"mag":1.89,"place":"14km S of Trona, CA","time":1640386541060,"updated":1640387201260,"tz":null,"url":"https://earthquake.usgs.gov/earthquakes/eventpage/ci39896023","detail":"https://earthquake.usgs.gov/earthquakes/feed/v1.0/detail/ci39896023.geojson","felt":null,"cdi":null,"mmi":null,"alert":null,"status":"automatic","tsunami":0,"sig":55,"net":"ci","code":"39896023","ids":",ci39896023,","sources":",ci,","types":",focal-mechanism,nearby-cities,origin,phase-data,scitech-link,","nst":24,"dmin":0.0695,"rms":0.2,"gap":133,"magType":"ml","type":"earthquake","title":"M 1.9 - 14km S of Trona, CA"},"geometry":{"type":"Point","coordinates":[-117.4036667,35.6371667,5.66]},"id":"ci39896023"},
{"type":"Feature","properties":{"mag":0.95,"place":"6km SW of Idyllwild, CA","time":1640386033540,"updated":1640386246952,"tz":null,"url":"https://earthquake.usgs.gov/earthquakes/eventpage/ci39896015","detail":"https://earthquake.usgs.gov/earthquakes/feed/v1.0/detail/ci39896015.geojson","felt":null,"cdi":null,"mmi":null,"alert":null,"status":"automatic","tsunami":0,"sig":14,"net":"ci","code":"39896015","ids":",ci39896015,","sources":",ci,","types":",nearby-cities,origin,phase-data,scitech-link,","nst":19,"dmin":0.04925,"rms":0.21,"gap":124,"magType":"ml","type":"earthquake","title":"M 1.0 - 6km SW of Idyllwild, CA"},"geometry":{"type":"Point","coordinates":[-116.7725,33.7033333,13.47]},"id":"ci39896015"},
{"type":"Feature","properties":{"mag":1.02,"place":"17km NNE of Borrego Springs, CA","time":1640385156120,"updated":1640455755055,"tz":null,"url":"https://earthquake.usgs.gov/earthquakes/eventpage/ci39896007","detail":"https://earthquake.usgs.gov/earthquakes/feed/v1.0/detail/ci39896007.geojson","felt":null,"cdi":null,"mmi":null,"alert":null,"status":"reviewed","tsunami":0,"sig":16,"net":"ci","code":"39896007","ids":",ci39896007,","sources":",ci,","types":",nearby-cities,origin,phase-data,scitech-link,","nst":22,"dmin":0.04737,"rms":0.18,"gap":85,"magType":"ml","type":"earthquake","title":"M 1.0 - 17km NNE of Borrego Springs, CA"},"geometry":{"type":"Point","coordinates":[-116.3341667,33.4051667,14.19]},"id":"ci39896007"},
{"type":"Feature","properties":{"mag":1.6,"place":"61 km SW of Karluk, Alaska","time":1640384635916,"updated":1640384867734,"tz":null,"url":"https://earthquake.usgs.gov/earthquakes/eventpage/ak021ggfmtcq","detail":"https://earthquake.usgs.gov/earthquakes/feed/v1.0/detail/ak021ggfmtcq.geojson","felt":null,"cdi":null,"mmi":null,"alert":null,"status":"automatic","tsunami":0,"sig":39,"net":"ak","code":"021ggfmtcq","ids":",ak021ggfmtcq,","sources":",ak,","types":",origin,","nst":null,"dmin":null,"rms":0.24,"gap":null,"magType":"ml","type":"earthquake","title":"M 1.6 - 61 km SW of Karluk, Alaska"},"geometry":{"type":"Point","coordinates":[-155.1585,57.1686,36.1]},"id":"ak021ggfmtcq"},
{"type":"Feature","properties":{"mag":1.3,"place":"21 km S of Susitna North, Alaska","time":1640384029587,"updated":1640384226441,"tz":null,"url":"https://earthquake.usgs.gov/earthquakes/eventpage/ak021ggfko8e","detail":"https://earthquake.usgs.gov/earthquakes/feed/v1.0/detail/ak021ggfko8e.geojson","felt":null,"cdi":null,"mmi":null,"alert":null,"status":"automatic","tsunami":0,"sig":26,"net":"ak","code":"021ggfko8e","ids":",ak021ggfko8e,","sources":",ak,","types":",origin,","nst":null,"dmin":null,"rms":0.74,"gap":null,"magType":"ml","type":"earthquake","title":"M 1.3 - 21 km S of Susitna North, Alaska"},"geometry":{"type":"Point","coordinates":[-149.8795,61.9678,53.3]},"id":"ak021ggfko8e"},
{"type":"Feature","properties":{"mag":4.6,"place":"62 km WSW of Puerto Santa, Peru","time":1640383848902,"updated":1640389121567,"tz":null,"url":"https://earthquake.usgs.gov/earthquakes/eventpage/us6000gf4g","detail":"https://earthquake.usgs.gov/earthquakes/feed/v1.0/detail/us6000gf4g.geojson","felt":1,"cdi":1,"mmi":null,"alert":null,"status":"reviewed","tsunami":0,"sig":326,"net":"us","code":"6000gf4g","ids":",us6000gf4g,","sources":",us,","types":",dyfi,origin,phase-data,","nst":null,"dmin":3.534,"rms":0.68,"gap":139,"magType":"mb","type":"earthquake","title":"M 4.6 - 62 km WSW of Puerto Santa, Peru"},"geometry":{"type":"Point","coordinates":[-79.1486,-9.2594,61.98]},"id":"us6000gf4g"},
{"type":"Feature","properties":{"mag":2.3,"place":"13 km SW of Clayton, Idaho","time":1640383069030,"updated":1640621335600,"tz":null,"url":"https://earthquake.usgs.gov/earthquakes/eventpage/mb80534434","detail":"https://earthquake.usgs.gov/earthquakes/feed/v1.0/detail/mb80534434.geojson","felt":null,"cdi":null,"mmi":null,"alert":null,"status":"reviewed","tsunami":0,"sig":81,"net":"mb","code":"80534434","ids":",mb80534434,","sources":",mb,","types":",origin,phase-data,","nst":16,"dmin":0.604,"rms":0.16,"gap":60,"magType":"ml","type":"earthquake","title":"M 2.3 - 13 km SW of Clayton, Idaho"},"geometry":{"type":"Point","coordinates":[-114.5098333,44.1631667,9.48]},"id":"mb80534434"},
{"type":"Feature","properties":{"mag":5,"place":"South Sandwich Islands region","time":1640381963984,"updated":1640385678040,"tz":null,"url":"https://earthquake.usgs.gov/earthquakes/eventpage/us6000gf4f","detail":"https://earthquake.usgs.gov/earthquakes/feed/v1.0/detail/us6000gf4f.geojson","felt":null,"cdi":null,"mmi":null,"alert":null,"status":"reviewed","tsunami":0,"sig":385,"net":"us","code":"6000gf4f","ids":",us6000gf4f,","sources":",us,","types":",origin,phase-data,","nst":null,"dmin":8.358,"rms":0.8,"gap":49,"magType":"mb","type":"earthquake","title":"M 5.0 - South Sandwich Islands region"},"geometry":{"type":"Point","coordinates":[-23.0978,-58.0238,10]},"id":"us6000gf4f"},
{"type":"Feature","properties":{"mag":1.9,"place":"27 km ESE of Denali National Park, Alaska","time":1640381940902,"updated":1640382493369,"tz":null,"url":"https://earthquake.usgs.gov/earthquakes/eventpage/ak021ggf4kxe","detail":"https://earthquake.usgs.gov/earthquakes/feed/v1.0/detail/ak021ggf4kxe.geojson","felt":null,"cdi":null,"mmi":null,"alert":null,"status":"automatic","tsunami":0,"sig":56,"net":"ak","code":"021ggf4kxe","ids":",ak021ggf4kxe,","sources":",ak,","types":",origin,","nst":null,"dmin":null,"rms":0.82,"gap":null,"magType":"ml","type":"earthquake","title":"M 1.9 - 27 km ESE of Denali National Park, Alaska"},"geometry":{"type":"Point","coordinates":[-151.2362,63.4212,2.6]},"id":"ak021ggf4kxe"},
{"type":"Feature","properties":{"mag":1.1,"place":"56 km NW of Ninilchik, Alaska","time":1640381933137,"updated":1640382262662,"tz":null,"url":"https://earthquake.usgs.gov/earthquakes/eventpage/ak021ggf4lsx","detail":"https://earthquake.usgs.gov/earthquakes/feed/v1.0/detail/ak021ggf4lsx.geojson","felt":null,"cdi":null,"mmi":null,"alert":null,"status":"automatic","tsunami":0,"sig":19,"net":"ak","code":"021ggf4lsx","ids":",ak021ggf4lsx,","sources":",ak,","types":",origin,","nst":null,"dmin":null,"rms":0.11,"gap":null,"magType":"ml","type":"earthquake","title":"M 1.1 - 56 km NW of Ninilchik, Alaska"},"geometry":{"type":"Point","coordinates":[-152.4449,60.3782,85.4]},"id":"ak021ggf4lsx"},
{"type":"Feature","properties":{"mag":5,"place":"66 km W of Tari, Papua New Guinea","time":1640381642984,"updated":1640383031040,"tz":null,"url":"https://earthquake.usgs.gov/earthquakes/eventpage/us6000gf49","detail":"https://earthquake.usgs.gov/earthquakes/feed/v1.0/detail/us6000gf49.geojson","felt":null,"cdi":null,"mmi":null,"alert":null,"status":"reviewed","tsunami":0,"sig":385,"net":"us","code":"6000gf49","ids":",us6000gf49,","sources":",us,","types":",origin,phase-data,","nst":null,"dmin":10.519,"rms":1.01,"gap":69,"magType":"mb","type":"earthquake","title":"M 5.0 - 66 km W of Tari, Papua New Guinea"},"geometry":{"type":"Point","coordinates":[142.3573,-5.9561,10]},"id":"us6000gf49"},
{"type":"Feature","properties":{"mag":2,"place":"29 km N of Larsen Bay, Alaska","time":1640380970064,"updated":1640381190502,"tz":null,"url":"https://earthquake.usgs.gov/earthquakes/eventpage/ak021ggf163y","detail":"https://earthquake.usgs.gov/earthquakes/feed/v1.0/detail/ak021ggf163y.geojson","felt":null,"cdi":null,"mmi":null,"alert":null,"status":"automatic","tsunami":0,"sig":62,"net":"ak","code":"021ggf163y","ids":",ak021ggf163y,","sources":",ak,","types":",origin,","nst":null,"dmin":null,"rms":0.2,"gap":null,"magType":"ml","type":"earthquake","title":"M 2.0 - 29 km N of Larsen Bay, Alaska"},"geometry":{"type":"Point","coordinates":[-153.935,57.8019,40.8]},"id":"ak021ggf163y"},
{"type":"Feature","properties":{"mag":2.19,"place":"1 km SE of Pāhala, Hawaii","time":1640380638830,"updated":1640384990040,"tz":null,"url":"https://earthquake.usgs.gov/earthquakes/eventpage/hv72845217","detail":"https://earthquake.usgs.gov/earthquakes/feed/v1.0/detail/hv72845217.geojson","felt":null,"cdi":null,"mmi":null,"alert":null,"status":"automatic","tsunami":0,"sig":74,"net":"hv","code":"72845217","ids":",us6000gf45,hv72845217,","sources":",us,hv,","types":",origin,phase-data,","nst":36,"dmin":null,"rms":0.119999997,"gap":94,"magType":"ml","type":"earthquake","title":"M 2.2 - 1 km SE of Pāhala, Hawaii"},"geometry":{"type":"Point","coordinates":[-155.470672607422,19.1940002441406,34.7000007629395]},"id":"hv72845217"},
{"type":"Feature","properties":{"mag":0.81,"place":"20km ESE of Anza, CA","time":1640380552490,"updated":1640455828163,"tz":null,"url":"https://earthquake.usgs.gov/earthquakes/eventpage/ci39895991","detail":"https://earthquake.usgs.gov/earthquakes/feed/v1.0/detail/ci39895991.geojson","felt":null,"cdi":null,"mmi":null,"alert":null,"status":"reviewed","tsunami":0,"sig":10,"net":"ci","code":"39895991","ids":",ci39895991,","sources":",ci,","types":",nearby-cities,origin,phase-data,scitech-link,","nst":25,"dmin":0.09675,"rms":0.2,"gap":60,"magType":"ml","type":"earthquake","title":"M 0.8 - 20km ESE of Anza, CA"},"geometry":{"type":"Point","coordinates":[-116.493,33.4625,11.13]},"id":"ci39895991"},
{"type":"Feature","properties":{"mag":1.9,"place":"15 km N of Akhiok, Alaska","time":1640380385701,"updated":1640387233172,"tz":null,"url":"https://earthquake.usgs.gov/earthquakes/eventpage/ak021ggez5qx","detail":"https://earthquake.usgs.gov/earthquakes/feed/v1.0/detail/ak021ggez5qx.geojson","felt":null,"cdi":null,"mmi":null,"alert":null,"status":"reviewed","tsunami":0,"sig":56,"net":"ak","code":"021ggez5qx","ids":",ak021ggez5qx,","sources":",ak,","types":",origin,phase-data,","nst":null,"dmin":null,"rms":0.54,"gap":null,"magType":"ml","type":"earthquake","title":"M 1.9 - 15 km N of Akhiok, Alaska"},"geometry":{"type":"Point","coordinates":[-154.1861,57.087,24.3]},"id":"ak021ggez5qx"},
{"type":"Feature","properties":{"mag":1.72,"place":"17km S of Trona, CA","time":1640380236900,"updated":1640455898233,"tz":null,"url":"https://earthquake.usgs.gov/earthquakes/eventpage/ci39895983","detail":"https://earthquake.usgs.gov/earthquakes/feed/v1.0/detail/ci39895983.geojson","felt":null,"cdi":null,"mmi":null,"alert":null,"status":"reviewed","tsunami":0,"sig":46,"net":"ci","code":"39895983","ids":",ci39895983,","sources":",ci,","types":",focal-mechanism,nearby-cities,origin,phase-data,scitech-link,","nst":24,"dmin":0.05589,"rms":0.19,"gap":130,"magType":"ml","type":"earthquake","title":"M 1.7 - 17km S of Trona, CA"},"geometry":{"type":"Point","coordinates":[-117.4023333,35.6138333,8.18]},"id":"ci39895983"},
{"type":"Feature","properties":{"mag":2.6,"place":"98 km SE of Ugashik, Alaska","time":1640380233711,"updated":1640384618040,"tz":null,"url":"https://earthquake.usgs.gov/earthquakes/eventpage/ak021ggeyk90","detail":"https://earthquake.usgs.gov/earthquakes/feed/v1.0/detail/ak021ggeyk90.geojson","felt":null,"cdi":null,"mmi":null,"alert":null,"status":"automatic","tsunami":0,"sig":104,"net":"ak","code":"021ggeyk90","ids":",us6000gf44,ak021ggeyk90,","sources":",us,ak,","types":",origin,phase-data,","nst":null,"dmin":null,"rms":0.53,"gap":null,"magType":"ml","type":"earthquake","title":"M 2.6 - 98 km SE of Ugashik, Alaska"},"geometry":{"type":"Point","coordinates":[-156.0765,56.993,52.6]},"id":"ak021ggeyk90"},
{"type":"Feature","properties":{"mag":1.7,"place":"16 km NE of Nabesna, Alaska","time":1640380050515,"updated":1640380849756,"tz":null,"url":"https://earthquake.usgs.gov/earthquakes/eventpage/ak021ggexwvt","detail":"https://earthquake.usgs.gov/earthquakes/feed/v1.0/detail/ak021ggexwvt.geojson","felt":null,"cdi":null,"mmi":null,"alert":null,"status":"automatic","tsunami":0,"sig":44,"net":"ak","code":"021ggexwvt","ids":",ak021ggexwvt,","sources":",ak,","types":",origin,","nst":null,"dmin":null,"rms":0.25,"gap":null,"magType":"ml","type":"earthquake","title":"M 1.7 - 16 km NE of Nabesna, Alaska"},"geometry":{"type":"Point","coordinates":[-142.8052,62.4798,0.9]},"id":"ak021ggexwvt"},
{"type":"Feature","properties":{"mag":2.1099999,"place":"4 km S of Pāhala, Hawaii","time":1640379659020,"updated":1640379842520,"tz":null,"url":"https://earthquake.usgs.gov/earthquakes/eventpage/hv72845192","detail":"https://earthquake.usgs.gov/earthquakes/feed/v1.0/detail/hv72845192.geojson","felt":null,"cdi":null,"mmi":null,"alert":null,"status":"automatic","tsunami":0,"sig":68,"net":"hv","code":"72845192","ids":",hv72845192,","sources":",hv,","types":",origin,phase-data,","nst":31,"dmin":null,"rms":0.140000001,"gap":87,"magType":"md","type":"earthquake","title":"M 2.1 - 4 km S of Pāhala, Hawaii"},"geometry":{"type":"Point","coordinates":[-155.47200012207,19.1658325195312,32.9199981689453]},"id":"hv72845192"},
{"type":"Feature","properties":{"mag":1.86000001,"place":"8 km NE of Pāhala, Hawaii","time":1640379293080,"updated":1640379482620,"tz":null,"url":"https://earthquake.usgs.gov/earthquakes/eventpage/hv72845182","detail":"https://earthquake.usgs.gov/earthquakes/feed/v1.0/detail/hv72845182.geojson","felt":null,"cdi":null,"mmi":null,"alert":null,"status":"automatic","tsunami":0,"sig":53,"net":"hv","code":"72845182","ids":",hv72845182,","sources":",hv,","types":",origin,phase-data,","nst":28,"dmin":null,"rms":0.119999997,"gap":126,"magType":"md","type":"earthquake","title":"M 1.9 - 8 km NE of Pāhala, Hawaii"},"geometry":{"type":"Point","coordinates":[-155.410827636719,19.2501659393311,30.7000007629395]},"id":"hv72845182"},
{"type":"Feature","properties":{"mag":3.34,"place":"45 km ESE of Naalehu, Hawaii","time":1640377962390,"updated":1640633522830,"tz":null,"url":"https://earthquake.usgs.gov/earthquakes/eventpage/hv72845167","detail":"https://earthquake.usgs.gov/earthquakes/feed/v1.0/detail/hv72845167.geojson","felt":null,"cdi":null,"mmi":2.19,"alert":null,"status":"reviewed","tsunami":0,"sig":172,"net":"hv","code":"72845167","ids":",us6000gf3y,hv72845167,","sources":",us,hv,","types":",origin,phase-data,shakemap,","nst":44,"dmin":null,"rms":0.13,"gap":260,"magType":"ml","type":"earthquake","title":"M 3.3 - 45 km ESE of Naalehu, Hawaii"},"geometry":{"type":"Point","coordinates":[-155.199833333333,18.8705,10.35]},"id":"hv72845167"},
{"type":"Feature","properties":{"mag":1.8,"place":"123 km SSW of McCarthy, Alaska","time":1640377125068,"updated":1640377343142,"tz":null,"url":"https://earthquake.usgs.gov/earthquakes/eventpage/ak021ggeev96","detail":"https://earthquake.usgs.gov/earthquakes/feed/v1.0/detail/ak021ggeev96.geojson","felt":null,"cdi":null,"mmi":null,"alert":null,"status":"automatic","tsunami":0,"sig":50,"net":"ak","code":"021ggeev96","ids":",ak021ggeev96,","sources":",ak,","types":",origin,","nst":null,"dmin":null,"rms":0.59,"gap":null,"magType":"ml","type":"earthquake","title":"M 1.8 - 123 km SSW of McCarthy, Alaska"},"geometry":{"type":"Point","coordinates":[-143.4695,60.3611,0]},"id":"ak021ggeev96"},
{"type":"Feature","properties":{"mag":1.7,"place":"72 km N of Chickaloon, Alaska","time":1640376905365,"updated":1640377212766,"tz":null,"url":"https://earthquake.usgs.gov/earthquakes/eventpage/ak021ggee51k","detail":"https://earthquake.usgs.gov/earthquakes/feed/v1.0/detail/ak021ggee51k.geojson","felt":null,"cdi":null,"mmi":null,"alert":null,"status":"automatic","tsunami":0,"sig":44,"net":"ak","code":"021ggee51k","ids":",ak021ggee51k,","sources":",ak,","types":",origin,","nst":null,"dmin":null,"rms":1.03,"gap":null,"magType":"ml","type":"earthquake","title":"M 1.7 - 72 km N of Chickaloon, Alaska"},"geometry":{"type":"Point","coordinates":[-148.3371,62.4464,33.5]},"id":"ak021ggee51k"},
{"type":"Feature","properties":{"mag":1.2,"place":"22 km NNW of Sutcliffe, Nevada","time":1640376771214,"updated":1640812104618,"tz":null,"url":"https://earthquake.usgs.gov/earthquakes/eventpage/nn00830681","detail":"https://earthquake.usgs.gov/earthquakes/feed/v1.0/detail/nn00830681.geojson","felt":null,"cdi":null,"mmi":null,"alert":null,"status":"reviewed","tsunami":0,"sig":22,"net":"nn","code":"00830681","ids":",nn00830681,","sources":",nn,","types":",origin,phase-data,","nst":4,"dmin":0.064,"rms":0.1206,"gap":178.44,"magType":"ml","type":"earthquake","title":"M 1.2 - 22 km NNW of Sutcliffe, Nevada"},"geometry":{"type":"Point","coordinates":[-119.6528,40.1513,7.9]},"id":"nn00830681"},
{"type":"Feature","properties":{"mag":1.99000001,"place":"9 km ENE of Pāhala, Hawaii","time":1640376096070,"updated":1640376280690,"tz":null,"url":"https://earthquake.usgs.gov/earthquakes/eventpage/hv72845102","detail":"https://earthquake.usgs.gov/earthquakes/feed/v1.0/detail/hv72845102.geojson","felt":null,"cdi":null,"mmi":null,"alert":null,"status":"automatic","tsunami":0,"sig":61,"net":"hv","code":"72845102","ids":",hv72845102,","sources":",hv,","types":",origin,phase-data,","nst":25,"dmin":null,"rms":0.140000001,"gap":152,"magType":"md","type":"earthquake","title":"M 2.0 - 9 km ENE of Pāhala, Hawaii"},"geometry":{"type":"Point","coordinates":[-155.387161254883,19.2241668701172,30.8899993896484]},"id":"hv72845102"},
{"type":"Feature","properties":{"mag":1.7,"place":"66 km NW of Aleneva, Alaska","time":1640375905623,"updated":1640376200914,"tz":null,"url":"https://earthquake.usgs.gov/earthquakes/eventpage/ak021gge1yqh","detail":"https://earthquake.usgs.gov/earthquakes/feed/v1.0/detail/ak021gge1yqh.geojson","felt":null,"cdi":null,"mmi":null,"alert":null,"status":"automatic","tsunami":0,"sig":44,"net":"ak","code":"021gge1yqh","ids":",ak021gge1yqh,","sources":",ak,","types":",origin,","nst":null,"dmin":null,"rms":0.33,"gap":null,"magType":"ml","type":"earthquake","title":"M 1.7 - 66 km NW of Aleneva, Alaska"},"geometry":{"type":"Point","coordinates":[-153.7401,58.4611,71.2]},"id":"ak021gge1yqh"},
{"type":"Feature","properties":{"mag":1.4,"place":"27 km ESE of Point Possession, Alaska","time":1640375796620,"updated":1640376000281,"tz":null,"url":"https://earthquake.usgs.gov/earthquakes/eventpage/ak021gge1k7i","detail":"https://earthquake.usgs.gov/earthquakes/feed/v1.0/detail/ak021gge1k7i.geojson","felt":null,"cdi":null,"mmi":null,"alert":null,"status":"automatic","tsunami":0,"sig":30,"net":"ak","code":"021gge1k7i","ids":",ak021gge1k7i,","sources":",ak,","types":",origin,","nst":null,"dmin":null,"rms":0.36,"gap":null,"magType":"ml","type":"earthquake","title":"M 1.4 - 27 km ESE of Point Possession, Alaska"},"geometry":{"type":"Point","coordinates":[-150.2093,60.8546,38]},"id":"ak021gge1k7i"},
{"type":"Feature","properties":{"mag":3.15,"place":"10 km ENE of Pāhala, Hawaii","time":1640375650260,"updated":1640634271630,"tz":null,"url":"https://earthquake.usgs.gov/earthquakes/eventpage/hv72845087","detail":"https://earthquake.usgs.gov/earthquakes/feed/v1.0/detail/hv72845087.geojson","felt":null,"cdi":null,"mmi":null,"alert":null,"status":"reviewed","tsunami":0,"sig":153,"net":"hv","code":"72845087","ids":",us6000gf3s,hv72845087,","sources":",us,hv,","types":",origin,phase-data,","nst":51,"dmin":null,"rms":0.12,"gap":141,"magType":"ml","type":"earthquake","title":"M 3.2 - 10 km ENE of Pāhala, Hawaii"},"geometry":{"type":"Point","coordinates":[-155.389166666667,19.2408333333333,31.86]},"id":"hv72845087"},
{"type":"Feature","properties":{"mag":1.95,"place":"9km ENE of Coso Junction, CA","time":1640374901900,"updated":1640455975857,"tz":null,"url":"https://earthquake.usgs.gov/earthquakes/eventpage/ci39895927","detail":"https://earthquake.usgs.gov/earthquakes/feed/v1.0/detail/ci39895927.geojson","felt":null,"cdi":null,"mmi":null,"alert":null,"status":"reviewed","tsunami":0,"sig":58,"net":"ci","code":"39895927","ids":",ci39895927,","sources":",ci,","types":",focal-mechanism,nearby-cities,origin,phase-data,scitech-link,","nst":25,"dmin":0.02795,"rms":0.11,"gap":49,"magType":"ml","type":"earthquake","title":"M 2.0 - 9km ENE of Coso Junction, CA"},"geometry":{"type":"Point","coordinates":[-117.8628333,36.0903333,2.7]},"id":"ci39895927"},
{"type":"Feature","properties":{"mag":1.9,"place":"57 km S of Denali National Park, Alaska","time":1640374247401,"updated":1640374547851,"tz":null,"url":"https://earthquake.usgs.gov/earthquakes/eventpage/ak021ggdw0eh","detail":"https://earthquake.usgs.gov/earthquakes/feed/v1.0/detail/ak021ggdw0eh.geojson","felt":null,"cdi":null,"mmi":null,"alert":null,"status":"automatic","tsunami":0,"sig":56,"net":"ak","code":"021ggdw0eh","ids":",ak021ggdw0eh,","sources":",ak,","types":",origin,","nst":null,"dmin":null,"rms":0.77,"gap":null,"magType":"ml","type":"earthquake","title":"M 1.9 - 57 km S of Denali National Park, Alaska"},"geometry":{"type":"Point","coordinates":[-151.6453,63.0262,4.9]},"id":"ak021ggdw0eh"},
{"type":"Feature","properties":{"mag":1.46,"place":"8km SW of Idyllwild, CA","time":1640373753270,"updated":1640456042345,"tz":null,"url":"https://earthquake.usgs.gov/earthquakes/eventpage/ci39895911","detail":"https://earthquake.usgs.gov/earthquakes/feed/v1.0/detail/ci39895911.geojson","felt":null,"cdi":null,"mmi":null,"alert":null,"status":"reviewed","tsunami":0,"sig":33,"net":"ci","code":"39895911","ids":",ci39895911,","sources":",ci,","types":",focal-mechanism,nearby-cities,origin,phase-data,scitech-link,","nst":45,"dmin":0.05826,"rms":0.2,"gap":33,"magType":"ml","type":"earthquake","title":"M 1.5 - 8km SW of Idyllwild, CA"},"geometry":{"type":"Point","coordinates":[-116.7748333,33.6821667,16.39]},"id":"ci39895911"},
{"type":"Feature","properties":{"mag":4.2,"place":"105 km NNW of Phôngsali, Laos","time":1640372374384,"updated":1640464449040,"tz":null,"url":"https://earthquake.usgs.gov/earthquakes/eventpage/us6000gf3n","detail":"https://earthquake.usgs.gov/earthquakes/feed/v1.0/detail/us6000gf3n.geojson","felt":null,"cdi":null,"mmi":null,"alert":null,"status":"reviewed","tsunami":0,"sig":271,"net":"us","code":"6000gf3n","ids":",us6000gf3n,","sources":",us,","types":",origin,phase-data,","nst":null,"dmin":2.233,"rms":1.18,"gap":83,"magType":"mb","type":"earthquake","title":"M 4.2 - 105 km NNW of Phôngsali, Laos"},"geometry":{"type":"Point","coordinates":[101.6039,22.5128,10]},"id":"us6000gf3n"},
{"type":"Feature","properties":{"mag":1.54,"place":"11km ENE of Coso Junction, CA","time":1640372105020,"updated":1640456111794,"tz":null,"url":"https://earthquake.usgs.gov/earthquakes/eventpage/ci39895895","detail":"https://earthquake.usgs.gov/earthquakes/feed/v1.0/detail/ci39895895.geojson","felt":null,"cdi":null,"mmi":null,"alert":null,"status":"reviewed","tsunami":0,"sig":36,"net":"ci","code":"39895895","ids":",ci39895895,","sources":",ci,","types":",focal-mechanism,nearby-cities,origin,phase-data,scitech-link,","nst":21,"dmin":0.02104,"rms":0.16,"gap":67,"magType":"ml","type":"earthquake","title":"M 1.5 - 11km ENE of Coso Junction, CA"},"geometry":{"type":"Point","coordinates":[-117.8463333,36.0976667,1.54]},"id":"ci39895895"},
{"type":"Feature","properties":{"mag":0.8,"place":"49 km SSW of Cantwell, Alaska","time":1640371741558,"updated":1640386561087,"tz":null,"url":"https://earthquake.usgs.gov/earthquakes/eventpage/ak021ggdefcv","detail":"https://earthquake.usgs.gov/earthquakes/feed/v1.0/detail/ak021ggdefcv.geojson","felt":null,"cdi":null,"mmi":null,"alert":null,"status":"reviewed","tsunami":0,"sig":10,"net":"ak","code":"021ggdefcv","ids":",ak021ggdefcv,","sources":",ak,","types":",origin,phase-data,","nst":null,"dmin":null,"rms":0.64,"gap":null,"magType":"ml","type":"earthquake","title":"M 0.8 - 49 km SSW of Cantwell, Alaska"},"geometry":{"type":"Point","coordinates":[-149.3927,62.9955,22.9]},"id":"ak021ggdefcv"},
{"type":"Feature","properties":{"mag":1.6,"place":"52 km N of Petersville, Alaska","time":1640371038906,"updated":1640371645792,"tz":null,"url":"https://earthquake.usgs.gov/earthquakes/eventpage/ak021ggdc0vc","detail":"https://earthquake.usgs.gov/earthquakes/feed/v1.0/detail/ak021ggdc0vc.geojson","felt":null,"cdi":null,"mmi":null,"alert":null,"status":"automatic","tsunami":0,"sig":39,"net":"ak","code":"021ggdc0vc","ids":",ak021ggdc0vc,","sources":",ak,","types":",origin,","nst":null,"dmin":null,"rms":0.81,"gap":null,"magType":"ml","type":"earthquake","title":"M 1.6 - 52 km N of Petersville, Alaska"},"geometry":{"type":"Point","coordinates":[-150.6787,62.965,20.6]},"id":"ak021ggdc0vc"},
{"type":"Feature","properties":{"mag":2.24,"place":"11km ENE of Coso Junction, CA","time":1640370760730,"updated":1640456181230,"tz":null,"url":"https://earthquake.usgs.gov/earthquakes/eventpage/ci39895887","detail":"https://earthquake.usgs.gov/earthquakes/feed/v1.0/detail/ci39895887.geojson","felt":null,"cdi":null,"mmi":null,"alert":null,"status":"reviewed","tsunami":0,"sig":77,"net":"ci","code":"39895887","ids":",ci39895887,","sources":",ci,","types":",focal-mechanism,nearby-cities,origin,phase-data,scitech-link,","nst":25,"dmin":0.01972,"rms":0.12,"gap":93,"magType":"ml","type":"earthquake","title":"M 2.2 - 11km ENE of Coso Junction, CA"},"geometry":{"type":"Point","coordinates":[-117.8471667,36.0988333,2.04]},"id":"ci39895887"},
{"type":"Feature","properties":{"mag":2.87,"place":"12km N of Petrolia, CA","time":1640370613390,"updated":1640729112188,"tz":null,"url":"https://earthquake.usgs.gov/earthquakes/eventpage/nc73668326","detail":"https://earthquake.usgs.gov/earthquakes/feed/v1.0/detail/nc73668326.geojson","felt":null,"cdi":null,"mmi":null,"alert":null,"status":"reviewed","tsunami":0,"sig":127,"net":"nc","code":"73668326","ids":",nc73668326,us6000gf35,","sources":",nc,us,","types":",focal-mechanism,nearby-cities,origin,phase-data,scitech-link,","nst":21,"dmin":0.06971,"rms":0.15,"gap":125,"magType":"ml","type":"earthquake","title":"M 2.9 - 12km N of Petrolia, CA"},"geometry":{"type":"Point","coordinates":[-124.2628333,40.4353333,25.59]},"id":"nc73668326"},
{"type":"Feature","properties":{"mag":2,"place":"43 km WSW of Anchor Point, Alaska","time":1640369713250,"updated":1640370203182,"tz":null,"url":"https://earthquake.usgs.gov/earthquakes/eventpage/ak021ggd7afw","detail":"https://earthquake.usgs.gov/earthquakes/feed/v1.0/detail/ak021ggd7afw.geojson","felt":null,"cdi":null,"mmi":null,"alert":null,"status":"automatic","tsunami":0,"sig":62,"net":"ak","code":"021ggd7afw","ids":",ak021ggd7afw,","sources":",ak,","types":",origin,","nst":null,"dmin":null,"rms":0.37,"gap":null,"magType":"ml","type":"earthquake","title":"M 2.0 - 43 km WSW of Anchor Point, Alaska"},"geometry":{"type":"Point","coordinates":[-152.5677,59.6505,81.2]},"id":"ak021ggd7afw"},
{"type":"Feature","properties":{"mag":2.8,"place":"23 km NW of Stanley, Idaho","time":1640368894914,"updated":1640461926040,"tz":null,"url":"https://earthquake.usgs.gov/earthquakes/eventpage/us6000gf2z","detail":"https://earthquake.usgs.gov/earthquakes/feed/v1.0/detail/us6000gf2z.geojson","felt":null,"cdi":null,"mmi":null,"alert":null,"status":"reviewed","tsunami":0,"sig":121,"net":"us","code":"6000gf2z","ids":",mb80534419,us6000gf2z,","sources":",mb,us,","types":",origin,phase-data,","nst":null,"dmin":0.938,"rms":0.78,"gap":41,"magType":"ml","type":"earthquake","title":"M 2.8 - 23 km NW of Stanley, Idaho"},"geometry":{"type":"Point","coordinates":[-115.1366,44.3793,16.65]},"id":"us6000gf2z"},
{"type":"Feature","properties":{"mag":4.5,"place":"11 km SE of Battagram, Pakistan","time":1640368737121,"updated":1640456081040,"tz":null,"url":"https://earthquake.usgs.gov/earthquakes/eventpage/us6000gf2y","detail":"https://earthquake.usgs.gov/earthquakes/feed/v1.0/detail/us6000gf2y.geojson","felt":null,"cdi":null,"mmi":null,"alert":null,"status":"reviewed","tsunami":0,"sig":312,"net":"us","code":"6000gf2y","ids":",us6000gf2y,","sources":",us,","types":",origin,phase-data,","nst":null,"dmin":0.97,"rms":0.97,"gap":97,"magType":"mb","type":"earthquake","title":"M 4.5 - 11 km SE of Battagram, Pakistan"},"geometry":{"type":"Point","coordinates":[73.1308,34.6166,29.19]},"id":"us6000gf2y"},
{"type":"Feature","properties":{"mag":2.3,"place":"12 km NE of Tazlina, Alaska","time":1640368236852,"updated":1640368449797,"tz":null,"url":"https://earthquake.usgs.gov/earthquakes/eventpage/ak021ggctepx","detail":"https://earthquake.usgs.gov/earthquakes/feed/v1.0/detail/ak021ggctepx.geojson","felt":null,"cdi":null,"mmi":null,"alert":null,"status":"automatic","tsunami":0,"sig":81,"net":"ak","code":"021ggctepx","ids":",ak021ggctepx,","sources":",ak,","types":",origin,","nst":null,"dmin":null,"rms":0.81,"gap":null,"magType":"ml","type":"earthquake","title":"M 2.3 - 12 km NE of Tazlina, Alaska"},"geometry":{"type":"Point","coordinates":[-145.2578,62.1394,206.7]},"id":"ak021ggctepx"},
{"type":"Feature","properties":{"mag":2,"place":"13 km NNW of Nabesna, Alaska","time":1640368054293,"updated":1640368319455,"tz":null,"url":"https://earthquake.usgs.gov/earthquakes/eventpage/ak021ggcsrf9","detail":"https://earthquake.usgs.gov/earthquakes/feed/v1.0/detail/ak021ggcsrf9.geojson","felt":null,"cdi":null,"mmi":null,"alert":null,"status":"automatic","tsunami":0,"sig":62,"net":"ak","code":"021ggcsrf9","ids":",ak021ggcsrf9,","sources":",ak,","types":",origin,","nst":null,"dmin":null,"rms":0.81,"gap":null,"magType":"ml","type":"earthquake","title":"M 2.0 - 13 km NNW of Nabesna, Alaska"},"geometry":{"type":"Point","coordinates":[-143.0859,62.4912,12.6]},"id":"ak021ggcsrf9"},
{"type":"Feature","properties":{"mag":3,"place":"25 km NW of Stanley, Idaho","time":1640367868620,"updated":1640484045980,"tz":null,"url":"https://earthquake.usgs.gov/earthquakes/eventpage/us6000gf2s","detail":"https://earthquake.usgs.gov/earthquakes/feed/v1.0/detail/us6000gf2s.geojson","felt":4,"cdi":2.7,"mmi":null,"alert":null,"status":"reviewed","tsunami":0,"sig":140,"net":"us","code":"6000gf2s","ids":",mb80534409,us6000gf2s,","sources":",mb,us,","types":",dyfi,origin,phase-data,","nst":null,"dmin":0.929,"rms":0.64,"gap":37,"magType":"ml","type":"earthquake","title":"M 3.0 - 25 km NW of Stanley, Idaho"},"geometry":{"type":"Point","coordinates":[-115.1906,44.3586,13.44]},"id":"us6000gf2s"},
{"type":"Feature","properties":{"mag":4.7,"place":"38 km ENE of Calama, Chile","time":1640367771881,"updated":1640452463040,"tz":null,"url":"https://earthquake.usgs.gov/earthquakes/eventpage/us6000gf2r","detail":"https://earthquake.usgs.gov/earthquakes/feed/v1.0/detail/us6000gf2r.geojson","felt":null,"cdi":null,"mmi":null,"alert":null,"status":"reviewed","tsunami":0,"sig":340,"net":"us","code":"6000gf2r","ids":",us6000gf2r,","sources":",us,","types":",origin,phase-data,","nst":null,"dmin":0.722,"rms":1,"gap":34,"magType":"mwr","type":"earthquake","title":"M 4.7 - 38 km ENE of Calama, Chile"},"geometry":{"type":"Point","coordinates":[-68.5771,-22.3277,113.3]},"id":"us6000gf2r"},
{"type":"Feature","properties":{"mag":0.94,"place":"12km SSW of Searles Valley, CA","time":1640367332700,"updated":1640367546833,"tz":null,"url":"https://earthquake.usgs.gov/earthquakes/eventpage/ci39895847","detail":"https://earthquake.usgs.gov/earthquakes/feed/v1.0/detail/ci39895847.geojson","felt":null,"cdi":null,"mmi":null,"alert":null,"status":"automatic","tsunami":0,"sig":14,"net":"ci","code":"39895847","ids":",ci39895847,","sources":",ci,","types":",nearby-cities,origin,phase-data,scitech-link,","nst":9,"dmin":0.1708,"rms":0.21,"gap":169,"magType":"ml","type":"earthquake","title":"M 0.9 - 12km SSW of Searles Valley, CA"},"geometry":{"type":"Point","coordinates":[-117.4775,35.6753333,3.42]},"id":"ci39895847"},
{"type":"Feature","properties":{"mag":1.18,"place":"21km ESE of Anza, CA","time":1640367045990,"updated":1640367257266,"tz":null,"url":"https://earthquake.usgs.gov/earthquakes/eventpage/ci39895839","detail":"https://earthquake.usgs.gov/earthquakes/feed/v1.0/detail/ci39895839.geojson","felt":null,"cdi":null,"mmi":null,"alert":null,"status":"automatic","tsunami":0,"sig":21,"net":"ci","code":"39895839","ids":",ci39895839,","sources":",ci,","types":",nearby-cities,origin,phase-data,scitech-link,","nst":23,"dmin":0.1061,"rms":0.12,"gap":64,"magType":"ml","type":"earthquake","title":"M 1.2 - 21km ESE of Anza, CA"},"geometry":{"type":"Point","coordinates":[-116.4761658,33.4614983,12.91]},"id":"ci39895839"},
{"type":"Feature","properties":{"mag":2.7,"place":"1 km N of Guayanilla, Puerto Rico","time":1640366892400,"updated":1640369084533,"tz":null,"url":"https://earthquake.usgs.gov/earthquakes/eventpage/pr2021358006","detail":"https://earthquake.usgs.gov/earthquakes/feed/v1.0/detail/pr2021358006.geojson","felt":null,"cdi":null,"mmi":null,"alert":null,"status":"reviewed","tsunami":0,"sig":112,"net":"pr","code":"2021358006","ids":",pr2021358006,","sources":",pr,","types":",origin,phase-data,","nst":15,"dmin":0.104,"rms":0.18,"gap":109,"magType":"md","type":"earthquake","title":"M 2.7 - 1 km N of Guayanilla, Puerto Rico"},"geometry":{"type":"Point","coordinates":[-66.7901,18.0288,19]},"id":"pr2021358006"},
{"type":"Feature","properties":{"mag":2.73,"place":"35km SSE of Santa Cruz Is. (E end), CA","time":1640366581530,"updated":1640449277040,"tz":null,"url":"https://earthquake.usgs.gov/earthquakes/eventpage/ci39895831","detail":"https://earthquake.usgs.gov/earthquakes/feed/v1.0/detail/ci39895831.geojson","felt":null,"cdi":null,"mmi":null,"alert":null,"status":"automatic","tsunami":0,"sig":115,"net":"ci","code":"39895831","ids":",ci39895831,us6000gf2j,","sources":",ci,us,","types":",nearby-cities,origin,phase-data,scitech-link,","nst":16,"dmin":0.3958,"rms":0.27,"gap":165,"magType":"ml","type":"earthquake","title":"M 2.7 - 35km SSE of Santa Cruz Is. (E end), CA"},"geometry":{"type":"Point","coordinates":[-119.3956667,33.733,9.28]},"id":"ci39895831"},
{"type":"Feature","properties":{"mag":1.15,"place":"11km NE of Coso Junction, CA","time":1640365935810,"updated":1640456252158,"tz":null,"url":"https://earthquake.usgs.gov/earthquakes/eventpage/ci39895823","detail":"https://earthquake.usgs.gov/earthquakes/feed/v1.0/detail/ci39895823.geojson","felt":null,"cdi":null,"mmi":null,"alert":null,"status":"reviewed","tsunami":0,"sig":20,"net":"ci","code":"39895823","ids":",ci39895823,","sources":",ci,","types":",nearby-cities,origin,phase-data,scitech-link,","nst":15,"dmin":0.01181,"rms":0.13,"gap":68,"magType":"ml","type":"earthquake","title":"M 1.2 - 11km NE of Coso Junction, CA"},"geometry":{"type":"Point","coordinates":[-117.8503333,36.1063333,3.41]},"id":"ci39895823"},
{"type":"Feature","properties":{"mag":1.2,"place":"15 km NNW of Mina, Nevada","time":1640365542970,"updated":1640797198827,"tz":null,"url":"https://earthquake.usgs.gov/earthquakes/eventpage/nn00830464","detail":"https://earthquake.usgs.gov/earthquakes/feed/v1.0/detail/nn00830464.geojson","felt":null,"cdi":null,"mmi":null,"alert":null,"status":"reviewed","tsunami":0,"sig":22,"net":"nn","code":"00830464","ids":",nn00830464,","sources":",nn,","types":",origin,phase-data,","nst":16,"dmin":0.095,"rms":0.1011,"gap":115.99,"magType":"ml","type":"earthquake","title":"M 1.2 - 15 km NNW of Mina, Nevada"},"geometry":{"type":"Point","coordinates":[-118.1628,38.5278,7.8]},"id":"nn00830464"},
{"type":"Feature","properties":{"mag":4.1,"place":"117 km NE of Gisborne, New Zealand","time":1640365064171,"updated":1640367563040,"tz":null,"url":"https://earthquake.usgs.gov/earthquakes/eventpage/us6000gf2i","detail":"https://earthquake.usgs.gov/earthquakes/feed/v1.0/detail/us6000gf2i.geojson","felt":null,"cdi":null,"mmi":null,"alert":null,"status":"reviewed","tsunami":0,"sig":259,"net":"us","code":"6000gf2i","ids":",us6000gf2i,","sources":",us,","types":",origin,phase-data,","nst":null,"dmin":0.593,"rms":0.65,"gap":220,"magType":"mb","type":"earthquake","title":"M 4.1 - 117 km NE of Gisborne, New Zealand"},"geometry":{"type":"Point","coordinates":[178.9348,-37.8856,10]},"id":"us6000gf2i"},
{"type":"Feature","properties":{"mag":1.4,"place":"24 km NW of Tatitlek, Alaska","time":1640363736254,"updated":1640363962381,"tz":null,"url":"https://earthquake.usgs.gov/earthquakes/eventpage/ak021ggc4rbt","detail":"https://earthquake.usgs.gov/earthquakes/feed/v1.0/detail/ak021ggc4rbt.geojson","felt":null,"cdi":null,"mmi":null,"alert":null,"status":"automatic","tsunami":0,"sig":30,"net":"ak","code":"021ggc4rbt","ids":",ak021ggc4rbt,","sources":",ak,","types":",origin,","nst":null,"dmin":null,"rms":0.3,"gap":null,"magType":"ml","type":"earthquake","title":"M 1.4 - 24 km NW of Tatitlek, Alaska"},"geometry":{"type":"Point","coordinates":[-147.0071,61.0155,23.5]},"id":"ak021ggc4rbt"},
{"type":"Feature","properties":{"mag":0.82,"place":"22 km W of Drummond, Montana","time":1640362691520,"updated":1640648492470,"tz":null,"url":"https://earthquake.usgs.gov/earthquakes/eventpage/mb80534594","detail":"https://earthquake.usgs.gov/earthquakes/feed/v1.0/detail/mb80534594.geojson","felt":null,"cdi":null,"mmi":null,"alert":null,"status":"reviewed","tsunami":0,"sig":10,"net":"mb","code":"80534594","ids":",mb80534594,","sources":",mb,","types":",origin,phase-data,","nst":6,"dmin":0.397,"rms":0.13,"gap":160,"magType":"ml","type":"earthquake","title":"M 0.8 - 22 km W of Drummond, Montana"},"geometry":{"type":"Point","coordinates":[-113.4325,46.6401667,5.87]},"id":"mb80534594"},
{"type":"Feature","properties":{"mag":0.81,"place":"9km ESE of Coso Junction, CA","time":1640362157750,"updated":1640363892390,"tz":null,"url":"https://earthquake.usgs.gov/earthquakes/eventpage/ci39895759","detail":"https://earthquake.usgs.gov/earthquakes/feed/v1.0/detail/ci39895759.geojson","felt":null,"cdi":null,"mmi":null,"alert":null,"status":"reviewed","tsunami":0,"sig":10,"net":"ci","code":"39895759","ids":",ci39895759,","sources":",ci,","types":",nearby-cities,origin,phase-data,scitech-link,","nst":13,"dmin":0.03733,"rms":0.1,"gap":108,"magType":"ml","type":"earthquake","title":"M 0.8 - 9km ESE of Coso Junction, CA"},"geometry":{"type":"Point","coordinates":[-117.8475,36.0213333,2.59]},"id":"ci39895759"},
{"type":"Feature","properties":{"mag":1.4,"place":"1km SSE of The Geysers, CA","time":1640362075610,"updated":1640364010538,"tz":null,"url":"https://earthquake.usgs.gov/earthquakes/eventpage/nc73668316","detail":"https://earthquake.usgs.gov/earthquakes/feed/v1.0/detail/nc73668316.geojson","felt":null,"cdi":null,"mmi":null,"alert":null,"status":"automatic","tsunami":0,"sig":30,"net":"nc","code":"73668316","ids":",nc73668316,","sources":",nc,","types":",nearby-cities,origin,phase-data,scitech-link,","nst":7,"dmin":0.05351,"rms":0.18,"gap":174,"magType":"md","type":"earthquake","title":"M 1.4 - 1km SSE of The Geysers, CA"},"geometry":{"type":"Point","coordinates":[-122.7511673,38.7669983,-0.71]},"id":"nc73668316"},
{"type":"Feature","properties":{"mag":1.76,"place":"3 km SSW of Pāhala, Hawaii","time":1640361950940,"updated":1640362281250,"tz":null,"url":"https://earthquake.usgs.gov/earthquakes/eventpage/hv72844987","detail":"https://earthquake.usgs.gov/earthquakes/feed/v1.0/detail/hv72844987.geojson","felt":null,"cdi":null,"mmi":null,"alert":null,"status":"automatic","tsunami":0,"sig":48,"net":"hv","code":"72844987","ids":",hv72844987,","sources":",hv,","types":",origin,phase-data,","nst":39,"dmin":null,"rms":0.129999995,"gap":90,"magType":"ml","type":"earthquake","title":"M 1.8 - 3 km SSW of Pāhala, Hawaii"},"geometry":{"type":"Point","coordinates":[-155.489166259766,19.1733341217041,35.5299987792969]},"id":"hv72844987"},
{"type":"Feature","properties":{"mag":1.3,"place":"12km S of Searles Valley, CA","time":1640361211860,"updated":1640361830280,"tz":null,"url":"https://earthquake.usgs.gov/earthquakes/eventpage/ci39895743","detail":"https://earthquake.usgs.gov/earthquakes/feed/v1.0/detail/ci39895743.geojson","felt":null,"cdi":null,"mmi":null,"alert":null,"status":"automatic","tsunami":0,"sig":26,"net":"ci","code":"39895743","ids":",ci39895743,","sources":",ci,","types":",focal-mechanism,nearby-cities,origin,phase-data,scitech-link,","nst":17,"dmin":0.1482,"rms":0.22,"gap":126,"magType":"ml","type":"earthquake","title":"M 1.3 - 12km S of Searles Valley, CA"},"geometry":{"type":"Point","coordinates":[-117.4238333,35.6653333,10.48]},"id":"ci39895743"},
{"type":"Feature","properties":{"mag":3.27,"place":"44km W of Petrolia, CA","time":1640361089120,"updated":1640658730823,"tz":null,"url":"https://earthquake.usgs.gov/earthquakes/eventpage/nc73668306","detail":"https://earthquake.usgs.gov/earthquakes/feed/v1.0/detail/nc73668306.geojson","felt":1,"cdi":2.2,"mmi":null,"alert":null,"status":"reviewed","tsunami":0,"sig":165,"net":"nc","code":"73668306","ids":",nc73668306,ew1640361100,us6000gf2b,","sources":",nc,ew,us,","types":",dyfi,nearby-cities,origin,phase-data,scitech-link,shake-alert,","nst":31,"dmin":0.3885,"rms":0.12,"gap":242,"magType":"ml","type":"earthquake","title":"M 3.3 - 44km W of Petrolia, CA"},"geometry":{"type":"Point","coordinates":[-124.8075,40.3266667,9.55]},"id":"nc73668306"},
{"type":"Feature","properties":{"mag":4.5,"place":"Fiji region","time":1640359717877,"updated":1640366394040,"tz":null,"url":"https://earthquake.usgs.gov/earthquakes/eventpage/us6000gf2a","detail":"https://earthquake.usgs.gov/earthquakes/feed/v1.0/detail/us6000gf2a.geojson","felt":null,"cdi":null,"mmi":null,"alert":null,"status":"reviewed","tsunami":0,"sig":312,"net":"us","code":"6000gf2a","ids":",us6000gf2a,","sources":",us,","types":",origin,phase-data,","nst":null,"dmin":4.222,"rms":1.09,"gap":123,"magType":"mb","type":"earthquake","title":"M 4.5 - Fiji region"},"geometry":{"type":"Point","coordinates":[-177.627,-18.7353,445.27]},"id":"us6000gf2a"},
{"type":"Feature","properties":{"mag":1.3,"place":"100 km W of Tyonek, Alaska","time":1640358949007,"updated":1640359444242,"tz":null,"url":"https://earthquake.usgs.gov/earthquakes/eventpage/ak021ggbf2im","detail":"https://earthquake.usgs.gov/earthquakes/feed/v1.0/detail/ak021ggbf2im.geojson","felt":null,"cdi":null,"mmi":null,"alert":null,"status":"automatic","tsunami":0,"sig":26,"net":"ak","code":"021ggbf2im","ids":",ak021ggbf2im,","sources":",ak,","types":",origin,","nst":null,"dmin":null,"rms":0.63,"gap":null,"magType":"ml","type":"earthquake","title":"M 1.3 - 100 km W of Tyonek, Alaska"},"geometry":{"type":"Point","coordinates":[-152.9838,61.1949,29.8]},"id":"ak021ggbf2im"},
{"type":"Feature","properties":{"mag":1.7,"place":"25 km WSW of Anchor Point, Alaska","time":1640358848747,"updated":1640359253730,"tz":null,"url":"https://earthquake.usgs.gov/earthquakes/eventpage/ak021ggberk6","detail":"https://earthquake.usgs.gov/earthquakes/feed/v1.0/detail/ak021ggberk6.geojson","felt":null,"cdi":null,"mmi":null,"alert":null,"status":"automatic","tsunami":0,"sig":44,"net":"ak","code":"021ggberk6","ids":",ak021ggberk6,","sources":",ak,","types":",origin,","nst":null,"dmin":null,"rms":0.61,"gap":null,"magType":"ml","type":"earthquake","title":"M 1.7 - 25 km WSW of Anchor Point, Alaska"},"geometry":{"type":"Point","coordinates":[-152.2724,59.7321,83.1]},"id":"ak021ggberk6"},
{"type":"Feature","properties":{"mag":2.42,"place":"3 km S of Guánica, Puerto Rico","time":1640358318270,"updated":1640362276828,"tz":null,"url":"https://earthquake.usgs.gov/earthquakes/eventpage/pr2021358005","detail":"https://earthquake.usgs.gov/earthquakes/feed/v1.0/detail/pr2021358005.geojson","felt":null,"cdi":null,"mmi":null,"alert":null,"status":"reviewed","tsunami":0,"sig":90,"net":"pr","code":"2021358005","ids":",pr2021358005,","sources":",pr,","types":",origin,phase-data,","nst":18,"dmin":0.0453,"rms":0.1,"gap":214,"magType":"md","type":"earthquake","title":"M 2.4 - 3 km S of Guánica, Puerto Rico"},"geometry":{"type":"Point","coordinates":[-66.9066,17.939,8]},"id":"pr2021358005"},
{"type":"Feature","properties":{"mag":1.4,"place":"26 km SSE of Mina, Nevada","time":1640355893344,"updated":1640796458157,"tz":null,"url":"https://earthquake.usgs.gov/earthquakes/eventpage/nn00830462","detail":"https://earthquake.usgs.gov/earthquakes/feed/v1.0/detail/nn00830462.geojson","felt":null,"cdi":null,"mmi":null,"alert":null,"status":"reviewed","tsunami":0,"sig":30,"net":"nn","code":"00830462","ids":",nn00830462,","sources":",nn,","types":",origin,phase-data,","nst":16,"dmin":0.047,"rms":0.1251,"gap":121.2,"magType":"ml","type":"earthquake","title":"M 1.4 - 26 km SSE of Mina, Nevada"},"geometry":{"type":"Point","coordinates":[-118.0172,38.1603,0]},"id":"nn00830462"},
{"type":"Feature","properties":{"mag":3.6,"place":"35km W of Petrolia, CA","time":1640355865370,"updated":1640636411332,"tz":null,"url":"https://earthquake.usgs.gov/earthquakes/eventpage/nc73668291","detail":"https://earthquake.usgs.gov/earthquakes/feed/v1.0/detail/nc73668291.geojson","felt":1,"cdi":2.2,"mmi":2.111,"alert":null,"status":"reviewed","tsunami":0,"sig":200,"net":"nc","code":"73668291","ids":",ew1640355870,nc73668291,us6000gf22,","sources":",ew,nc,us,","types":",associate,dyfi,moment-tensor,nearby-cities,origin,phase-data,scitech-link,shake-alert,shakemap,","nst":27,"dmin":0.3171,"rms":0.12,"gap":261,"magType":"mw","type":"earthquake","title":"M 3.6 - 35km W of Petrolia, CA"},"geometry":{"type":"Point","coordinates":[-124.7,40.3208333,22.99]},"id":"nc73668291"},
{"type":"Feature","properties":{"mag":1.9,"place":"46 km WSW of Cantwell, Alaska","time":1640355827050,"updated":1640356127793,"tz":null,"url":"https://earthquake.usgs.gov/earthquakes/eventpage/ak021ggavbmu","detail":"https://earthquake.usgs.gov/earthquakes/feed/v1.0/detail/ak021ggavbmu.geojson","felt":null,"cdi":null,"mmi":null,"alert":null,"status":"automatic","tsunami":0,"sig":56,"net":"ak","code":"021ggavbmu","ids":",ak021ggavbmu,","sources":",ak,","types":",origin,","nst":null,"dmin":null,"rms":0.99,"gap":null,"magType":"ml","type":"earthquake","title":"M 1.9 - 46 km WSW of Cantwell, Alaska"},"geometry":{"type":"Point","coordinates":[-149.7313,63.1681,82.4]},"id":"ak021ggavbmu"},
{"type":"Feature","properties":{"mag":4.5,"place":"231 km E of Levuka, Fiji","time":1640355680109,"updated":1640356731040,"tz":null,"url":"https://earthquake.usgs.gov/earthquakes/eventpage/us6000gf24","detail":"https://earthquake.usgs.gov/earthquakes/feed/v1.0/detail/us6000gf24.geojson","felt":null,"cdi":null,"mmi":null,"alert":null,"status":"reviewed","tsunami":0,"sig":312,"net":"us","code":"6000gf24","ids":",us6000gf24,","sources":",us,","types":",origin,phase-data,","nst":null,"dmin":3.271,"rms":0.63,"gap":117,"magType":"mb","type":"earthquake","title":"M 4.5 - 231 km E of Levuka, Fiji"},"geometry":{"type":"Point","coordinates":[-178.514,-17.8017,580.78]},"id":"us6000gf24"},
{"type":"Feature","properties":{"mag":0.8,"place":"8km ENE of Cabazon, CA","time":1640355240240,"updated":1640355472097,"tz":null,"url":"https://earthquake.usgs.gov/earthquakes/eventpage/ci39895687","detail":"https://earthquake.usgs.gov/earthquakes/feed/v1.0/detail/ci39895687.geojson","felt":null,"cdi":null,"mmi":null,"alert":null,"status":"automatic","tsunami":0,"sig":10,"net":"ci","code":"39895687","ids":",ci39895687,","sources":",ci,","types":",nearby-cities,origin,phase-data,scitech-link,","nst":16,"dmin":0.1119,"rms":0.19,"gap":160,"magType":"ml","type":"earthquake","title":"M 0.8 - 8km ENE of Cabazon, CA"},"geometry":{"type":"Point","coordinates":[-116.7096667,33.9388333,12.05]},"id":"ci39895687"},
{"type":"Feature","properties":{"mag":1,"place":"22 km N of Sutcliffe, Nevada","time":1640354786989,"updated":1640811918848,"tz":null,"url":"https://earthquake.usgs.gov/earthquakes/eventpage/nn00830680","detail":"https://earthquake.usgs.gov/earthquakes/feed/v1.0/detail/nn00830680.geojson","felt":null,"cdi":null,"mmi":null,"alert":null,"status":"reviewed","tsunami":0,"sig":15,"net":"nn","code":"00830680","ids":",nn00830680,","sources":",nn,","types":",origin,phase-data,","nst":7,"dmin":0.077,"rms":0.1087,"gap":184.83,"magType":"ml","type":"earthquake","title":"M 1.0 - 22 km N of Sutcliffe, Nevada"},"geometry":{"type":"Point","coordinates":[-119.634,40.1553,7.2]},"id":"nn00830680"},
{"type":"Feature","properties":{"mag":0.98,"place":"14km SW of Searles Valley, CA","time":1640354785860,"updated":1640363957664,"tz":null,"url":"https://earthquake.usgs.gov/earthquakes/eventpage/ci39895679","detail":"https://earthquake.usgs.gov/earthquakes/feed/v1.0/detail/ci39895679.geojson","felt":null,"cdi":null,"mmi":null,"alert":null,"status":"reviewed","tsunami":0,"sig":15,"net":"ci","code":"39895679","ids":",ci39895679,","sources":",ci,","types":",nearby-cities,origin,phase-data,scitech-link,","nst":8,"dmin":0.1459,"rms":0.19,"gap":161,"magType":"ml","type":"earthquake","title":"M 1.0 - 14km SW of Searles Valley, CA"},"geometry":{"type":"Point","coordinates":[-117.5231667,35.6826667,2.01]},"id":"ci39895679"},
{"type":"Feature","properties":{"mag":4.6,"place":"84 km NNW of Phôngsali, Laos","time":1640354549505,"updated":1640355416040,"tz":null,"url":"https://earthquake.usgs.gov/earthquakes/eventpage/us6000gf20","detail":"https://earthquake.usgs.gov/earthquakes/feed/v1.0/detail/us6000gf20.geojson","felt":null,"cdi":null,"mmi":null,"alert":null,"status":"reviewed","tsunami":0,"sig":326,"net":"us","code":"6000gf20","ids":",us6000gf20,","sources":",us,","types":",origin,phase-data,","nst":null,"dmin":2.212,"rms":1.23,"gap":60,"magType":"mb","type":"earthquake","title":"M 4.6 - 84 km NNW of Phôngsali, Laos"},"geometry":{"type":"Point","coordinates":[101.6867,22.3392,10]},"id":"us6000gf20"},
{"type":"Feature","properties":{"mag":1.98000002,"place":"6 km ENE of Pāhala, Hawaii","time":1640353978290,"updated":1640354177040,"tz":null,"url":"https://earthquake.usgs.gov/earthquakes/eventpage/hv72844927","detail":"https://earthquake.usgs.gov/earthquakes/feed/v1.0/detail/hv72844927.geojson","felt":null,"cdi":null,"mmi":null,"alert":null,"status":"automatic","tsunami":0,"sig":60,"net":"hv","code":"72844927","ids":",hv72844927,","sources":",hv,","types":",origin,phase-data,","nst":34,"dmin":null,"rms":0.119999997,"gap":129,"magType":"md","type":"earthquake","title":"M 2.0 - 6 km ENE of Pāhala, Hawaii"},"geometry":{"type":"Point","coordinates":[-155.426162719727,19.2258338928223,32.8699989318848]},"id":"hv72844927"},
{"type":"Feature","properties":{"mag":0.25,"place":"Southern Alaska","time":1640353741290,"updated":1640355570870,"tz":null,"url":"https://earthquake.usgs.gov/earthquakes/eventpage/av91450856","detail":"https://earthquake.usgs.gov/earthquakes/feed/v1.0/detail/av91450856.geojson","felt":null,"cdi":null,"mmi":null,"alert":null,"status":"reviewed","tsunami":0,"sig":1,"net":"av","code":"91450856","ids":",av91450856,","sources":",av,","types":",origin,phase-data,","nst":5,"dmin":null,"rms":0.03,"gap":200,"magType":"ml","type":"earthquake","title":"M 0.3 - Southern Alaska"},"geometry":{"type":"Point","coordinates":[-152.068,61.4135,11.12]},"id":"av91450856"},
{"type":"Feature","properties":{"mag":1,"place":"Nevada","time":1640353657318,"updated":1640811732824,"tz":null,"url":"https://earthquake.usgs.gov/earthquakes/eventpage/nn00830679","detail":"https://earthquake.usgs.gov/earthquakes/feed/v1.0/detail/nn00830679.geojson","felt":null,"cdi":null,"mmi":null,"alert":null,"status":"reviewed","tsunami":0,"sig":15,"net":"nn","code":"00830679","ids":",nn00830679,","sources":",nn,","types":",origin,phase-data,","nst":6,"dmin":0.065,"rms":0.1182,"gap":161.7,"magType":"ml","type":"earthquake","title":"M 1.0 - Nevada"},"geometry":{"type":"Point","coordinates":[-119.6614,40.1348,6.7]},"id":"nn00830679"},
{"type":"Feature","properties":{"mag":1.5,"place":"Kenai Peninsula, Alaska","time":1640353535416,"updated":1640353823499,"tz":null,"url":"https://earthquake.usgs.gov/earthquakes/eventpage/ak021ggael6p","detail":"https://earthquake.usgs.gov/earthquakes/feed/v1.0/detail/ak021ggael6p.geojson","felt":null,"cdi":null,"mmi":null,"alert":null,"status":"automatic","tsunami":0,"sig":35,"net":"ak","code":"021ggael6p","ids":",ak021ggael6p,","sources":",ak,","types":",origin,","nst":null,"dmin":null,"rms":0.68,"gap":null,"magType":"ml","type":"earthquake","title":"M 1.5 - Kenai Peninsula, Alaska"},"geometry":{"type":"Point","coordinates":[-151.1082,60.2234,51.2]},"id":"ak021ggael6p"},
{"type":"Feature","properties":{"mag":5.7,"place":"86 km NNW of Phôngsali, Laos","time":1640353402983,"updated":1640440037001,"tz":null,"url":"https://earthquake.usgs.gov/earthquakes/eventpage/us6000gf1y","detail":"https://earthquake.usgs.gov/earthquakes/feed/v1.0/detail/us6000gf1y.geojson","felt":11,"cdi":7.9,"mmi":6.913,"alert":"yellow","status":"reviewed","tsunami":0,"sig":659,"net":"us","code":"6000gf1y","ids":",us6000gf1y,","sources":",us,","types":",dyfi,losspager,moment-tensor,origin,phase-data,shakemap,","nst":null,"dmin":2.225,"rms":0.64,"gap":21,"magType":"mww","type":"earthquake","title":"M 5.7 - 86 km NNW of Phôngsali, Laos"},"geometry":{"type":"Point","coordinates":[101.6878,22.3639,10]},"id":"us6000gf1y"},
{"type":"Feature","properties":{"mag":1.1,"place":"21 km NNW of Sutcliffe, Nevada","time":1640351445214,"updated":1640811546777,"tz":null,"url":"https://earthquake.usgs.gov/earthquakes/eventpage/nn00830678","detail":"https://earthquake.usgs.gov/earthquakes/feed/v1.0/detail/nn00830678.geojson","felt":null,"cdi":null,"mmi":null,"alert":null,"status":"reviewed","tsunami":0,"sig":19,"net":"nn","code":"00830678","ids":",nn00830678,","sources":",nn,","types":",origin,phase-data,","nst":7,"dmin":0.065,"rms":0.1287,"gap":162.15,"magType":"ml","type":"earthquake","title":"M 1.1 - 21 km NNW of Sutcliffe, Nevada"},"geometry":{"type":"Point","coordinates":[-119.6606,40.135,6.1]},"id":"nn00830678"},
{"type":"Feature","properties":{"mag":3.12,"place":"9km WSW of Petrolia, CA","time":1640350689230,"updated":1640629151599,"tz":null,"url":"https://earthquake.usgs.gov/earthquakes/eventpage/nc73668286","detail":"https://earthquake.usgs.gov/earthquakes/feed/v1.0/detail/nc73668286.geojson","felt":1,"cdi":2,"mmi":null,"alert":null,"status":"reviewed","tsunami":0,"sig":150,"net":"nc","code":"73668286","ids":",nc73668286,us6000gf1v,","sources":",nc,us,","types":",dyfi,focal-mechanism,nearby-cities,origin,phase-data,scitech-link,","nst":29,"dmin":0.1049,"rms":0.17,"gap":219,"magType":"ml","type":"earthquake","title":"M 3.1 - 9km WSW of Petrolia, CA"},"geometry":{"type":"Point","coordinates":[-124.3888333,40.3035,30.59]},"id":"nc73668286"},
{"type":"Feature","properties":{"mag":1.7,"place":"48 km SW of Cantwell, Alaska","time":1640350063659,"updated":1640350657765,"tz":null,"url":"https://earthquake.usgs.gov/earthquakes/eventpage/ak021gg9tm35","detail":"https://earthquake.usgs.gov/earthquakes/feed/v1.0/detail/ak021gg9tm35.geojson","felt":null,"cdi":null,"mmi":null,"alert":null,"status":"automatic","tsunami":0,"sig":44,"net":"ak","code":"021gg9tm35","ids":",ak021gg9tm35,","sources":",ak,","types":",origin,","nst":null,"dmin":null,"rms":0.6,"gap":null,"magType":"ml","type":"earthquake","title":"M 1.7 - 48 km SW of Cantwell, Alaska"},"geometry":{"type":"Point","coordinates":[-149.7303,63.1414,80]},"id":"ak021gg9tm35"},
{"type":"Feature","properties":{"mag":4.2,"place":"18 km W of Pyu, Myanmar","time":1640350049740,"updated":1640351416040,"tz":null,"url":"https://earthquake.usgs.gov/earthquakes/eventpage/us6000gf1u","detail":"https://earthquake.usgs.gov/earthquakes/feed/v1.0/detail/us6000gf1u.geojson","felt":null,"cdi":null,"mmi":null,"alert":null,"status":"reviewed","tsunami":0,"sig":271,"net":"us","code":"6000gf1u","ids":",us6000gf1u,","sources":",us,","types":",origin,phase-data,","nst":null,"dmin":1.291,"rms":0.48,"gap":158,"magType":"mb","type":"earthquake","title":"M 4.2 - 18 km W of Pyu, Myanmar"},"geometry":{"type":"Point","coordinates":[96.2654,18.4855,10]},"id":"us6000gf1u"},
{"type":"Feature","properties":{"mag":1.48,"place":"4km NE of Beaumont, CA","time":1640349921450,"updated":1640350573780,"tz":null,"url":"https://earthquake.usgs.gov/earthquakes/eventpage/ci39895655","detail":"https://earthquake.usgs.gov/earthquakes/feed/v1.0/detail/ci39895655.geojson","felt":null,"cdi":null,"mmi":null,"alert":null,"status":"automatic","tsunami":0,"sig":34,"net":"ci","code":"39895655","ids":",ci39895655,","sources":",ci,","types":",focal-mechanism,nearby-cities,origin,phase-data,scitech-link,","nst":41,"dmin":0.04463,"rms":0.17,"gap":85,"magType":"ml","type":"earthquake","title":"M 1.5 - 4km NE of Beaumont, CA"},"geometry":{"type":"Point","coordinates":[-116.942,33.9525,18.59]},"id":"ci39895655"},
{"type":"Feature","properties":{"mag":1.7,"place":"4 km W of Walker, California","time":1640349257763,"updated":1640728308267,"tz":null,"url":"https://earthquake.usgs.gov/earthquakes/eventpage/nn00830458","detail":"https://earthquake.usgs.gov/earthquakes/feed/v1.0/detail/nn00830458.geojson","felt":null,"cdi":null,"mmi":null,"alert":null,"status":"reviewed","tsunami":0,"sig":44,"net":"nn","code":"00830458","ids":",nn00830458,","sources":",nn,","types":",origin,phase-data,","nst":8,"dmin":0.07,"rms":0.1391,"gap":77.59,"magType":"ml","type":"earthquake","title":"M 1.7 - 4 km W of Walker, California"},"geometry":{"type":"Point","coordinates":[-119.5267,38.5124,5.9]},"id":"nn00830458"},
{"type":"Feature","properties":{"mag":1.1,"place":"5 km WNW of Knik, Alaska","time":1640349226648,"updated":1640349375223,"tz":null,"url":"https://earthquake.usgs.gov/earthquakes/eventpage/ak021gg9qma0","detail":"https://earthquake.usgs.gov/earthquakes/feed/v1.0/detail/ak021gg9qma0.geojson","felt":null,"cdi":null,"mmi":null,"alert":null,"status":"automatic","tsunami":0,"sig":19,"net":"ak","code":"021gg9qma0","ids":",ak021gg9qma0,","sources":",ak,","types":",origin,","nst":null,"dmin":null,"rms":0.36,"gap":null,"magType":"ml","type":"earthquake","title":"M 1.1 - 5 km WNW of Knik, Alaska"},"geometry":{"type":"Point","coordinates":[-149.8289,61.4823,33.1]},"id":"ak021gg9qma0"},
{"type":"Feature","properties":{"mag":1.80999994,"place":"5 km SSW of Pāhala, Hawaii","time":1640347904830,"updated":1640348107880,"tz":null,"url":"https://earthquake.usgs.gov/earthquakes/eventpage/hv72844842","detail":"https://earthquake.usgs.gov/earthquakes/feed/v1.0/detail/hv72844842.geojson","felt":null,"cdi":null,"mmi":null,"alert":null,"status":"automatic","tsunami":0,"sig":50,"net":"hv","code":"72844842","ids":",hv72844842,","sources":",hv,","types":",origin,phase-data,","nst":27,"dmin":null,"rms":0.159999996,"gap":120,"magType":"md","type":"earthquake","title":"M 1.8 - 5 km SSW of Pāhala, Hawaii"},"geometry":{"type":"Point","coordinates":[-155.496826171875,19.1590003967285,30.1399993896484]},"id":"hv72844842"},
{"type":"Feature","properties":{"mag":1.2,"place":"27 km SSE of Mina, Nevada","time":1640347747897,"updated":1640797385369,"tz":null,"url":"https://earthquake.usgs.gov/earthquakes/eventpage/nn00830457","detail":"https://earthquake.usgs.gov/earthquakes/feed/v1.0/detail/nn00830457.geojson","felt":null,"cdi":null,"mmi":null,"alert":null,"status":"reviewed","tsunami":0,"sig":22,"net":"nn","code":"00830457","ids":",nn00830457,","sources":",nn,","types":",origin,phase-data,","nst":16,"dmin":0.031,"rms":0.0984,"gap":106.76,"magType":"ml","type":"earthquake","title":"M 1.2 - 27 km SSE of Mina, Nevada"},"geometry":{"type":"Point","coordinates":[-117.9594,38.1751,2.4]},"id":"nn00830457"},
{"type":"Feature","properties":{"mag":0.9,"place":"35 km NW of Benton, California","time":1640347298873,"updated":1640811360506,"tz":null,"url":"https://earthquake.usgs.gov/earthquakes/eventpage/nn00830677","detail":"https://earthquake.usgs.gov/earthquakes/feed/v1.0/detail/nn00830677.geojson","felt":null,"cdi":null,"mmi":null,"alert":null,"status":"reviewed","tsunami":0,"sig":12,"net":"nn","code":"00830677","ids":",nn00830677,","sources":",nn,","types":",origin,phase-data,","nst":14,"dmin":0.234,"rms":0.0852,"gap":216.82,"magType":"ml","type":"earthquake","title":"M 0.9 - 35 km NW of Benton, California"},"geometry":{"type":"Point","coordinates":[-118.7052,38.0791,6.7]},"id":"nn00830677"},
{"type":"Feature","properties":{"mag":1.26,"place":"11km ENE of Coso Junction, CA","time":1640346512920,"updated":1640346725067,"tz":null,"url":"https://earthquake.usgs.gov/earthquakes/eventpage/ci39895639","detail":"https://earthquake.usgs.gov/earthquakes/feed/v1.0/detail/ci39895639.geojson","felt":null,"cdi":null,"mmi":null,"alert":null,"status":"automatic","tsunami":0,"sig":24,"net":"ci","code":"39895639","ids":",ci39895639,","sources":",ci,","types":",nearby-cities,origin,phase-data,scitech-link,","nst":16,"dmin":0.02097,"rms":0.14,"gap":114,"magType":"ml","type":"earthquake","title":"M 1.3 - 11km ENE of Coso Junction, CA"},"geometry":{"type":"Point","coordinates":[-117.846,36.0978333,1.54]},"id":"ci39895639"},
{"type":"Feature","properties":{"mag":4.3,"place":"6 km SSW of Tsarítsani, Greece","time":1640346107617,"updated":1640456633197,"tz":null,"url":"https://earthquake.usgs.gov/earthquakes/eventpage/us6000gf1m","detail":"https://earthquake.usgs.gov/earthquakes/feed/v1.0/detail/us6000gf1m.geojson","felt":4,"cdi":6,"mmi":null,"alert":null,"status":"reviewed","tsunami":0,"sig":287,"net":"us","code":"6000gf1m","ids":",us6000gf1m,","sources":",us,","types":",dyfi,origin,phase-data,","nst":null,"dmin":0.352,"rms":1.08,"gap":39,"magType":"mb","type":"earthquake","title":"M 4.3 - 6 km SSW of Tsarítsani, Greece"},"geometry":{"type":"Point","coordinates":[22.1934,39.8337,7.25]},"id":"us6000gf1m"},
{"type":"Feature","properties":{"mag":1.7,"place":"56 km WNW of Petersville, Alaska","time":1640345776409,"updated":1640385939704,"tz":null,"url":"https://earthquake.usgs.gov/earthquakes/eventpage/ak021gg95rhk","detail":"https://earthquake.usgs.gov/earthquakes/feed/v1.0/detail/ak021gg95rhk.geojson","felt":null,"cdi":null,"mmi":null,"alert":null,"status":"reviewed","tsunami":0,"sig":44,"net":"ak","code":"021gg95rhk","ids":",ak021gg95rhk,","sources":",ak,","types":",origin,phase-data,","nst":null,"dmin":null,"rms":1.14,"gap":null,"magType":"ml","type":"earthquake","title":"M 1.7 - 56 km WNW of Petersville, Alaska"},"geometry":{"type":"Point","coordinates":[-151.8041,62.6666,2.5]},"id":"ak021gg95rhk"},
{"type":"Feature","properties":{"mag":1.4,"place":"19 km E of Beluga, Alaska","time":1640345590613,"updated":1640345778235,"tz":null,"url":"https://earthquake.usgs.gov/earthquakes/eventpage/ak021gg953w5","detail":"https://earthquake.usgs.gov/earthquakes/feed/v1.0/detail/ak021gg953w5.geojson","felt":null,"cdi":null,"mmi":null,"alert":null,"status":"automatic","tsunami":0,"sig":30,"net":"ak","code":"021gg953w5","ids":",ak021gg953w5,","sources":",ak,","types":",origin,","nst":null,"dmin":null,"rms":1.42,"gap":null,"magType":"ml","type":"earthquake","title":"M 1.4 - 19 km E of Beluga, Alaska"},"geometry":{"type":"Point","coordinates":[-150.7323,61.1132,96.8]},"id":"ak021gg953w5"},
{"type":"Feature","properties":{"mag":4.87,"place":"42 km ESE of Naalehu, Hawaii","time":1640345494390,"updated":1640504659334,"tz":null,"url":"https://earthquake.usgs.gov/earthquakes/eventpage/hv72844817","detail":"https://earthquake.usgs.gov/earthquakes/feed/v1.0/detail/hv72844817.geojson","felt":29,"cdi":4.1,"mmi":3.63,"alert":"green","status":"reviewed","tsunami":0,"sig":377,"net":"hv","code":"72844817","ids":",hv72844817,us6000gf1f,pt21358050,","sources":",hv,us,pt,","types":",dyfi,losspager,origin,phase-data,shakemap,","nst":47,"dmin":null,"rms":0.12,"gap":261,"magType":"ml","type":"earthquake","title":"M 4.9 - 42 km ESE of Naalehu, Hawaii"},"geometry":{"type":"Point","coordinates":[-155.234,18.8698333333333,11.89]},"id":"hv72844817"},
{"type":"Feature","properties":{"mag":1.46,"place":"7km NNE of Imperial, CA","time":1640345364700,"updated":1640345593647,"tz":null,"url":"https://earthquake.usgs.gov/earthquakes/eventpage/ci39895623","detail":"https://earthquake.usgs.gov/earthquakes/feed/v1.0/detail/ci39895623.geojson","felt":1,"cdi":2.2,"mmi":null,"alert":null,"status":"automatic","tsunami":0,"sig":33,"net":"ci","code":"39895623","ids":",ci39895623,","sources":",ci,","types":",dyfi,nearby-cities,origin,phase-data,scitech-link,","nst":16,"dmin":0.02506,"rms":0.2,"gap":72,"magType":"ml","type":"earthquake","title":"M 1.5 - 7km NNE of Imperial, CA"},"geometry":{"type":"Point","coordinates":[-115.531,32.8996667,6.04]},"id":"ci39895623"},
{"type":"Feature","properties":{"mag":1.5,"place":"54 km WNW of Petersville, Alaska","time":1640345296198,"updated":1640346099035,"tz":null,"url":"https://earthquake.usgs.gov/earthquakes/eventpage/ak021gg941qp","detail":"https://earthquake.usgs.gov/earthquakes/feed/v1.0/detail/ak021gg941qp.geojson","felt":null,"cdi":null,"mmi":null,"alert":null,"status":"automatic","tsunami":0,"sig":35,"net":"ak","code":"021gg941qp","ids":",ak021gg941qp,","sources":",ak,","types":",origin,","nst":null,"dmin":null,"rms":0.71,"gap":null,"magType":"ml","type":"earthquake","title":"M 1.5 - 54 km WNW of Petersville, Alaska"},"geometry":{"type":"Point","coordinates":[-151.7577,62.6768,2.4]},"id":"ak021gg941qp"},
{"type":"Feature","properties":{"mag":1.1,"place":"31 km SE of Mina, Nevada","time":1640344680022,"updated":1640797942138,"tz":null,"url":"https://earthquake.usgs.gov/earthquakes/eventpage/nn00830452","detail":"https://earthquake.usgs.gov/earthquakes/feed/v1.0/detail/nn00830452.geojson","felt":null,"cdi":null,"mmi":null,"alert":null,"status":"reviewed","tsunami":0,"sig":19,"net":"nn","code":"00830452","ids":",nn00830452,","sources":",nn,","types":",origin,phase-data,","nst":15,"dmin":0.049,"rms":0.1118,"gap":153.89,"magType":"ml","type":"earthquake","title":"M 1.1 - 31 km SE of Mina, Nevada"},"geometry":{"type":"Point","coordinates":[-117.9035,38.159,9.1]},"id":"nn00830452"},
{"type":"Feature","properties":{"mag":1.61,"place":"15km SSW of Olancha, CA","time":1640344353150,"updated":1640364091703,"tz":null,"url":"https://earthquake.usgs.gov/earthquakes/eventpage/ci39895615","detail":"https://earthquake.usgs.gov/earthquakes/feed/v1.0/detail/ci39895615.geojson","felt":null,"cdi":null,"mmi":null,"alert":null,"status":"reviewed","tsunami":0,"sig":40,"net":"ci","code":"39895615","ids":",ci39895615,","sources":",ci,","types":",nearby-cities,origin,phase-data,scitech-link,","nst":19,"dmin":0.1781,"rms":0.16,"gap":74,"magType":"ml","type":"earthquake","title":"M 1.6 - 15km SSW of Olancha, CA"},"geometry":{"type":"Point","coordinates":[-118.069,36.1585,2.68]},"id":"ci39895615"},
{"type":"Feature","properties":{"mag":1,"place":"61 km WNW of Happy Valley, Alaska","time":1640343899484,"updated":1640344595592,"tz":null,"url":"https://earthquake.usgs.gov/earthquakes/eventpage/ak021gg8yzw7","detail":"https://earthquake.usgs.gov/earthquakes/feed/v1.0/detail/ak021gg8yzw7.geojson","felt":null,"cdi":null,"mmi":null,"alert":null,"status":"automatic","tsunami":0,"sig":15,"net":"ak","code":"021gg8yzw7","ids":",ak021gg8yzw7,","sources":",ak,","types":",origin,","nst":null,"dmin":null,"rms":0.72,"gap":null,"magType":"ml","type":"earthquake","title":"M 1.0 - 61 km WNW of Happy Valley, Alaska"},"geometry":{"type":"Point","coordinates":[-152.7694,60.1413,88.6]},"id":"ak021gg8yzw7"},
{"type":"Feature","properties":{"mag":1.05,"place":"2km NW of The Geysers, CA","time":1640343813320,"updated":1640717710907,"tz":null,"url":"https://earthquake.usgs.gov/earthquakes/eventpage/nc73668271","detail":"https://earthquake.usgs.gov/earthquakes/feed/v1.0/detail/nc73668271.geojson","felt":null,"cdi":null,"mmi":null,"alert":null,"status":"reviewed","tsunami":0,"sig":17,"net":"nc","code":"73668271","ids":",nc73668271,","sources":",nc,","types":",nearby-cities,origin,phase-data,scitech-link,","nst":38,"dmin":0.01465,"rms":0.07,"gap":100,"magType":"md","type":"earthquake","title":"M 1.1 - 2km NW of The Geysers, CA"},"geometry":{"type":"Point","coordinates":[-122.7685,38.7876667,1.69]},"id":"nc73668271"},
{"type":"Feature","properties":{"mag":0.7,"place":"31 km SSW of Hawthorne, Nevada","time":1640343801086,"updated":1640811174085,"tz":null,"url":"https://earthquake.usgs.gov/earthquakes/eventpage/nn00830676","detail":"https://earthquake.usgs.gov/earthquakes/feed/v1.0/detail/nn00830676.geojson","felt":null,"cdi":null,"mmi":null,"alert":null,"status":"reviewed","tsunami":0,"sig":8,"net":"nn","code":"00830676","ids":",nn00830676,","sources":",nn,","types":",origin,phase-data,","nst":13,"dmin":0.204,"rms":0.0895,"gap":184.48,"magType":"ml","type":"earthquake","title":"M 0.7 - 31 km SSW of Hawthorne, Nevada"},"geometry":{"type":"Point","coordinates":[-118.7634,38.2655,4.9]},"id":"nn00830676"},
{"type":"Feature","properties":{"mag":5.3,"place":"152 km S of Al Ghayz̧ah, Yemen","time":1640343463484,"updated":1640347738723,"tz":null,"url":"https://earthquake.usgs.gov/earthquakes/eventpage/us6000gf1c","detail":"https://earthquake.usgs.gov/earthquakes/feed/v1.0/detail/us6000gf1c.geojson","felt":3,"cdi":3.4,"mmi":null,"alert":null,"status":"reviewed","tsunami":0,"sig":433,"net":"us","code":"6000gf1c","ids":",us6000gf1c,","sources":",us,","types":",dyfi,origin,phase-data,","nst":null,"dmin":9.661,"rms":0.75,"gap":55,"magType":"mww","type":"earthquake","title":"M 5.3 - 152 km S of Al Ghayz̧ah, Yemen"},"geometry":{"type":"Point","coordinates":[52.1809,14.8253,10]},"id":"us6000gf1c"},
{"type":"Feature","properties":{"mag":2,"place":"36 km WNW of Petersville, Alaska","time":1640343231795,"updated":1640343453118,"tz":null,"url":"https://earthquake.usgs.gov/earthquakes/eventpage/ak021gg8o1sb","detail":"https://earthquake.usgs.gov/earthquakes/feed/v1.0/detail/ak021gg8o1sb.geojson","felt":null,"cdi":null,"mmi":null,"alert":null,"status":"automatic","tsunami":0,"sig":62,"net":"ak","code":"021gg8o1sb","ids":",ak021gg8o1sb,","sources":",ak,","types":",origin,","nst":null,"dmin":null,"rms":0.68,"gap":null,"magType":"ml","type":"earthquake","title":"M 2.0 - 36 km WNW of Petersville, Alaska"},"geometry":{"type":"Point","coordinates":[-151.3582,62.6719,92.4]},"id":"ak021gg8o1sb"},
{"type":"Feature","properties":{"mag":1.14,"place":"11km NE of Coso Junction, CA","time":1640342927660,"updated":1640364103214,"tz":null,"url":"https://earthquake.usgs.gov/earthquakes/eventpage/ci39895607","detail":"https://earthquake.usgs.gov/earthquakes/feed/v1.0/detail/ci39895607.geojson","felt":null,"cdi":null,"mmi":null,"alert":null,"status":"reviewed","tsunami":0,"sig":20,"net":"ci","code":"39895607","ids":",ci39895607,","sources":",ci,","types":",nearby-cities,origin,phase-data,scitech-link,","nst":15,"dmin":0.0175,"rms":0.13,"gap":128,"magType":"ml","type":"earthquake","title":"M 1.1 - 11km NE of Coso Junction, CA"},"geometry":{"type":"Point","coordinates":[-117.8523333,36.1001667,1.93]},"id":"ci39895607"},
{"type":"Feature","properties":{"mag":1.78999996,"place":"7 km E of Pāhala, Hawaii","time":1640342911050,"updated":1640343103380,"tz":null,"url":"https://earthquake.usgs.gov/earthquakes/eventpage/hv72844787","detail":"https://earthquake.usgs.gov/earthquakes/feed/v1.0/detail/hv72844787.geojson","felt":null,"cdi":null,"mmi":null,"alert":null,"status":"automatic","tsunami":0,"sig":49,"net":"hv","code":"72844787","ids":",hv72844787,","sources":",hv,","types":",origin,phase-data,","nst":38,"dmin":null,"rms":0.109999999,"gap":152,"magType":"md","type":"earthquake","title":"M 1.8 - 7 km E of Pāhala, Hawaii"},"geometry":{"type":"Point","coordinates":[-155.407333374023,19.2083339691162,32.0499992370605]},"id":"hv72844787"},
{"type":"Feature","properties":{"mag":2.16,"place":"11km NE of Coso Junction, CA","time":1640341939270,"updated":1640364189270,"tz":null,"url":"https://earthquake.usgs.gov/earthquakes/eventpage/ci39895599","detail":"https://earthquake.usgs.gov/earthquakes/feed/v1.0/detail/ci39895599.geojson","felt":null,"cdi":null,"mmi":null,"alert":null,"status":"reviewed","tsunami":0,"sig":72,"net":"ci","code":"39895599","ids":",ci39895599,","sources":",ci,","types":",focal-mechanism,nearby-cities,origin,phase-data,scitech-link,","nst":22,"dmin":0.01949,"rms":0.14,"gap":64,"magType":"ml","type":"earthquake","title":"M 2.2 - 11km NE of Coso Junction, CA"},"geometry":{"type":"Point","coordinates":[-117.8488333,36.0986667,1.82]},"id":"ci39895599"},
{"type":"Feature","properties":{"mag":0.7,"place":"24 km N of Sutcliffe, Nevada","time":1640341739291,"updated":1640810802482,"tz":null,"url":"https://earthquake.usgs.gov/earthquakes/eventpage/nn00830675","detail":"https://earthquake.usgs.gov/earthquakes/feed/v1.0/detail/nn00830675.geojson","felt":null,"cdi":null,"mmi":null,"alert":null,"status":"reviewed","tsunami":0,"sig":8,"net":"nn","code":"00830675","ids":",nn00830675,","sources":",nn,","types":",origin,phase-data,","nst":4,"dmin":0.067,"rms":0.1371,"gap":191.28,"magType":"ml","type":"earthquake","title":"M 0.7 - 24 km N of Sutcliffe, Nevada"},"geometry":{"type":"Point","coordinates":[-119.6456,40.1643,8.6]},"id":"nn00830675"},
{"type":"Feature","properties":{"mag":2.1,"place":"60 km NNW of Petersville, Alaska","time":1640341689779,"updated":1640342473040,"tz":null,"url":"https://earthquake.usgs.gov/earthquakes/eventpage/ak021gg8ilmm","detail":"https://earthquake.usgs.gov/earthquakes/feed/v1.0/detail/ak021gg8ilmm.geojson","felt":null,"cdi":null,"mmi":null,"alert":null,"status":"automatic","tsunami":0,"sig":68,"net":"ak","code":"021gg8ilmm","ids":",us6000gf16,ak021gg8ilmm,","sources":",us,ak,","types":",origin,phase-data,","nst":null,"dmin":null,"rms":0.33,"gap":null,"magType":"ml","type":"earthquake","title":"M 2.1 - 60 km NNW of Petersville, Alaska"},"geometry":{"type":"Point","coordinates":[-151.0258,63.025,124.9]},"id":"ak021gg8ilmm"},
{"type":"Feature","properties":{"mag":1.3,"place":"21 km NNW of Sutcliffe, Nevada","time":1640341479177,"updated":1640810616480,"tz":null,"url":"https://earthquake.usgs.gov/earthquakes/eventpage/nn00830674","detail":"https://earthquake.usgs.gov/earthquakes/feed/v1.0/detail/nn00830674.geojson","felt":null,"cdi":null,"mmi":null,"alert":null,"status":"reviewed","tsunami":0,"sig":26,"net":"nn","code":"00830674","ids":",nn00830674,","sources":",nn,","types":",origin,phase-data,","nst":8,"dmin":0.06,"rms":0.1658,"gap":165.79,"magType":"ml","type":"earthquake","title":"M 1.3 - 21 km NNW of Sutcliffe, Nevada"},"geometry":{"type":"Point","coordinates":[-119.6634,40.1406,6.6]},"id":"nn00830674"},
{"type":"Feature","properties":{"mag":1.3,"place":"9 km ENE of Johnson Lane, Nevada","time":1640341402396,"updated":1640795714200,"tz":null,"url":"https://earthquake.usgs.gov/earthquakes/eventpage/nn00830449","detail":"https://earthquake.usgs.gov/earthquakes/feed/v1.0/detail/nn00830449.geojson","felt":null,"cdi":null,"mmi":null,"alert":null,"status":"reviewed","tsunami":0,"sig":26,"net":"nn","code":"00830449","ids":",nn00830449,","sources":",nn,","types":",origin,phase-data,","nst":12,"dmin":0.182,"rms":0.1352,"gap":75.24,"magType":"ml","type":"earthquake","title":"M 1.3 - 9 km ENE of Johnson Lane, Nevada"},"geometry":{"type":"Point","coordinates":[-119.6162,39.0761,11.5]},"id":"nn00830449"},
{"type":"Feature","properties":{"mag":0.94,"place":"9km ESE of Coso Junction, CA","time":1640340979420,"updated":1640364143098,"tz":null,"url":"https://earthquake.usgs.gov/earthquakes/eventpage/ci39895591","detail":"https://earthquake.usgs.gov/earthquakes/feed/v1.0/detail/ci39895591.geojson","felt":null,"cdi":null,"mmi":null,"alert":null,"status":"reviewed","tsunami":0,"sig":14,"net":"ci","code":"39895591","ids":",ci39895591,","sources":",ci,","types":",nearby-cities,origin,phase-data,scitech-link,","nst":10,"dmin":0.0376,"rms":0.1,"gap":111,"magType":"ml","type":"earthquake","title":"M 0.9 - 9km ESE of Coso Junction, CA"},"geometry":{"type":"Point","coordinates":[-117.848,36.023,3.36]},"id":"ci39895591"},
{"type":"Feature","properties":{"mag":2.19,"place":"4 km E of Pāhala, Hawaii","time":1640340948680,"updated":1640341897040,"tz":null,"url":"https://earthquake.usgs.gov/earthquakes/eventpage/hv72844752","detail":"https://earthquake.usgs.gov/earthquakes/feed/v1.0/detail/hv72844752.geojson","felt":null,"cdi":null,"mmi":null,"alert":null,"status":"automatic","tsunami":0,"sig":74,"net":"hv","code":"72844752","ids":",us6000gf14,hv72844752,","sources":",us,hv,","types":",origin,phase-data,","nst":43,"dmin":null,"rms":0.100000001,"gap":131,"magType":"ml","type":"earthquake","title":"M 2.2 - 4 km E of Pāhala, Hawaii"},"geometry":{"type":"Point","coordinates":[-155.43733215332,19.2061672210693,34.1699981689453]},"id":"hv72844752"},
{"type":"Feature","properties":{"mag":1.6,"place":"Southern Alaska","time":1640340846521,"updated":1640341018472,"tz":null,"url":"https://earthquake.usgs.gov/earthquakes/eventpage/ak021gg8fld8","detail":"https://earthquake.usgs.gov/earthquakes/feed/v1.0/detail/ak021gg8fld8.geojson","felt":null,"cdi":null,"mmi":null,"alert":null,"status":"automatic","tsunami":0,"sig":39,"net":"ak","code":"021gg8fld8","ids":",ak021gg8fld8,","sources":",ak,","types":",origin,","nst":null,"dmin":null,"rms":0.73,"gap":null,"magType":"ml","type":"earthquake","title":"M 1.6 - Southern Alaska"},"geometry":{"type":"Point","coordinates":[-149.8336,61.8053,24.7]},"id":"ak021gg8fld8"},
{"type":"Feature","properties":{"mag":2.68,"place":"8 km SSE of Maria Antonia, Puerto Rico","time":1640340702880,"updated":1640342117477,"tz":null,"url":"https://earthquake.usgs.gov/earthquakes/eventpage/pr2021358004","detail":"https://earthquake.usgs.gov/earthquakes/feed/v1.0/detail/pr2021358004.geojson","felt":null,"cdi":null,"mmi":null,"alert":null,"status":"reviewed","tsunami":0,"sig":110,"net":"pr","code":"2021358004","ids":",pr2021358004,","sources":",pr,","types":",origin,phase-data,","nst":16,"dmin":0.0675,"rms":0.08,"gap":227,"magType":"md","type":"earthquake","title":"M 2.7 - 8 km SSE of Maria Antonia, Puerto Rico"},"geometry":{"type":"Point","coordinates":[-66.8545,17.9123,16]},"id":"pr2021358004"},
{"type":"Feature","properties":{"mag":0.7,"place":"24 km N of Sutcliffe, Nevada","time":1640340598178,"updated":1640810060876,"tz":null,"url":"https://earthquake.usgs.gov/earthquakes/eventpage/nn00830672","detail":"https://earthquake.usgs.gov/earthquakes/feed/v1.0/detail/nn00830672.geojson","felt":null,"cdi":null,"mmi":null,"alert":null,"status":"reviewed","tsunami":0,"sig":8,"net":"nn","code":"00830672","ids":",nn00830672,","sources":",nn,","types":",origin,phase-data,","nst":4,"dmin":0.067,"rms":0.1255,"gap":194.66,"magType":"ml","type":"earthquake","title":"M 0.7 - 24 km N of Sutcliffe, Nevada"},"geometry":{"type":"Point","coordinates":[-119.6448,40.168,10.2]},"id":"nn00830672"},
{"type":"Feature","properties":{"mag":3.23,"place":"4 km E of Pāhala, Hawaii","time":1640339995900,"updated":1640426509690,"tz":null,"url":"https://earthquake.usgs.gov/earthquakes/eventpage/hv72844737","detail":"https://earthquake.usgs.gov/earthquakes/feed/v1.0/detail/hv72844737.geojson","felt":5,"cdi":3.1,"mmi":4.571,"alert":null,"status":"reviewed","tsunami":0,"sig":162,"net":"hv","code":"72844737","ids":",hv72844737,us6000gf11,","sources":",hv,us,","types":",dyfi,origin,phase-data,shakemap,","nst":49,"dmin":null,"rms":0.1,"gap":134,"magType":"ml","type":"earthquake","title":"M 3.2 - 4 km E of Pāhala, Hawaii"},"geometry":{"type":"Point","coordinates":[-155.433666666667,19.2078333333333,33.59]},"id":"hv72844737"},
{"type":"Feature","properties":{"mag":1.7,"place":"11 km ESE of La Malbaie, Canada","time":1640339789187,"updated":1640645072040,"tz":null,"url":"https://earthquake.usgs.gov/earthquakes/eventpage/us6000gf68","detail":"https://earthquake.usgs.gov/earthquakes/feed/v1.0/detail/us6000gf68.geojson","felt":null,"cdi":null,"mmi":null,"alert":null,"status":"reviewed","tsunami":0,"sig":44,"net":"us","code":"6000gf68","ids":",us6000gf68,","sources":",us,","types":",origin,phase-data,","nst":null,"dmin":0.225,"rms":0.57,"gap":196,"magType":"ml","type":"earthquake","title":"M 1.7 - 11 km ESE of La Malbaie, Canada"},"geometry":{"type":"Point","coordinates":[-70.0079,47.6149,13.77]},"id":"us6000gf68"},
{"type":"Feature","properties":{"mag":1.12,"place":"7km E of Borrego Springs, CA","time":1640339376620,"updated":1640364185331,"tz":null,"url":"https://earthquake.usgs.gov/earthquakes/eventpage/ci39895583","detail":"https://earthquake.usgs.gov/earthquakes/feed/v1.0/detail/ci39895583.geojson","felt":null,"cdi":null,"mmi":null,"alert":null,"status":"reviewed","tsunami":0,"sig":19,"net":"ci","code":"39895583","ids":",ci39895583,","sources":",ci,","types":",nearby-cities,origin,phase-data,scitech-link,","nst":27,"dmin":0.08163,"rms":0.19,"gap":68,"magType":"ml","type":"earthquake","title":"M 1.1 - 7km E of Borrego Springs, CA"},"geometry":{"type":"Point","coordinates":[-116.3,33.2648333,4.1]},"id":"ci39895583"},
{"type":"Feature","properties":{"mag":1,"place":"21 km NNW of Sutcliffe, Nevada","time":1640339103067,"updated":1640810059964,"tz":null,"url":"https://earthquake.usgs.gov/earthquakes/eventpage/nn00830671","detail":"https://earthquake.usgs.gov/earthquakes/feed/v1.0/detail/nn00830671.geojson","felt":null,"cdi":null,"mmi":null,"alert":null,"status":"reviewed","tsunami":0,"sig":15,"net":"nn","code":"00830671","ids":",nn00830671,","sources":",nn,","types":",origin,phase-data,","nst":6,"dmin":0.064,"rms":0.1165,"gap":168.45,"magType":"ml","type":"earthquake","title":"M 1.0 - 21 km NNW of Sutcliffe, Nevada"},"geometry":{"type":"Point","coordinates":[-119.6577,40.1415,6.7]},"id":"nn00830671"},
{"type":"Feature","properties":{"mag":2,"place":"8 km E of Pāhala, Hawaii","time":1640339041120,"updated":1640339235610,"tz":null,"url":"https://earthquake.usgs.gov/earthquakes/eventpage/hv72844717","detail":"https://earthquake.usgs.gov/earthquakes/feed/v1.0/detail/hv72844717.geojson","felt":null,"cdi":null,"mmi":null,"alert":null,"status":"automatic","tsunami":0,"sig":62,"net":"hv","code":"72844717","ids":",hv72844717,","sources":",hv,","types":",origin,phase-data,","nst":33,"dmin":null,"rms":0.129999995,"gap":162,"magType":"md","type":"earthquake","title":"M 2.0 - 8 km E of Pāhala, Hawaii"},"geometry":{"type":"Point","coordinates":[-155.400329589844,19.2003326416016,32.9099998474121]},"id":"hv72844717"},
{"type":"Feature","properties":{"mag":1.7,"place":"14 km NNE of Hoehne, Colorado","time":1640338432150,"updated":1640765970040,"tz":null,"url":"https://earthquake.usgs.gov/earthquakes/eventpage/us6000gg2e","detail":"https://earthquake.usgs.gov/earthquakes/feed/v1.0/detail/us6000gg2e.geojson","felt":null,"cdi":null,"mmi":null,"alert":null,"status":"reviewed","tsunami":0,"sig":44,"net":"us","code":"6000gg2e","ids":",us6000gg2e,","sources":",us,","types":",origin,phase-data,","nst":null,"dmin":0.274,"rms":0.29,"gap":221,"magType":"ml","type":"earthquake","title":"M 1.7 - 14 km NNE of Hoehne, Colorado"},"geometry":{"type":"Point","coordinates":[-104.3047,37.4006,5]},"id":"us6000gg2e"},
{"type":"Feature","properties":{"mag":1.8,"place":"24 km NE of Hoehne, Colorado","time":1640338379310,"updated":1640765791040,"tz":null,"url":"https://earthquake.usgs.gov/earthquakes/eventpage/us6000gg2c","detail":"https://earthquake.usgs.gov/earthquakes/feed/v1.0/detail/us6000gg2c.geojson","felt":null,"cdi":null,"mmi":null,"alert":null,"status":"reviewed","tsunami":0,"sig":50,"net":"us","code":"6000gg2c","ids":",us6000gg2c,","sources":",us,","types":",origin,phase-data,","nst":null,"dmin":0.336,"rms":0.98,"gap":244,"magType":"ml","type":"earthquake","title":"M 1.8 - 24 km NE of Hoehne, Colorado"},"geometry":{"type":"Point","coordinates":[-104.1551,37.4071,5]},"id":"us6000gg2c"},
{"type":"Feature","properties":{"mag":1.5,"place":"27 km NNW of Beluga, Alaska","time":1640338321521,"updated":1640339024778,"tz":null,"url":"https://earthquake.usgs.gov/earthquakes/eventpage/ak021gg7y0aw","detail":"https://earthquake.usgs.gov/earthquakes/feed/v1.0/detail/ak021gg7y0aw.geojson","felt":null,"cdi":null,"mmi":null,"alert":null,"status":"automatic","tsunami":0,"sig":35,"net":"ak","code":"021gg7y0aw","ids":",ak021gg7y0aw,","sources":",ak,","types":",origin,","nst":null,"dmin":null,"rms":0.49,"gap":null,"magType":"ml","type":"earthquake","title":"M 1.5 - 27 km NNW of Beluga, Alaska"},"geometry":{"type":"Point","coordinates":[-151.2791,61.3677,72.6]},"id":"ak021gg7y0aw"},
{"type":"Feature","properties":{"mag":0.3,"place":"25 km N of Sutcliffe, Nevada","time":1640337978493,"updated":1640809873664,"tz":null,"url":"https://earthquake.usgs.gov/earthquakes/eventpage/nn00830670","detail":"https://earthquake.usgs.gov/earthquakes/feed/v1.0/detail/nn00830670.geojson","felt":null,"cdi":null,"mmi":null,"alert":null,"status":"reviewed","tsunami":0,"sig":1,"net":"nn","code":"00830670","ids":",nn00830670,","sources":",nn,","types":",origin,phase-data,","nst":4,"dmin":0.059,"rms":0.0966,"gap":200.67,"magType":"ml","type":"earthquake","title":"M 0.3 - 25 km N of Sutcliffe, Nevada"},"geometry":{"type":"Point","coordinates":[-119.6549,40.1742,9.9]},"id":"nn00830670"},
{"type":"Feature","properties":{"mag":1.6,"place":"18 km NNE of Hoehne, Colorado","time":1640337851279,"updated":1640765303040,"tz":null,"url":"https://earthquake.usgs.gov/earthquakes/eventpage/us6000gg2a","detail":"https://earthquake.usgs.gov/earthquakes/feed/v1.0/detail/us6000gg2a.geojson","felt":null,"cdi":null,"mmi":null,"alert":null,"status":"reviewed","tsunami":0,"sig":39,"net":"us","code":"6000gg2a","ids":",us6000gg2a,","sources":",us,","types":",origin,phase-data,","nst":null,"dmin":0.311,"rms":0.49,"gap":264,"magType":"ml","type":"earthquake","title":"M 1.6 - 18 km NNE of Hoehne, Colorado"},"geometry":{"type":"Point","coordinates":[-104.3254,37.4427,5]},"id":"us6000gg2a"},
{"type":"Feature","properties":{"mag":2.4,"place":"33 km WNW of Anchor Point, Alaska","time":1640337845276,"updated":1640338775040,"tz":null,"url":"https://earthquake.usgs.gov/earthquakes/eventpage/ak021gg7wass","detail":"https://earthquake.usgs.gov/earthquakes/feed/v1.0/detail/ak021gg7wass.geojson","felt":null,"cdi":null,"mmi":null,"alert":null,"status":"automatic","tsunami":0,"sig":89,"net":"ak","code":"021gg7wass","ids":",us6000gf0v,ak021gg7wass,","sources":",us,ak,","types":",origin,phase-data,","nst":null,"dmin":null,"rms":0.44,"gap":null,"magType":"ml","type":"earthquake","title":"M 2.4 - 33 km WNW of Anchor Point, Alaska"},"geometry":{"type":"Point","coordinates":[-152.411,59.8645,87]},"id":"ak021gg7wass"},
{"type":"Feature","properties":{"mag":1.76999998,"place":"1 km NW of Volcano, Hawaii","time":1640337650130,"updated":1640337848180,"tz":null,"url":"https://earthquake.usgs.gov/earthquakes/eventpage/hv72844702","detail":"https://earthquake.usgs.gov/earthquakes/feed/v1.0/detail/hv72844702.geojson","felt":null,"cdi":null,"mmi":null,"alert":null,"status":"automatic","tsunami":0,"sig":48,"net":"hv","code":"72844702","ids":",hv72844702,","sources":",hv,","types":",origin,phase-data,","nst":38,"dmin":null,"rms":0.100000001,"gap":56,"magType":"md","type":"earthquake","title":"M 1.8 - 1 km NW of Volcano, Hawaii"},"geometry":{"type":"Point","coordinates":[-155.242828369141,19.449499130249,26.4400005340576]},"id":"hv72844702"},
{"type":"Feature","properties":{"mag":1.26,"place":"19km ESE of Anza, CA","time":1640337161240,"updated":1640364260310,"tz":null,"url":"https://earthquake.usgs.gov/earthquakes/eventpage/ci39895567","detail":"https://earthquake.usgs.gov/earthquakes/feed/v1.0/detail/ci39895567.geojson","felt":null,"cdi":null,"mmi":null,"alert":null,"status":"reviewed","tsunami":0,"sig":24,"net":"ci","code":"39895567","ids":",ci39895567,","sources":",ci,","types":",focal-mechanism,nearby-cities,origin,phase-data,scitech-link,","nst":45,"dmin":0.08687,"rms":0.2,"gap":58,"magType":"ml","type":"earthquake","title":"M 1.3 - 19km ESE of Anza, CA"},"geometry":{"type":"Point","coordinates":[-116.4988333,33.4615,10.12]},"id":"ci39895567"},
{"type":"Feature","properties":{"mag":1.14,"place":"7km NW of The Geysers, CA","time":1640337003560,"updated":1640716090702,"tz":null,"url":"https://earthquake.usgs.gov/earthquakes/eventpage/nc73668256","detail":"https://earthquake.usgs.gov/earthquakes/feed/v1.0/detail/nc73668256.geojson","felt":null,"cdi":null,"mmi":null,"alert":null,"status":"reviewed","tsunami":0,"sig":20,"net":"nc","code":"73668256","ids":",nc73668256,","sources":",nc,","types":",nearby-cities,origin,phase-data,scitech-link,","nst":33,"dmin":0.001794,"rms":0.02,"gap":42,"magType":"md","type":"earthquake","title":"M 1.1 - 7km NW of The Geysers, CA"},"geometry":{"type":"Point","coordinates":[-122.808,38.8241667,1.33]},"id":"nc73668256"},
{"type":"Feature","properties":{"mag":2.03,"place":"8 km ENE of Pāhala, Hawaii","time":1640336956940,"updated":1640634978770,"tz":null,"url":"https://earthquake.usgs.gov/earthquakes/eventpage/hv72844697","detail":"https://earthquake.usgs.gov/earthquakes/feed/v1.0/detail/hv72844697.geojson","felt":null,"cdi":null,"mmi":null,"alert":null,"status":"reviewed","tsunami":0,"sig":63,"net":"hv","code":"72844697","ids":",hv72844697,","sources":",hv,","types":",origin,phase-data,","nst":29,"dmin":null,"rms":0.1,"gap":130,"magType":"md","type":"earthquake","title":"M 2.0 - 8 km ENE of Pāhala, Hawaii"},"geometry":{"type":"Point","coordinates":[-155.410333333333,19.2428333333333,32.04]},"id":"hv72844697"},
{"type":"Feature","properties":{"mag":3.39,"place":"42 km N of San Antonio, Puerto Rico","time":1640336722500,"updated":1640340758502,"tz":null,"url":"https://earthquake.usgs.gov/earthquakes/eventpage/pr2021358003","detail":"https://earthquake.usgs.gov/earthquakes/feed/v1.0/detail/pr2021358003.geojson","felt":null,"cdi":null,"mmi":null,"alert":null,"status":"reviewed","tsunami":0,"sig":177,"net":"pr","code":"2021358003","ids":",pr2021358003,","sources":",pr,","types":",origin,phase-data,","nst":20,"dmin":0.4069,"rms":0.29,"gap":212,"magType":"md","type":"earthquake","title":"M 3.4 - 42 km N of San Antonio, Puerto Rico"},"geometry":{"type":"Point","coordinates":[-67.1766,18.8691,3]},"id":"pr2021358003"},
{"type":"Feature","properties":{"mag":0.81,"place":"1km NNW of The Geysers, CA","time":1640335767210,"updated":1640714530542,"tz":null,"url":"https://earthquake.usgs.gov/earthquakes/eventpage/nc73668251","detail":"https://earthquake.usgs.gov/earthquakes/feed/v1.0/detail/nc73668251.geojson","felt":null,"cdi":null,"mmi":null,"alert":null,"status":"reviewed","tsunami":0,"sig":10,"net":"nc","code":"73668251","ids":",nc73668251,","sources":",nc,","types":",nearby-cities,origin,phase-data,scitech-link,","nst":28,"dmin":0.01259,"rms":0.04,"gap":81,"magType":"md","type":"earthquake","title":"M 0.8 - 1km NNW of The Geysers, CA"},"geometry":{"type":"Point","coordinates":[-122.7621667,38.7881667,0.87]},"id":"nc73668251"},
{"type":"Feature","properties":{"mag":1.29,"place":"4km ENE of Big Bear City, CA","time":1640332401130,"updated":1640332672737,"tz":null,"url":"https://earthquake.usgs.gov/earthquakes/eventpage/ci39895535","detail":"https://earthquake.usgs.gov/earthquakes/feed/v1.0/detail/ci39895535.geojson","felt":1,"cdi":2,"mmi":null,"alert":null,"status":"automatic","tsunami":0,"sig":26,"net":"ci","code":"39895535","ids":",ci39895535,","sources":",ci,","types":",dyfi,nearby-cities,origin,phase-data,scitech-link,","nst":19,"dmin":0.07892,"rms":0.24,"gap":73,"magType":"ml","type":"earthquake","title":"M 1.3 - 4km ENE of Big Bear City, CA"},"geometry":{"type":"Point","coordinates":[-116.8025,34.2716667,1.91]},"id":"ci39895535"},
{"type":"Feature","properties":{"mag":0.86,"place":"9km NNE of Cabazon, CA","time":1640332239330,"updated":1640332458099,"tz":null,"url":"https://earthquake.usgs.gov/earthquakes/eventpage/ci39895527","detail":"https://earthquake.usgs.gov/earthquakes/feed/v1.0/detail/ci39895527.geojson","felt":null,"cdi":null,"mmi":null,"alert":null,"status":"automatic","tsunami":0,"sig":11,"net":"ci","code":"39895527","ids":",ci39895527,","sources":",ci,","types":",nearby-cities,origin,phase-data,scitech-link,","nst":14,"dmin":0.103,"rms":0.07,"gap":133,"magType":"ml","type":"earthquake","title":"M 0.9 - 9km NNE of Cabazon, CA"},"geometry":{"type":"Point","coordinates":[-116.7595,33.9933333,12.06]},"id":"ci39895527"},
{"type":"Feature","properties":{"mag":1.38,"place":"67 km NNE of Kelly, Wyoming","time":1640332121880,"updated":1640793471680,"tz":null,"url":"https://earthquake.usgs.gov/earthquakes/eventpage/uu60029709","detail":"https://earthquake.usgs.gov/earthquakes/feed/v1.0/detail/uu60029709.geojson","felt":null,"cdi":null,"mmi":null,"alert":null,"status":"reviewed","tsunami":0,"sig":29,"net":"uu","code":"60029709","ids":",uu60029709,","sources":",uu,","types":",origin,phase-data,","nst":6,"dmin":0.1493,"rms":0.16,"gap":140,"magType":"md","type":"earthquake","title":"M 1.4 - 67 km NNE of Kelly, Wyoming"},"geometry":{"type":"Point","coordinates":[-110.268,44.1715,5.97]},"id":"uu60029709"},
{"type":"Feature","properties":{"mag":1.25,"place":"66 km NNE of Kelly, Wyoming","time":1640332085380,"updated":1640793161470,"tz":null,"url":"https://earthquake.usgs.gov/earthquakes/eventpage/uu60473527","detail":"https://earthquake.usgs.gov/earthquakes/feed/v1.0/detail/uu60473527.geojson","felt":null,"cdi":null,"mmi":null,"alert":null,"status":"reviewed","tsunami":0,"sig":24,"net":"uu","code":"60473527","ids":",uu60473527,","sources":",uu,","types":",origin,phase-data,","nst":8,"dmin":0.1639,"rms":0.15,"gap":126,"magType":"md","type":"earthquake","title":"M 1.3 - 66 km NNE of Kelly, Wyoming"},"geometry":{"type":"Point","coordinates":[-110.289,44.1735,2.23]},"id":"uu60473527"},
{"type":"Feature","properties":{"mag":0.3,"place":"20 km NNW of Sutcliffe, Nevada","time":1640332040808,"updated":1640809687630,"tz":null,"url":"https://earthquake.usgs.gov/earthquakes/eventpage/nn00830669","detail":"https://earthquake.usgs.gov/earthquakes/feed/v1.0/detail/nn00830669.geojson","felt":null,"cdi":null,"mmi":null,"alert":null,"status":"reviewed","tsunami":0,"sig":1,"net":"nn","code":"00830669","ids":",nn00830669,","sources":",nn,","types":",origin,phase-data,","nst":5,"dmin":0.068,"rms":0.1654,"gap":162.3,"magType":"ml","type":"earthquake","title":"M 0.3 - 20 km NNW of Sutcliffe, Nevada"},"geometry":{"type":"Point","coordinates":[-119.6568,40.1334,4.9]},"id":"nn00830669"},
{"type":"Feature","properties":{"mag":4.4,"place":"143 km W of Lebu, Chile","time":1640331914315,"updated":1640333715040,"tz":null,"url":"https://earthquake.usgs.gov/earthquakes/eventpage/us6000gf0f","detail":"https://earthquake.usgs.gov/earthquakes/feed/v1.0/detail/us6000gf0f.geojson","felt":null,"cdi":null,"mmi":null,"alert":null,"status":"reviewed","tsunami":0,"sig":298,"net":"us","code":"6000gf0f","ids":",us6000gf0f,","sources":",us,","types":",origin,phase-data,","nst":null,"dmin":1.945,"rms":1,"gap":154,"magType":"mb","type":"earthquake","title":"M 4.4 - 143 km W of Lebu, Chile"},"geometry":{"type":"Point","coordinates":[-75.2662,-37.7699,10]},"id":"us6000gf0f"},
{"type":"Feature","properties":{"mag":2.46,"place":"66 km NNE of Kelly, Wyoming","time":1640331661560,"updated":1640612254390,"tz":null,"url":"https://earthquake.usgs.gov/earthquakes/eventpage/uu60473522","detail":"https://earthquake.usgs.gov/earthquakes/feed/v1.0/detail/uu60473522.geojson","felt":null,"cdi":null,"mmi":null,"alert":null,"status":"reviewed","tsunami":0,"sig":93,"net":"uu","code":"60473522","ids":",uu60473522,","sources":",uu,","types":",origin,phase-data,","nst":24,"dmin":0.1394,"rms":0.21,"gap":92,"magType":"ml","type":"earthquake","title":"M 2.5 - 66 km NNE of Kelly, Wyoming"},"geometry":{"type":"Point","coordinates":[-110.2591667,44.1615,11.36]},"id":"uu60473522"},
{"type":"Feature","properties":{"mag":0.5,"place":"6km NW of The Geysers, CA","time":1640330918850,"updated":1640720171220,"tz":null,"url":"https://earthquake.usgs.gov/earthquakes/eventpage/nc71126959","detail":"https://earthquake.usgs.gov/earthquakes/feed/v1.0/detail/nc71126959.geojson","felt":null,"cdi":null,"mmi":null,"alert":null,"status":"reviewed","tsunami":0,"sig":4,"net":"nc","code":"71126959","ids":",nc71126959,","sources":",nc,","types":",nearby-cities,origin,phase-data,scitech-link,","nst":13,"dmin":0.00864,"rms":0.03,"gap":76,"magType":"md","type":"earthquake","title":"M 0.5 - 6km NW of The Geysers, CA"},"geometry":{"type":"Point","coordinates":[-122.7991667,38.8248333,1.5]},"id":"nc71126959"},
{"type":"Feature","properties":{"mag":1.7,"place":"25 km NE of Skwentna, Alaska","time":1640330870324,"updated":1640331059171,"tz":null,"url":"https://earthquake.usgs.gov/earthquakes/eventpage/ak021gg6q68o","detail":"https://earthquake.usgs.gov/earthquakes/feed/v1.0/detail/ak021gg6q68o.geojson","felt":null,"cdi":null,"mmi":null,"alert":null,"status":"automatic","tsunami":0,"sig":44,"net":"ak","code":"021gg6q68o","ids":",ak021gg6q68o,","sources":",ak,","types":",origin,","nst":null,"dmin":null,"rms":0.21,"gap":null,"magType":"ml","type":"earthquake","title":"M 1.7 - 25 km NE of Skwentna, Alaska"},"geometry":{"type":"Point","coordinates":[-151.1272,62.1775,74.9]},"id":"ak021gg6q68o"},
{"type":"Feature","properties":{"mag":2.08,"place":"9km NNW of Lake Pillsbury, CA","time":1640330856710,"updated":1640719811680,"tz":null,"url":"https://earthquake.usgs.gov/earthquakes/eventpage/nc73668246","detail":"https://earthquake.usgs.gov/earthquakes/feed/v1.0/detail/nc73668246.geojson","felt":null,"cdi":null,"mmi":null,"alert":null,"status":"reviewed","tsunami":0,"sig":67,"net":"nc","code":"73668246","ids":",nc73668246,","sources":",nc,","types":",nearby-cities,origin,phase-data,scitech-link,","nst":25,"dmin":0.1633,"rms":0.09,"gap":64,"magType":"md","type":"earthquake","title":"M 2.1 - 9km NNW of Lake Pillsbury, CA"},"geometry":{"type":"Point","coordinates":[-122.9813333,39.491,7.38]},"id":"nc73668246"},
{"type":"Feature","properties":{"mag":1.9,"place":"36 km ENE of Greenville, Maine","time":1640330182455,"updated":1640644384294,"tz":null,"url":"https://earthquake.usgs.gov/earthquakes/eventpage/us6000gf5z","detail":"https://earthquake.usgs.gov/earthquakes/feed/v1.0/detail/us6000gf5z.geojson","felt":2,"cdi":1,"mmi":null,"alert":null,"status":"reviewed","tsunami":0,"sig":56,"net":"us","code":"6000gf5z","ids":",us6000gf5z,","sources":",us,","types":",dyfi,origin,phase-data,","nst":null,"dmin":0.378,"rms":0.38,"gap":83,"magType":"ml","type":"earthquake","title":"M 1.9 - 36 km ENE of Greenville, Maine"},"geometry":{"type":"Point","coordinates":[-69.2042,45.6375,1.48]},"id":"us6000gf5z"},
{"type":"Feature","properties":{"mag":2.8,"place":"2 km SW of Indios, Puerto Rico","time":1640329660580,"updated":1640333187348,"tz":null,"url":"https://earthquake.usgs.gov/earthquakes/eventpage/pr2021358002","detail":"https://earthquake.usgs.gov/earthquakes/feed/v1.0/detail/pr2021358002.geojson","felt":null,"cdi":null,"mmi":null,"alert":null,"status":"reviewed","tsunami":0,"sig":121,"net":"pr","code":"2021358002","ids":",pr2021358002,","sources":",pr,","types":",origin,phase-data,","nst":18,"dmin":0.0411,"rms":0.2,"gap":174,"magType":"md","type":"earthquake","title":"M 2.8 - 2 km SW of Indios, Puerto Rico"},"geometry":{"type":"Point","coordinates":[-66.8383,17.9795,17]},"id":"pr2021358002"},
{"type":"Feature","properties":{"mag":2,"place":"Central Alaska","time":1640329617377,"updated":1640329907009,"tz":null,"url":"https://earthquake.usgs.gov/earthquakes/eventpage/ak021gg6loqz","detail":"https://earthquake.usgs.gov/earthquakes/feed/v1.0/detail/ak021gg6loqz.geojson","felt":null,"cdi":null,"mmi":null,"alert":null,"status":"automatic","tsunami":0,"sig":62,"net":"ak","code":"021gg6loqz","ids":",ak021gg6loqz,","sources":",ak,","types":",origin,","nst":null,"dmin":null,"rms":1.43,"gap":null,"magType":"ml","type":"earthquake","title":"M 2.0 - Central Alaska"},"geometry":{"type":"Point","coordinates":[-149.1472,63.8237,28.6]},"id":"ak021gg6loqz"},
{"type":"Feature","properties":{"mag":1.9,"place":"33 km SE of Mina, Nevada","time":1640329542331,"updated":1640728685392,"tz":null,"url":"https://earthquake.usgs.gov/earthquakes/eventpage/nn00830445","detail":"https://earthquake.usgs.gov/earthquakes/feed/v1.0/detail/nn00830445.geojson","felt":null,"cdi":null,"mmi":null,"alert":null,"status":"reviewed","tsunami":0,"sig":56,"net":"nn","code":"00830445","ids":",nn00830445,","sources":",nn,","types":",origin,phase-data,","nst":18,"dmin":0.088,"rms":0.135,"gap":112.29,"magType":"ml","type":"earthquake","title":"M 1.9 - 33 km SE of Mina, Nevada"},"geometry":{"type":"Point","coordinates":[-117.8526,38.164,8.3]},"id":"nn00830445"},
{"type":"Feature","properties":{"mag":2.01999998,"place":"3 km SSE of Pāhala, Hawaii","time":1640329412400,"updated":1640329606770,"tz":null,"url":"https://earthquake.usgs.gov/earthquakes/eventpage/hv72844657","detail":"https://earthquake.usgs.gov/earthquakes/feed/v1.0/detail/hv72844657.geojson","felt":null,"cdi":null,"mmi":null,"alert":null,"status":"automatic","tsunami":0,"sig":63,"net":"hv","code":"72844657","ids":",hv72844657,","sources":",hv,","types":",origin,phase-data,","nst":37,"dmin":null,"rms":0.150000006,"gap":80,"magType":"md","type":"earthquake","title":"M 2.0 - 3 km SSE of Pāhala, Hawaii"},"geometry":{"type":"Point","coordinates":[-155.47216796875,19.1723327636719,33.6199989318848]},"id":"hv72844657"},
{"type":"Feature","properties":{"mag":1.8,"place":"10 km NNE of Hoehne, Colorado","time":1640329201116,"updated":1640764914040,"tz":null,"url":"https://earthquake.usgs.gov/earthquakes/eventpage/us6000gg29","detail":"https://earthquake.usgs.gov/earthquakes/feed/v1.0/detail/us6000gg29.geojson","felt":null,"cdi":null,"mmi":null,"alert":null,"status":"reviewed","tsunami":0,"sig":50,"net":"us","code":"6000gg29","ids":",us6000gg29,","sources":",us,","types":",origin,phase-data,","nst":null,"dmin":0.236,"rms":0.06,"gap":221,"magType":"ml","type":"earthquake","title":"M 1.8 - 10 km NNE of Hoehne, Colorado"},"geometry":{"type":"Point","coordinates":[-104.3139,37.3624,7.61]},"id":"us6000gg29"},
{"type":"Feature","properties":{"mag":4.4,"place":"25 km SSE of Jurm, Afghanistan","time":1640329200857,"updated":1640331285040,"tz":null,"url":"https://earthquake.usgs.gov/earthquakes/eventpage/us6000gf06","detail":"https://earthquake.usgs.gov/earthquakes/feed/v1.0/detail/us6000gf06.geojson","felt":null,"cdi":null,"mmi":null,"alert":null,"status":"reviewed","tsunami":0,"sig":298,"net":"us","code":"6000gf06","ids":",us6000gf06,","sources":",us,","types":",origin,phase-data,","nst":null,"dmin":0.562,"rms":0.48,"gap":80,"magType":"mb","type":"earthquake","title":"M 4.4 - 25 km SSE of Jurm, Afghanistan"},"geometry":{"type":"Point","coordinates":[70.9642,36.6562,223.41]},"id":"us6000gf06"},
{"type":"Feature","properties":{"mag":1.6,"place":"17 km NNE of Hoehne, Colorado","time":1640329157357,"updated":1640764694040,"tz":null,"url":"https://earthquake.usgs.gov/earthquakes/eventpage/us6000gg28","detail":"https://earthquake.usgs.gov/earthquakes/feed/v1.0/detail/us6000gg28.geojson","felt":null,"cdi":null,"mmi":null,"alert":null,"status":"reviewed","tsunami":0,"sig":39,"net":"us","code":"6000gg28","ids":",us6000gg28,","sources":",us,","types":",origin,phase-data,","nst":null,"dmin":0.299,"rms":0.42,"gap":322,"magType":"ml","type":"earthquake","title":"M 1.6 - 17 km NNE of Hoehne, Colorado"},"geometry":{"type":"Point","coordinates":[-104.3405,37.4334,5]},"id":"us6000gg28"},
{"type":"Feature","properties":{"mag":1.7,"place":"16 km NNE of Hoehne, Colorado","time":1640329091124,"updated":1640764322040,"tz":null,"url":"https://earthquake.usgs.gov/earthquakes/eventpage/us6000gg27","detail":"https://earthquake.usgs.gov/earthquakes/feed/v1.0/detail/us6000gg27.geojson","felt":null,"cdi":null,"mmi":null,"alert":null,"status":"reviewed","tsunami":0,"sig":44,"net":"us","code":"6000gg27","ids":",us6000gg27,","sources":",us,","types":",origin,phase-data,","nst":null,"dmin":0.285,"rms":0.37,"gap":225,"magType":"ml","type":"earthquake","title":"M 1.7 - 16 km NNE of Hoehne, Colorado"},"geometry":{"type":"Point","coordinates":[-104.2785,37.4043,8.74]},"id":"us6000gg27"},
{"type":"Feature","properties":{"mag":3.3,"place":"104 km SW of Nikolski, Alaska","time":1640328505724,"updated":1640333906040,"tz":null,"url":"https://earthquake.usgs.gov/earthquakes/eventpage/us6000gf0j","detail":"https://earthquake.usgs.gov/earthquakes/feed/v1.0/detail/us6000gf0j.geojson","felt":null,"cdi":null,"mmi":null,"alert":null,"status":"reviewed","tsunami":0,"sig":168,"net":"us","code":"6000gf0j","ids":",ak021gg697wt,us6000gf0j,","sources":",ak,us,","types":",origin,phase-data,","nst":null,"dmin":1.572,"rms":0.83,"gap":207,"magType":"ml","type":"earthquake","title":"M 3.3 - 104 km SW of Nikolski, Alaska"},"geometry":{"type":"Point","coordinates":[-170.0588,52.3525,21.5]},"id":"us6000gf0j"},
{"type":"Feature","properties":{"mag":1.34,"place":"5km NNE of Cabazon, CA","time":1640327796960,"updated":1640328012775,"tz":null,"url":"https://earthquake.usgs.gov/earthquakes/eventpage/ci39895511","detail":"https://earthquake.usgs.gov/earthquakes/feed/v1.0/detail/ci39895511.geojson","felt":null,"cdi":null,"mmi":null,"alert":null,"status":"automatic","tsunami":0,"sig":28,"net":"ci","code":"39895511","ids":",ci39895511,","sources":",ci,","types":",nearby-cities,origin,phase-data,scitech-link,","nst":26,"dmin":0.0496,"rms":0.15,"gap":51,"magType":"ml","type":"earthquake","title":"M 1.3 - 5km NNE of Cabazon, CA"},"geometry":{"type":"Point","coordinates":[-116.7758333,33.963,12.16]},"id":"ci39895511"},
{"type":"Feature","properties":{"mag":4.3,"place":"59 km SE of Tondano, Indonesia","time":1640327599590,"updated":1640329957040,"tz":null,"url":"https://earthquake.usgs.gov/earthquakes/eventpage/us6000gf04","detail":"https://earthquake.usgs.gov/earthquakes/feed/v1.0/detail/us6000gf04.geojson","felt":null,"cdi":null,"mmi":null,"alert":null,"status":"reviewed","tsunami":0,"sig":284,"net":"us","code":"6000gf04","ids":",us6000gf04,","sources":",us,","types":",origin,phase-data,","nst":null,"dmin":2.142,"rms":0.64,"gap":131,"magType":"mb","type":"earthquake","title":"M 4.3 - 59 km SE of Tondano, Indonesia"},"geometry":{"type":"Point","coordinates":[125.2259,0.8682,41.59]},"id":"us6000gf04"},
{"type":"Feature","properties":{"mag":1.61,"place":"7km NE of Willits, CA","time":1640326989200,"updated":1640773452439,"tz":null,"url":"https://earthquake.usgs.gov/earthquakes/eventpage/nc73668241","detail":"https://earthquake.usgs.gov/earthquakes/feed/v1.0/detail/nc73668241.geojson","felt":null,"cdi":null,"mmi":null,"alert":null,"status":"reviewed","tsunami":0,"sig":40,"net":"nc","code":"73668241","ids":",nc73668241,","sources":",nc,","types":",nearby-cities,origin,phase-data,scitech-link,","nst":19,"dmin":0.04212,"rms":0.07,"gap":83,"magType":"md","type":"earthquake","title":"M 1.6 - 7km NE of Willits, CA"},"geometry":{"type":"Point","coordinates":[-123.2933333,39.4443333,6.55]},"id":"nc73668241"},
{"type":"Feature","properties":{"mag":1.3,"place":"4 km NNW of Walker Lake, Nevada","time":1640326560277,"updated":1640809316439,"tz":null,"url":"https://earthquake.usgs.gov/earthquakes/eventpage/nn00830668","detail":"https://earthquake.usgs.gov/earthquakes/feed/v1.0/detail/nn00830668.geojson","felt":null,"cdi":null,"mmi":null,"alert":null,"status":"reviewed","tsunami":0,"sig":26,"net":"nn","code":"00830668","ids":",nn00830668,","sources":",nn,","types":",origin,phase-data,","nst":16,"dmin":0.422,"rms":0.1029,"gap":96.55,"magType":"ml","type":"earthquake","title":"M 1.3 - 4 km NNW of Walker Lake, Nevada"},"geometry":{"type":"Point","coordinates":[-118.7705,38.6867,8]},"id":"nn00830668"},
{"type":"Feature","properties":{"mag":1.97,"place":"10km NNW of Redwood Valley, CA","time":1640326356490,"updated":1640772912744,"tz":null,"url":"https://earthquake.usgs.gov/earthquakes/eventpage/nc73668236","detail":"https://earthquake.usgs.gov/earthquakes/feed/v1.0/detail/nc73668236.geojson","felt":1,"cdi":3.4,"mmi":null,"alert":null,"status":"reviewed","tsunami":0,"sig":60,"net":"nc","code":"73668236","ids":",nc73668236,","sources":",nc,","types":",dyfi,nearby-cities,origin,phase-data,scitech-link,","nst":23,"dmin":0.05217,"rms":0.08,"gap":62,"magType":"md","type":"earthquake","title":"M 2.0 - 10km NNW of Redwood Valley, CA"},"geometry":{"type":"Point","coordinates":[-123.2376667,39.3466667,7.35]},"id":"nc73668236"},
{"type":"Feature","properties":{"mag":0.4,"place":"20 km NNW of Sutcliffe, Nevada","time":1640326077143,"updated":1640808760003,"tz":null,"url":"https://earthquake.usgs.gov/earthquakes/eventpage/nn00830667","detail":"https://earthquake.usgs.gov/earthquakes/feed/v1.0/detail/nn00830667.geojson","felt":null,"cdi":null,"mmi":null,"alert":null,"status":"reviewed","tsunami":0,"sig":2,"net":"nn","code":"00830667","ids":",nn00830667,","sources":",nn,","types":",origin,phase-data,","nst":5,"dmin":0.064,"rms":0.1588,"gap":158.5,"magType":"ml","type":"earthquake","title":"M 0.4 - 20 km NNW of Sutcliffe, Nevada"},"geometry":{"type":"Point","coordinates":[-119.6644,40.1322,5.3]},"id":"nn00830667"},
{"type":"Feature","properties":{"mag":3.48,"place":"54 km NNE of Luquillo, Puerto Rico","time":1640325707760,"updated":1640327382337,"tz":null,"url":"https://earthquake.usgs.gov/earthquakes/eventpage/pr2021358001","detail":"https://earthquake.usgs.gov/earthquakes/feed/v1.0/detail/pr2021358001.geojson","felt":null,"cdi":null,"mmi":null,"alert":null,"status":"reviewed","tsunami":0,"sig":186,"net":"pr","code":"2021358001","ids":",pr2021358001,","sources":",pr,","types":",origin,phase-data,","nst":20,"dmin":0.5252,"rms":0.17,"gap":262,"magType":"md","type":"earthquake","title":"M 3.5 - 54 km NNE of Luquillo, Puerto Rico"},"geometry":{"type":"Point","coordinates":[-65.4596,18.802,16]},"id":"pr2021358001"},
{"type":"Feature","properties":{"mag":4.9,"place":"98 km W of La Libertad, Mexico","time":1640324690010,"updated":1640325773040,"tz":null,"url":"https://earthquake.usgs.gov/earthquakes/eventpage/us6000gezr","detail":"https://earthquake.usgs.gov/earthquakes/feed/v1.0/detail/us6000gezr.geojson","felt":null,"cdi":null,"mmi":null,"alert":null,"status":"reviewed","tsunami":0,"sig":369,"net":"us","code":"6000gezr","ids":",us6000gezr,","sources":",us,","types":",origin,phase-data,","nst":null,"dmin":1.482,"rms":0.62,"gap":155,"magType":"mb","type":"earthquake","title":"M 4.9 - 98 km W of La Libertad, Mexico"},"geometry":{"type":"Point","coordinates":[-113.7148,29.9228,10]},"id":"us6000gezr"},
{"type":"Feature","properties":{"mag":0.6,"place":"20 km NNW of Sutcliffe, Nevada","time":1640324275017,"updated":1640808574105,"tz":null,"url":"https://earthquake.usgs.gov/earthquakes/eventpage/nn00830666","detail":"https://earthquake.usgs.gov/earthquakes/feed/v1.0/detail/nn00830666.geojson","felt":null,"cdi":null,"mmi":null,"alert":null,"status":"reviewed","tsunami":0,"sig":6,"net":"nn","code":"00830666","ids":",nn00830666,","sources":",nn,","types":",origin,phase-data,","nst":5,"dmin":0.069,"rms":0.1539,"gap":162.59,"magType":"ml","type":"earthquake","title":"M 0.6 - 20 km NNW of Sutcliffe, Nevada"},"geometry":{"type":"Point","coordinates":[-119.6564,40.1336,5.1]},"id":"nn00830666"},
{"type":"Feature","properties":{"mag":1.7,"place":"15 km NE of Hoehne, Colorado","time":1640323567433,"updated":1640764110040,"tz":null,"url":"https://earthquake.usgs.gov/earthquakes/eventpage/us6000gg26","detail":"https://earthquake.usgs.gov/earthquakes/feed/v1.0/detail/us6000gg26.geojson","felt":null,"cdi":null,"mmi":null,"alert":null,"status":"reviewed","tsunami":0,"sig":44,"net":"us","code":"6000gg26","ids":",us6000gg26,","sources":",us,","types":",origin,phase-data,","nst":null,"dmin":0.276,"rms":0.35,"gap":225,"magType":"ml","type":"earthquake","title":"M 1.7 - 15 km NE of Hoehne, Colorado"},"geometry":{"type":"Point","coordinates":[-104.2827,37.3964,7.95]},"id":"us6000gg26"},
{"type":"Feature","properties":{"mag":0.8,"place":"20 km NNW of Sutcliffe, Nevada","time":1640323279675,"updated":1640808388271,"tz":null,"url":"https://earthquake.usgs.gov/earthquakes/eventpage/nn00830665","detail":"https://earthquake.usgs.gov/earthquakes/feed/v1.0/detail/nn00830665.geojson","felt":null,"cdi":null,"mmi":null,"alert":null,"status":"reviewed","tsunami":0,"sig":10,"net":"nn","code":"00830665","ids":",nn00830665,","sources":",nn,","types":",origin,phase-data,","nst":5,"dmin":0.069,"rms":0.1353,"gap":161.23,"magType":"ml","type":"earthquake","title":"M 0.8 - 20 km NNW of Sutcliffe, Nevada"},"geometry":{"type":"Point","coordinates":[-119.6574,40.1322,5.4]},"id":"nn00830665"},
{"type":"Feature","properties":{"mag":0.7,"place":"24 km N of Sutcliffe, Nevada","time":1640322945618,"updated":1640808202369,"tz":null,"url":"https://earthquake.usgs.gov/earthquakes/eventpage/nn00830664","detail":"https://earthquake.usgs.gov/earthquakes/feed/v1.0/detail/nn00830664.geojson","felt":null,"cdi":null,"mmi":null,"alert":null,"status":"reviewed","tsunami":0,"sig":8,"net":"nn","code":"00830664","ids":",nn00830664,","sources":",nn,","types":",origin,phase-data,","nst":4,"dmin":0.066,"rms":0.1433,"gap":243.54,"magType":"ml","type":"earthquake","title":"M 0.7 - 24 km N of Sutcliffe, Nevada"},"geometry":{"type":"Point","coordinates":[-119.6456,40.1669,9.2]},"id":"nn00830664"},
{"type":"Feature","properties":{"mag":0.6,"place":"22 km N of Sutcliffe, Nevada","time":1640322779219,"updated":1640808016741,"tz":null,"url":"https://earthquake.usgs.gov/earthquakes/eventpage/nn00830663","detail":"https://earthquake.usgs.gov/earthquakes/feed/v1.0/detail/nn00830663.geojson","felt":null,"cdi":null,"mmi":null,"alert":null,"status":"reviewed","tsunami":0,"sig":6,"net":"nn","code":"00830663","ids":",nn00830663,","sources":",nn,","types":",origin,phase-data,","nst":5,"dmin":0.067,"rms":0.1582,"gap":176.48,"magType":"ml","type":"earthquake","title":"M 0.6 - 22 km N of Sutcliffe, Nevada"},"geometry":{"type":"Point","coordinates":[-119.6497,40.1483,6.2]},"id":"nn00830663"},
{"type":"Feature","properties":{"mag":1.3,"place":"21 km NNW of Sutcliffe, Nevada","time":1640322320132,"updated":1640807830844,"tz":null,"url":"https://earthquake.usgs.gov/earthquakes/eventpage/nn00830662","detail":"https://earthquake.usgs.gov/earthquakes/feed/v1.0/detail/nn00830662.geojson","felt":null,"cdi":null,"mmi":null,"alert":null,"status":"reviewed","tsunami":0,"sig":26,"net":"nn","code":"00830662","ids":",nn00830662,","sources":",nn,","types":",origin,phase-data,","nst":6,"dmin":0.062,"rms":0.1401,"gap":165.68,"magType":"ml","type":"earthquake","title":"M 1.3 - 21 km NNW of Sutcliffe, Nevada"},"geometry":{"type":"Point","coordinates":[-119.6611,40.1395,6.4]},"id":"nn00830662"},
{"type":"Feature","properties":{"mag":1.11,"place":"16 km NNE of Orcas, Washington","time":1640321623720,"updated":1640368385210,"tz":null,"url":"https://earthquake.usgs.gov/earthquakes/eventpage/uw61799342","detail":"https://earthquake.usgs.gov/earthquakes/feed/v1.0/detail/uw61799342.geojson","felt":null,"cdi":null,"mmi":null,"alert":null,"status":"reviewed","tsunami":0,"sig":19,"net":"uw","code":"61799342","ids":",uw61799342,","sources":",uw,","types":",origin,phase-data,","nst":13,"dmin":0.06752,"rms":0.2,"gap":148,"magType":"md","type":"earthquake","title":"M 1.1 - 16 km NNE of Orcas, Washington"},"geometry":{"type":"Point","coordinates":[-122.8745,48.7405,58.15]},"id":"uw61799342"},
{"type":"Feature","properties":{"mag":0.4,"place":"22 km N of Sutcliffe, Nevada","time":1640321306025,"updated":1640805612247,"tz":null,"url":"https://earthquake.usgs.gov/earthquakes/eventpage/nn00830661","detail":"https://earthquake.usgs.gov/earthquakes/feed/v1.0/detail/nn00830661.geojson","felt":null,"cdi":null,"mmi":null,"alert":null,"status":"reviewed","tsunami":0,"sig":2,"net":"nn","code":"00830661","ids":",nn00830661,","sources":",nn,","types":",origin,phase-data,","nst":4,"dmin":0.107,"rms":0.1006,"gap":243.31,"magType":"ml","type":"earthquake","title":"M 0.4 - 22 km N of Sutcliffe, Nevada"},"geometry":{"type":"Point","coordinates":[-119.5928,40.1571,5.6]},"id":"nn00830661"},
{"type":"Feature","properties":{"mag":0.3,"place":"Nevada","time":1640321269405,"updated":1640805056475,"tz":null,"url":"https://earthquake.usgs.gov/earthquakes/eventpage/nn00830659","detail":"https://earthquake.usgs.gov/earthquakes/feed/v1.0/detail/nn00830659.geojson","felt":null,"cdi":null,"mmi":null,"alert":null,"status":"reviewed","tsunami":0,"sig":1,"net":"nn","code":"00830659","ids":",nn00830659,","sources":",nn,","types":",origin,phase-data,","nst":4,"dmin":0.076,"rms":0.0268,"gap":243.24,"magType":"ml","type":"earthquake","title":"M 0.3 - Nevada"},"geometry":{"type":"Point","coordinates":[-119.6331,40.1649,7.3]},"id":"nn00830659"},
{"type":"Feature","properties":{"mag":1.1,"place":"27 km SSE of Mina, Nevada","time":1640321220464,"updated":1640797756224,"tz":null,"url":"https://earthquake.usgs.gov/earthquakes/eventpage/nn00830444","detail":"https://earthquake.usgs.gov/earthquakes/feed/v1.0/detail/nn00830444.geojson","felt":null,"cdi":null,"mmi":null,"alert":null,"status":"reviewed","tsunami":0,"sig":19,"net":"nn","code":"00830444","ids":",nn00830444,","sources":",nn,","types":",origin,phase-data,","nst":13,"dmin":0.031,"rms":0.0782,"gap":120.93,"magType":"ml","type":"earthquake","title":"M 1.1 - 27 km SSE of Mina, Nevada"},"geometry":{"type":"Point","coordinates":[-117.9709,38.1705,2]},"id":"nn00830444"},
{"type":"Feature","properties":{"mag":1.05,"place":"9km NE of Aguanga, CA","time":1640321182030,"updated":1640364388820,"tz":null,"url":"https://earthquake.usgs.gov/earthquakes/eventpage/ci39895487","detail":"https://earthquake.usgs.gov/earthquakes/feed/v1.0/detail/ci39895487.geojson","felt":null,"cdi":null,"mmi":null,"alert":null,"status":"reviewed","tsunami":0,"sig":17,"net":"ci","code":"39895487","ids":",ci39895487,","sources":",ci,","types":",focal-mechanism,nearby-cities,origin,phase-data,scitech-link,","nst":45,"dmin":0.0232,"rms":0.2,"gap":31,"magType":"ml","type":"earthquake","title":"M 1.1 - 9km NE of Aguanga, CA"},"geometry":{"type":"Point","coordinates":[-116.7885,33.4913333,6.99]},"id":"ci39895487"},
{"type":"Feature","properties":{"mag":2.81,"place":"9 km E of Chickasha, Oklahoma","time":1640321123770,"updated":1640839652732,"tz":null,"url":"https://earthquake.usgs.gov/earthquakes/eventpage/ok2021zcqa","detail":"https://earthquake.usgs.gov/earthquakes/feed/v1.0/detail/ok2021zcqa.geojson","felt":10,"cdi":4.3,"mmi":null,"alert":null,"status":"automatic","tsunami":0,"sig":126,"net":"ok","code":"2021zcqa","ids":",ok2021zcqa,us6000gezj,","sources":",ok,us,","types":",dyfi,origin,phase-data,","nst":79,"dmin":0.107273072,"rms":0.7269192865,"gap":38.14216614,"magType":"ml","type":"earthquake","title":"M 2.8 - 9 km E of Chickasha, Oklahoma"},"geometry":{"type":"Point","coordinates":[-97.83271027,35.04686737,2.201270103]},"id":"ok2021zcqa"},
{"type":"Feature","properties":{"mag":2.7,"place":"36km W of Petrolia, CA","time":1640320787190,"updated":1640698990858,"tz":null,"url":"https://earthquake.usgs.gov/earthquakes/eventpage/nc73668231","detail":"https://earthquake.usgs.gov/earthquakes/feed/v1.0/detail/nc73668231.geojson","felt":null,"cdi":null,"mmi":null,"alert":null,"status":"reviewed","tsunami":0,"sig":112,"net":"nc","code":"73668231","ids":",nc73668231,","sources":",nc,","types":",nearby-cities,origin,phase-data,scitech-link,","nst":36,"dmin":0.3279,"rms":0.21,"gap":232,"magType":"md","type":"earthquake","title":"M 2.7 - 36km W of Petrolia, CA"},"geometry":{"type":"Point","coordinates":[-124.7146667,40.3188333,22.17]},"id":"nc73668231"},
{"type":"Feature","properties":{"mag":0.1,"place":"25 km N of Sutcliffe, Nevada","time":1640320731570,"updated":1640804870898,"tz":null,"url":"https://earthquake.usgs.gov/earthquakes/eventpage/nn00830656","detail":"https://earthquake.usgs.gov/earthquakes/feed/v1.0/detail/nn00830656.geojson","felt":null,"cdi":null,"mmi":null,"alert":null,"status":"reviewed","tsunami":0,"sig":0,"net":"nn","code":"00830656","ids":",nn00830656,","sources":",nn,","types":",origin,phase-data,","nst":4,"dmin":0.058,"rms":0.1001,"gap":251.59,"magType":"ml","type":"earthquake","title":"M 0.1 - 25 km N of Sutcliffe, Nevada"},"geometry":{"type":"Point","coordinates":[-119.6572,40.1759,10.1]},"id":"nn00830656"},
{"type":"Feature","properties":{"mag":2.1,"place":"15 km NNE of Hoehne, Colorado","time":1640320568437,"updated":1640412229040,"tz":null,"url":"https://earthquake.usgs.gov/earthquakes/eventpage/us6000gezg","detail":"https://earthquake.usgs.gov/earthquakes/feed/v1.0/detail/us6000gezg.geojson","felt":null,"cdi":null,"mmi":null,"alert":null,"status":"reviewed","tsunami":0,"sig":68,"net":"us","code":"6000gezg","ids":",us6000gezg,","sources":",us,","types":",origin,phase-data,","nst":null,"dmin":0.287,"rms":0.46,"gap":135,"magType":"ml","type":"earthquake","title":"M 2.1 - 15 km NNE of Hoehne, Colorado"},"geometry":{"type":"Point","coordinates":[-104.3336,37.4198,9.51]},"id":"us6000gezg"},
{"type":"Feature","properties":{"mag":0.5,"place":"23 km N of Sutcliffe, Nevada","time":1640320488999,"updated":1640804684291,"tz":null,"url":"https://earthquake.usgs.gov/earthquakes/eventpage/nn00830650","detail":"https://earthquake.usgs.gov/earthquakes/feed/v1.0/detail/nn00830650.geojson","felt":null,"cdi":null,"mmi":null,"alert":null,"status":"reviewed","tsunami":0,"sig":4,"net":"nn","code":"00830650","ids":",nn00830650,","sources":",nn,","types":",origin,phase-data,","nst":3,"dmin":0.08,"rms":0.014,"gap":244.12,"magType":"ml","type":"earthquake","title":"M 0.5 - 23 km N of Sutcliffe, Nevada"},"geometry":{"type":"Point","coordinates":[-119.6277,40.1652,6.6]},"id":"nn00830650"},
{"type":"Feature","properties":{"mag":1.1,"place":"21 km NNW of Sutcliffe, Nevada","time":1640320231712,"updated":1640804685305,"tz":null,"url":"https://earthquake.usgs.gov/earthquakes/eventpage/nn00830652","detail":"https://earthquake.usgs.gov/earthquakes/feed/v1.0/detail/nn00830652.geojson","felt":null,"cdi":null,"mmi":null,"alert":null,"status":"reviewed","tsunami":0,"sig":19,"net":"nn","code":"00830652","ids":",nn00830652,","sources":",nn,","types":",origin,phase-data,","nst":7,"dmin":0.066,"rms":0.1854,"gap":170.44,"magType":"ml","type":"earthquake","title":"M 1.1 - 21 km NNW of Sutcliffe, Nevada"},"geometry":{"type":"Point","coordinates":[-119.6536,40.1424,5.7]},"id":"nn00830652"},
{"type":"Feature","properties":{"mag":1.3,"place":"21 km N of Sutcliffe, Nevada","time":1640320215499,"updated":1640804498578,"tz":null,"url":"https://earthquake.usgs.gov/earthquakes/eventpage/nn00830640","detail":"https://earthquake.usgs.gov/earthquakes/feed/v1.0/detail/nn00830640.geojson","felt":null,"cdi":null,"mmi":null,"alert":null,"status":"reviewed","tsunami":0,"sig":26,"net":"nn","code":"00830640","ids":",nn00830640,","sources":",nn,","types":",origin,phase-data,","nst":9,"dmin":0.073,"rms":0.1852,"gap":175.09,"magType":"ml","type":"earthquake","title":"M 1.3 - 21 km N of Sutcliffe, Nevada"},"geometry":{"type":"Point","coordinates":[-119.6425,40.1447,5.4]},"id":"nn00830640"},
{"type":"Feature","properties":{"mag":2.7,"place":"34km W of Petrolia, CA","time":1640320198740,"updated":1640734931888,"tz":null,"url":"https://earthquake.usgs.gov/earthquakes/eventpage/nc73668226","detail":"https://earthquake.usgs.gov/earthquakes/feed/v1.0/detail/nc73668226.geojson","felt":1,"cdi":2.2,"mmi":null,"alert":null,"status":"reviewed","tsunami":0,"sig":112,"net":"nc","code":"73668226","ids":",nc73668226,","sources":",nc,","types":",dyfi,nearby-cities,origin,phase-data,scitech-link,","nst":16,"dmin":0.3076,"rms":0.19,"gap":247,"magType":"md","type":"earthquake","title":"M 2.7 - 34km W of Petrolia, CA"},"geometry":{"type":"Point","coordinates":[-124.6838333,40.3183333,23.38]},"id":"nc73668226"},
{"type":"Feature","properties":{"mag":0.4,"place":"23 km N of Sutcliffe, Nevada","time":1640319950229,"updated":1640803941166,"tz":null,"url":"https://earthquake.usgs.gov/earthquakes/eventpage/nn00830639","detail":"https://earthquake.usgs.gov/earthquakes/feed/v1.0/detail/nn00830639.geojson","felt":null,"cdi":null,"mmi":null,"alert":null,"status":"reviewed","tsunami":0,"sig":2,"net":"nn","code":"00830639","ids":",nn00830639,","sources":",nn,","types":",origin,phase-data,","nst":3,"dmin":0.079,"rms":0.0333,"gap":237.24,"magType":"ml","type":"earthquake","title":"M 0.4 - 23 km N of Sutcliffe, Nevada"},"geometry":{"type":"Point","coordinates":[-119.6299,40.1565,5.8]},"id":"nn00830639"},
{"type":"Feature","properties":{"mag":0.6,"place":"24 km N of Sutcliffe, Nevada","time":1640319644024,"updated":1640803755363,"tz":null,"url":"https://earthquake.usgs.gov/earthquakes/eventpage/nn00830632","detail":"https://earthquake.usgs.gov/earthquakes/feed/v1.0/detail/nn00830632.geojson","felt":null,"cdi":null,"mmi":null,"alert":null,"status":"reviewed","tsunami":0,"sig":6,"net":"nn","code":"00830632","ids":",nn00830632,","sources":",nn,","types":",origin,phase-data,","nst":4,"dmin":0.065,"rms":0.0971,"gap":244.39,"magType":"ml","type":"earthquake","title":"M 0.6 - 24 km N of Sutcliffe, Nevada"},"geometry":{"type":"Point","coordinates":[-119.6475,40.1681,9.5]},"id":"nn00830632"},
{"type":"Feature","properties":{"mag":1.73,"place":"4km WNW of The Geysers, CA","time":1640319489720,"updated":1640328311295,"tz":null,"url":"https://earthquake.usgs.gov/earthquakes/eventpage/nc73668221","detail":"https://earthquake.usgs.gov/earthquakes/feed/v1.0/detail/nc73668221.geojson","felt":null,"cdi":null,"mmi":null,"alert":null,"status":"automatic","tsunami":0,"sig":46,"net":"nc","code":"73668221","ids":",nc73668221,","sources":",nc,","types":",nearby-cities,origin,phase-data,scitech-link,","nst":10,"dmin":0.02287,"rms":0.09,"gap":105,"magType":"md","type":"earthquake","title":"M 1.7 - 4km WNW of The Geysers, CA"},"geometry":{"type":"Point","coordinates":[-122.8028336,38.7858315,3.3]},"id":"nc73668221"},
{"type":"Feature","properties":{"mag":0.2,"place":"23 km N of Sutcliffe, Nevada","time":1640319306718,"updated":1640803384840,"tz":null,"url":"https://earthquake.usgs.gov/earthquakes/eventpage/nn00830626","detail":"https://earthquake.usgs.gov/earthquakes/feed/v1.0/detail/nn00830626.geojson","felt":null,"cdi":null,"mmi":null,"alert":null,"status":"reviewed","tsunami":0,"sig":1,"net":"nn","code":"00830626","ids":",nn00830626,","sources":",nn,","types":",origin,phase-data,","nst":3,"dmin":0.072,"rms":0.0342,"gap":240.66,"magType":"ml","type":"earthquake","title":"M 0.2 - 23 km N of Sutcliffe, Nevada"},"geometry":{"type":"Point","coordinates":[-119.6389,40.1627,7.3]},"id":"nn00830626"},
{"type":"Feature","properties":{"mag":0.7,"place":"24 km N of Sutcliffe, Nevada","time":1640319077123,"updated":1640803199127,"tz":null,"url":"https://earthquake.usgs.gov/earthquakes/eventpage/nn00830625","detail":"https://earthquake.usgs.gov/earthquakes/feed/v1.0/detail/nn00830625.geojson","felt":null,"cdi":null,"mmi":null,"alert":null,"status":"reviewed","tsunami":0,"sig":8,"net":"nn","code":"00830625","ids":",nn00830625,","sources":",nn,","types":",origin,phase-data,","nst":4,"dmin":0.067,"rms":0.1506,"gap":191.2,"magType":"ml","type":"earthquake","title":"M 0.7 - 24 km N of Sutcliffe, Nevada"},"geometry":{"type":"Point","coordinates":[-119.6456,40.1642,9.1]},"id":"nn00830625"},
{"type":"Feature","properties":{"mag":0.5,"place":"23 km N of Sutcliffe, Nevada","time":1640319042443,"updated":1640803007863,"tz":null,"url":"https://earthquake.usgs.gov/earthquakes/eventpage/nn00830623","detail":"https://earthquake.usgs.gov/earthquakes/feed/v1.0/detail/nn00830623.geojson","felt":null,"cdi":null,"mmi":null,"alert":null,"status":"reviewed","tsunami":0,"sig":4,"net":"nn","code":"00830623","ids":",nn00830623,","sources":",nn,","types":",origin,phase-data,","nst":3,"dmin":0.075,"rms":0.0392,"gap":240.76,"magType":"ml","type":"earthquake","title":"M 0.5 - 23 km N of Sutcliffe, Nevada"},"geometry":{"type":"Point","coordinates":[-119.6353,40.1622,7.7]},"id":"nn00830623"},
{"type":"Feature","properties":{"mag":0.5,"place":"23 km N of Sutcliffe, Nevada","time":1640319021626,"updated":1640802821973,"tz":null,"url":"https://earthquake.usgs.gov/earthquakes/eventpage/nn00830622","detail":"https://earthquake.usgs.gov/earthquakes/feed/v1.0/detail/nn00830622.geojson","felt":null,"cdi":null,"mmi":null,"alert":null,"status":"reviewed","tsunami":0,"sig":4,"net":"nn","code":"00830622","ids":",nn00830622,","sources":",nn,","types":",origin,phase-data,","nst":4,"dmin":0.088,"rms":0.0286,"gap":190.15,"magType":"ml","type":"earthquake","title":"M 0.5 - 23 km N of Sutcliffe, Nevada"},"geometry":{"type":"Point","coordinates":[-119.6178,40.1605,6.3]},"id":"nn00830622"},
{"type":"Feature","properties":{"mag":0.3,"place":"23 km N of Sutcliffe, Nevada","time":1640318797017,"updated":1640803198816,"tz":null,"url":"https://earthquake.usgs.gov/earthquakes/eventpage/nn00830624","detail":"https://earthquake.usgs.gov/earthquakes/feed/v1.0/detail/nn00830624.geojson","felt":null,"cdi":null,"mmi":null,"alert":null,"status":"reviewed","tsunami":0,"sig":1,"net":"nn","code":"00830624","ids":",nn00830624,","sources":",nn,","types":",origin,phase-data,","nst":3,"dmin":0.085,"rms":0.0332,"gap":241.35,"magType":"ml","type":"earthquake","title":"M 0.3 - 23 km N of Sutcliffe, Nevada"},"geometry":{"type":"Point","coordinates":[-119.6225,40.1605,6.2]},"id":"nn00830624"},
{"type":"Feature","properties":{"mag":0.4,"place":"23 km N of Sutcliffe, Nevada","time":1640318760432,"updated":1640802821682,"tz":null,"url":"https://earthquake.usgs.gov/earthquakes/eventpage/nn00830620","detail":"https://earthquake.usgs.gov/earthquakes/feed/v1.0/detail/nn00830620.geojson","felt":null,"cdi":null,"mmi":null,"alert":null,"status":"reviewed","tsunami":0,"sig":2,"net":"nn","code":"00830620","ids":",nn00830620,","sources":",nn,","types":",origin,phase-data,","nst":3,"dmin":0.074,"rms":0.0413,"gap":236.44,"magType":"ml","type":"earthquake","title":"M 0.4 - 23 km N of Sutcliffe, Nevada"},"geometry":{"type":"Point","coordinates":[-119.6376,40.1573,7.2]},"id":"nn00830620"},
{"type":"Feature","properties":{"mag":0.9,"place":"21 km NNW of Sutcliffe, Nevada","time":1640318708746,"updated":1640802446026,"tz":null,"url":"https://earthquake.usgs.gov/earthquakes/eventpage/nn00830619","detail":"https://earthquake.usgs.gov/earthquakes/feed/v1.0/detail/nn00830619.geojson","felt":null,"cdi":null,"mmi":null,"alert":null,"status":"reviewed","tsunami":0,"sig":12,"net":"nn","code":"00830619","ids":",nn00830619,","sources":",nn,","types":",origin,phase-data,","nst":5,"dmin":0.065,"rms":0.1394,"gap":164.76,"magType":"ml","type":"earthquake","title":"M 0.9 - 21 km NNW of Sutcliffe, Nevada"},"geometry":{"type":"Point","coordinates":[-119.6593,40.1377,6.1]},"id":"nn00830619"},
{"type":"Feature","properties":{"mag":0.4,"place":"23 km N of Sutcliffe, Nevada","time":1640318468804,"updated":1640802445134,"tz":null,"url":"https://earthquake.usgs.gov/earthquakes/eventpage/nn00830618","detail":"https://earthquake.usgs.gov/earthquakes/feed/v1.0/detail/nn00830618.geojson","felt":null,"cdi":null,"mmi":null,"alert":null,"status":"reviewed","tsunami":0,"sig":2,"net":"nn","code":"00830618","ids":",nn00830618,","sources":",nn,","types":",origin,phase-data,","nst":3,"dmin":0.081,"rms":0.0156,"gap":240.37,"magType":"ml","type":"earthquake","title":"M 0.4 - 23 km N of Sutcliffe, Nevada"},"geometry":{"type":"Point","coordinates":[-119.6273,40.1601,5.8]},"id":"nn00830618"},
{"type":"Feature","properties":{"mag":3.3,"place":"22 km N of Sutcliffe, Nevada","time":1640318326343,"updated":1640800603567,"tz":null,"url":"https://earthquake.usgs.gov/earthquakes/eventpage/nn00830439","detail":"https://earthquake.usgs.gov/earthquakes/feed/v1.0/detail/nn00830439.geojson","felt":5,"cdi":2.2,"mmi":null,"alert":null,"status":"reviewed","tsunami":0,"sig":169,"net":"nn","code":"00830439","ids":",nn00830439,us6000geza,","sources":",nn,us,","types":",dyfi,origin,phase-data,","nst":29,"dmin":0.083,"rms":0.1696,"gap":62.8,"magType":"ml","type":"earthquake","title":"M 3.3 - 22 km N of Sutcliffe, Nevada"},"geometry":{"type":"Point","coordinates":[-119.6266,40.1506,5.1]},"id":"nn00830439"},
{"type":"Feature","properties":{"mag":1.35,"place":"8km ENE of Moreno Valley, CA","time":1640318173830,"updated":1640318820260,"tz":null,"url":"https://earthquake.usgs.gov/earthquakes/eventpage/ci39895471","detail":"https://earthquake.usgs.gov/earthquakes/feed/v1.0/detail/ci39895471.geojson","felt":null,"cdi":null,"mmi":null,"alert":null,"status":"automatic","tsunami":0,"sig":28,"net":"ci","code":"39895471","ids":",ci39895471,","sources":",ci,","types":",focal-mechanism,nearby-cities,origin,phase-data,scitech-link,","nst":38,"dmin":0.07969,"rms":0.2,"gap":63,"magType":"ml","type":"earthquake","title":"M 1.4 - 8km ENE of Moreno Valley, CA"},"geometry":{"type":"Point","coordinates":[-117.1568333,33.9646667,17.23]},"id":"ci39895471"},
{"type":"Feature","properties":{"mag":2.1,"place":"30 km SSE of Mina, Nevada","time":1640317403572,"updated":1640726634311,"tz":null,"url":"https://earthquake.usgs.gov/earthquakes/eventpage/nn00830436","detail":"https://earthquake.usgs.gov/earthquakes/feed/v1.0/detail/nn00830436.geojson","felt":null,"cdi":null,"mmi":null,"alert":null,"status":"reviewed","tsunami":0,"sig":68,"net":"nn","code":"00830436","ids":",nn00830436,","sources":",nn,","types":",origin,phase-data,","nst":22,"dmin":0.027,"rms":0.129,"gap":105.02,"magType":"ml","type":"earthquake","title":"M 2.1 - 30 km SSE of Mina, Nevada"},"geometry":{"type":"Point","coordinates":[-117.931,38.1539,11.2]},"id":"nn00830436"},
{"type":"Feature","properties":{"mag":1.3,"place":"2 km S of Coleville, California","time":1640316956230,"updated":1640796086454,"tz":null,"url":"https://earthquake.usgs.gov/earthquakes/eventpage/nn00830434","detail":"https://earthquake.usgs.gov/earthquakes/feed/v1.0/detail/nn00830434.geojson","felt":null,"cdi":null,"mmi":null,"alert":null,"status":"reviewed","tsunami":0,"sig":26,"net":"nn","code":"00830434","ids":",nn00830434,","sources":",nn,","types":",origin,phase-data,","nst":17,"dmin":0.04,"rms":0.14,"gap":68.93,"magType":"ml","type":"earthquake","title":"M 1.3 - 2 km S of Coleville, California"},"geometry":{"type":"Point","coordinates":[-119.5091,38.5471,8.8]},"id":"nn00830434"},
{"type":"Feature","properties":{"mag":2.17,"place":"7 km SE of Indios, Puerto Rico","time":1640316861630,"updated":1640318873504,"tz":null,"url":"https://earthquake.usgs.gov/earthquakes/eventpage/pr2021358000","detail":"https://earthquake.usgs.gov/earthquakes/feed/v1.0/detail/pr2021358000.geojson","felt":null,"cdi":null,"mmi":null,"alert":null,"status":"reviewed","tsunami":0,"sig":72,"net":"pr","code":"2021358000","ids":",pr2021358000,","sources":",pr,","types":",origin,phase-data,","nst":10,"dmin":0.1121,"rms":0.1,"gap":214,"magType":"md","type":"earthquake","title":"M 2.2 - 7 km SE of Indios, Puerto Rico"},"geometry":{"type":"Point","coordinates":[-66.7693,17.9528,10]},"id":"pr2021358000"},
{"type":"Feature","properties":{"mag":1.84,"place":"9km NNW of Redwood Valley, CA","time":1640314866180,"updated":1640772192675,"tz":null,"url":"https://earthquake.usgs.gov/earthquakes/eventpage/nc73668201","detail":"https://earthquake.usgs.gov/earthquakes/feed/v1.0/detail/nc73668201.geojson","felt":null,"cdi":null,"mmi":null,"alert":null,"status":"reviewed","tsunami":0,"sig":52,"net":"nc","code":"73668201","ids":",nc73668201,","sources":",nc,","types":",nearby-cities,origin,phase-data,scitech-link,","nst":26,"dmin":0.05145,"rms":0.08,"gap":62,"magType":"md","type":"earthquake","title":"M 1.8 - 9km NNW of Redwood Valley, CA"},"geometry":{"type":"Point","coordinates":[-123.2366667,39.3463333,7.21]},"id":"nc73668201"},
{"type":"Feature","properties":{"mag":2.45,"place":"13km SW of Petrolia, CA","time":1640314415630,"updated":1640802556360,"tz":null,"url":"https://earthquake.usgs.gov/earthquakes/eventpage/nc73668196","detail":"https://earthquake.usgs.gov/earthquakes/feed/v1.0/detail/nc73668196.geojson","felt":null,"cdi":null,"mmi":null,"alert":null,"status":"reviewed","tsunami":0,"sig":92,"net":"nc","code":"73668196","ids":",nc73668196,","sources":",nc,","types":",nearby-cities,origin,phase-data,scitech-link,","nst":24,"dmin":0.1125,"rms":0.1,"gap":224,"magType":"md","type":"earthquake","title":"M 2.5 - 13km SW of Petrolia, CA"},"geometry":{"type":"Point","coordinates":[-124.413,40.2566667,20]},"id":"nc73668196"},
{"type":"Feature","properties":{"mag":1.1,"place":"34 km SE of Mina, Nevada","time":1640314385626,"updated":1640727560011,"tz":null,"url":"https://earthquake.usgs.gov/earthquakes/eventpage/nn00830433","detail":"https://earthquake.usgs.gov/earthquakes/feed/v1.0/detail/nn00830433.geojson","felt":null,"cdi":null,"mmi":null,"alert":null,"status":"reviewed","tsunami":0,"sig":19,"net":"nn","code":"00830433","ids":",nn00830433,","sources":",nn,","types":",origin,phase-data,","nst":17,"dmin":0.071,"rms":0.1626,"gap":108.51,"magType":"ml","type":"earthquake","title":"M 1.1 - 34 km SE of Mina, Nevada"},"geometry":{"type":"Point","coordinates":[-117.8696,38.1419,9.7]},"id":"nn00830433"},
{"type":"Feature","properties":{"mag":1.3,"place":"56 km WNW of Nikiski, Alaska","time":1640314012228,"updated":1640332973011,"tz":null,"url":"https://earthquake.usgs.gov/earthquakes/eventpage/ak021gg3v340","detail":"https://earthquake.usgs.gov/earthquakes/feed/v1.0/detail/ak021gg3v340.geojson","felt":null,"cdi":null,"mmi":null,"alert":null,"status":"reviewed","tsunami":0,"sig":26,"net":"ak","code":"021gg3v340","ids":",ak021gg3v340,","sources":",ak,","types":",origin,phase-data,","nst":null,"dmin":null,"rms":0.36,"gap":null,"magType":"ml","type":"earthquake","title":"M 1.3 - 56 km WNW of Nikiski, Alaska"},"geometry":{"type":"Point","coordinates":[-152.2912,60.8247,91.4]},"id":"ak021gg3v340"},
{"type":"Feature","properties":{"mag":1.4,"place":"86 km SSE of Kokhanok, Alaska","time":1640313592119,"updated":1640318131890,"tz":null,"url":"https://earthquake.usgs.gov/earthquakes/eventpage/ak021gg3tky3","detail":"https://earthquake.usgs.gov/earthquakes/feed/v1.0/detail/ak021gg3tky3.geojson","felt":null,"cdi":null,"mmi":null,"alert":null,"status":"automatic","tsunami":0,"sig":30,"net":"ak","code":"021gg3tky3","ids":",av91450476,ak021gg3tky3,","sources":",av,ak,","types":",origin,phase-data,","nst":null,"dmin":null,"rms":1.11,"gap":null,"magType":"ml","type":"earthquake","title":"M 1.4 - 86 km SSE of Kokhanok, Alaska"},"geometry":{"type":"Point","coordinates":[-154.1065,58.7472,8]},"id":"ak021gg3tky3"},
{"type":"Feature","properties":{"mag":1.7,"place":"75 km WNW of Petersville, Alaska","time":1640313559693,"updated":1640313868776,"tz":null,"url":"https://earthquake.usgs.gov/earthquakes/eventpage/ak021gg3tibh","detail":"https://earthquake.usgs.gov/earthquakes/feed/v1.0/detail/ak021gg3tibh.geojson","felt":null,"cdi":null,"mmi":null,"alert":null,"status":"automatic","tsunami":0,"sig":44,"net":"ak","code":"021gg3tibh","ids":",ak021gg3tibh,","sources":",ak,","types":",origin,","nst":null,"dmin":null,"rms":0.98,"gap":null,"magType":"ml","type":"earthquake","title":"M 1.7 - 75 km WNW of Petersville, Alaska"},"geometry":{"type":"Point","coordinates":[-152.1837,62.6783,0]},"id":"ak021gg3tibh"},
{"type":"Feature","properties":{"mag":4.1,"place":"26 km NNE of Van, Turkey","time":1640312801042,"updated":1640315933040,"tz":null,"url":"https://earthquake.usgs.gov/earthquakes/eventpage/us6000gez1","detail":"https://earthquake.usgs.gov/earthquakes/feed/v1.0/detail/us6000gez1.geojson","felt":null,"cdi":null,"mmi":null,"alert":null,"status":"reviewed","tsunami":0,"sig":259,"net":"us","code":"6000gez1","ids":",us6000gez1,","sources":",us,","types":",origin,phase-data,","nst":null,"dmin":0.512,"rms":1.33,"gap":131,"magType":"mb","type":"earthquake","title":"M 4.1 - 26 km NNE of Van, Turkey"},"geometry":{"type":"Point","coordinates":[43.4451,38.7261,10]},"id":"us6000gez1"},
{"type":"Feature","properties":{"mag":1.52,"place":"126 km W of Adak, Alaska","time":1640312662970,"updated":1640317955230,"tz":null,"url":"https://earthquake.usgs.gov/earthquakes/eventpage/av91450471","detail":"https://earthquake.usgs.gov/earthquakes/feed/v1.0/detail/av91450471.geojson","felt":null,"cdi":null,"mmi":null,"alert":null,"status":"reviewed","tsunami":0,"sig":36,"net":"av","code":"91450471","ids":",av91450471,","sources":",av,","types":",origin,phase-data,","nst":7,"dmin":null,"rms":0.14,"gap":206,"magType":"ml","type":"earthquake","title":"M 1.5 - 126 km W of Adak, Alaska"},"geometry":{"type":"Point","coordinates":[-178.472666666667,51.9083333333333,10.43]},"id":"av91450471"},
{"type":"Feature","properties":{"mag":1.5,"place":"56 km N of Petersville, Alaska","time":1640312264584,"updated":1640313768168,"tz":null,"url":"https://earthquake.usgs.gov/earthquakes/eventpage/ak021gg3ouoa","detail":"https://earthquake.usgs.gov/earthquakes/feed/v1.0/detail/ak021gg3ouoa.geojson","felt":null,"cdi":null,"mmi":null,"alert":null,"status":"automatic","tsunami":0,"sig":35,"net":"ak","code":"021gg3ouoa","ids":",ak021gg3ouoa,","sources":",ak,","types":",origin,","nst":null,"dmin":null,"rms":0.39,"gap":null,"magType":"ml","type":"earthquake","title":"M 1.5 - 56 km N of Petersville, Alaska"},"geometry":{"type":"Point","coordinates":[-150.8072,63.0053,128.1]},"id":"ak021gg3ouoa"},
{"type":"Feature","properties":{"mag":2.37,"place":"3 km SW of Honaunau-Napoopoo, Hawaii","time":1640311827930,"updated":1640314693500,"tz":null,"url":"https://earthquake.usgs.gov/earthquakes/eventpage/hv72844537","detail":"https://earthquake.usgs.gov/earthquakes/feed/v1.0/detail/hv72844537.geojson","felt":null,"cdi":null,"mmi":null,"alert":null,"status":"reviewed","tsunami":0,"sig":86,"net":"hv","code":"72844537","ids":",hv72844537,","sources":",hv,","types":",origin,phase-data,","nst":36,"dmin":null,"rms":0.15,"gap":157,"magType":"ml","type":"earthquake","title":"M 2.4 - 3 km SW of Honaunau-Napoopoo, Hawaii"},"geometry":{"type":"Point","coordinates":[-155.887166666667,19.4346666666667,8.64]},"id":"hv72844537"},
{"type":"Feature","properties":{"mag":1.1,"place":"4 km N of Walker Lake, Nevada","time":1640311628515,"updated":1640813034997,"tz":null,"url":"https://earthquake.usgs.gov/earthquakes/eventpage/nn00830684","detail":"https://earthquake.usgs.gov/earthquakes/feed/v1.0/detail/nn00830684.geojson","felt":null,"cdi":null,"mmi":null,"alert":null,"status":"reviewed","tsunami":0,"sig":19,"net":"nn","code":"00830684","ids":",nn00830684,","sources":",nn,","types":",origin,phase-data,","nst":14,"dmin":0.42,"rms":0.1454,"gap":95.85,"magType":"ml","type":"earthquake","title":"M 1.1 - 4 km N of Walker Lake, Nevada"},"geometry":{"type":"Point","coordinates":[-118.7648,38.6892,8]},"id":"nn00830684"},
{"type":"Feature","properties":{"mag":2.23,"place":"3 km SW of Honaunau-Napoopoo, Hawaii","time":1640311488210,"updated":1640313764330,"tz":null,"url":"https://earthquake.usgs.gov/earthquakes/eventpage/hv72844522","detail":"https://earthquake.usgs.gov/earthquakes/feed/v1.0/detail/hv72844522.geojson","felt":null,"cdi":null,"mmi":null,"alert":null,"status":"reviewed","tsunami":0,"sig":77,"net":"hv","code":"72844522","ids":",hv72844522,","sources":",hv,","types":",origin,phase-data,","nst":27,"dmin":null,"rms":0.14,"gap":157,"magType":"md","type":"earthquake","title":"M 2.2 - 3 km SW of Honaunau-Napoopoo, Hawaii"},"geometry":{"type":"Point","coordinates":[-155.887333333333,19.4381666666667,7.94]},"id":"hv72844522"},
{"type":"Feature","properties":{"mag":1.7,"place":"Nevada","time":1640311466336,"updated":1640812479445,"tz":null,"url":"https://earthquake.usgs.gov/earthquakes/eventpage/nn00830683","detail":"https://earthquake.usgs.gov/earthquakes/feed/v1.0/detail/nn00830683.geojson","felt":null,"cdi":null,"mmi":null,"alert":null,"status":"reviewed","tsunami":0,"sig":44,"net":"nn","code":"00830683","ids":",nn00830683,","sources":",nn,","types":",origin,phase-data,","nst":17,"dmin":0.094,"rms":0.1214,"gap":114.97,"magType":"ml","type":"earthquake","title":"M 1.7 - Nevada"},"geometry":{"type":"Point","coordinates":[-117.8572,38.188,8.3]},"id":"nn00830683"},
{"type":"Feature","properties":{"mag":4.4,"place":"2 km WSW of Lefkáda, Greece","time":1640310941013,"updated":1640312496040,"tz":null,"url":"https://earthquake.usgs.gov/earthquakes/eventpage/us6000geyt","detail":"https://earthquake.usgs.gov/earthquakes/feed/v1.0/detail/us6000geyt.geojson","felt":null,"cdi":null,"mmi":null,"alert":null,"status":"reviewed","tsunami":0,"sig":298,"net":"us","code":"6000geyt","ids":",us6000geyt,","sources":",us,","types":",origin,phase-data,","nst":null,"dmin":1.174,"rms":1.09,"gap":119,"magType":"mb","type":"earthquake","title":"M 4.4 - 2 km WSW of Lefkáda, Greece"},"geometry":{"type":"Point","coordinates":[20.6719,38.8253,35]},"id":"us6000geyt"},
{"type":"Feature","properties":{"mag":-0.11,"place":"86 km NNW of Karluk, Alaska","time":1640310919720,"updated":1640313262830,"tz":null,"url":"https://earthquake.usgs.gov/earthquakes/eventpage/av91450436","detail":"https://earthquake.usgs.gov/earthquakes/feed/v1.0/detail/av91450436.geojson","felt":null,"cdi":null,"mmi":null,"alert":null,"status":"reviewed","tsunami":0,"sig":0,"net":"av","code":"91450436","ids":",av91450436,","sources":",av,","types":",origin,phase-data,","nst":7,"dmin":null,"rms":0.11,"gap":152,"magType":"ml","type":"earthquake","title":"M -0.1 - 86 km NNW of Karluk, Alaska"},"geometry":{"type":"Point","coordinates":[-154.969333333333,58.2953333333333,3.05]},"id":"av91450436"},
{"type":"Feature","properties":{"mag":5.1,"place":"Pacific-Antarctic Ridge","time":1640310082639,"updated":1640311250040,"tz":null,"url":"https://earthquake.usgs.gov/earthquakes/eventpage/us6000geys","detail":"https://earthquake.usgs.gov/earthquakes/feed/v1.0/detail/us6000geys.geojson","felt":null,"cdi":null,"mmi":null,"alert":null,"status":"reviewed","tsunami":0,"sig":400,"net":"us","code":"6000geys","ids":",us6000geys,","sources":",us,","types":",origin,phase-data,","nst":null,"dmin":31.73,"rms":0.6,"gap":106,"magType":"mb","type":"earthquake","title":"M 5.1 - Pacific-Antarctic Ridge"},"geometry":{"type":"Point","coordinates":[-136.6458,-54.1699,10]},"id":"us6000geys"},
{"type":"Feature","properties":{"mag":2.62,"place":"49km W of Petrolia, CA","time":1640309665950,"updated":1640325912204,"tz":null,"url":"https://earthquake.usgs.gov/earthquakes/eventpage/nc73668181","detail":"https://earthquake.usgs.gov/earthquakes/feed/v1.0/detail/nc73668181.geojson","felt":null,"cdi":null,"mmi":null,"alert":null,"status":"reviewed","tsunami":0,"sig":106,"net":"nc","code":"73668181","ids":",nc73668181,us6000gezc,","sources":",nc,us,","types":",nearby-cities,origin,phase-data,scitech-link,","nst":32,"dmin":0.4316,"rms":0.23,"gap":245,"magType":"md","type":"earthquake","title":"M 2.6 - 49km W of Petrolia, CA"},"geometry":{"type":"Point","coordinates":[-124.8661667,40.3228333,2.46]},"id":"nc73668181"},
{"type":"Feature","properties":{"mag":4.4,"place":"12 km WSW of Rodotópi, Greece","time":1640308632879,"updated":1640309817040,"tz":null,"url":"https://earthquake.usgs.gov/earthquakes/eventpage/us6000geyk","detail":"https://earthquake.usgs.gov/earthquakes/feed/v1.0/detail/us6000geyk.geojson","felt":null,"cdi":null,"mmi":null,"alert":null,"status":"reviewed","tsunami":0,"sig":298,"net":"us","code":"6000geyk","ids":",us6000geyk,","sources":",us,","types":",origin,phase-data,","nst":null,"dmin":0.491,"rms":1.2,"gap":76,"magType":"mb","type":"earthquake","title":"M 4.4 - 12 km WSW of Rodotópi, Greece"},"geometry":{"type":"Point","coordinates":[20.5854,39.6849,10]},"id":"us6000geyk"},
{"type":"Feature","properties":{"mag":1.7,"place":"43 km WNW of Skwentna, Alaska","time":1640308621551,"updated":1640309109909,"tz":null,"url":"https://earthquake.usgs.gov/earthquakes/eventpage/ak021gg33boz","detail":"https://earthquake.usgs.gov/earthquakes/feed/v1.0/detail/ak021gg33boz.geojson","felt":null,"cdi":null,"mmi":null,"alert":null,"status":"automatic","tsunami":0,"sig":44,"net":"ak","code":"021gg33boz","ids":",ak021gg33boz,","sources":",ak,","types":",origin,","nst":null,"dmin":null,"rms":0.36,"gap":null,"magType":"ml","type":"earthquake","title":"M 1.7 - 43 km WNW of Skwentna, Alaska"},"geometry":{"type":"Point","coordinates":[-152.1397,62.1764,100.5]},"id":"ak021gg33boz"},
{"type":"Feature","properties":{"mag":1.5,"place":"52 km W of Anchor Point, Alaska","time":1640307223192,"updated":1640307677075,"tz":null,"url":"https://earthquake.usgs.gov/earthquakes/eventpage/ak021gg2pp56","detail":"https://earthquake.usgs.gov/earthquakes/feed/v1.0/detail/ak021gg2pp56.geojson","felt":null,"cdi":null,"mmi":null,"alert":null,"status":"automatic","tsunami":0,"sig":35,"net":"ak","code":"021gg2pp56","ids":",ak021gg2pp56,","sources":",ak,","types":",origin,","nst":null,"dmin":null,"rms":0.5,"gap":null,"magType":"ml","type":"earthquake","title":"M 1.5 - 52 km W of Anchor Point, Alaska"},"geometry":{"type":"Point","coordinates":[-152.752,59.8393,80]},"id":"ak021gg2pp56"},
{"type":"Feature","properties":{"mag":4.4,"place":"78 km SSW of Jiquilillo, Nicaragua","time":1640307026035,"updated":1640311489040,"tz":null,"url":"https://earthquake.usgs.gov/earthquakes/eventpage/us6000geyi","detail":"https://earthquake.usgs.gov/earthquakes/feed/v1.0/detail/us6000geyi.geojson","felt":null,"cdi":null,"mmi":null,"alert":null,"status":"reviewed","tsunami":0,"sig":298,"net":"us","code":"6000geyi","ids":",us6000geyi,","sources":",us,","types":",origin,phase-data,","nst":null,"dmin":0.966,"rms":0.44,"gap":169,"magType":"mb","type":"earthquake","title":"M 4.4 - 78 km SSW of Jiquilillo, Nicaragua"},"geometry":{"type":"Point","coordinates":[-87.8389,12.1501,32.73]},"id":"us6000geyi"},
{"type":"Feature","properties":{"mag":4.7,"place":"170 km SE of Khovd, Mongolia","time":1640306931805,"updated":1640307876040,"tz":null,"url":"https://earthquake.usgs.gov/earthquakes/eventpage/us6000geyb","detail":"https://earthquake.usgs.gov/earthquakes/feed/v1.0/detail/us6000geyb.geojson","felt":null,"cdi":null,"mmi":null,"alert":null,"status":"reviewed","tsunami":0,"sig":340,"net":"us","code":"6000geyb","ids":",us6000geyb,","sources":",us,","types":",origin,phase-data,","nst":null,"dmin":7.392,"rms":0.71,"gap":62,"magType":"mb","type":"earthquake","title":"M 4.7 - 170 km SE of Khovd, Mongolia"},"geometry":{"type":"Point","coordinates":[93.0604,46.8138,10]},"id":"us6000geyb"},
{"type":"Feature","properties":{"mag":4.3,"place":"Banda Sea","time":1640306770271,"updated":1640308645040,"tz":null,"url":"https://earthquake.usgs.gov/earthquakes/eventpage/us6000gey9","detail":"https://earthquake.usgs.gov/earthquakes/feed/v1.0/detail/us6000gey9.geojson","felt":null,"cdi":null,"mmi":null,"alert":null,"status":"reviewed","tsunami":0,"sig":284,"net":"us","code":"6000gey9","ids":",us6000gey9,","sources":",us,","types":",origin,phase-data,","nst":null,"dmin":2.013,"rms":0.81,"gap":92,"magType":"mb","type":"earthquake","title":"M 4.3 - Banda Sea"},"geometry":{"type":"Point","coordinates":[129.9683,-6.4529,142.37]},"id":"us6000gey9"},
{"type":"Feature","properties":{"mag":1.61,"place":"9km ESE of Coso Junction, CA","time":1640305981580,"updated":1640364458070,"tz":null,"url":"https://earthquake.usgs.gov/earthquakes/eventpage/ci39895407","detail":"https://earthquake.usgs.gov/earthquakes/feed/v1.0/detail/ci39895407.geojson","felt":null,"cdi":null,"mmi":null,"alert":null,"status":"reviewed","tsunami":0,"sig":40,"net":"ci","code":"39895407","ids":",ci39895407,","sources":",ci,","types":",focal-mechanism,nearby-cities,origin,phase-data,scitech-link,","nst":19,"dmin":0.03779,"rms":0.12,"gap":90,"magType":"ml","type":"earthquake","title":"M 1.6 - 9km ESE of Coso Junction, CA"},"geometry":{"type":"Point","coordinates":[-117.8478333,36.0231667,2.59]},"id":"ci39895407"},
{"type":"Feature","properties":{"mag":1.92999995,"place":"Island of Hawaii, Hawaii","time":1640305940360,"updated":1640306134830,"tz":null,"url":"https://earthquake.usgs.gov/earthquakes/eventpage/hv72844452","detail":"https://earthquake.usgs.gov/earthquakes/feed/v1.0/detail/hv72844452.geojson","felt":null,"cdi":null,"mmi":null,"alert":null,"status":"automatic","tsunami":0,"sig":57,"net":"hv","code":"72844452","ids":",hv72844452,","sources":",hv,","types":",origin,phase-data,","nst":25,"dmin":null,"rms":0.100000001,"gap":138,"magType":"md","type":"earthquake","title":"M 1.9 - Island of Hawaii, Hawaii"},"geometry":{"type":"Point","coordinates":[-155.4375,19.2220001220703,35.3400001525879]},"id":"hv72844452"},
{"type":"Feature","properties":{"mag":0.8,"place":"2 km SSW of Topaz Lake, Nevada","time":1640305663498,"updated":1640812292367,"tz":null,"url":"https://earthquake.usgs.gov/earthquakes/eventpage/nn00830682","detail":"https://earthquake.usgs.gov/earthquakes/feed/v1.0/detail/nn00830682.geojson","felt":null,"cdi":null,"mmi":null,"alert":null,"status":"reviewed","tsunami":0,"sig":10,"net":"nn","code":"00830682","ids":",nn00830682,","sources":",nn,","types":",origin,phase-data,","nst":8,"dmin":0.091,"rms":0.1417,"gap":102.67,"magType":"ml","type":"earthquake","title":"M 0.8 - 2 km SSW of Topaz Lake, Nevada"},"geometry":{"type":"Point","coordinates":[-119.5509,38.673,10.1]},"id":"nn00830682"},
{"type":"Feature","properties":{"mag":2.59,"place":"6km NNW of Petrolia, CA","time":1640304889590,"updated":1640730971383,"tz":null,"url":"https://earthquake.usgs.gov/earthquakes/eventpage/nc73668161","detail":"https://earthquake.usgs.gov/earthquakes/feed/v1.0/detail/nc73668161.geojson","felt":null,"cdi":null,"mmi":null,"alert":null,"status":"reviewed","tsunami":0,"sig":103,"net":"nc","code":"73668161","ids":",nc73668161,us6000gey2,","sources":",nc,us,","types":",nearby-cities,origin,phase-data,scitech-link,","nst":23,"dmin":0.1008,"rms":0.18,"gap":191,"magType":"md","type":"earthquake","title":"M 2.6 - 6km NNW of Petrolia, CA"},"geometry":{"type":"Point","coordinates":[-124.3176667,40.3758333,28.53]},"id":"nc73668161"},
{"type":"Feature","properties":{"mag":0.98,"place":"10km ESE of Coso Junction, CA","time":1640304570470,"updated":1640364417169,"tz":null,"url":"https://earthquake.usgs.gov/earthquakes/eventpage/ci39895383","detail":"https://earthquake.usgs.gov/earthquakes/feed/v1.0/detail/ci39895383.geojson","felt":null,"cdi":null,"mmi":null,"alert":null,"status":"reviewed","tsunami":0,"sig":15,"net":"ci","code":"39895383","ids":",ci39895383,","sources":",ci,","types":",nearby-cities,origin,phase-data,scitech-link,","nst":9,"dmin":0.03772,"rms":0.06,"gap":107,"magType":"ml","type":"earthquake","title":"M 1.0 - 10km ESE of Coso Junction, CA"},"geometry":{"type":"Point","coordinates":[-117.8468333,36.021,3.53]},"id":"ci39895383"},
{"type":"Feature","properties":{"mag":1.7,"place":"17 km SW of Trapper Creek, Alaska","time":1640304399174,"updated":1640306654881,"tz":null,"url":"https://earthquake.usgs.gov/earthquakes/eventpage/ak021gg2fm3y","detail":"https://earthquake.usgs.gov/earthquakes/feed/v1.0/detail/ak021gg2fm3y.geojson","felt":null,"cdi":null,"mmi":null,"alert":null,"status":"automatic","tsunami":0,"sig":44,"net":"ak","code":"021gg2fm3y","ids":",ak021gg2fm3y,","sources":",ak,","types":",origin,","nst":null,"dmin":null,"rms":0.56,"gap":null,"magType":"ml","type":"earthquake","title":"M 1.7 - 17 km SW of Trapper Creek, Alaska"},"geometry":{"type":"Point","coordinates":[-150.4557,62.1937,16.5]},"id":"ak021gg2fm3y"},
{"type":"Feature","properties":{"mag":1.6,"place":"50 km ENE of Pedro Bay, Alaska","time":1640304178315,"updated":1640332451830,"tz":null,"url":"https://earthquake.usgs.gov/earthquakes/eventpage/ak021gg2ewcn","detail":"https://earthquake.usgs.gov/earthquakes/feed/v1.0/detail/ak021gg2ewcn.geojson","felt":null,"cdi":null,"mmi":null,"alert":null,"status":"reviewed","tsunami":0,"sig":39,"net":"ak","code":"021gg2ewcn","ids":",ak021gg2ewcn,","sources":",ak,","types":",origin,phase-data,","nst":null,"dmin":null,"rms":0.78,"gap":null,"magType":"ml","type":"earthquake","title":"M 1.6 - 50 km ENE of Pedro Bay, Alaska"},"geometry":{"type":"Point","coordinates":[-153.3358,60.0244,119.3]},"id":"ak021gg2ewcn"},
{"type":"Feature","properties":{"mag":0.57,"place":"88 km W of Adak, Alaska","time":1640304056710,"updated":1640307591380,"tz":null,"url":"https://earthquake.usgs.gov/earthquakes/eventpage/av91450376","detail":"https://earthquake.usgs.gov/earthquakes/feed/v1.0/detail/av91450376.geojson","felt":null,"cdi":null,"mmi":null,"alert":null,"status":"reviewed","tsunami":0,"sig":5,"net":"av","code":"91450376","ids":",av91450376,","sources":",av,","types":",origin,phase-data,","nst":5,"dmin":null,"rms":0.1,"gap":159,"magType":"ml","type":"earthquake","title":"M 0.6 - 88 km W of Adak, Alaska"},"geometry":{"type":"Point","coordinates":[-177.912166666667,51.8471666666667,3.91]},"id":"av91450376"},
{"type":"Feature","properties":{"mag":1.84,"place":"10km WSW of Atascadero, CA","time":1640303546650,"updated":1640308870371,"tz":null,"url":"https://earthquake.usgs.gov/earthquakes/eventpage/nc73668156","detail":"https://earthquake.usgs.gov/earthquakes/feed/v1.0/detail/nc73668156.geojson","felt":null,"cdi":null,"mmi":null,"alert":null,"status":"automatic","tsunami":0,"sig":52,"net":"nc","code":"73668156","ids":",nc73668156,","sources":",nc,","types":",nearby-cities,origin,phase-data,scitech-link,","nst":13,"dmin":0.08962,"rms":0.07,"gap":78,"magType":"md","type":"earthquake","title":"M 1.8 - 10km WSW of Atascadero, CA"},"geometry":{"type":"Point","coordinates":[-120.7718353,35.4594994,5.35]},"id":"nc73668156"},
{"type":"Feature","properties":{"mag":1.2,"place":"14 km W of Tyonek, Alaska","time":1640303452827,"updated":1640303608771,"tz":null,"url":"https://earthquake.usgs.gov/earthquakes/eventpage/ak021gesup36","detail":"https://earthquake.usgs.gov/earthquakes/feed/v1.0/detail/ak021gesup36.geojson","felt":null,"cdi":null,"mmi":null,"alert":null,"status":"automatic","tsunami":0,"sig":22,"net":"ak","code":"021gesup36","ids":",ak021gesup36,","sources":",ak,","types":",origin,","nst":null,"dmin":null,"rms":0.27,"gap":null,"magType":"ml","type":"earthquake","title":"M 1.2 - 14 km W of Tyonek, Alaska"},"geometry":{"type":"Point","coordinates":[-151.4046,61.0565,69.7]},"id":"ak021gesup36"},
{"type":"Feature","properties":{"mag":0.54,"place":"109 km W of Adak, Alaska","time":1640303149210,"updated":1640307320310,"tz":null,"url":"https://earthquake.usgs.gov/earthquakes/eventpage/av91450361","detail":"https://earthquake.usgs.gov/earthquakes/feed/v1.0/detail/av91450361.geojson","felt":null,"cdi":null,"mmi":null,"alert":null,"status":"reviewed","tsunami":0,"sig":4,"net":"av","code":"91450361","ids":",av91450361,","sources":",av,","types":",origin,phase-data,","nst":5,"dmin":null,"rms":0.29,"gap":289,"magType":"ml","type":"earthquake","title":"M 0.5 - 109 km W of Adak, Alaska"},"geometry":{"type":"Point","coordinates":[-178.224666666667,51.8478333333333,23.38]},"id":"av91450361"},
{"type":"Feature","properties":{"mag":2.16,"place":"11km WSW of Squaw Valley, CA","time":1640302784640,"updated":1640314090832,"tz":null,"url":"https://earthquake.usgs.gov/earthquakes/eventpage/nc73668146","detail":"https://earthquake.usgs.gov/earthquakes/feed/v1.0/detail/nc73668146.geojson","felt":null,"cdi":null,"mmi":null,"alert":null,"status":"reviewed","tsunami":0,"sig":72,"net":"nc","code":"73668146","ids":",nc73668146,","sources":",nc,","types":",nearby-cities,origin,phase-data,scitech-link,","nst":7,"dmin":0.1632,"rms":0.14,"gap":162,"magType":"md","type":"earthquake","title":"M 2.2 - 11km WSW of Squaw Valley, CA"},"geometry":{"type":"Point","coordinates":[-119.3668333,36.718,19.2]},"id":"nc73668146"},
{"type":"Feature","properties":{"mag":2.6,"place":"7 km E of Pāhala, Hawaii","time":1640302507980,"updated":1640303605740,"tz":null,"url":"https://earthquake.usgs.gov/earthquakes/eventpage/hv72844407","detail":"https://earthquake.usgs.gov/earthquakes/feed/v1.0/detail/hv72844407.geojson","felt":null,"cdi":null,"mmi":null,"alert":null,"status":"reviewed","tsunami":0,"sig":104,"net":"hv","code":"72844407","ids":",us6000gexu,hv72844407,","sources":",us,hv,","types":",origin,phase-data,","nst":44,"dmin":null,"rms":0.11,"gap":149,"magType":"ml","type":"earthquake","title":"M 2.6 - 7 km E of Pāhala, Hawaii"},"geometry":{"type":"Point","coordinates":[-155.404666666667,19.2148333333333,33.52]},"id":"hv72844407"},
{"type":"Feature","properties":{"mag":4.8,"place":"171 km SW of Sechura, Peru","time":1640300550494,"updated":1640301990040,"tz":null,"url":"https://earthquake.usgs.gov/earthquakes/eventpage/us6000gexr","detail":"https://earthquake.usgs.gov/earthquakes/feed/v1.0/detail/us6000gexr.geojson","felt":null,"cdi":null,"mmi":null,"alert":null,"status":"reviewed","tsunami":0,"sig":354,"net":"us","code":"6000gexr","ids":",us6000gexr,","sources":",us,","types":",origin,phase-data,","nst":null,"dmin":6.718,"rms":0.68,"gap":113,"magType":"mb","type":"earthquake","title":"M 4.8 - 171 km SW of Sechura, Peru"},"geometry":{"type":"Point","coordinates":[-82.0827,-6.4541,10]},"id":"us6000gexr"},
{"type":"Feature","properties":{"mag":1.78,"place":"12 km NNE of Stanley, Idaho","time":1640300550270,"updated":1640303134370,"tz":null,"url":"https://earthquake.usgs.gov/earthquakes/eventpage/mb80534369","detail":"https://earthquake.usgs.gov/earthquakes/feed/v1.0/detail/mb80534369.geojson","felt":null,"cdi":null,"mmi":null,"alert":null,"status":"reviewed","tsunami":0,"sig":49,"net":"mb","code":"80534369","ids":",mb80534369,","sources":",mb,","types":",origin,phase-data,","nst":8,"dmin":0.831,"rms":0.13,"gap":70,"magType":"ml","type":"earthquake","title":"M 1.8 - 12 km NNE of Stanley, Idaho"},"geometry":{"type":"Point","coordinates":[-114.8873333,44.3201667,8.9]},"id":"mb80534369"},
{"type":"Feature","properties":{"mag":0.8,"place":"29 km SSE of Mina, Nevada","time":1640300390010,"updated":1640814339013,"tz":null,"url":"https://earthquake.usgs.gov/earthquakes/eventpage/nn00830432","detail":"https://earthquake.usgs.gov/earthquakes/feed/v1.0/detail/nn00830432.geojson","felt":null,"cdi":null,"mmi":null,"alert":null,"status":"reviewed","tsunami":0,"sig":10,"net":"nn","code":"00830432","ids":",nn00830432,","sources":",nn,","types":",origin,phase-data,","nst":16,"dmin":0.023,"rms":0.0743,"gap":121.33,"magType":"ml","type":"earthquake","title":"M 0.8 - 29 km SSE of Mina, Nevada"},"geometry":{"type":"Point","coordinates":[-117.9869,38.1453,8.5]},"id":"nn00830432"},
{"type":"Feature","properties":{"mag":1.4,"place":"7 km SSE of Chickaloon, Alaska","time":1640300364861,"updated":1640300983587,"tz":null,"url":"https://earthquake.usgs.gov/earthquakes/eventpage/ak021gesb4qy","detail":"https://earthquake.usgs.gov/earthquakes/feed/v1.0/detail/ak021gesb4qy.geojson","felt":null,"cdi":null,"mmi":null,"alert":null,"status":"automatic","tsunami":0,"sig":30,"net":"ak","code":"021gesb4qy","ids":",ak021gesb4qy,","sources":",ak,","types":",origin,","nst":null,"dmin":null,"rms":0.58,"gap":null,"magType":"ml","type":"earthquake","title":"M 1.4 - 7 km SSE of Chickaloon, Alaska"},"geometry":{"type":"Point","coordinates":[-148.4041,61.7356,11.9]},"id":"ak021gesb4qy"},
{"type":"Feature","properties":{"mag":1.3,"place":"2 km N of Schurz, Nevada","time":1640299896197,"updated":1640813966098,"tz":null,"url":"https://earthquake.usgs.gov/earthquakes/eventpage/nn00830430","detail":"https://earthquake.usgs.gov/earthquakes/feed/v1.0/detail/nn00830430.geojson","felt":null,"cdi":null,"mmi":null,"alert":null,"status":"reviewed","tsunami":0,"sig":26,"net":"nn","code":"00830430","ids":",nn00830430,","sources":",nn,","types":",origin,phase-data,","nst":20,"dmin":0.329,"rms":0.0994,"gap":88.7,"magType":"ml","type":"earthquake","title":"M 1.3 - 2 km N of Schurz, Nevada"},"geometry":{"type":"Point","coordinates":[-118.8174,38.9752,8]},"id":"nn00830430"},
{"type":"Feature","properties":{"mag":4.9,"place":"Nicobar Islands, India region","time":1640299146700,"updated":1640403942040,"tz":null,"url":"https://earthquake.usgs.gov/earthquakes/eventpage/us6000gexl","detail":"https://earthquake.usgs.gov/earthquakes/feed/v1.0/detail/us6000gexl.geojson","felt":null,"cdi":null,"mmi":null,"alert":null,"status":"reviewed","tsunami":0,"sig":369,"net":"us","code":"6000gexl","ids":",us6000gexl,","sources":",us,","types":",origin,phase-data,","nst":null,"dmin":4.735,"rms":0.77,"gap":51,"magType":"mww","type":"earthquake","title":"M 4.9 - Nicobar Islands, India region"},"geometry":{"type":"Point","coordinates":[92.5625,7.0899,10]},"id":"us6000gexl"},
{"type":"Feature","properties":{"mag":2.28,"place":"11km SSW of Searles Valley, CA","time":1640298886020,"updated":1640364467830,"tz":null,"url":"https://earthquake.usgs.gov/earthquakes/eventpage/ci39895335","detail":"https://earthquake.usgs.gov/earthquakes/feed/v1.0/detail/ci39895335.geojson","felt":null,"cdi":null,"mmi":null,"alert":null,"status":"reviewed","tsunami":0,"sig":80,"net":"ci","code":"39895335","ids":",ci39895335,","sources":",ci,","types":",focal-mechanism,nearby-cities,origin,phase-data,scitech-link,","nst":29,"dmin":0.09428,"rms":0.14,"gap":73,"magType":"ml","type":"earthquake","title":"M 2.3 - 11km SSW of Searles Valley, CA"},"geometry":{"type":"Point","coordinates":[-117.4686667,35.6808333,6.64]},"id":"ci39895335"},
{"type":"Feature","properties":{"mag":2.7,"place":"36 km NW of Valdez, Alaska","time":1640298540018,"updated":1640299349153,"tz":null,"url":"https://earthquake.usgs.gov/earthquakes/eventpage/ak021ges4k9j","detail":"https://earthquake.usgs.gov/earthquakes/feed/v1.0/detail/ak021ges4k9j.geojson","felt":null,"cdi":null,"mmi":null,"alert":null,"status":"automatic","tsunami":0,"sig":112,"net":"ak","code":"021ges4k9j","ids":",us6000gexj,ak021ges4k9j,","sources":",us,ak,","types":",origin,phase-data,","nst":null,"dmin":null,"rms":0.6,"gap":null,"magType":"ml","type":"earthquake","title":"M 2.7 - 36 km NW of Valdez, Alaska"},"geometry":{"type":"Point","coordinates":[-146.7354,61.3958,9.8]},"id":"ak021ges4k9j"},
{"type":"Feature","properties":{"mag":1.65,"place":"15 km NW of Conconully, Washington","time":1640298065060,"updated":1640363320560,"tz":null,"url":"https://earthquake.usgs.gov/earthquakes/eventpage/uw61799317","detail":"https://earthquake.usgs.gov/earthquakes/feed/v1.0/detail/uw61799317.geojson","felt":null,"cdi":null,"mmi":null,"alert":null,"status":"reviewed","tsunami":0,"sig":42,"net":"uw","code":"61799317","ids":",uw61799317,","sources":",uw,","types":",origin,phase-data,","nst":9,"dmin":0.2417,"rms":0.16,"gap":136,"magType":"ml","type":"earthquake","title":"M 1.7 - 15 km NW of Conconully, Washington"},"geometry":{"type":"Point","coordinates":[-119.896,48.6515,0.15]},"id":"uw61799317"},
{"type":"Feature","properties":{"mag":2.13000011,"place":"5 km ENE of Pāhala, Hawaii","time":1640297724810,"updated":1640297903660,"tz":null,"url":"https://earthquake.usgs.gov/earthquakes/eventpage/hv72844377","detail":"https://earthquake.usgs.gov/earthquakes/feed/v1.0/detail/hv72844377.geojson","felt":null,"cdi":null,"mmi":null,"alert":null,"status":"automatic","tsunami":0,"sig":70,"net":"hv","code":"72844377","ids":",hv72844377,","sources":",hv,","types":",origin,phase-data,","nst":28,"dmin":null,"rms":0.0900000036,"gap":133,"magType":"md","type":"earthquake","title":"M 2.1 - 5 km ENE of Pāhala, Hawaii"},"geometry":{"type":"Point","coordinates":[-155.425659179688,19.2193336486816,34.4599990844727]},"id":"hv72844377"},
{"type":"Feature","properties":{"mag":1.8,"place":"27 km SSW of Mina, Nevada","time":1640297690307,"updated":1640298670481,"tz":null,"url":"https://earthquake.usgs.gov/earthquakes/eventpage/nn00830427","detail":"https://earthquake.usgs.gov/earthquakes/feed/v1.0/detail/nn00830427.geojson","felt":null,"cdi":null,"mmi":null,"alert":null,"status":"reviewed","tsunami":0,"sig":50,"net":"nn","code":"00830427","ids":",nn00830427,","sources":",nn,","types":",origin,phase-data,","nst":16,"dmin":0.2,"rms":0.1224,"gap":128.12,"magType":"ml","type":"earthquake","title":"M 1.8 - 27 km SSW of Mina, Nevada"},"geometry":{"type":"Point","coordinates":[-118.2351,38.1652,7.5]},"id":"nn00830427"},
{"type":"Feature","properties":{"mag":4.4,"place":"17 km ENE of Maliana, Timor Leste","time":1640297636047,"updated":1640298670040,"tz":null,"url":"https://earthquake.usgs.gov/earthquakes/eventpage/us6000gexi","detail":"https://earthquake.usgs.gov/earthquakes/feed/v1.0/detail/us6000gexi.geojson","felt":null,"cdi":null,"mmi":null,"alert":null,"status":"reviewed","tsunami":0,"sig":298,"net":"us","code":"6000gexi","ids":",us6000gexi,","sources":",us,","types":",origin,phase-data,","nst":null,"dmin":1.365,"rms":1.38,"gap":64,"magType":"mb","type":"earthquake","title":"M 4.4 - 17 km ENE of Maliana, Timor Leste"},"geometry":{"type":"Point","coordinates":[125.3562,-8.9073,35]},"id":"us6000gexi"},
{"type":"Feature","properties":{"mag":-0.23,"place":"60 km WNW of Beluga, Alaska","time":1640297524960,"updated":1640301756300,"tz":null,"url":"https://earthquake.usgs.gov/earthquakes/eventpage/av91450301","detail":"https://earthquake.usgs.gov/earthquakes/feed/v1.0/detail/av91450301.geojson","felt":null,"cdi":null,"mmi":null,"alert":null,"status":"reviewed","tsunami":0,"sig":0,"net":"av","code":"91450301","ids":",av91450301,","sources":",av,","types":",origin,phase-data,","nst":5,"dmin":null,"rms":0.04,"gap":188,"magType":"ml","type":"earthquake","title":"M -0.2 - 60 km WNW of Beluga, Alaska"},"geometry":{"type":"Point","coordinates":[-152.062666666667,61.414,10.97]},"id":"av91450301"},
{"type":"Feature","properties":{"mag":0.86,"place":"19km E of Little Lake, CA","time":1640297437490,"updated":1640297658809,"tz":null,"url":"https://earthquake.usgs.gov/earthquakes/eventpage/ci39895319","detail":"https://earthquake.usgs.gov/earthquakes/feed/v1.0/detail/ci39895319.geojson","felt":null,"cdi":null,"mmi":null,"alert":null,"status":"automatic","tsunami":0,"sig":11,"net":"ci","code":"39895319","ids":",ci39895319,","sources":",ci,","types":",nearby-cities,origin,phase-data,scitech-link,","nst":11,"dmin":0.05821,"rms":0.09,"gap":71,"magType":"ml","type":"earthquake","title":"M 0.9 - 19km E of Little Lake, CA"},"geometry":{"type":"Point","coordinates":[-117.6956667,35.9026667,4.09]},"id":"ci39895319"},
{"type":"Feature","properties":{"mag":0.96,"place":"16km W of Searles Valley, CA","time":1640296965580,"updated":1640297185981,"tz":null,"url":"https://earthquake.usgs.gov/earthquakes/eventpage/ci39895311","detail":"https://earthquake.usgs.gov/earthquakes/feed/v1.0/detail/ci39895311.geojson","felt":null,"cdi":null,"mmi":null,"alert":null,"status":"automatic","tsunami":0,"sig":14,"net":"ci","code":"39895311","ids":",ci39895311,","sources":",ci,","types":",nearby-cities,origin,phase-data,scitech-link,","nst":10,"dmin":0.05596,"rms":0.07,"gap":230,"magType":"ml","type":"earthquake","title":"M 1.0 - 16km W of Searles Valley, CA"},"geometry":{"type":"Point","coordinates":[-117.5845,35.7606667,11.39]},"id":"ci39895311"},
{"type":"Feature","properties":{"mag":0.99,"place":"10km SE of Valle Vista, CA","time":1640295801610,"updated":1640364491523,"tz":null,"url":"https://earthquake.usgs.gov/earthquakes/eventpage/ci39895303","detail":"https://earthquake.usgs.gov/earthquakes/feed/v1.0/detail/ci39895303.geojson","felt":null,"cdi":null,"mmi":null,"alert":null,"status":"reviewed","tsunami":0,"sig":15,"net":"ci","code":"39895303","ids":",ci39895303,","sources":",ci,","types":",nearby-cities,origin,phase-data,scitech-link,","nst":29,"dmin":0.08115,"rms":0.2,"gap":80,"magType":"ml","type":"earthquake","title":"M 1.0 - 10km SE of Valle Vista, CA"},"geometry":{"type":"Point","coordinates":[-116.8101667,33.6976667,14.09]},"id":"ci39895303"},
{"type":"Feature","properties":{"mag":4.3,"place":"11 km SSW of Catania, Italy","time":1640295224740,"updated":1640341973175,"tz":null,"url":"https://earthquake.usgs.gov/earthquakes/eventpage/us6000gex4","detail":"https://earthquake.usgs.gov/earthquakes/feed/v1.0/detail/us6000gex4.geojson","felt":21,"cdi":4.6,"mmi":null,"alert":null,"status":"reviewed","tsunami":0,"sig":294,"net":"us","code":"6000gex4","ids":",us6000gex4,","sources":",us,","types":",dyfi,origin,phase-data,","nst":null,"dmin":0.558,"rms":0.77,"gap":91,"magType":"mb","type":"earthquake","title":"M 4.3 - 11 km SSW of Catania, Italy"},"geometry":{"type":"Point","coordinates":[15.0281,37.396,11.93]},"id":"us6000gex4"},
{"type":"Feature","properties":{"mag":1.1,"place":"4 km N of Walker Lake, Nevada","time":1640294635636,"updated":1640297367747,"tz":null,"url":"https://earthquake.usgs.gov/earthquakes/eventpage/nn00830424","detail":"https://earthquake.usgs.gov/earthquakes/feed/v1.0/detail/nn00830424.geojson","felt":null,"cdi":null,"mmi":null,"alert":null,"status":"reviewed","tsunami":0,"sig":19,"net":"nn","code":"00830424","ids":",nn00830424,","sources":",nn,","types":",origin,phase-data,","nst":13,"dmin":0.42,"rms":0.1486,"gap":106.59,"magType":"ml","type":"earthquake","title":"M 1.1 - 4 km N of Walker Lake, Nevada"},"geometry":{"type":"Point","coordinates":[-118.7623,38.6911,5.6]},"id":"nn00830424"},
{"type":"Feature","properties":{"mag":2.7,"place":"2 km S of Houston, Alaska","time":1640294421799,"updated":1640322113426,"tz":null,"url":"https://earthquake.usgs.gov/earthquakes/eventpage/ak021gerhc1r","detail":"https://earthquake.usgs.gov/earthquakes/feed/v1.0/detail/ak021gerhc1r.geojson","felt":2,"cdi":2,"mmi":null,"alert":null,"status":"automatic","tsunami":0,"sig":113,"net":"ak","code":"021gerhc1r","ids":",ak021gerhc1r,us6000gewz,","sources":",ak,us,","types":",dyfi,origin,phase-data,","nst":null,"dmin":null,"rms":0.86,"gap":null,"magType":"ml","type":"earthquake","title":"M 2.7 - 2 km S of Houston, Alaska"},"geometry":{"type":"Point","coordinates":[-149.8153,61.6117,19.1]},"id":"ak021gerhc1r"},
{"type":"Feature","properties":{"mag":2.1,"place":"66 km WSW of Karluk, Alaska","time":1640294320210,"updated":1640294618824,"tz":null,"url":"https://earthquake.usgs.gov/earthquakes/eventpage/ak021gergxzp","detail":"https://earthquake.usgs.gov/earthquakes/feed/v1.0/detail/ak021gergxzp.geojson","felt":null,"cdi":null,"mmi":null,"alert":null,"status":"automatic","tsunami":0,"sig":68,"net":"ak","code":"021gergxzp","ids":",ak021gergxzp,","sources":",ak,","types":",origin,","nst":null,"dmin":null,"rms":0.19,"gap":null,"magType":"ml","type":"earthquake","title":"M 2.1 - 66 km WSW of Karluk, Alaska"},"geometry":{"type":"Point","coordinates":[-155.4021,57.2619,67.4]},"id":"ak021gergxzp"},
{"type":"Feature","properties":{"mag":2.21,"place":"3 km SSE of Pāhala, Hawaii","time":1640293795280,"updated":1640294125270,"tz":null,"url":"https://earthquake.usgs.gov/earthquakes/eventpage/hv72844342","detail":"https://earthquake.usgs.gov/earthquakes/feed/v1.0/detail/hv72844342.geojson","felt":null,"cdi":null,"mmi":null,"alert":null,"status":"automatic","tsunami":0,"sig":75,"net":"hv","code":"72844342","ids":",hv72844342,","sources":",hv,","types":",origin,phase-data,","nst":38,"dmin":null,"rms":0.119999997,"gap":98,"magType":"ml","type":"earthquake","title":"M 2.2 - 3 km SSE of Pāhala, Hawaii"},"geometry":{"type":"Point","coordinates":[-155.465835571289,19.1720008850098,30.7399997711182]},"id":"hv72844342"},
{"type":"Feature","properties":{"mag":0.73,"place":"16 km WSW of Plain City, Utah","time":1640293684020,"updated":1640295389420,"tz":null,"url":"https://earthquake.usgs.gov/earthquakes/eventpage/uu60473257","detail":"https://earthquake.usgs.gov/earthquakes/feed/v1.0/detail/uu60473257.geojson","felt":null,"cdi":null,"mmi":null,"alert":null,"status":"reviewed","tsunami":0,"sig":8,"net":"uu","code":"60473257","ids":",uu60473257,","sources":",uu,","types":",origin,phase-data,","nst":8,"dmin":0.1336,"rms":0.13,"gap":120,"magType":"md","type":"earthquake","title":"M 0.7 - 16 km WSW of Plain City, Utah"},"geometry":{"type":"Point","coordinates":[-112.282,41.2641667,4.36]},"id":"uu60473257"},
{"type":"Feature","properties":{"mag":1.4,"place":"12 km NNE of Willow, Alaska","time":1640293028311,"updated":1640293636905,"tz":null,"url":"https://earthquake.usgs.gov/earthquakes/eventpage/ak021ger3sun","detail":"https://earthquake.usgs.gov/earthquakes/feed/v1.0/detail/ak021ger3sun.geojson","felt":null,"cdi":null,"mmi":null,"alert":null,"status":"automatic","tsunami":0,"sig":30,"net":"ak","code":"021ger3sun","ids":",ak021ger3sun,","sources":",ak,","types":",origin,","nst":null,"dmin":null,"rms":0.62,"gap":null,"magType":"ml","type":"earthquake","title":"M 1.4 - 12 km NNE of Willow, Alaska"},"geometry":{"type":"Point","coordinates":[-149.9844,61.86,34.4]},"id":"ak021ger3sun"},
{"type":"Feature","properties":{"mag":1.66,"place":"13 km NNE of Stanley, Idaho","time":1640292140110,"updated":1640303955030,"tz":null,"url":"https://earthquake.usgs.gov/earthquakes/eventpage/mb80534374","detail":"https://earthquake.usgs.gov/earthquakes/feed/v1.0/detail/mb80534374.geojson","felt":null,"cdi":null,"mmi":null,"alert":null,"status":"reviewed","tsunami":0,"sig":42,"net":"mb","code":"80534374","ids":",mb80534374,","sources":",mb,","types":",origin,phase-data,","nst":7,"dmin":0.854,"rms":0.22,"gap":115,"magType":"ml","type":"earthquake","title":"M 1.7 - 13 km NNE of Stanley, Idaho"},"geometry":{"type":"Point","coordinates":[-114.903,44.3398333,3.84]},"id":"mb80534374"},
{"type":"Feature","properties":{"mag":1.7,"place":"51 km W of Anchor Point, Alaska","time":1640290714820,"updated":1640291572964,"tz":null,"url":"https://earthquake.usgs.gov/earthquakes/eventpage/ak021geqvhyq","detail":"https://earthquake.usgs.gov/earthquakes/feed/v1.0/detail/ak021geqvhyq.geojson","felt":null,"cdi":null,"mmi":null,"alert":null,"status":"automatic","tsunami":0,"sig":44,"net":"ak","code":"021geqvhyq","ids":",ak021geqvhyq,","sources":",ak,","types":",origin,","nst":null,"dmin":null,"rms":0.74,"gap":null,"magType":"ml","type":"earthquake","title":"M 1.7 - 51 km W of Anchor Point, Alaska"},"geometry":{"type":"Point","coordinates":[-152.736,59.7336,92.2]},"id":"ak021geqvhyq"},
{"type":"Feature","properties":{"mag":1.44,"place":"14 km SSE of Sunnyside, Utah","time":1640290116540,"updated":1640291294170,"tz":null,"url":"https://earthquake.usgs.gov/earthquakes/eventpage/uu60473202","detail":"https://earthquake.usgs.gov/earthquakes/feed/v1.0/detail/uu60473202.geojson","felt":null,"cdi":null,"mmi":null,"alert":null,"status":"reviewed","tsunami":0,"sig":32,"net":"uu","code":"60473202","ids":",uu60473202,","sources":",uu,","types":",origin,phase-data,","nst":4,"dmin":0.007122,"rms":0.04,"gap":155,"magType":"md","type":"earthquake","title":"M 1.4 - 14 km SSE of Sunnyside, Utah"},"geometry":{"type":"Point","coordinates":[-110.3263333,39.4311667,-1.35]},"id":"uu60473202"},
{"type":"Feature","properties":{"mag":1.11,"place":"18km E of Ridgecrest, CA","time":1640289896970,"updated":1640290114419,"tz":null,"url":"https://earthquake.usgs.gov/earthquakes/eventpage/ci39895295","detail":"https://earthquake.usgs.gov/earthquakes/feed/v1.0/detail/ci39895295.geojson","felt":null,"cdi":null,"mmi":null,"alert":null,"status":"automatic","tsunami":0,"sig":19,"net":"ci","code":"39895295","ids":",ci39895295,","sources":",ci,","types":",nearby-cities,origin,phase-data,scitech-link,","nst":14,"dmin":0.03386,"rms":0.22,"gap":151,"magType":"ml","type":"earthquake","title":"M 1.1 - 18km E of Ridgecrest, CA"},"geometry":{"type":"Point","coordinates":[-117.4781667,35.6178333,8.5]},"id":"ci39895295"},
{"type":"Feature","properties":{"mag":1.58,"place":"5 km E of Butte, Montana","time":1640289791140,"updated":1640291618820,"tz":null,"url":"https://earthquake.usgs.gov/earthquakes/eventpage/mb80534354","detail":"https://earthquake.usgs.gov/earthquakes/feed/v1.0/detail/mb80534354.geojson","felt":null,"cdi":null,"mmi":null,"alert":null,"status":"reviewed","tsunami":0,"sig":38,"net":"mb","code":"80534354","ids":",mb80534354,","sources":",mb,","types":",origin,phase-data,","nst":16,"dmin":0.062,"rms":0.12,"gap":111,"magType":"ml","type":"quarry blast","title":"M 1.6 Quarry Blast - 5 km E of Butte, Montana"},"geometry":{"type":"Point","coordinates":[-112.4688333,46.0011667,-2]},"id":"mb80534354"},
{"type":"Feature","properties":{"mag":2.29,"place":"2 km SW of Indios, Puerto Rico","time":1640289296210,"updated":1640290018384,"tz":null,"url":"https://earthquake.usgs.gov/earthquakes/eventpage/pr2021357002","detail":"https://earthquake.usgs.gov/earthquakes/feed/v1.0/detail/pr2021357002.geojson","felt":null,"cdi":null,"mmi":null,"alert":null,"status":"reviewed","tsunami":0,"sig":81,"net":"pr","code":"2021357002","ids":",pr2021357002,","sources":",pr,","types":",origin,phase-data,","nst":10,"dmin":0.0397,"rms":0.17,"gap":194,"magType":"md","type":"earthquake","title":"M 2.3 - 2 km SW of Indios, Puerto Rico"},"geometry":{"type":"Point","coordinates":[-66.8395,17.977,17]},"id":"pr2021357002"},
{"type":"Feature","properties":{"mag":1.57,"place":"31 km NW of Stanley, Idaho","time":1640288986540,"updated":1640291987560,"tz":null,"url":"https://earthquake.usgs.gov/earthquakes/eventpage/mb80534349","detail":"https://earthquake.usgs.gov/earthquakes/feed/v1.0/detail/mb80534349.geojson","felt":null,"cdi":null,"mmi":null,"alert":null,"status":"reviewed","tsunami":0,"sig":38,"net":"mb","code":"80534349","ids":",mb80534349,","sources":",mb,","types":",origin,phase-data,","nst":7,"dmin":0.875,"rms":0.32,"gap":129,"magType":"ml","type":"earthquake","title":"M 1.6 - 31 km NW of Stanley, Idaho"},"geometry":{"type":"Point","coordinates":[-115.2298333,44.4065,4.83]},"id":"mb80534349"},
{"type":"Feature","properties":{"mag":1,"place":"57 km WNW of Beluga, Alaska","time":1640288493448,"updated":1640288797379,"tz":null,"url":"https://earthquake.usgs.gov/earthquakes/eventpage/ak021geqezq8","detail":"https://earthquake.usgs.gov/earthquakes/feed/v1.0/detail/ak021geqezq8.geojson","felt":null,"cdi":null,"mmi":null,"alert":null,"status":"automatic","tsunami":0,"sig":15,"net":"ak","code":"021geqezq8","ids":",ak021geqezq8,","sources":",ak,","types":",origin,","nst":null,"dmin":null,"rms":0.66,"gap":null,"magType":"ml","type":"earthquake","title":"M 1.0 - 57 km WNW of Beluga, Alaska"},"geometry":{"type":"Point","coordinates":[-152.0356,61.3811,10.3]},"id":"ak021geqezq8"},
{"type":"Feature","properties":{"mag":1.8,"place":"57 km S of Cantwell, Alaska","time":1640288392517,"updated":1640288596737,"tz":null,"url":"https://earthquake.usgs.gov/earthquakes/eventpage/ak021geqelrn","detail":"https://earthquake.usgs.gov/earthquakes/feed/v1.0/detail/ak021geqelrn.geojson","felt":null,"cdi":null,"mmi":null,"alert":null,"status":"automatic","tsunami":0,"sig":50,"net":"ak","code":"021geqelrn","ids":",ak021geqelrn,","sources":",ak,","types":",origin,","nst":null,"dmin":null,"rms":0.47,"gap":null,"magType":"ml","type":"earthquake","title":"M 1.8 - 57 km S of Cantwell, Alaska"},"geometry":{"type":"Point","coordinates":[-148.8144,62.8807,60.1]},"id":"ak021geqelrn"},
{"type":"Feature","properties":{"mag":1.87,"place":"4 km SW of Pāhala, Hawaii","time":1640288331260,"updated":1640288525000,"tz":null,"url":"https://earthquake.usgs.gov/earthquakes/eventpage/hv72844277","detail":"https://earthquake.usgs.gov/earthquakes/feed/v1.0/detail/hv72844277.geojson","felt":null,"cdi":null,"mmi":null,"alert":null,"status":"automatic","tsunami":0,"sig":54,"net":"hv","code":"72844277","ids":",hv72844277,","sources":",hv,","types":",origin,phase-data,","nst":25,"dmin":null,"rms":0.159999996,"gap":104,"magType":"md","type":"earthquake","title":"M 1.9 - 4 km SW of Pāhala, Hawaii"},"geometry":{"type":"Point","coordinates":[-155.503005981445,19.174165725708,34.9700012207031]},"id":"hv72844277"},
{"type":"Feature","properties":{"mag":2.1,"place":"9km NNE of Petrolia, CA","time":1640287768330,"updated":1640728152441,"tz":null,"url":"https://earthquake.usgs.gov/earthquakes/eventpage/nc73668126","detail":"https://earthquake.usgs.gov/earthquakes/feed/v1.0/detail/nc73668126.geojson","felt":null,"cdi":null,"mmi":null,"alert":null,"status":"reviewed","tsunami":0,"sig":68,"net":"nc","code":"73668126","ids":",nc73668126,","sources":",nc,","types":",nearby-cities,origin,phase-data,scitech-link,","nst":16,"dmin":0.09834,"rms":0.12,"gap":137,"magType":"md","type":"earthquake","title":"M 2.1 - 9km NNE of Petrolia, CA"},"geometry":{"type":"Point","coordinates":[-124.2551667,40.3998333,24.96]},"id":"nc73668126"},
{"type":"Feature","properties":{"mag":2.38,"place":"10 km NNW of Tiptonville, Tennessee","time":1640287440930,"updated":1640356544505,"tz":null,"url":"https://earthquake.usgs.gov/earthquakes/eventpage/nm60377616","detail":"https://earthquake.usgs.gov/earthquakes/feed/v1.0/detail/nm60377616.geojson","felt":2,"cdi":2.2,"mmi":null,"alert":null,"status":"reviewed","tsunami":0,"sig":88,"net":"nm","code":"60377616","ids":",nm60377616,","sources":",nm,","types":",dyfi,origin,phase-data,","nst":35,"dmin":0.06652,"rms":0.16,"gap":41,"magType":"md","type":"earthquake","title":"M 2.4 - 10 km NNW of Tiptonville, Tennessee"},"geometry":{"type":"Point","coordinates":[-89.497,36.4751667,4.72]},"id":"nm60377616"},
{"type":"Feature","properties":{"mag":1.1,"place":"59 km WNW of Beluga, Alaska","time":1640286158141,"updated":1640286422727,"tz":null,"url":"https://earthquake.usgs.gov/earthquakes/eventpage/ak021geq6n5y","detail":"https://earthquake.usgs.gov/earthquakes/feed/v1.0/detail/ak021geq6n5y.geojson","felt":null,"cdi":null,"mmi":null,"alert":null,"status":"automatic","tsunami":0,"sig":19,"net":"ak","code":"021geq6n5y","ids":",ak021geq6n5y,","sources":",ak,","types":",origin,","nst":null,"dmin":null,"rms":0.57,"gap":null,"magType":"ml","type":"earthquake","title":"M 1.1 - 59 km WNW of Beluga, Alaska"},"geometry":{"type":"Point","coordinates":[-152.0566,61.4038,11.8]},"id":"ak021geq6n5y"},
{"type":"Feature","properties":{"mag":2.31,"place":"13km SW of Petrolia, CA","time":1640285831370,"updated":1640722452412,"tz":null,"url":"https://earthquake.usgs.gov/earthquakes/eventpage/nc73668121","detail":"https://earthquake.usgs.gov/earthquakes/feed/v1.0/detail/nc73668121.geojson","felt":null,"cdi":null,"mmi":null,"alert":null,"status":"reviewed","tsunami":0,"sig":82,"net":"nc","code":"73668121","ids":",nc73668121,","sources":",nc,","types":",nearby-cities,origin,phase-data,scitech-link,","nst":15,"dmin":0.1058,"rms":0.16,"gap":218,"magType":"md","type":"earthquake","title":"M 2.3 - 13km SW of Petrolia, CA"},"geometry":{"type":"Point","coordinates":[-124.404,40.2505,22.6]},"id":"nc73668121"},
{"type":"Feature","properties":{"mag":2.88,"place":"7km WSW of Petrolia, CA","time":1640285748150,"updated":1640721431323,"tz":null,"url":"https://earthquake.usgs.gov/earthquakes/eventpage/nc73668116","detail":"https://earthquake.usgs.gov/earthquakes/feed/v1.0/detail/nc73668116.geojson","felt":2,"cdi":3.8,"mmi":null,"alert":null,"status":"reviewed","tsunami":0,"sig":128,"net":"nc","code":"73668116","ids":",ew1640285750,nc73668116,us6000gevz,","sources":",ew,nc,us,","types":",associate,dyfi,nearby-cities,origin,phase-data,scitech-link,shake-alert,","nst":16,"dmin":null,"rms":0.14,"gap":234,"magType":"md","type":"earthquake","title":"M 2.9 - 7km WSW of Petrolia, CA"},"geometry":{"type":"Point","coordinates":[-124.3643333,40.3073333,29.94]},"id":"nc73668116"},
{"type":"Feature","properties":{"mag":1.4,"place":"35 km ESE of Susitna North, Alaska","time":1640284605534,"updated":1640286322237,"tz":null,"url":"https://earthquake.usgs.gov/earthquakes/eventpage/ak021gepsigo","detail":"https://earthquake.usgs.gov/earthquakes/feed/v1.0/detail/ak021gepsigo.geojson","felt":null,"cdi":null,"mmi":null,"alert":null,"status":"automatic","tsunami":0,"sig":30,"net":"ak","code":"021gepsigo","ids":",ak021gepsigo,","sources":",ak,","types":",origin,","nst":null,"dmin":null,"rms":1.13,"gap":null,"magType":"ml","type":"earthquake","title":"M 1.4 - 35 km ESE of Susitna North, Alaska"},"geometry":{"type":"Point","coordinates":[-149.1897,62.079,37.5]},"id":"ak021gepsigo"},
{"type":"Feature","properties":{"mag":1.1,"place":"33 km SE of Mina, Nevada","time":1640284604582,"updated":1640290510976,"tz":null,"url":"https://earthquake.usgs.gov/earthquakes/eventpage/nn00830413","detail":"https://earthquake.usgs.gov/earthquakes/feed/v1.0/detail/nn00830413.geojson","felt":null,"cdi":null,"mmi":null,"alert":null,"status":"reviewed","tsunami":0,"sig":19,"net":"nn","code":"00830413","ids":",nn00830413,","sources":",nn,","types":",origin,phase-data,","nst":14,"dmin":0.073,"rms":0.1082,"gap":137.56,"magType":"ml","type":"earthquake","title":"M 1.1 - 33 km SE of Mina, Nevada"},"geometry":{"type":"Point","coordinates":[-117.8694,38.1548,8.4]},"id":"nn00830413"},
{"type":"Feature","properties":{"mag":1.73000002,"place":"15 km SSE of Volcano, Hawaii","time":1640284563670,"updated":1640284894680,"tz":null,"url":"https://earthquake.usgs.gov/earthquakes/eventpage/hv72844237","detail":"https://earthquake.usgs.gov/earthquakes/feed/v1.0/detail/hv72844237.geojson","felt":null,"cdi":null,"mmi":null,"alert":null,"status":"automatic","tsunami":0,"sig":46,"net":"hv","code":"72844237","ids":",hv72844237,","sources":",hv,","types":",origin,phase-data,","nst":24,"dmin":null,"rms":0.200000003,"gap":201,"magType":"md","type":"earthquake","title":"M 1.7 - 15 km SSE of Volcano, Hawaii"},"geometry":{"type":"Point","coordinates":[-155.160995483398,19.3173332214355,0.100000001490116]},"id":"hv72844237"},
{"type":"Feature","properties":{"mag":2.9,"place":"15km NW of Petrolia, CA","time":1640284379040,"updated":1640730372322,"tz":null,"url":"https://earthquake.usgs.gov/earthquakes/eventpage/nc73668111","detail":"https://earthquake.usgs.gov/earthquakes/feed/v1.0/detail/nc73668111.geojson","felt":null,"cdi":null,"mmi":null,"alert":null,"status":"reviewed","tsunami":0,"sig":129,"net":"nc","code":"73668111","ids":",nc73668111,","sources":",nc,","types":",nearby-cities,origin,phase-data,scitech-link,","nst":10,"dmin":0.05423,"rms":0.11,"gap":237,"magType":"mh","type":"earthquake","title":"M 2.9 - 15km NW of Petrolia, CA"},"geometry":{"type":"Point","coordinates":[-124.3826667,40.4336667,27.16]},"id":"nc73668111"},
{"type":"Feature","properties":{"mag":1.2,"place":"29 km E of Kelso, Washington","time":1640284299150,"updated":1640293066740,"tz":null,"url":"https://earthquake.usgs.gov/earthquakes/eventpage/uw61799182","detail":"https://earthquake.usgs.gov/earthquakes/feed/v1.0/detail/uw61799182.geojson","felt":1,"cdi":2,"mmi":null,"alert":null,"status":"reviewed","tsunami":0,"sig":22,"net":"uw","code":"61799182","ids":",uw61799182,","sources":",uw,","types":",dyfi,origin,phase-data,","nst":13,"dmin":0.1289,"rms":0.13,"gap":97,"magType":"ml","type":"earthquake","title":"M 1.2 - 29 km E of Kelso, Washington"},"geometry":{"type":"Point","coordinates":[-122.536833333333,46.1893333333333,16.79]},"id":"uw61799182"},
{"type":"Feature","properties":{"mag":2.24000001,"place":"8 km E of Pāhala, Hawaii","time":1640284214670,"updated":1640288338040,"tz":null,"url":"https://earthquake.usgs.gov/earthquakes/eventpage/hv72844232","detail":"https://earthquake.usgs.gov/earthquakes/feed/v1.0/detail/hv72844232.geojson","felt":null,"cdi":null,"mmi":null,"alert":null,"status":"automatic","tsunami":0,"sig":77,"net":"hv","code":"72844232","ids":",us6000gevu,hv72844232,","sources":",us,hv,","types":",origin,phase-data,","nst":34,"dmin":null,"rms":0.129999995,"gap":157,"magType":"md","type":"earthquake","title":"M 2.2 - 8 km E of Pāhala, Hawaii"},"geometry":{"type":"Point","coordinates":[-155.399993896484,19.2063331604004,32.1100006103516]},"id":"hv72844232"},
{"type":"Feature","properties":{"mag":1.6,"place":"39 km SE of Mina, Nevada","time":1640283938765,"updated":1640289027746,"tz":null,"url":"https://earthquake.usgs.gov/earthquakes/eventpage/nn00830409","detail":"https://earthquake.usgs.gov/earthquakes/feed/v1.0/detail/nn00830409.geojson","felt":null,"cdi":null,"mmi":null,"alert":null,"status":"reviewed","tsunami":0,"sig":39,"net":"nn","code":"00830409","ids":",nn00830409,","sources":",nn,","types":",origin,phase-data,","nst":17,"dmin":0.113,"rms":0.1451,"gap":119.3,"magType":"ml","type":"earthquake","title":"M 1.6 - 39 km SE of Mina, Nevada"},"geometry":{"type":"Point","coordinates":[-117.7458,38.1857,11.4]},"id":"nn00830409"},
{"type":"Feature","properties":{"mag":1.62,"place":"15 km SSE of Sunnyside, Utah","time":1640283147740,"updated":1640291199030,"tz":null,"url":"https://earthquake.usgs.gov/earthquakes/eventpage/uu60029699","detail":"https://earthquake.usgs.gov/earthquakes/feed/v1.0/detail/uu60029699.geojson","felt":null,"cdi":null,"mmi":null,"alert":null,"status":"reviewed","tsunami":0,"sig":40,"net":"uu","code":"60029699","ids":",uu60029699,","sources":",uu,","types":",origin,phase-data,","nst":4,"dmin":0.01198,"rms":0.08,"gap":254,"magType":"md","type":"earthquake","title":"M 1.6 - 15 km SSE of Sunnyside, Utah"},"geometry":{"type":"Point","coordinates":[-110.3096667,39.4248333,-1.83]},"id":"uu60029699"},
{"type":"Feature","properties":{"mag":1.84,"place":"15 km SSE of Sunnyside, Utah","time":1640283121420,"updated":1640291103870,"tz":null,"url":"https://earthquake.usgs.gov/earthquakes/eventpage/uu60473102","detail":"https://earthquake.usgs.gov/earthquakes/feed/v1.0/detail/uu60473102.geojson","felt":null,"cdi":null,"mmi":null,"alert":null,"status":"reviewed","tsunami":0,"sig":52,"net":"uu","code":"60473102","ids":",uu60473102,","sources":",uu,","types":",origin,phase-data,","nst":7,"dmin":0.01345,"rms":0.13,"gap":196,"magType":"md","type":"earthquake","title":"M 1.8 - 15 km SSE of Sunnyside, Utah"},"geometry":{"type":"Point","coordinates":[-110.3078333,39.4226667,-1.85]},"id":"uu60473102"},
{"type":"Feature","properties":{"mag":0.58,"place":"9km S of Idyllwild, CA","time":1640283009070,"updated":1640364541558,"tz":null,"url":"https://earthquake.usgs.gov/earthquakes/eventpage/ci39895207","detail":"https://earthquake.usgs.gov/earthquakes/feed/v1.0/detail/ci39895207.geojson","felt":null,"cdi":null,"mmi":null,"alert":null,"status":"reviewed","tsunami":0,"sig":5,"net":"ci","code":"39895207","ids":",ci39895207,","sources":",ci,","types":",nearby-cities,origin,phase-data,scitech-link,","nst":16,"dmin":0.05189,"rms":0.12,"gap":95,"magType":"ml","type":"earthquake","title":"M 0.6 - 9km S of Idyllwild, CA"},"geometry":{"type":"Point","coordinates":[-116.7333333,33.6616667,13.26]},"id":"ci39895207"},
{"type":"Feature","properties":{"mag":1.44,"place":"4km SSE of Lucerne Valley, CA","time":1640282887490,"updated":1640283113782,"tz":null,"url":"https://earthquake.usgs.gov/earthquakes/eventpage/ci39895199","detail":"https://earthquake.usgs.gov/earthquakes/feed/v1.0/detail/ci39895199.geojson","felt":null,"cdi":null,"mmi":null,"alert":null,"status":"automatic","tsunami":0,"sig":32,"net":"ci","code":"39895199","ids":",ci39895199,","sources":",ci,","types":",nearby-cities,origin,phase-data,scitech-link,","nst":15,"dmin":0.1183,"rms":0.32,"gap":150,"magType":"ml","type":"earthquake","title":"M 1.4 - 4km SSE of Lucerne Valley, CA"},"geometry":{"type":"Point","coordinates":[-116.951,34.4078333,-0.46]},"id":"ci39895199"},
{"type":"Feature","properties":{"mag":2.26999998,"place":"5 km S of Pāhala, Hawaii","time":1640282643120,"updated":1640282883771,"tz":null,"url":"https://earthquake.usgs.gov/earthquakes/eventpage/hv72844222","detail":"https://earthquake.usgs.gov/earthquakes/feed/v1.0/detail/hv72844222.geojson","felt":1,"cdi":2.7,"mmi":null,"alert":null,"status":"automatic","tsunami":0,"sig":80,"net":"hv","code":"72844222","ids":",hv72844222,","sources":",hv,","types":",dyfi,origin,phase-data,","nst":38,"dmin":null,"rms":0.119999997,"gap":145,"magType":"md","type":"earthquake","title":"M 2.3 - 5 km S of Pāhala, Hawaii"},"geometry":{"type":"Point","coordinates":[-155.482833862305,19.1520004272461,32.5499992370605]},"id":"hv72844222"},
{"type":"Feature","properties":{"mag":2.16,"place":"4 km SSW of Pāhala, Hawaii","time":1640282488370,"updated":1640288162040,"tz":null,"url":"https://earthquake.usgs.gov/earthquakes/eventpage/hv72844217","detail":"https://earthquake.usgs.gov/earthquakes/feed/v1.0/detail/hv72844217.geojson","felt":0,"cdi":1,"mmi":null,"alert":null,"status":"automatic","tsunami":0,"sig":72,"net":"hv","code":"72844217","ids":",hv72844217,us6000gevg,","sources":",hv,us,","types":",dyfi,origin,phase-data,","nst":41,"dmin":null,"rms":0.109999999,"gap":106,"magType":"ml","type":"earthquake","title":"M 2.2 - 4 km SSW of Pāhala, Hawaii"},"geometry":{"type":"Point","coordinates":[-155.493499755859,19.1655006408691,35.3899993896484]},"id":"hv72844217"},
{"type":"Feature","properties":{"mag":1,"place":"22 km S of Gabbs, Nevada","time":1640282153986,"updated":1640293660275,"tz":null,"url":"https://earthquake.usgs.gov/earthquakes/eventpage/nn00830422","detail":"https://earthquake.usgs.gov/earthquakes/feed/v1.0/detail/nn00830422.geojson","felt":null,"cdi":null,"mmi":null,"alert":null,"status":"reviewed","tsunami":0,"sig":15,"net":"nn","code":"00830422","ids":",nn00830422,","sources":",nn,","types":",origin,phase-data,","nst":10,"dmin":0.292,"rms":0.0904,"gap":176.17,"magType":"ml","type":"earthquake","title":"M 1.0 - 22 km S of Gabbs, Nevada"},"geometry":{"type":"Point","coordinates":[-117.9313,38.6664,6.1]},"id":"nn00830422"},
{"type":"Feature","properties":{"mag":1.4,"place":"23 km NNW of Fishhook, Alaska","time":1640282115446,"updated":1640282294826,"tz":null,"url":"https://earthquake.usgs.gov/earthquakes/eventpage/ak021gepb35k","detail":"https://earthquake.usgs.gov/earthquakes/feed/v1.0/detail/ak021gepb35k.geojson","felt":null,"cdi":null,"mmi":null,"alert":null,"status":"automatic","tsunami":0,"sig":30,"net":"ak","code":"021gepb35k","ids":",ak021gepb35k,","sources":",ak,","types":",origin,","nst":null,"dmin":null,"rms":0.29,"gap":null,"magType":"ml","type":"earthquake","title":"M 1.4 - 23 km NNW of Fishhook, Alaska"},"geometry":{"type":"Point","coordinates":[-149.3811,61.9449,25.8]},"id":"ak021gepb35k"},
{"type":"Feature","properties":{"mag":1.07,"place":"6km NNW of The Geysers, CA","time":1640282036900,"updated":1640294410936,"tz":null,"url":"https://earthquake.usgs.gov/earthquakes/eventpage/nc73668101","detail":"https://earthquake.usgs.gov/earthquakes/feed/v1.0/detail/nc73668101.geojson","felt":null,"cdi":null,"mmi":null,"alert":null,"status":"reviewed","tsunami":0,"sig":18,"net":"nc","code":"73668101","ids":",nc73668101,","sources":",nc,","types":",nearby-cities,origin,phase-data,scitech-link,","nst":32,"dmin":0.01158,"rms":0.04,"gap":34,"magType":"md","type":"earthquake","title":"M 1.1 - 6km NNW of The Geysers, CA"},"geometry":{"type":"Point","coordinates":[-122.7906667,38.8218333,0.58]},"id":"nc73668101"},
{"type":"Feature","properties":{"mag":2.58,"place":"4km NW of The Geysers, CA","time":1640281822910,"updated":1640291651128,"tz":null,"url":"https://earthquake.usgs.gov/earthquakes/eventpage/nc73668096","detail":"https://earthquake.usgs.gov/earthquakes/feed/v1.0/detail/nc73668096.geojson","felt":null,"cdi":null,"mmi":null,"alert":null,"status":"automatic","tsunami":0,"sig":102,"net":"nc","code":"73668096","ids":",nc73668096,","sources":",nc,","types":",nearby-cities,origin,phase-data,scitech-link,","nst":27,"dmin":0.007988,"rms":0.18,"gap":57,"magType":"md","type":"earthquake","title":"M 2.6 - 4km NW of The Geysers, CA"},"geometry":{"type":"Point","coordinates":[-122.7884979,38.8019981,0.37]},"id":"nc73668096"},
{"type":"Feature","properties":{"mag":0.78,"place":"14km N of Borrego Springs, CA","time":1640280393120,"updated":1640280605958,"tz":null,"url":"https://earthquake.usgs.gov/earthquakes/eventpage/ci39895135","detail":"https://earthquake.usgs.gov/earthquakes/feed/v1.0/detail/ci39895135.geojson","felt":null,"cdi":null,"mmi":null,"alert":null,"status":"automatic","tsunami":0,"sig":9,"net":"ci","code":"39895135","ids":",ci39895135,","sources":",ci,","types":",nearby-cities,origin,phase-data,scitech-link,","nst":17,"dmin":0.06455,"rms":0.29,"gap":77,"magType":"ml","type":"earthquake","title":"M 0.8 - 14km N of Borrego Springs, CA"},"geometry":{"type":"Point","coordinates":[-116.3813333,33.3861667,9.78]},"id":"ci39895135"},
{"type":"Feature","properties":{"mag":1.14,"place":"3km NNW of Palomar Observatory, CA","time":1640279777690,"updated":1640280447920,"tz":null,"url":"https://earthquake.usgs.gov/earthquakes/eventpage/ci39895127","detail":"https://earthquake.usgs.gov/earthquakes/feed/v1.0/detail/ci39895127.geojson","felt":null,"cdi":null,"mmi":null,"alert":null,"status":"automatic","tsunami":0,"sig":20,"net":"ci","code":"39895127","ids":",ci39895127,","sources":",ci,","types":",focal-mechanism,nearby-cities,origin,phase-data,scitech-link,","nst":46,"dmin":0.02929,"rms":0.24,"gap":30,"magType":"ml","type":"earthquake","title":"M 1.1 - 3km NNW of Palomar Observatory, CA"},"geometry":{"type":"Point","coordinates":[-116.878,33.38,4.99]},"id":"ci39895127"},
{"type":"Feature","properties":{"mag":1.47,"place":"3km E of San Leandro, CA","time":1640279493910,"updated":1640288950749,"tz":null,"url":"https://earthquake.usgs.gov/earthquakes/eventpage/nc73668091","detail":"https://earthquake.usgs.gov/earthquakes/feed/v1.0/detail/nc73668091.geojson","felt":null,"cdi":null,"mmi":null,"alert":null,"status":"automatic","tsunami":0,"sig":33,"net":"nc","code":"73668091","ids":",nc73668091,","sources":",nc,","types":",nearby-cities,origin,phase-data,scitech-link,","nst":6,"dmin":0.003303,"rms":0.01,"gap":178,"magType":"md","type":"earthquake","title":"M 1.5 - 3km E of San Leandro, CA"},"geometry":{"type":"Point","coordinates":[-122.1230011,37.725666,4]},"id":"nc73668091"},
{"type":"Feature","properties":{"mag":1.99,"place":"2km NNW of Palomar Observatory, CA","time":1640279129400,"updated":1640279782770,"tz":null,"url":"https://earthquake.usgs.gov/earthquakes/eventpage/ci39895111","detail":"https://earthquake.usgs.gov/earthquakes/feed/v1.0/detail/ci39895111.geojson","felt":null,"cdi":null,"mmi":null,"alert":null,"status":"automatic","tsunami":0,"sig":61,"net":"ci","code":"39895111","ids":",ci39895111,","sources":",ci,","types":",focal-mechanism,nearby-cities,origin,phase-data,scitech-link,","nst":63,"dmin":0.02472,"rms":0.26,"gap":25,"magType":"ml","type":"earthquake","title":"M 2.0 - 2km NNW of Palomar Observatory, CA"},"geometry":{"type":"Point","coordinates":[-116.8753333,33.376,4.31]},"id":"ci39895111"},
{"type":"Feature","properties":{"mag":1.58,"place":"14km SSW of Searles Valley, CA","time":1640278730330,"updated":1640364685070,"tz":null,"url":"https://earthquake.usgs.gov/earthquakes/eventpage/ci39895095","detail":"https://earthquake.usgs.gov/earthquakes/feed/v1.0/detail/ci39895095.geojson","felt":null,"cdi":null,"mmi":null,"alert":null,"status":"reviewed","tsunami":0,"sig":38,"net":"ci","code":"39895095","ids":",ci39895095,","sources":",ci,","types":",focal-mechanism,nearby-cities,origin,phase-data,scitech-link,","nst":19,"dmin":0.07278,"rms":0.19,"gap":143,"magType":"ml","type":"earthquake","title":"M 1.6 - 14km SSW of Searles Valley, CA"},"geometry":{"type":"Point","coordinates":[-117.4843333,35.6571667,6.84]},"id":"ci39895095"},
{"type":"Feature","properties":{"mag":2.39,"place":"11km SSE of Huron, CA","time":1640277690590,"updated":1640283972358,"tz":null,"url":"https://earthquake.usgs.gov/earthquakes/eventpage/nc73668081","detail":"https://earthquake.usgs.gov/earthquakes/feed/v1.0/detail/nc73668081.geojson","felt":null,"cdi":null,"mmi":null,"alert":null,"status":"automatic","tsunami":0,"sig":88,"net":"nc","code":"73668081","ids":",nc73668081,","sources":",nc,","types":",focal-mechanism,nearby-cities,origin,phase-data,scitech-link,","nst":26,"dmin":0.2061,"rms":0.18,"gap":124,"magType":"md","type":"earthquake","title":"M 2.4 - 11km SSE of Huron, CA"},"geometry":{"type":"Point","coordinates":[-120.0686646,36.1116676,7.26]},"id":"nc73668081"},
{"type":"Feature","properties":{"mag":1.88,"place":"5km NW of The Geysers, CA","time":1640277602910,"updated":1640283074257,"tz":null,"url":"https://earthquake.usgs.gov/earthquakes/eventpage/nc73668071","detail":"https://earthquake.usgs.gov/earthquakes/feed/v1.0/detail/nc73668071.geojson","felt":null,"cdi":null,"mmi":null,"alert":null,"status":"automatic","tsunami":0,"sig":54,"net":"nc","code":"73668071","ids":",nc73668071,","sources":",nc,","types":",nearby-cities,origin,phase-data,scitech-link,","nst":8,"dmin":0.003596,"rms":0.06,"gap":110,"magType":"md","type":"earthquake","title":"M 1.9 - 5km NW of The Geysers, CA"},"geometry":{"type":"Point","coordinates":[-122.793663,38.8113327,0.67]},"id":"nc73668071"},
{"type":"Feature","properties":{"mag":1.89,"place":"7 km SSW of Pāhala, Hawaii","time":1640277550360,"updated":1640288652770,"tz":null,"url":"https://earthquake.usgs.gov/earthquakes/eventpage/hv72844187","detail":"https://earthquake.usgs.gov/earthquakes/feed/v1.0/detail/hv72844187.geojson","felt":null,"cdi":null,"mmi":null,"alert":null,"status":"reviewed","tsunami":0,"sig":55,"net":"hv","code":"72844187","ids":",hv72844187,","sources":",hv,","types":",origin,phase-data,","nst":24,"dmin":null,"rms":0.11,"gap":149,"magType":"md","type":"earthquake","title":"M 1.9 - 7 km SSW of Pāhala, Hawaii"},"geometry":{"type":"Point","coordinates":[-155.508,19.1386666666667,34.15]},"id":"hv72844187"},
{"type":"Feature","properties":{"mag":2.5,"place":"65 km NNE of Chalkyitsik, Alaska","time":1640277426974,"updated":1640286296040,"tz":null,"url":"https://earthquake.usgs.gov/earthquakes/eventpage/us6000geuy","detail":"https://earthquake.usgs.gov/earthquakes/feed/v1.0/detail/us6000geuy.geojson","felt":null,"cdi":null,"mmi":null,"alert":null,"status":"reviewed","tsunami":0,"sig":96,"net":"us","code":"6000geuy","ids":",us6000geuy,","sources":",us,","types":",origin,phase-data,","nst":null,"dmin":0.647,"rms":0.82,"gap":81,"magType":"ml","type":"earthquake","title":"M 2.5 - 65 km NNE of Chalkyitsik, Alaska"},"geometry":{"type":"Point","coordinates":[-143.0157,67.1721,12.75]},"id":"us6000geuy"},
{"type":"Feature","properties":{"mag":1.29,"place":"14km W of Searles Valley, CA","time":1640277281220,"updated":1640277927360,"tz":null,"url":"https://earthquake.usgs.gov/earthquakes/eventpage/ci39895071","detail":"https://earthquake.usgs.gov/earthquakes/feed/v1.0/detail/ci39895071.geojson","felt":null,"cdi":null,"mmi":null,"alert":null,"status":"automatic","tsunami":0,"sig":26,"net":"ci","code":"39895071","ids":",ci39895071,","sources":",ci,","types":",focal-mechanism,nearby-cities,origin,phase-data,scitech-link,","nst":13,"dmin":0.06209,"rms":0.18,"gap":133,"magType":"ml","type":"earthquake","title":"M 1.3 - 14km W of Searles Valley, CA"},"geometry":{"type":"Point","coordinates":[-117.5648333,35.7595,6.97]},"id":"ci39895071"},
{"type":"Feature","properties":{"mag":1.21,"place":"14 km SSE of Sunnyside, Utah","time":1640276938830,"updated":1640290578050,"tz":null,"url":"https://earthquake.usgs.gov/earthquakes/eventpage/uu60473082","detail":"https://earthquake.usgs.gov/earthquakes/feed/v1.0/detail/uu60473082.geojson","felt":null,"cdi":null,"mmi":null,"alert":null,"status":"reviewed","tsunami":0,"sig":23,"net":"uu","code":"60473082","ids":",uu60473082,","sources":",uu,","types":",origin,phase-data,","nst":4,"dmin":0.003425,"rms":0.03,"gap":191,"magType":"md","type":"earthquake","title":"M 1.2 - 14 km SSE of Sunnyside, Utah"},"geometry":{"type":"Point","coordinates":[-110.3221667,39.4266667,-1.16]},"id":"uu60473082"},
{"type":"Feature","properties":{"mag":2.47,"place":"40km W of Petrolia, CA","time":1640276733700,"updated":1640699890939,"tz":null,"url":"https://earthquake.usgs.gov/earthquakes/eventpage/nc73668066","detail":"https://earthquake.usgs.gov/earthquakes/feed/v1.0/detail/nc73668066.geojson","felt":null,"cdi":null,"mmi":null,"alert":null,"status":"reviewed","tsunami":0,"sig":94,"net":"nc","code":"73668066","ids":",nc73668066,","sources":",nc,","types":",nearby-cities,origin,phase-data,scitech-link,","nst":29,"dmin":0.3649,"rms":0.21,"gap":234,"magType":"md","type":"earthquake","title":"M 2.5 - 40km W of Petrolia, CA"},"geometry":{"type":"Point","coordinates":[-124.7586667,40.3031667,10.89]},"id":"nc73668066"},
{"type":"Feature","properties":{"mag":2.1,"place":"60 km SE of Pope-Vannoy Landing, Alaska","time":1640276672481,"updated":1640285590040,"tz":null,"url":"https://earthquake.usgs.gov/earthquakes/eventpage/ak021geoj1om","detail":"https://earthquake.usgs.gov/earthquakes/feed/v1.0/detail/ak021geoj1om.geojson","felt":null,"cdi":null,"mmi":null,"alert":null,"status":"automatic","tsunami":0,"sig":68,"net":"ak","code":"021geoj1om","ids":",us6000geuq,ak021geoj1om,","sources":",us,ak,","types":",origin,phase-data,","nst":null,"dmin":null,"rms":0.82,"gap":null,"magType":"ml","type":"earthquake","title":"M 2.1 - 60 km SE of Pope-Vannoy Landing, Alaska"},"geometry":{"type":"Point","coordinates":[-153.7035,59.193,106.1]},"id":"ak021geoj1om"},
{"type":"Feature","properties":{"mag":1.73,"place":"14 km SSE of Sunnyside, Utah","time":1640275430260,"updated":1640277061980,"tz":null,"url":"https://earthquake.usgs.gov/earthquakes/eventpage/uu60473077","detail":"https://earthquake.usgs.gov/earthquakes/feed/v1.0/detail/uu60473077.geojson","felt":null,"cdi":null,"mmi":null,"alert":null,"status":"reviewed","tsunami":0,"sig":46,"net":"uu","code":"60473077","ids":",uu60473077,","sources":",uu,","types":",origin,phase-data,","nst":4,"dmin":0.001733,"rms":0.06,"gap":168,"magType":"md","type":"earthquake","title":"M 1.7 - 14 km SSE of Sunnyside, Utah"},"geometry":{"type":"Point","coordinates":[-110.325,39.4258333,-1.04]},"id":"uu60473077"},
{"type":"Feature","properties":{"mag":4,"place":"26 km SSW of Chimoré, Bolivia","time":1640275320360,"updated":1640325209040,"tz":null,"url":"https://earthquake.usgs.gov/earthquakes/eventpage/us6000geul","detail":"https://earthquake.usgs.gov/earthquakes/feed/v1.0/detail/us6000geul.geojson","felt":null,"cdi":null,"mmi":null,"alert":null,"status":"reviewed","tsunami":0,"sig":246,"net":"us","code":"6000geul","ids":",us6000geul,","sources":",us,","types":",origin,phase-data,","nst":null,"dmin":2.917,"rms":0.98,"gap":128,"magType":"mb","type":"earthquake","title":"M 4.0 - 26 km SSW of Chimoré, Bolivia"},"geometry":{"type":"Point","coordinates":[-65.2422,-17.2176,53.17]},"id":"us6000geul"},
{"type":"Feature","properties":{"mag":1.6,"place":"11 km ENE of Fox, Alaska","time":1640275122262,"updated":1640275883109,"tz":null,"url":"https://earthquake.usgs.gov/earthquakes/eventpage/ak021geo4x6j","detail":"https://earthquake.usgs.gov/earthquakes/feed/v1.0/detail/ak021geo4x6j.geojson","felt":null,"cdi":null,"mmi":null,"alert":null,"status":"automatic","tsunami":0,"sig":39,"net":"ak","code":"021geo4x6j","ids":",ak021geo4x6j,","sources":",ak,","types":",origin,","nst":null,"dmin":null,"rms":1.68,"gap":null,"magType":"ml","type":"earthquake","title":"M 1.6 - 11 km ENE of Fox, Alaska"},"geometry":{"type":"Point","coordinates":[-147.4059,65.0064,5.3]},"id":"ak021geo4x6j"},
{"type":"Feature","properties":{"mag":2.8,"place":"61 km NE of Cruz Bay, U.S. Virgin Islands","time":1640275077775,"updated":1640277575040,"tz":null,"url":"https://earthquake.usgs.gov/earthquakes/eventpage/us6000geup","detail":"https://earthquake.usgs.gov/earthquakes/feed/v1.0/detail/us6000geup.geojson","felt":null,"cdi":null,"mmi":null,"alert":null,"status":"reviewed","tsunami":0,"sig":121,"net":"us","code":"6000geup","ids":",us6000geup,","sources":",us,","types":",origin,phase-data,","nst":null,"dmin":0.966,"rms":0.73,"gap":212,"magType":"ml","type":"earthquake","title":"M 2.8 - 61 km NE of Cruz Bay, U.S. Virgin Islands"},"geometry":{"type":"Point","coordinates":[-64.3479,18.6929,35]},"id":"us6000geup"},
{"type":"Feature","properties":{"mag":1.6,"place":"14 km WSW of Anchorage, Alaska","time":1640274678362,"updated":1640274860770,"tz":null,"url":"https://earthquake.usgs.gov/earthquakes/eventpage/ak021geo3db0","detail":"https://earthquake.usgs.gov/earthquakes/feed/v1.0/detail/ak021geo3db0.geojson","felt":null,"cdi":null,"mmi":null,"alert":null,"status":"automatic","tsunami":0,"sig":39,"net":"ak","code":"021geo3db0","ids":",ak021geo3db0,","sources":",ak,","types":",origin,","nst":null,"dmin":null,"rms":0.69,"gap":null,"magType":"ml","type":"earthquake","title":"M 1.6 - 14 km WSW of Anchorage, Alaska"},"geometry":{"type":"Point","coordinates":[-150.1551,61.189,46]},"id":"ak021geo3db0"},
{"type":"Feature","properties":{"mag":1.89,"place":"25 km NW of Stanley, Idaho","time":1640274222980,"updated":1640275900780,"tz":null,"url":"https://earthquake.usgs.gov/earthquakes/eventpage/mb80534334","detail":"https://earthquake.usgs.gov/earthquakes/feed/v1.0/detail/mb80534334.geojson","felt":null,"cdi":null,"mmi":null,"alert":null,"status":"reviewed","tsunami":0,"sig":55,"net":"mb","code":"80534334","ids":",mb80534334,","sources":",mb,","types":",origin,phase-data,","nst":10,"dmin":0.924,"rms":0.26,"gap":82,"magType":"ml","type":"earthquake","title":"M 1.9 - 25 km NW of Stanley, Idaho"},"geometry":{"type":"Point","coordinates":[-115.1868333,44.3678333,8.74]},"id":"mb80534334"},
{"type":"Feature","properties":{"mag":1.84,"place":"7 km ENE of Nescatunga, Oklahoma","time":1640274137300,"updated":1640274370426,"tz":null,"url":"https://earthquake.usgs.gov/earthquakes/eventpage/ok2021zbqe","detail":"https://earthquake.usgs.gov/earthquakes/feed/v1.0/detail/ok2021zbqe.geojson","felt":null,"cdi":null,"mmi":null,"alert":null,"status":"automatic","tsunami":0,"sig":52,"net":"ok","code":"2021zbqe","ids":",ok2021zbqe,","sources":",ok,","types":",origin,phase-data,","nst":13,"dmin":0.1049067229,"rms":0.286359826,"gap":146.6855621,"magType":"ml","type":"earthquake","title":"M 1.8 - 7 km ENE of Nescatunga, Oklahoma"},"geometry":{"type":"Point","coordinates":[-98.07702637,36.77477264,5.282086372]},"id":"ok2021zbqe"},
{"type":"Feature","properties":{"mag":1.2,"place":"40 km SSW of South Van Horn, Alaska","time":1640272203248,"updated":1640274860611,"tz":null,"url":"https://earthquake.usgs.gov/earthquakes/eventpage/ak021genujs6","detail":"https://earthquake.usgs.gov/earthquakes/feed/v1.0/detail/ak021genujs6.geojson","felt":null,"cdi":null,"mmi":null,"alert":null,"status":"automatic","tsunami":0,"sig":22,"net":"ak","code":"021genujs6","ids":",ak021genujs6,","sources":",ak,","types":",origin,","nst":null,"dmin":null,"rms":0.5,"gap":null,"magType":"ml","type":"earthquake","title":"M 1.2 - 40 km SSW of South Van Horn, Alaska"},"geometry":{"type":"Point","coordinates":[-148.0864,64.4676,16.4]},"id":"ak021genujs6"},
{"type":"Feature","properties":{"mag":1.22,"place":"15km NE of Ridgecrest, CA","time":1640272107130,"updated":1640272314573,"tz":null,"url":"https://earthquake.usgs.gov/earthquakes/eventpage/ci39895015","detail":"https://earthquake.usgs.gov/earthquakes/feed/v1.0/detail/ci39895015.geojson","felt":null,"cdi":null,"mmi":null,"alert":null,"status":"automatic","tsunami":0,"sig":23,"net":"ci","code":"39895015","ids":",ci39895015,","sources":",ci,","types":",nearby-cities,origin,phase-data,scitech-link,","nst":19,"dmin":0.1213,"rms":0.18,"gap":132,"magType":"ml","type":"earthquake","title":"M 1.2 - 15km NE of Ridgecrest, CA"},"geometry":{"type":"Point","coordinates":[-117.5476667,35.7011667,2.16]},"id":"ci39895015"},
{"type":"Feature","properties":{"mag":0.6,"place":"9 km SE of Nixon, Nevada","time":1640272079500,"updated":1640285871703,"tz":null,"url":"https://earthquake.usgs.gov/earthquakes/eventpage/nn00830416","detail":"https://earthquake.usgs.gov/earthquakes/feed/v1.0/detail/nn00830416.geojson","felt":null,"cdi":null,"mmi":null,"alert":null,"status":"reviewed","tsunami":0,"sig":6,"net":"nn","code":"00830416","ids":",nn00830416,","sources":",nn,","types":",origin,phase-data,","nst":5,"dmin":0.088,"rms":0.0656,"gap":152.83,"magType":"ml","type":"earthquake","title":"M 0.6 - 9 km SE of Nixon, Nevada"},"geometry":{"type":"Point","coordinates":[-119.2927,39.7615,14.3]},"id":"nn00830416"},
{"type":"Feature","properties":{"mag":1.8,"place":"33 km S of Denali National Park, Alaska","time":1640271653091,"updated":1640272155316,"tz":null,"url":"https://earthquake.usgs.gov/earthquakes/eventpage/ak021gensigt","detail":"https://earthquake.usgs.gov/earthquakes/feed/v1.0/detail/ak021gensigt.geojson","felt":null,"cdi":null,"mmi":null,"alert":null,"status":"automatic","tsunami":0,"sig":50,"net":"ak","code":"021gensigt","ids":",ak021gensigt,","sources":",ak,","types":",origin,","nst":null,"dmin":null,"rms":0.86,"gap":null,"magType":"ml","type":"earthquake","title":"M 1.8 - 33 km S of Denali National Park, Alaska"},"geometry":{"type":"Point","coordinates":[-151.7816,63.2454,0]},"id":"ak021gensigt"},
{"type":"Feature","properties":{"mag":2.29,"place":"3 km SSW of Pāhala, Hawaii","time":1640271507540,"updated":1640277604040,"tz":null,"url":"https://earthquake.usgs.gov/earthquakes/eventpage/hv72844142","detail":"https://earthquake.usgs.gov/earthquakes/feed/v1.0/detail/hv72844142.geojson","felt":null,"cdi":null,"mmi":null,"alert":null,"status":"automatic","tsunami":0,"sig":81,"net":"hv","code":"72844142","ids":",us6000geu8,hv72844142,","sources":",us,hv,","types":",origin,phase-data,","nst":41,"dmin":null,"rms":0.100000001,"gap":86,"magType":"ml","type":"earthquake","title":"M 2.3 - 3 km SSW of Pāhala, Hawaii"},"geometry":{"type":"Point","coordinates":[-155.485000610352,19.1738338470459,35.6199989318848]},"id":"hv72844142"},
{"type":"Feature","properties":{"mag":1.13,"place":"40 km SW of Dillon, Montana","time":1640269626590,"updated":1640275323240,"tz":null,"url":"https://earthquake.usgs.gov/earthquakes/eventpage/mb80534344","detail":"https://earthquake.usgs.gov/earthquakes/feed/v1.0/detail/mb80534344.geojson","felt":null,"cdi":null,"mmi":null,"alert":null,"status":"reviewed","tsunami":0,"sig":20,"net":"mb","code":"80534344","ids":",mb80534344,","sources":",mb,","types":",origin,phase-data,","nst":7,"dmin":0.487,"rms":0.15,"gap":170,"magType":"ml","type":"earthquake","title":"M 1.1 - 40 km SW of Dillon, Montana"},"geometry":{"type":"Point","coordinates":[-113.0356667,44.9871667,4.04]},"id":"mb80534344"},
{"type":"Feature","properties":{"mag":1.86,"place":"21 km ENE of Honaunau-Napoopoo, Hawaii","time":1640269531480,"updated":1640285988300,"tz":null,"url":"https://earthquake.usgs.gov/earthquakes/eventpage/hv72844112","detail":"https://earthquake.usgs.gov/earthquakes/feed/v1.0/detail/hv72844112.geojson","felt":null,"cdi":null,"mmi":null,"alert":null,"status":"reviewed","tsunami":0,"sig":53,"net":"hv","code":"72844112","ids":",hv72844112,","sources":",hv,","types":",origin,phase-data,","nst":22,"dmin":null,"rms":0.1,"gap":91,"magType":"md","type":"earthquake","title":"M 1.9 - 21 km ENE of Honaunau-Napoopoo, Hawaii"},"geometry":{"type":"Point","coordinates":[-155.662166666667,19.5026666666667,3.5]},"id":"hv72844112"},
{"type":"Feature","properties":{"mag":1.1,"place":"41 km SSW of South Van Horn, Alaska","time":1640269410734,"updated":1640269560668,"tz":null,"url":"https://earthquake.usgs.gov/earthquakes/eventpage/ak021genbylt","detail":"https://earthquake.usgs.gov/earthquakes/feed/v1.0/detail/ak021genbylt.geojson","felt":null,"cdi":null,"mmi":null,"alert":null,"status":"automatic","tsunami":0,"sig":19,"net":"ak","code":"021genbylt","ids":",ak021genbylt,","sources":",ak,","types":",origin,","nst":null,"dmin":null,"rms":0.31,"gap":null,"magType":"ml","type":"earthquake","title":"M 1.1 - 41 km SSW of South Van Horn, Alaska"},"geometry":{"type":"Point","coordinates":[-148.075,64.4551,22.3]},"id":"ak021genbylt"},
{"type":"Feature","properties":{"mag":1.36,"place":"15km WNW of Progreso, B.C., MX","time":1640268959680,"updated":1640269168261,"tz":null,"url":"https://earthquake.usgs.gov/earthquakes/eventpage/ci39894967","detail":"https://earthquake.usgs.gov/earthquakes/feed/v1.0/detail/ci39894967.geojson","felt":null,"cdi":null,"mmi":null,"alert":null,"status":"automatic","tsunami":0,"sig":28,"net":"ci","code":"39894967","ids":",ci39894967,","sources":",ci,","types":",nearby-cities,origin,phase-data,scitech-link,","nst":13,"dmin":0.008777,"rms":0.19,"gap":148,"magType":"ml","type":"earthquake","title":"M 1.4 - 15km WNW of Progreso, B.C., MX"},"geometry":{"type":"Point","coordinates":[-115.7236667,32.6408333,8.51]},"id":"ci39894967"},
{"type":"Feature","properties":{"mag":4.5,"place":"65 km SW of San Carlos, Mexico","time":1640268804421,"updated":1640286411121,"tz":null,"url":"https://earthquake.usgs.gov/earthquakes/eventpage/us6000gett","detail":"https://earthquake.usgs.gov/earthquakes/feed/v1.0/detail/us6000gett.geojson","felt":1,"cdi":2.2,"mmi":null,"alert":null,"status":"reviewed","tsunami":0,"sig":312,"net":"us","code":"6000gett","ids":",us6000gett,","sources":",us,","types":",dyfi,origin,phase-data,","nst":null,"dmin":0.649,"rms":1.1,"gap":86,"magType":"mb","type":"earthquake","title":"M 4.5 - 65 km SW of San Carlos, Mexico"},"geometry":{"type":"Point","coordinates":[-111.5974,27.6285,10]},"id":"us6000gett"},
{"type":"Feature","properties":{"mag":1.1,"place":"11km SW of Searles Valley, CA","time":1640268655870,"updated":1640268877263,"tz":null,"url":"https://earthquake.usgs.gov/earthquakes/eventpage/ci39894951","detail":"https://earthquake.usgs.gov/earthquakes/feed/v1.0/detail/ci39894951.geojson","felt":null,"cdi":null,"mmi":null,"alert":null,"status":"automatic","tsunami":0,"sig":19,"net":"ci","code":"39894951","ids":",ci39894951,","sources":",ci,","types":",nearby-cities,origin,phase-data,scitech-link,","nst":12,"dmin":0.09937,"rms":0.18,"gap":148,"magType":"ml","type":"earthquake","title":"M 1.1 - 11km SW of Searles Valley, CA"},"geometry":{"type":"Point","coordinates":[-117.4733333,35.6856667,0.4]},"id":"ci39894951"},
{"type":"Feature","properties":{"mag":1.99000001,"place":"6 km E of Pāhala, Hawaii","time":1640268597100,"updated":1640268781390,"tz":null,"url":"https://earthquake.usgs.gov/earthquakes/eventpage/hv72844102","detail":"https://earthquake.usgs.gov/earthquakes/feed/v1.0/detail/hv72844102.geojson","felt":null,"cdi":null,"mmi":null,"alert":null,"status":"automatic","tsunami":0,"sig":61,"net":"hv","code":"72844102","ids":",hv72844102,","sources":",hv,","types":",origin,phase-data,","nst":38,"dmin":null,"rms":0.119999997,"gap":156,"magType":"md","type":"earthquake","title":"M 2.0 - 6 km E of Pāhala, Hawaii"},"geometry":{"type":"Point","coordinates":[-155.415161132812,19.19700050354,32.1300010681152]},"id":"hv72844102"},
{"type":"Feature","properties":{"mag":1.55,"place":"7km WSW of Shingletown, CA","time":1640268326660,"updated":1640796192234,"tz":null,"url":"https://earthquake.usgs.gov/earthquakes/eventpage/nc73667986","detail":"https://earthquake.usgs.gov/earthquakes/feed/v1.0/detail/nc73667986.geojson","felt":1,"cdi":2,"mmi":null,"alert":null,"status":"reviewed","tsunami":0,"sig":37,"net":"nc","code":"73667986","ids":",nc73667986,","sources":",nc,","types":",dyfi,nearby-cities,origin,phase-data,scitech-link,","nst":5,"dmin":0.1401,"rms":0.06,"gap":204,"magType":"md","type":"earthquake","title":"M 1.6 - 7km WSW of Shingletown, CA"},"geometry":{"type":"Point","coordinates":[-121.9718333,40.4755,13.31]},"id":"nc73667986"}],"bbox":[-179.974,-58.8036,-3.38,178.9348,85.1634,639.82]}