#group,false,false,false,false,true,true,true
#datatype,string,long,dateTime:RFC3339,double,string,string,string
#default,_result,,,,,,
,result,table,_time,_value,_field,_measurement,sensor_id
,,0,2026-09-20T00:39:54Z,0.49753553308484827,co,airSensors,TLM0100
,,0,2026-09-20T00:40:04Z,0.4876826307261053,co,airSensors,TLM0100
,,0,2026-09-20T00:40:14Z,0.49510505178138664,co,airSensors,TLM0100
,,0,2026-09-20T00:40:24Z,0.4828271804251238,co,airSensors,TLM0100
,,0,2026-09-20T00:40:34Z,0.47773094163169444,co,airSensors,TLM0100
,,0,2026-09-20T00:40:44Z,0.45890517731752717,co,airSensors,TLM0100
,,0,2026-09-20T00:40:54Z,0.45940286109712175,co,airSensors,TLM0100
,,0,2026-09-20T00:41:04Z,0.4406779579408078,co,airSensors,TLM0100
,,0,2026-09-20T00:41:14Z,0.4262087938967904,co,airSensors,TLM0100
,,0,2026-09-20T00:41:24Z,0.406642873360349,co,airSensors,TLM0100
,,0,2026-09-20T00:41:34Z,0.42256815341339626,co,airSensors,TLM0100
,,0,2026-09-20T00:41:44Z,0.40580211215043027,co,airSensors,TLM0100
,,0,2026-09-20T00:41:54Z,0.41641594150749256,co,airSensors,TLM0100
,,0,2026-09-20T00:42:04Z,0.40068379441481294,co,airSensors,TLM0100
,,0,2026-09-20T00:42:14Z,0.38169028813070377,co,airSensors,TLM0100
,,0,2026-09-20T00:42:24Z,0.37969864711740786,co,airSensors,TLM0100
,,0,2026-09-20T00:42:34Z,0.3675621999188078,co,airSensors,TLM0100
,,0,2026-09-20T00:42:44Z,0.3664645126980419,co,airSensors,TLM0100
,,0,2026-09-20T00:42:54Z,0.351394543166257,co,airSensors,TLM0100
,,0,2026-09-20T00:43:04Z,0.36156786702403815,co,airSensors,TLM0100
,,0,2026-09-20T00:43:14Z,0.3553779928806258,co,airSensors,TLM0100
,,0,2026-09-20T00:43:24Z,0.35706440051649585,co,airSensors,TLM0100
,,0,2026-09-20T00:43:34Z,0.34952014172493556,co,airSensors,TLM0100
,,0,2026-09-20T00:43:44Z,0.345522923890609,co,airSensors,TLM0100
,,0,2026-09-20T00:43:54Z,0.33438429429430094,co,airSensors,TLM0100
,,0,2026-09-20T00:44:04Z,0.33084128436509846,co,airSensors,TLM0100
,,0,2026-09-20T00:44:14Z,0.3391271084573334,co,airSensors,TLM0100
,,0,2026-09-20T00:44:24Z,0.358055231760808,co,airSensors,TLM0100
,,0,2026-09-20T00:44:34Z,0.3412041858546878,co,airSensors,TLM0100
,,0,2026-09-20T00:44:44Z,0.32842659728708273,co,airSensors,TLM0100
,,0,2026-09-20T00:44:54Z,0.3196095286535644,co,airSensors,TLM0100
,,0,2026-09-20T00:45:04Z,0.33469779460286186,co,airSensors,TLM0100
,,0,2026-09-20T00:45:14Z,0.3433243837167257,co,airSensors,TLM0100
,,0,2026-09-20T00:45:24Z,0.3589959835482064,co,airSensors,TLM0100
,,0,2026-09-20T00:45:34Z,0.3474832385646899,co,airSensors,TLM0100
,,0,2026-09-20T00:45:44Z,0.34902476219048284,co,airSensors,TLM0100
,,0,2026-09-20T00:45:54Z,0.35986420387103146,co,airSensors,TLM0100
,,0,2026-09-20T00:46:04Z,0.35519551717634,co,airSensors,TLM0100
,,0,2026-09-20T00:46:14Z,0.3375642190171564,co,airSensors,TLM0100
,,0,2026-09-20T00:46:24Z,0.3476474710491918,co,airSensors,TLM0100
,,0,2026-09-20T00:46:34Z,0.35316826746406815,co,airSensors,TLM0100
,,0,2026-09-20T00:46:44Z,0.36352496748841256,co,airSensors,TLM0100
,,0,2026-09-20T00:46:54Z,0.3582012761441495,co,airSensors,TLM0100
,,0,2026-09-20T00:47:04Z,0.3385614257863234,co,airSensors,TLM0100
,,0,2026-09-20T00:47:14Z,0.35287288932913397,co,airSensors,TLM0100
,,0,2026-09-20T00:47:24Z,0.33422706224040877,co,airSensors,TLM0100
,,0,2026-09-20T00:47:34Z,0.3211203369357997,co,airSensors,TLM0100
,,0,2026-09-20T00:47:44Z,0.32342839599289697,co,airSensors,TLM0100
,,0,2026-09-20T00:47:54Z,0.32941230239783414,co,airSensors,TLM0100
,,0,2026-09-20T00:48:04Z,0.3198713967142091,co,airSensors,TLM0100
,,0,2026-09-20T00:48:14Z,0.33710112156389166,co,airSensors,TLM0100
,,0,2026-09-20T00:48:24Z,0.3241073084671379,co,airSensors,TLM0100
,,0,2026-09-20T00:48:34Z,0.33685724720863014,co,airSensors,TLM0100
,,0,2026-09-20T00:48:44Z,0.3538920710386846,co,airSensors,TLM0100
,,0,2026-09-20T00:48:54Z,0.37102739097653364,co,airSensors,TLM0100
,,0,2026-09-20T00:49:04Z,0.37986565314922205,co,airSensors,TLM0100
,,0,2026-09-20T00:49:14Z,0.371630649534564,co,airSensors,TLM0100
,,0,2026-09-20T00:49:24Z,0.37547045603850226,co,airSensors,TLM0100
,,0,2026-09-20T00:49:34Z,0.37249065113718177,co,airSensors,TLM0100
,,0,2026-09-20T00:49:44Z,0.3627794324449643,co,airSensors,TLM0100
,,0,2026-09-20T00:49:54Z,0.3660365152951928,co,airSensors,TLM0100
,,0,2026-09-20T00:50:04Z,0.36012024281012067,co,airSensors,TLM0100
,,0,2026-09-20T00:50:14Z,0.3446761601277501,co,airSensors,TLM0100
,,0,2026-09-20T00:50:24Z,0.3527432844977786,co,airSensors,TLM0100
,,0,2026-09-20T00:50:34Z,0.3414219651732921,co,airSensors,TLM0100
,,0,2026-09-20T00:50:44Z,0.35405208349489803,co,airSensors,TLM0100
,,0,2026-09-20T00:50:54Z,0.3501989621629239,co,airSensors,TLM0100
,,0,2026-09-20T00:51:04Z,0.3543525263011292,co,airSensors,TLM0100
,,0,2026-09-20T00:51:14Z,0.36251796011378207,co,airSensors,TLM0100
,,0,2026-09-20T00:51:24Z,0.35983592057404107,co,airSensors,TLM0100
,,0,2026-09-20T00:51:34Z,0.3567712006907901,co,airSensors,TLM0100
,,0,2026-09-20T00:51:44Z,0.3454661060614082,co,airSensors,TLM0100
,,0,2026-09-20T00:51:54Z,0.35103103213199593,co,airSensors,TLM0100
,,0,2026-09-20T00:52:04Z,0.36627601199699034,co,airSensors,TLM0100
,,0,2026-09-20T00:52:14Z,0.3668289479962828,co,airSensors,TLM0100
,,0,2026-09-20T00:52:24Z,0.355384426937764,co,airSensors,TLM0100
,,0,2026-09-20T00:52:34Z,0.3686405011777177,co,airSensors,TLM0100
,,0,2026-09-20T00:52:44Z,0.37360508182822055,co,airSensors,TLM0100
,,0,2026-09-20T00:52:54Z,0.370587657476747,co,airSensors,TLM0100
,,0,2026-09-20T00:53:04Z,0.37504624040309,co,airSensors,TLM0100
,,0,2026-09-20T00:53:14Z,0.3641629792894088,co,airSensors,TLM0100
,,0,2026-09-20T00:53:24Z,0.3757235611664678,co,airSensors,TLM0100
,,0,2026-09-20T00:53:34Z,0.37509473300750884,co,airSensors,TLM0100
,,0,2026-09-20T00:53:44Z,0.39406183467129197,co,airSensors,TLM0100
,,0,2026-09-20T00:53:54Z,0.3987808565317459,co,airSensors,TLM0100
,,0,2026-09-20T00:54:04Z,0.40407600436327606,co,airSensors,TLM0100
,,0,2026-09-20T00:54:14Z,0.4229904978802428,co,airSensors,TLM0100
,,0,2026-09-20T00:54:24Z,0.4156483764886951,co,airSensors,TLM0100
,,0,2026-09-20T00:54:34Z,0.4028615795399355,co,airSensors,TLM0100
,,0,2026-09-20T00:54:44Z,0.4056423698606279,co,airSensors,TLM0100
,,0,2026-09-20T00:54:54Z,0.4236236833525876,co,airSensors,TLM0100
,,0,2026-09-20T00:55:04Z,0.41170639371403867,co,airSensors,TLM0100
,,0,2026-09-20T00:55:14Z,0.41481308786744764,co,airSensors,TLM0100
,,0,2026-09-20T00:55:24Z,0.4019386276656356,co,airSensors,TLM0100
,,0,2026-09-20T00:55:34Z,0.4022108009055109,co,airSensors,TLM0100
,,0,2026-09-20T00:55:44Z,0.40260243258003436,co,airSensors,TLM0100
,,0,2026-09-20T00:55:54Z,0.39174980416361316,co,airSensors,TLM0100
,,0,2026-09-20T00:56:04Z,0.41014192342236755,co,airSensors,TLM0100
,,0,2026-09-20T00:56:14Z,0.4079211746161039,co,airSensors,TLM0100
,,0,2026-09-20T00:56:24Z,0.4227419060572861,co,airSensors,TLM0100
,,0,2026-09-20T00:56:34Z,0.43974256213228125,co,airSensors,TLM0100
,,0,2026-09-20T00:56:44Z,0.4524736922364722,co,airSensors,TLM0100
,,0,2026-09-20T00:56:54Z,0.45794080360114287,co,airSensors,TLM0100
,,0,2026-09-20T00:57:04Z,0.4740660350771762,co,airSensors,TLM0100
,,0,2026-09-20T00:57:14Z,0.4887847537009316,co,airSensors,TLM0100
,,0,2026-09-20T00:57:24Z,0.4886341007850081,co,airSensors,TLM0100
,,0,2026-09-20T00:57:34Z,0.49172133300460724,co,airSensors,TLM0100
,,0,2026-09-20T00:57:44Z,0.4981220068857744,co,airSensors,TLM0100
,,0,2026-09-20T00:57:54Z,0.4865520840747843,co,airSensors,TLM0100
,,0,2026-09-20T00:58:04Z,0.5063993131846966,co,airSensors,TLM0100
,,0,2026-09-20T00:58:14Z,0.515534451800529,co,airSensors,TLM0100
,,0,2026-09-20T00:58:24Z,0.5164110267523061,co,airSensors,TLM0100
,,0,2026-09-20T00:58:34Z,0.5056931770249253,co,airSensors,TLM0100
,,0,2026-09-20T00:58:44Z,0.4882049890362761,co,airSensors,TLM0100
,,0,2026-09-20T00:58:54Z,0.4975432559398571,co,airSensors,TLM0100
,,0,2026-09-20T00:59:04Z,0.48350516860783677,co,airSensors,TLM0100
,,0,2026-09-20T00:59:14Z,0.49795316839772336,co,airSensors,TLM0100
,,0,2026-09-20T00:59:24Z,0.5115201239121098,co,airSensors,TLM0100
,,0,2026-09-20T00:59:34Z,0.5172702879311901,co,airSensors,TLM0100
,,0,2026-09-20T00:59:44Z,0.529364540545668,co,airSensors,TLM0100
,,0,2026-09-20T00:59:54Z,0.5112789575495631,co,airSensors,TLM0100
,,0,2026-09-20T01:00:04Z,0.5243196200447707,co,airSensors,TLM0100
,,0,2026-09-20T01:00:14Z,0.5210993565094316,co,airSensors,TLM0100
,,0,2026-09-20T01:00:24Z,0.5360984468879653,co,airSensors,TLM0100
,,0,2026-09-20T01:00:34Z,0.5183861853185405,co,airSensors,TLM0100
,,0,2026-09-20T01:00:44Z,0.5249778554057676,co,airSensors,TLM0100
,,0,2026-09-20T01:00:54Z,0.5290624493909395,co,airSensors,TLM0100
,,0,2026-09-20T01:01:04Z,0.535350584948831,co,airSensors,TLM0100
,,0,2026-09-20T01:01:14Z,0.5321449839078288,co,airSensors,TLM0100
,,0,2026-09-20T01:01:24Z,0.5149803221752474,co,airSensors,TLM0100
,,0,2026-09-20T01:01:34Z,0.5178372597082721,co,airSensors,TLM0100
,,0,2026-09-20T01:01:44Z,0.5014749272480481,co,airSensors,TLM0100
,,0,2026-09-20T01:01:54Z,0.4939202161201265,co,airSensors,TLM0100
,,0,2026-09-20T01:02:04Z,0.4776333730958537,co,airSensors,TLM0100
,,0,2026-09-20T01:02:14Z,0.4791608494837201,co,airSensors,TLM0100
,,0,2026-09-20T01:02:24Z,0.48456611389153675,co,airSensors,TLM0100
,,0,2026-09-20T01:02:34Z,0.496674147041547,co,airSensors,TLM0100
,,0,2026-09-20T01:02:44Z,0.48914789456989655,co,airSensors,TLM0100
,,0,2026-09-20T01:02:54Z,0.4696141903846749,co,airSensors,TLM0100
,,0,2026-09-20T01:03:04Z,0.48362391734012017,co,airSensors,TLM0100
,,0,2026-09-20T01:03:14Z,0.49855040689880176,co,airSensors,TLM0100
,,0,2026-09-20T01:03:24Z,0.5138753500744001,co,airSensors,TLM0100
,,0,2026-09-20T01:03:34Z,0.5160163994269004,co,airSensors,TLM0100
,,0,2026-09-20T01:03:44Z,0.5020164788752721,co,airSensors,TLM0100
,,0,2026-09-20T01:03:54Z,0.520343730573372,co,airSensors,TLM0100
,,0,2026-09-20T01:04:04Z,0.5190332177470879,co,airSensors,TLM0100
,,0,2026-09-20T01:04:14Z,0.5355386111052445,co,airSensors,TLM0100
,,0,2026-09-20T01:04:24Z,0.548119215558259,co,airSensors,TLM0100
,,0,2026-09-20T01:04:34Z,0.5558408330237985,co,airSensors,TLM0100
,,0,2026-09-20T01:04:44Z,0.5581986853040535,co,airSensors,TLM0100
,,0,2026-09-20T01:04:54Z,0.5578881426336342,co,airSensors,TLM0100
,,0,2026-09-20T01:05:04Z,0.5453169543626498,co,airSensors,TLM0100
,,0,2026-09-20T01:05:14Z,0.564574609003898,co,airSensors,TLM0100
,,0,2026-09-20T01:05:24Z,0.5534875538880445,co,airSensors,TLM0100
,,0,2026-09-20T01:05:34Z,0.5516306288477641,co,airSensors,TLM0100
,,0,2026-09-20T01:05:44Z,0.5623144899590784,co,airSensors,TLM0100
,,0,2026-09-20T01:05:54Z,0.5576202789549403,co,airSensors,TLM0100
,,0,2026-09-20T01:06:04Z,0.5689672274897434,co,airSensors,TLM0100
,,0,2026-09-20T01:06:14Z,0.5636400364263097,co,airSensors,TLM0100
,,0,2026-09-20T01:06:24Z,0.5662726446068854,co,airSensors,TLM0100
,,0,2026-09-20T01:06:34Z,0.5523392657550598,co,airSensors,TLM0100
,,0,2026-09-20T01:06:44Z,0.5487294766027336,co,airSensors,TLM0100
,,0,2026-09-20T01:06:54Z,0.5395188667340677,co,airSensors,TLM0100
,,0,2026-09-20T01:07:04Z,0.5458217028158724,co,airSensors,TLM0100
,,0,2026-09-20T01:07:14Z,0.5301711147068447,co,airSensors,TLM0100
,,0,2026-09-20T01:07:24Z,0.5254147972706564,co,airSensors,TLM0100
,,0,2026-09-20T01:07:34Z,0.5330250670222682,co,airSensors,TLM0100
,,0,2026-09-20T01:07:44Z,0.5442253628583605,co,airSensors,TLM0100
,,0,2026-09-20T01:07:54Z,0.5330157496862935,co,airSensors,TLM0100
,,0,2026-09-20T01:08:04Z,0.5285730143355312,co,airSensors,TLM0100
,,0,2026-09-20T01:08:14Z,0.51530148183109,co,airSensors,TLM0100
,,0,2026-09-20T01:08:24Z,0.5058194307047097,co,airSensors,TLM0100
,,0,2026-09-20T01:08:34Z,0.5067074773447963,co,airSensors,TLM0100
,,0,2026-09-20T01:08:44Z,0.49610826050701395,co,airSensors,TLM0100
,,0,2026-09-20T01:08:54Z,0.48455388571163366,co,airSensors,TLM0100
,,0,2026-09-20T01:09:04Z,0.49277380905034907,co,airSensors,TLM0100
,,0,2026-09-20T01:09:14Z,0.4765840691539908,co,airSensors,TLM0100
,,0,2026-09-20T01:09:24Z,0.4619670025469048,co,airSensors,TLM0100
,,0,2026-09-20T01:09:34Z,0.449507893936653,co,airSensors,TLM0100
,,0,2026-09-20T01:09:44Z,0.4537021341659708,co,airSensors,TLM0100
,,0,2026-09-20T01:09:54Z,0.4508350097805284,co,airSensors,TLM0100
,,0,2026-09-20T01:10:04Z,0.45845935218337386,co,airSensors,TLM0100
,,0,2026-09-20T01:10:14Z,0.46205129057680305,co,airSensors,TLM0100
,,0,2026-09-20T01:10:24Z,0.45871446097821966,co,airSensors,TLM0100
,,0,2026-09-20T01:10:34Z,0.47353848543920096,co,airSensors,TLM0100
,,0,2026-09-20T01:10:44Z,0.4796056751783904,co,airSensors,TLM0100
,,0,2026-09-20T01:10:54Z,0.4848928227530023,co,airSensors,TLM0100
,,0,2026-09-20T01:11:04Z,0.4916303796865649,co,airSensors,TLM0100
,,0,2026-09-20T01:11:14Z,0.5052595151047528,co,airSensors,TLM0100
,,0,2026-09-20T01:11:24Z,0.48862444077708295,co,airSensors,TLM0100
,,0,2026-09-20T01:11:34Z,0.4913086889999796,co,airSensors,TLM0100
,,0,2026-09-20T01:11:44Z,0.4774942922457177,co,airSensors,TLM0100
,,0,2026-09-20T01:11:54Z,0.4576994132772877,co,airSensors,TLM0100
,,0,2026-09-20T01:12:04Z,0.44634220809414027,co,airSensors,TLM0100
,,0,2026-09-20T01:12:14Z,0.4624419320794764,co,airSensors,TLM0100
,,0,2026-09-20T01:12:24Z,0.46204088512041946,co,airSensors,TLM0100
,,0,2026-09-20T01:12:34Z,0.47307502175686633,co,airSensors,TLM0100
,,0,2026-09-20T01:12:44Z,0.47887559904319665,co,airSensors,TLM0100
,,0,2026-09-20T01:12:54Z,0.49040100221929767,co,airSensors,TLM0100
,,0,2026-09-20T01:13:04Z,0.47750965292232206,co,airSensors,TLM0100
,,0,2026-09-20T01:13:14Z,0.49398418854634096,co,airSensors,TLM0100
,,0,2026-09-20T01:13:24Z,0.4791147319152318,co,airSensors,TLM0100
,,0,2026-09-20T01:13:34Z,0.4693748392084793,co,airSensors,TLM0100
,,0,2026-09-20T01:13:44Z,0.4727667987970155,co,airSensors,TLM0100
,,0,2026-09-20T01:13:54Z,0.4529916891192394,co,airSensors,TLM0100
,,0,2026-09-20T01:14:04Z,0.43623485663695394,co,airSensors,TLM0100
,,0,2026-09-20T01:14:14Z,0.4437078376039924,co,airSensors,TLM0100
,,0,2026-09-20T01:14:24Z,0.4598281798849181,co,airSensors,TLM0100
,,0,2026-09-20T01:14:34Z,0.46190098650722605,co,airSensors,TLM0100
,,0,2026-09-20T01:14:44Z,0.4729324775640325,co,airSensors,TLM0100
,,0,2026-09-20T01:14:54Z,0.4567029220200909,co,airSensors,TLM0100
,,0,2026-09-20T01:15:04Z,0.450567162707029,co,airSensors,TLM0100
,,0,2026-09-20T01:15:14Z,0.448455491788429,co,airSensors,TLM0100
,,0,2026-09-20T01:15:24Z,0.45540454859649143,co,airSensors,TLM0100
,,0,2026-09-20T01:15:34Z,0.44564052850792657,co,airSensors,TLM0100
,,0,2026-09-20T01:15:44Z,0.443732934461755,co,airSensors,TLM0100
,,0,2026-09-20T01:15:54Z,0.42719091791587976,co,airSensors,TLM0100
,,0,2026-09-20T01:16:04Z,0.4311049578444154,co,airSensors,TLM0100
,,0,2026-09-20T01:16:14Z,0.4172771128051834,co,airSensors,TLM0100
,,0,2026-09-20T01:16:24Z,0.4159099692913449,co,airSensors,TLM0100
,,0,2026-09-20T01:16:34Z,0.40243636373937264,co,airSensors,TLM0100
,,0,2026-09-20T01:16:44Z,0.3970565951396492,co,airSensors,TLM0100
,,0,2026-09-20T01:16:54Z,0.3825855046415751,co,airSensors,TLM0100
,,0,2026-09-20T01:17:04Z,0.36467744858912216,co,airSensors,TLM0100
,,0,2026-09-20T01:17:14Z,0.3511141008123185,co,airSensors,TLM0100
,,0,2026-09-20T01:17:24Z,0.3612663109323292,co,airSensors,TLM0100
,,0,2026-09-20T01:17:34Z,0.35543089880563433,co,airSensors,TLM0100
,,0,2026-09-20T01:17:44Z,0.36171668128107115,co,airSensors,TLM0100
,,0,2026-09-20T01:17:54Z,0.3605174374735108,co,airSensors,TLM0100
,,0,2026-09-20T01:18:04Z,0.36679176126444263,co,airSensors,TLM0100
,,0,2026-09-20T01:18:14Z,0.3557722382960267,co,airSensors,TLM0100
,,0,2026-09-20T01:18:24Z,0.35861789494246277,co,airSensors,TLM0100
,,0,2026-09-20T01:18:34Z,0.3773676851405158,co,airSensors,TLM0100
,,0,2026-09-20T01:18:44Z,0.37507844535351914,co,airSensors,TLM0100
,,0,2026-09-20T01:18:54Z,0.3923111930669959,co,airSensors,TLM0100
,,0,2026-09-20T01:19:04Z,0.3872668584478738,co,airSensors,TLM0100
,,0,2026-09-20T01:19:14Z,0.40340371921618506,co,airSensors,TLM0100
,,0,2026-09-20T01:19:24Z,0.4224372038880624,co,airSensors,TLM0100
,,0,2026-09-20T01:19:34Z,0.4394576973424795,co,airSensors,TLM0100
,,0,2026-09-20T01:19:44Z,0.4450510404946947,co,airSensors,TLM0100
,,0,2026-09-20T01:19:54Z,0.42573247031383116,co,airSensors,TLM0100
,,0,2026-09-20T01:20:04Z,0.41569650097845745,co,airSensors,TLM0100
,,0,2026-09-20T01:20:14Z,0.3959757789998057,co,airSensors,TLM0100
,,0,2026-09-20T01:20:24Z,0.40045341951638425,co,airSensors,TLM0100
,,0,2026-09-20T01:20:34Z,0.4096437173430959,co,airSensors,TLM0100
,,0,2026-09-20T01:20:44Z,0.39935115275808275,co,airSensors,TLM0100
,,0,2026-09-20T01:20:54Z,0.4162207695656294,co,airSensors,TLM0100
,,0,2026-09-20T01:21:04Z,0.4310719362315041,co,airSensors,TLM0100
,,0,2026-09-20T01:21:14Z,0.44953221521163006,co,airSensors,TLM0100
,,0,2026-09-20T01:21:24Z,0.4352676655116336,co,airSensors,TLM0100
,,0,2026-09-20T01:21:34Z,0.452395175240026,co,airSensors,TLM0100
,,0,2026-09-20T01:21:44Z,0.4715647548197133,co,airSensors,TLM0100
,,0,2026-09-20T01:21:54Z,0.46441928588076337,co,airSensors,TLM0100
,,0,2026-09-20T01:22:04Z,0.46201027370380604,co,airSensors,TLM0100
,,0,2026-09-20T01:22:14Z,0.4595732595007684,co,airSensors,TLM0100
,,0,2026-09-20T01:22:24Z,0.4791529325583222,co,airSensors,TLM0100
,,0,2026-09-20T01:22:34Z,0.476842547099612,co,airSensors,TLM0100
,,0,2026-09-20T01:22:44Z,0.46239573977247095,co,airSensors,TLM0100
,,0,2026-09-20T01:22:54Z,0.44834739230234516,co,airSensors,TLM0100
,,0,2026-09-20T01:23:04Z,0.4554711286397967,co,airSensors,TLM0100
,,0,2026-09-20T01:23:14Z,0.44539596131931414,co,airSensors,TLM0100
,,0,2026-09-20T01:23:24Z,0.4374333916747266,co,airSensors,TLM0100
,,0,2026-09-20T01:23:34Z,0.4466046347490587,co,airSensors,TLM0100
,,0,2026-09-20T01:23:44Z,0.42942977278643674,co,airSensors,TLM0100
,,0,2026-09-20T01:23:54Z,0.4415688602049752,co,airSensors,TLM0100
,,0,2026-09-20T01:24:04Z,0.4375542903240005,co,airSensors,TLM0100
,,0,2026-09-20T01:24:14Z,0.4562744029719986,co,airSensors,TLM0100
,,0,2026-09-20T01:24:24Z,0.4395269342635004,co,airSensors,TLM0100
,,0,2026-09-20T01:24:34Z,0.44717846510283327,co,airSensors,TLM0100
,,0,2026-09-20T01:24:44Z,0.44525596953670155,co,airSensors,TLM0100
,,0,2026-09-20T01:24:54Z,0.45905526740244496,co,airSensors,TLM0100
,,0,2026-09-20T01:25:04Z,0.47533665631021393,co,airSensors,TLM0100
,,0,2026-09-20T01:25:14Z,0.4621834413228398,co,airSensors,TLM0100
,,0,2026-09-20T01:25:24Z,0.46365088673711274,co,airSensors,TLM0100
,,0,2026-09-20T01:25:34Z,0.4773378734342693,co,airSensors,TLM0100
,,0,2026-09-20T01:25:44Z,0.4669841381217022,co,airSensors,TLM0100
,,0,2026-09-20T01:25:54Z,0.4847706259368195,co,airSensors,TLM0100
,,0,2026-09-20T01:26:04Z,0.46489707287499343,co,airSensors,TLM0100
,,0,2026-09-20T01:26:14Z,0.48037629732526943,co,airSensors,TLM0100
,,0,2026-09-20T01:26:24Z,0.4685904902753599,co,airSensors,TLM0100
,,0,2026-09-20T01:26:34Z,0.47308771073657485,co,airSensors,TLM0100
,,0,2026-09-20T01:26:44Z,0.48891135120660695,co,airSensors,TLM0100
,,0,2026-09-20T01:26:54Z,0.5012234314369769,co,airSensors,TLM0100
,,0,2026-09-20T01:27:04Z,0.4989278044614812,co,airSensors,TLM0100
,,0,2026-09-20T01:27:14Z,0.4831956857541145,co,airSensors,TLM0100
,,0,2026-09-20T01:27:24Z,0.4845563810362098,co,airSensors,TLM0100
,,0,2026-09-20T01:27:34Z,0.4881895700554426,co,airSensors,TLM0100
,,0,2026-09-20T01:27:44Z,0.47089912060458305,co,airSensors,TLM0100
,,0,2026-09-20T01:27:54Z,0.4736848271618265,co,airSensors,TLM0100
,,0,2026-09-20T01:28:04Z,0.47236448677514736,co,airSensors,TLM0100
,,0,2026-09-20T01:28:14Z,0.4721806479003861,co,airSensors,TLM0100
,,0,2026-09-20T01:28:24Z,0.46486512340270836,co,airSensors,TLM0100
,,0,2026-09-20T01:28:34Z,0.48419709542971173,co,airSensors,TLM0100
,,0,2026-09-20T01:28:44Z,0.4780195967516686,co,airSensors,TLM0100
,,0,2026-09-20T01:28:54Z,0.46462276775244005,co,airSensors,TLM0100
,,0,2026-09-20T01:29:04Z,0.4657745594402848,co,airSensors,TLM0100
,,0,2026-09-20T01:29:14Z,0.48173381326585035,co,airSensors,TLM0100
,,0,2026-09-20T01:29:24Z,0.4727161237931375,co,airSensors,TLM0100
,,0,2026-09-20T01:29:34Z,0.47955301678176615,co,airSensors,TLM0100
,,0,2026-09-20T01:29:44Z,0.49796844114908495,co,airSensors,TLM0100
,,0,2026-09-20T01:29:54Z,0.4973300867353965,co,airSensors,TLM0100
,,0,2026-09-20T01:30:04Z,0.4863098667599358,co,airSensors,TLM0100
,,0,2026-09-20T01:30:14Z,0.49576484417297095,co,airSensors,TLM0100
,,0,2026-09-20T01:30:24Z,0.5060220694575993,co,airSensors,TLM0100
,,0,2026-09-20T01:30:34Z,0.5104812584163647,co,airSensors,TLM0100
,,0,2026-09-20T01:30:44Z,0.5284849094494819,co,airSensors,TLM0100
,,0,2026-09-20T01:30:54Z,0.5339335472171136,co,airSensors,TLM0100
,,0,2026-09-20T01:31:04Z,0.5513496108417769,co,airSensors,TLM0100
,,0,2026-09-20T01:31:14Z,0.5421589505489296,co,airSensors,TLM0100
,,0,2026-09-20T01:31:24Z,0.5578523880712449,co,airSensors,TLM0100
,,0,2026-09-20T01:31:34Z,0.5529027627067334,co,airSensors,TLM0100
,,0,2026-09-20T01:31:44Z,0.5489589167303369,co,airSensors,TLM0100
,,0,2026-09-20T01:31:54Z,0.5508066447495771,co,airSensors,TLM0100
,,0,2026-09-20T01:32:04Z,0.5642088620966106,co,airSensors,TLM0100
,,0,2026-09-20T01:32:14Z,0.5650688985479244,co,airSensors,TLM0100
,,0,2026-09-20T01:32:24Z,0.5784180746153706,co,airSensors,TLM0100
,,0,2026-09-20T01:32:34Z,0.5875284426872531,co,airSensors,TLM0100
,,0,2026-09-20T01:32:44Z,0.6005045691069331,co,airSensors,TLM0100
,,0,2026-09-20T01:32:54Z,0.6018854008509789,co,airSensors,TLM0100
,,0,2026-09-20T01:33:04Z,0.6172158349376887,co,airSensors,TLM0100
,,0,2026-09-20T01:33:14Z,0.5998236666764419,co,airSensors,TLM0100
,,0,2026-09-20T01:33:24Z,0.5802962644850594,co,airSensors,TLM0100
,,0,2026-09-20T01:33:34Z,0.5630030518100115,co,airSensors,TLM0100
,,0,2026-09-20T01:33:44Z,0.5658462978058995,co,airSensors,TLM0100
,,0,2026-09-20T01:33:54Z,0.5784508714510757,co,airSensors,TLM0100
,,0,2026-09-20T01:34:04Z,0.5817796300881345,co,airSensors,TLM0100
,,0,2026-09-20T01:34:14Z,0.600603622747804,co,airSensors,TLM0100
,,0,2026-09-20T01:34:24Z,0.5970704435854565,co,airSensors,TLM0100
,,0,2026-09-20T01:34:34Z,0.6073029163406362,co,airSensors,TLM0100
,,0,2026-09-20T01:34:44Z,0.6159215279630362,co,airSensors,TLM0100
,,0,2026-09-20T01:34:54Z,0.599763396649502,co,airSensors,TLM0100
,,0,2026-09-20T01:35:04Z,0.5967113244766422,co,airSensors,TLM0100
,,0,2026-09-20T01:35:14Z,0.6158018532652341,co,airSensors,TLM0100
,,0,2026-09-20T01:35:24Z,0.6056125071199163,co,airSensors,TLM0100
,,0,2026-09-20T01:35:34Z,0.595258265056062,co,airSensors,TLM0100
,,0,2026-09-20T01:35:44Z,0.6058307132081617,co,airSensors,TLM0100
,,0,2026-09-20T01:35:54Z,0.607050227110458,co,airSensors,TLM0100
,,0,2026-09-20T01:36:04Z,0.6228141315033857,co,airSensors,TLM0100
,,0,2026-09-20T01:36:14Z,0.6153428188654899,co,airSensors,TLM0100
,,0,2026-09-20T01:36:24Z,0.5964107095169974,co,airSensors,TLM0100
,,0,2026-09-20T01:36:34Z,0.6059504465398295,co,airSensors,TLM0100
,,0,2026-09-20T01:36:44Z,0.5859661376598213,co,airSensors,TLM0100
,,0,2026-09-20T01:36:54Z,0.5901653057052382,co,airSensors,TLM0100
,,0,2026-09-20T01:37:04Z,0.5890451506122135,co,airSensors,TLM0100
,,0,2026-09-20T01:37:14Z,0.5789678291234601,co,airSensors,TLM0100
,,0,2026-09-20T01:37:24Z,0.5749741585389364,co,airSensors,TLM0100
,,0,2026-09-20T01:37:34Z,0.5717098326145235,co,airSensors,TLM0100
,,0,2026-09-20T01:37:44Z,0.5619929584558646,co,airSensors,TLM0100
,,0,2026-09-20T01:37:54Z,0.5756915207827984,co,airSensors,TLM0100
,,0,2026-09-20T01:38:04Z,0.5789810754765942,co,airSensors,TLM0100
,,0,2026-09-20T01:38:14Z,0.5644230127839034,co,airSensors,TLM0100
,,0,2026-09-20T01:38:24Z,0.5695693808400383,co,airSensors,TLM0100
,,0,2026-09-20T01:38:34Z,0.5757230810435806,co,airSensors,TLM0100
,,0,2026-09-20T01:38:44Z,0.5752289310630798,co,airSensors,TLM0100
,,0,2026-09-20T01:38:54Z,0.5834039713419353,co,airSensors,TLM0100
,,0,2026-09-20T01:39:04Z,0.5757317618406352,co,airSensors,TLM0100
,,0,2026-09-20T01:39:14Z,0.5559256317058857,co,airSensors,TLM0100
,,0,2026-09-20T01:39:24Z,0.5390030218730848,co,airSensors,TLM0100
,,0,2026-09-20T01:39:34Z,0.5385099535984048,co,airSensors,TLM0100
,,0,2026-09-20T01:39:44Z,0.5323648468270727,co,airSensors,TLM0100
,,0,2026-09-20T01:39:54Z,0.5195740374722645,co,airSensors,TLM0100
,,1,2026-09-20T00:39:54Z,0.5141608275611639,co,airSensors,TLM0101
,,1,2026-09-20T00:40:04Z,0.5260045344286055,co,airSensors,TLM0101
,,1,2026-09-20T00:40:14Z,0.5287995255725393,co,airSensors,TLM0101
,,1,2026-09-20T00:40:24Z,0.5204632476887621,co,airSensors,TLM0101
,,1,2026-09-20T00:40:34Z,0.5402248721739725,co,airSensors,TLM0101
,,1,2026-09-20T00:40:44Z,0.5221352894063662,co,airSensors,TLM0101
,,1,2026-09-20T00:40:54Z,0.5285957595831842,co,airSensors,TLM0101
,,1,2026-09-20T00:41:04Z,0.5111222619943535,co,airSensors,TLM0101
,,1,2026-09-20T00:41:14Z,0.5279146053657457,co,airSensors,TLM0101
,,1,2026-09-20T00:41:24Z,0.5129170367129109,co,airSensors,TLM0101
,,1,2026-09-20T00:41:34Z,0.5177704590377122,co,airSensors,TLM0101
,,1,2026-09-20T00:41:44Z,0.5079457560461409,co,airSensors,TLM0101
,,1,2026-09-20T00:41:54Z,0.49443107610509385,co,airSensors,TLM0101
,,1,2026-09-20T00:42:04Z,0.47555492439528996,co,airSensors,TLM0101
,,1,2026-09-20T00:42:14Z,0.473826741292063,co,airSensors,TLM0101
,,1,2026-09-20T00:42:24Z,0.48432805897548836,co,airSensors,TLM0101
,,1,2026-09-20T00:42:34Z,0.5024756383251651,co,airSensors,TLM0101
,,1,2026-09-20T00:42:44Z,0.5207758181400498,co,airSensors,TLM0101
,,1,2026-09-20T00:42:54Z,0.5289459640020642,co,airSensors,TLM0101
,,1,2026-09-20T00:43:04Z,0.525568692577392,co,airSensors,TLM0101
,,1,2026-09-20T00:43:14Z,0.5098570941731605,co,airSensors,TLM0101
,,1,2026-09-20T00:43:24Z,0.519958899514885,co,airSensors,TLM0101
,,1,2026-09-20T00:43:34Z,0.5388234437013961,co,airSensors,TLM0101
,,1,2026-09-20T00:43:44Z,0.5326482629015151,co,airSensors,TLM0101
,,1,2026-09-20T00:43:54Z,0.5401697968821348,co,airSensors,TLM0101
,,1,2026-09-20T00:44:04Z,0.5319756024696315,co,airSensors,TLM0101
,,1,2026-09-20T00:44:14Z,0.5202977660456484,co,airSensors,TLM0101
,,1,2026-09-20T00:44:24Z,0.5331433771690974,co,airSensors,TLM0101
,,1,2026-09-20T00:44:34Z,0.5176954072353468,co,airSensors,TLM0101
,,1,2026-09-20T00:44:44Z,0.526341406134335,co,airSensors,TLM0101
,,1,2026-09-20T00:44:54Z,0.5165958762541112,co,airSensors,TLM0101
,,1,2026-09-20T00:45:04Z,0.5350759821224079,co,airSensors,TLM0101
,,1,2026-09-20T00:45:14Z,0.5478320775913134,co,airSensors,TLM0101
,,1,2026-09-20T00:45:24Z,0.5537707540855668,co,airSensors,TLM0101
,,1,2026-09-20T00:45:34Z,0.5510644275984556,co,airSensors,TLM0101
,,1,2026-09-20T00:45:44Z,0.558754329044609,co,airSensors,TLM0101
,,1,2026-09-20T00:45:54Z,0.5762105691101927,co,airSensors,TLM0101
,,1,2026-09-20T00:46:04Z,0.565191274129678,co,airSensors,TLM0101
,,1,2026-09-20T00:46:14Z,0.5680559591040152,co,airSensors,TLM0101
,,1,2026-09-20T00:46:24Z,0.5675953043398952,co,airSensors,TLM0101
,,1,2026-09-20T00:46:34Z,0.5723869553477585,co,airSensors,TLM0101
,,1,2026-09-20T00:46:44Z,0.5727712069665155,co,airSensors,TLM0101
,,1,2026-09-20T00:46:54Z,0.5677088800014854,co,airSensors,TLM0101
,,1,2026-09-20T00:47:04Z,0.581968890910132,co,airSensors,TLM0101
,,1,2026-09-20T00:47:14Z,0.588138600900068,co,airSensors,TLM0101
,,1,2026-09-20T00:47:24Z,0.5814965161391616,co,airSensors,TLM0101
,,1,2026-09-20T00:47:34Z,0.5961514085594647,co,airSensors,TLM0101
,,1,2026-09-20T00:47:44Z,0.5946750154570233,co,airSensors,TLM0101
,,1,2026-09-20T00:47:54Z,0.580873671793859,co,airSensors,TLM0101
,,1,2026-09-20T00:48:04Z,0.5773726233111697,co,airSensors,TLM0101
,,1,2026-09-20T00:48:14Z,0.5644062318131623,co,airSensors,TLM0101
,,1,2026-09-20T00:48:24Z,0.5531319622369986,co,airSensors,TLM0101
,,1,2026-09-20T00:48:34Z,0.5604965646296781,co,airSensors,TLM0101
,,1,2026-09-20T00:48:44Z,0.5548952054485101,co,airSensors,TLM0101
,,1,2026-09-20T00:48:54Z,0.5521667984242404,co,airSensors,TLM0101
,,1,2026-09-20T00:49:04Z,0.532245513666007,co,airSensors,TLM0101
,,1,2026-09-20T00:49:14Z,0.5473291169853544,co,airSensors,TLM0101
,,1,2026-09-20T00:49:24Z,0.561938276308679,co,airSensors,TLM0101
,,1,2026-09-20T00:49:34Z,0.5700405330853542,co,airSensors,TLM0101
,,1,2026-09-20T00:49:44Z,0.5610788298987546,co,airSensors,TLM0101
,,1,2026-09-20T00:49:54Z,0.5419532127472594,co,airSensors,TLM0101
,,1,2026-09-20T00:50:04Z,0.5520567792867047,co,airSensors,TLM0101
,,1,2026-09-20T00:50:14Z,0.5547078675429671,co,airSensors,TLM0101
,,1,2026-09-20T00:50:24Z,0.5538772128030542,co,airSensors,TLM0101
,,1,2026-09-20T00:50:34Z,0.561089370981284,co,airSensors,TLM0101
,,1,2026-09-20T00:50:44Z,0.5774799786877061,co,airSensors,TLM0101
,,1,2026-09-20T00:50:54Z,0.5830815101371433,co,airSensors,TLM0101
,,1,2026-09-20T00:51:04Z,0.579231404129058,co,airSensors,TLM0101
,,1,2026-09-20T00:51:14Z,0.5708930714456409,co,airSensors,TLM0101
,,1,2026-09-20T00:51:24Z,0.5829604448483425,co,airSensors,TLM0101
,,1,2026-09-20T00:51:34Z,0.6005764790115304,co,airSensors,TLM0101
,,1,2026-09-20T00:51:44Z,0.5983855728315842,co,airSensors,TLM0101
,,1,2026-09-20T00:51:54Z,0.6011934969047534,co,airSensors,TLM0101
,,1,2026-09-20T00:52:04Z,0.5818393271925704,co,airSensors,TLM0101
,,1,2026-09-20T00:52:14Z,0.5680663297265859,co,airSensors,TLM0101
,,1,2026-09-20T00:52:24Z,0.562549881588576,co,airSensors,TLM0101
,,1,2026-09-20T00:52:34Z,0.5491473210166815,co,airSensors,TLM0101
,,1,2026-09-20T00:52:44Z,0.530749249028366,co,airSensors,TLM0101
,,1,2026-09-20T00:52:54Z,0.5318880668895036,co,airSensors,TLM0101
,,1,2026-09-20T00:53:04Z,0.5365632653061786,co,airSensors,TLM0101
,,1,2026-09-20T00:53:14Z,0.5501579980879517,co,airSensors,TLM0101
,,1,2026-09-20T00:53:24Z,0.5583994437089022,co,airSensors,TLM0101
,,1,2026-09-20T00:53:34Z,0.5427869054264515,co,airSensors,TLM0101
,,1,2026-09-20T00:53:44Z,0.551991818331349,co,airSensors,TLM0101
,,1,2026-09-20T00:53:54Z,0.5342065000875131,co,airSensors,TLM0101
,,1,2026-09-20T00:54:04Z,0.5456214863386314,co,airSensors,TLM0101
,,1,2026-09-20T00:54:14Z,0.5302025184724884,co,airSensors,TLM0101
,,1,2026-09-20T00:54:24Z,0.5487012412938045,co,airSensors,TLM0101
,,1,2026-09-20T00:54:34Z,0.5317883181221692,co,airSensors,TLM0101
,,1,2026-09-20T00:54:44Z,0.5167344554043866,co,airSensors,TLM0101
,,1,2026-09-20T00:54:54Z,0.5057436927141669,co,airSensors,TLM0101
,,1,2026-09-20T00:55:04Z,0.5137900366124256,co,airSensors,TLM0101
,,1,2026-09-20T00:55:14Z,0.5254865215440563,co,airSensors,TLM0101
,,1,2026-09-20T00:55:24Z,0.5271267315139276,co,airSensors,TLM0101
,,1,2026-09-20T00:55:34Z,0.5367463411739364,co,airSensors,TLM0101
,,1,2026-09-20T00:55:44Z,0.5486135709934675,co,airSensors,TLM0101
,,1,2026-09-20T00:55:54Z,0.5487148914083025,co,airSensors,TLM0101
,,1,2026-09-20T00:56:04Z,0.5482447231805052,co,airSensors,TLM0101
,,1,2026-09-20T00:56:14Z,0.5324617728707048,co,airSensors,TLM0101
,,1,2026-09-20T00:56:24Z,0.5410023551172382,co,airSensors,TLM0101
,,1,2026-09-20T00:56:34Z,0.5363223249330712,co,airSensors,TLM0101
,,1,2026-09-20T00:56:44Z,0.5310242836719182,co,airSensors,TLM0101
,,1,2026-09-20T00:56:54Z,0.5357426436213735,co,airSensors,TLM0101
,,1,2026-09-20T00:57:04Z,0.5291000947403905,co,airSensors,TLM0101
,,1,2026-09-20T00:57:14Z,0.5440973118835782,co,airSensors,TLM0101
,,1,2026-09-20T00:57:24Z,0.5412376933648197,co,airSensors,TLM0101
,,1,2026-09-20T00:57:34Z,0.5321825540310509,co,airSensors,TLM0101
,,1,2026-09-20T00:57:44Z,0.518988240966075,co,airSensors,TLM0101
,,1,2026-09-20T00:57:54Z,0.5121899673970356,co,airSensors,TLM0101
,,1,2026-09-20T00:58:04Z,0.49737937174681807,co,airSensors,TLM0101
,,1,2026-09-20T00:58:14Z,0.4995036298505137,co,airSensors,TLM0101
,,1,2026-09-20T00:58:24Z,0.4896025141964369,co,airSensors,TLM0101
,,1,2026-09-20T00:58:34Z,0.4826854517251433,co,airSensors,TLM0101
,,1,2026-09-20T00:58:44Z,0.47354786062657217,co,airSensors,TLM0101
,,1,2026-09-20T00:58:54Z,0.4851517459994174,co,airSensors,TLM0101
,,1,2026-09-20T00:59:04Z,0.47801922025050786,co,airSensors,TLM0101
,,1,2026-09-20T00:59:14Z,0.47133332920922033,co,airSensors,TLM0101
,,1,2026-09-20T00:59:24Z,0.4720161867277777,co,airSensors,TLM0101
,,1,2026-09-20T00:59:34Z,0.4575067516976676,co,airSensors,TLM0101
,,1,2026-09-20T00:59:44Z,0.4525544405888103,co,airSensors,TLM0101
,,1,2026-09-20T00:59:54Z,0.4429531833450884,co,airSensors,TLM0101
,,1,2026-09-20T01:00:04Z,0.4400405926543679,co,airSensors,TLM0101
,,1,2026-09-20T01:00:14Z,0.42336378928932605,co,airSensors,TLM0101
,,1,2026-09-20T01:00:24Z,0.43171321766309356,co,airSensors,TLM0101
,,1,2026-09-20T01:00:34Z,0.4161947956372171,co,airSensors,TLM0101
,,1,2026-09-20T01:00:44Z,0.4068134738926417,co,airSensors,TLM0101
,,1,2026-09-20T01:00:54Z,0.38814147099648044,co,airSensors,TLM0101
,,1,2026-09-20T01:01:04Z,0.3913148448917551,co,airSensors,TLM0101
,,1,2026-09-20T01:01:14Z,0.38941146028855816,co,airSensors,TLM0101
,,1,2026-09-20T01:01:24Z,0.40934144767151204,co,airSensors,TLM0101
,,1,2026-09-20T01:01:34Z,0.4155921346387529,co,airSensors,TLM0101
,,1,2026-09-20T01:01:44Z,0.41254826011329354,co,airSensors,TLM0101
,,1,2026-09-20T01:01:54Z,0.4034068918068808,co,airSensors,TLM0101
,,1,2026-09-20T01:02:04Z,0.39202314629513124,co,airSensors,TLM0101
,,1,2026-09-20T01:02:14Z,0.38055494635357423,co,airSensors,TLM0101
,,1,2026-09-20T01:02:24Z,0.39184719043606353,co,airSensors,TLM0101
,,1,2026-09-20T01:02:34Z,0.40587763932621035,co,airSensors,TLM0101
,,1,2026-09-20T01:02:44Z,0.4120449640589913,co,airSensors,TLM0101
,,1,2026-09-20T01:02:54Z,0.41157906364194013,co,airSensors,TLM0101
,,1,2026-09-20T01:03:04Z,0.4102192694880043,co,airSensors,TLM0101
,,1,2026-09-20T01:03:14Z,0.41056702243438825,co,airSensors,TLM0101
,,1,2026-09-20T01:03:24Z,0.4112280913137165,co,airSensors,TLM0101
,,1,2026-09-20T01:03:34Z,0.4054062560618058,co,airSensors,TLM0101
,,1,2026-09-20T01:03:44Z,0.42013846504981006,co,airSensors,TLM0101
,,1,2026-09-20T01:03:54Z,0.4312434578168727,co,airSensors,TLM0101
,,1,2026-09-20T01:04:04Z,0.43003563703042175,co,airSensors,TLM0101
,,1,2026-09-20T01:04:14Z,0.4147249957575737,co,airSensors,TLM0101
,,1,2026-09-20T01:04:24Z,0.4114006203078461,co,airSensors,TLM0101
,,1,2026-09-20T01:04:34Z,0.4138333308454301,co,airSensors,TLM0101
,,1,2026-09-20T01:04:44Z,0.41547625848965497,co,airSensors,TLM0101
,,1,2026-09-20T01:04:54Z,0.43002347503116195,co,airSensors,TLM0101
,,1,2026-09-20T01:05:04Z,0.43087798717937087,co,airSensors,TLM0101
,,1,2026-09-20T01:05:14Z,0.4119846653052024,co,airSensors,TLM0101
,,1,2026-09-20T01:05:24Z,0.40424034092837124,co,airSensors,TLM0101
,,1,2026-09-20T01:05:34Z,0.4074067657240766,co,airSensors,TLM0101
,,1,2026-09-20T01:05:44Z,0.3953050893168758,co,airSensors,TLM0101
,,1,2026-09-20T01:05:54Z,0.3754405576201388,co,airSensors,TLM0101
,,1,2026-09-20T01:06:04Z,0.36908082320721264,co,airSensors,TLM0101
,,1,2026-09-20T01:06:14Z,0.3739260761991755,co,airSensors,TLM0101
,,1,2026-09-20T01:06:24Z,0.35676952697216135,co,airSensors,TLM0101
,,1,2026-09-20T01:06:34Z,0.3764400793212614,co,airSensors,TLM0101
,,1,2026-09-20T01:06:44Z,0.3907247136919676,co,airSensors,TLM0101
,,1,2026-09-20T01:06:54Z,0.3974824199809086,co,airSensors,TLM0101
,,1,2026-09-20T01:07:04Z,0.3939860471478767,co,airSensors,TLM0101
,,1,2026-09-20T01:07:14Z,0.3893043358642219,co,airSensors,TLM0101
,,1,2026-09-20T01:07:24Z,0.3981271077640371,co,airSensors,TLM0101
,,1,2026-09-20T01:07:34Z,0.4003580083226307,co,airSensors,TLM0101
,,1,2026-09-20T01:07:44Z,0.41328201660710234,co,airSensors,TLM0101
,,1,2026-09-20T01:07:54Z,0.42461622707649055,co,airSensors,TLM0101
,,1,2026-09-20T01:08:04Z,0.4417654641949507,co,airSensors,TLM0101
,,1,2026-09-20T01:08:14Z,0.44476307536791604,co,airSensors,TLM0101
,,1,2026-09-20T01:08:24Z,0.45178363086687345,co,airSensors,TLM0101
,,1,2026-09-20T01:08:34Z,0.4427048192397268,co,airSensors,TLM0101
,,1,2026-09-20T01:08:44Z,0.43910884644759374,co,airSensors,TLM0101
,,1,2026-09-20T01:08:54Z,0.45121558135909956,co,airSensors,TLM0101
,,1,2026-09-20T01:09:04Z,0.46708800936110245,co,airSensors,TLM0101
,,1,2026-09-20T01:09:14Z,0.4864298497420121,co,airSensors,TLM0101
,,1,2026-09-20T01:09:24Z,0.469491004982393,co,airSensors,TLM0101
,,1,2026-09-20T01:09:34Z,0.45064690339956925,co,airSensors,TLM0101
,,1,2026-09-20T01:09:44Z,0.4589509167332671,co,airSensors,TLM0101
,,1,2026-09-20T01:09:54Z,0.46708779188113486,co,airSensors,TLM0101
,,1,2026-09-20T01:10:04Z,0.4603312810258574,co,airSensors,TLM0101
,,1,2026-09-20T01:10:14Z,0.4762916543023302,co,airSensors,TLM0101
,,1,2026-09-20T01:10:24Z,0.4574870916173525,co,airSensors,TLM0101
,,1,2026-09-20T01:10:34Z,0.44851918522348144,co,airSensors,TLM0101
,,1,2026-09-20T01:10:44Z,0.44297779861496295,co,airSensors,TLM0101
,,1,2026-09-20T01:10:54Z,0.4503964283044483,co,airSensors,TLM0101
,,1,2026-09-20T01:11:04Z,0.4551508483729767,co,airSensors,TLM0101
,,1,2026-09-20T01:11:14Z,0.4560500374438965,co,airSensors,TLM0101
,,1,2026-09-20T01:11:24Z,0.4580443236864287,co,airSensors,TLM0101
,,1,2026-09-20T01:11:34Z,0.45294160888045526,co,airSensors,TLM0101
,,1,2026-09-20T01:11:44Z,0.44265057126502255,co,airSensors,TLM0101
,,1,2026-09-20T01:11:54Z,0.4279354496022786,co,airSensors,TLM0101
,,1,2026-09-20T01:12:04Z,0.4120395137321388,co,airSensors,TLM0101
,,1,2026-09-20T01:12:14Z,0.4028282948276681,co,airSensors,TLM0101
,,1,2026-09-20T01:12:24Z,0.40475551958158723,co,airSensors,TLM0101
,,1,2026-09-20T01:12:34Z,0.38656758284334036,co,airSensors,TLM0101
,,1,2026-09-20T01:12:44Z,0.37989518829676355,co,airSensors,TLM0101
,,1,2026-09-20T01:12:54Z,0.3690934223735454,co,airSensors,TLM0101
,,1,2026-09-20T01:13:04Z,0.3722964726758946,co,airSensors,TLM0101
,,1,2026-09-20T01:13:14Z,0.35734961794272174,co,airSensors,TLM0101
,,1,2026-09-20T01:13:24Z,0.3707005079418261,co,airSensors,TLM0101
,,1,2026-09-20T01:13:34Z,0.37807960303398364,co,airSensors,TLM0101
,,1,2026-09-20T01:13:44Z,0.39285398545798283,co,airSensors,TLM0101
,,1,2026-09-20T01:13:54Z,0.40354653061391244,co,airSensors,TLM0101
,,1,2026-09-20T01:14:04Z,0.38882003701112744,co,airSensors,TLM0101
,,1,2026-09-20T01:14:14Z,0.40657527158951645,co,airSensors,TLM0101
,,1,2026-09-20T01:14:24Z,0.42188375233477077,co,airSensors,TLM0101
,,1,2026-09-20T01:14:34Z,0.4186090171421269,co,airSensors,TLM0101
,,1,2026-09-20T01:14:44Z,0.42679655584392256,co,airSensors,TLM0101
,,1,2026-09-20T01:14:54Z,0.42493719902378596,co,airSensors,TLM0101
,,1,2026-09-20T01:15:04Z,0.4231300212223868,co,airSensors,TLM0101
,,1,2026-09-20T01:15:14Z,0.4163356873890069,co,airSensors,TLM0101
,,1,2026-09-20T01:15:24Z,0.4321644737445514,co,airSensors,TLM0101
,,1,2026-09-20T01:15:34Z,0.4246298502943986,co,airSensors,TLM0101
,,1,2026-09-20T01:15:44Z,0.40869949117601384,co,airSensors,TLM0101
,,1,2026-09-20T01:15:54Z,0.4283100799035772,co,airSensors,TLM0101
,,1,2026-09-20T01:16:04Z,0.4333166198799198,co,airSensors,TLM0101
,,1,2026-09-20T01:16:14Z,0.43647089832456104,co,airSensors,TLM0101
,,1,2026-09-20T01:16:24Z,0.42568004011447336,co,airSensors,TLM0101
,,1,2026-09-20T01:16:34Z,0.44198699283072673,co,airSensors,TLM0101
,,1,2026-09-20T01:16:44Z,0.4608108173956063,co,airSensors,TLM0101
,,1,2026-09-20T01:16:54Z,0.44824452175842555,co,airSensors,TLM0101
,,1,2026-09-20T01:17:04Z,0.43395541296104717,co,airSensors,TLM0101
,,1,2026-09-20T01:17:14Z,0.45147445349940457,co,airSensors,TLM0101
,,1,2026-09-20T01:17:24Z,0.4361604274293909,co,airSensors,TLM0101
,,1,2026-09-20T01:17:34Z,0.440978859864024,co,airSensors,TLM0101
,,1,2026-09-20T01:17:44Z,0.4400293992475475,co,airSensors,TLM0101
,,1,2026-09-20T01:17:54Z,0.42896637400828136,co,airSensors,TLM0101
,,1,2026-09-20T01:18:04Z,0.4334147637579031,co,airSensors,TLM0101
,,1,2026-09-20T01:18:14Z,0.4139464351470245,co,airSensors,TLM0101
,,1,2026-09-20T01:18:24Z,0.4022612724689411,co,airSensors,TLM0101
,,1,2026-09-20T01:18:34Z,0.4028799307018892,co,airSensors,TLM0101
,,1,2026-09-20T01:18:44Z,0.40439468759363606,co,airSensors,TLM0101
,,1,2026-09-20T01:18:54Z,0.40522919066637864,co,airSensors,TLM0101
,,1,2026-09-20T01:19:04Z,0.4194204405892451,co,airSensors,TLM0101
,,1,2026-09-20T01:19:14Z,0.41647708670207834,co,airSensors,TLM0101
,,1,2026-09-20T01:19:24Z,0.41431983219674423,co,airSensors,TLM0101
,,1,2026-09-20T01:19:34Z,0.42032103074077837,co,airSensors,TLM0101
,,1,2026-09-20T01:19:44Z,0.4206389976785724,co,airSensors,TLM0101
,,1,2026-09-20T01:19:54Z,0.42488964885040703,co,airSensors,TLM0101
,,1,2026-09-20T01:20:04Z,0.4289932438668739,co,airSensors,TLM0101
,,1,2026-09-20T01:20:14Z,0.43700582211298905,co,airSensors,TLM0101
,,1,2026-09-20T01:20:24Z,0.44824269074125866,co,airSensors,TLM0101
,,1,2026-09-20T01:20:34Z,0.4309868646072203,co,airSensors,TLM0101
,,1,2026-09-20T01:20:44Z,0.4314240970752015,co,airSensors,TLM0101
,,1,2026-09-20T01:20:54Z,0.4181025960527094,co,airSensors,TLM0101
,,1,2026-09-20T01:21:04Z,0.420086163262353,co,airSensors,TLM0101
,,1,2026-09-20T01:21:14Z,0.4114704561738264,co,airSensors,TLM0101
,,1,2026-09-20T01:21:24Z,0.41983135155346896,co,airSensors,TLM0101
,,1,2026-09-20T01:21:34Z,0.40568762730764896,co,airSensors,TLM0101
,,1,2026-09-20T01:21:44Z,0.4187785903573121,co,airSensors,TLM0101
,,1,2026-09-20T01:21:54Z,0.4333923285218679,co,airSensors,TLM0101
,,1,2026-09-20T01:22:04Z,0.439181610603573,co,airSensors,TLM0101
,,1,2026-09-20T01:22:14Z,0.44478027867879394,co,airSensors,TLM0101
,,1,2026-09-20T01:22:24Z,0.44939333344880517,co,airSensors,TLM0101
,,1,2026-09-20T01:22:34Z,0.4680477679628638,co,airSensors,TLM0101
,,1,2026-09-20T01:22:44Z,0.46066705770982114,co,airSensors,TLM0101
,,1,2026-09-20T01:22:54Z,0.45461753046806785,co,airSensors,TLM0101
,,1,2026-09-20T01:23:04Z,0.4460488053177485,co,airSensors,TLM0101
,,1,2026-09-20T01:23:14Z,0.45019393152165793,co,airSensors,TLM0101
,,1,2026-09-20T01:23:24Z,0.45507513652771037,co,airSensors,TLM0101
,,1,2026-09-20T01:23:34Z,0.4592406992485839,co,airSensors,TLM0101
,,1,2026-09-20T01:23:44Z,0.45895118128658635,co,airSensors,TLM0101
,,1,2026-09-20T01:23:54Z,0.4433899438571214,co,airSensors,TLM0101
,,1,2026-09-20T01:24:04Z,0.4300092682023374,co,airSensors,TLM0101
,,1,2026-09-20T01:24:14Z,0.44872387278832293,co,airSensors,TLM0101
,,1,2026-09-20T01:24:24Z,0.44598329782314416,co,airSensors,TLM0101
,,1,2026-09-20T01:24:34Z,0.4282314593955936,co,airSensors,TLM0101
,,1,2026-09-20T01:24:44Z,0.4277040167479052,co,airSensors,TLM0101
,,1,2026-09-20T01:24:54Z,0.44368074142503455,co,airSensors,TLM0101
,,1,2026-09-20T01:25:04Z,0.4248508817493739,co,airSensors,TLM0101
,,1,2026-09-20T01:25:14Z,0.4215278776967026,co,airSensors,TLM0101
,,1,2026-09-20T01:25:24Z,0.43776988855794446,co,airSensors,TLM0101
,,1,2026-09-20T01:25:34Z,0.44408290545764445,co,airSensors,TLM0101
,,1,2026-09-20T01:25:44Z,0.4377858512279035,co,airSensors,TLM0101
,,1,2026-09-20T01:25:54Z,0.4228811695617708,co,airSensors,TLM0101
,,1,2026-09-20T01:26:04Z,0.4336694666565415,co,airSensors,TLM0101
,,1,2026-09-20T01:26:14Z,0.4210963089415315,co,airSensors,TLM0101
,,1,2026-09-20T01:26:24Z,0.42983353778440725,co,airSensors,TLM0101
,,1,2026-09-20T01:26:34Z,0.42235538806802114,co,airSensors,TLM0101
,,1,2026-09-20T01:26:44Z,0.42178563788593404,co,airSensors,TLM0101
,,1,2026-09-20T01:26:54Z,0.4117610861459705,co,airSensors,TLM0101
,,1,2026-09-20T01:27:04Z,0.4228543785258152,co,airSensors,TLM0101
,,1,2026-09-20T01:27:14Z,0.40421119310195924,co,airSensors,TLM0101
,,1,2026-09-20T01:27:24Z,0.38436126980586044,co,airSensors,TLM0101
,,1,2026-09-20T01:27:34Z,0.3946365215957498,co,airSensors,TLM0101
,,1,2026-09-20T01:27:44Z,0.4122536093602008,co,airSensors,TLM0101
,,1,2026-09-20T01:27:54Z,0.39778689067978895,co,airSensors,TLM0101
,,1,2026-09-20T01:28:04Z,0.40059128665746113,co,airSensors,TLM0101
,,1,2026-09-20T01:28:14Z,0.40045212323946094,co,airSensors,TLM0101
,,1,2026-09-20T01:28:24Z,0.3968379908885331,co,airSensors,TLM0101
,,1,2026-09-20T01:28:34Z,0.4002150561961467,co,airSensors,TLM0101
,,1,2026-09-20T01:28:44Z,0.40123827836336023,co,airSensors,TLM0101
,,1,2026-09-20T01:28:54Z,0.41844070527252597,co,airSensors,TLM0101
,,1,2026-09-20T01:29:04Z,0.4269521692889021,co,airSensors,TLM0101
,,1,2026-09-20T01:29:14Z,0.42446943192820014,co,airSensors,TLM0101
,,1,2026-09-20T01:29:24Z,0.4103449876942305,co,airSensors,TLM0101
,,1,2026-09-20T01:29:34Z,0.42924785352533373,co,airSensors,TLM0101
,,1,2026-09-20T01:29:44Z,0.42679451922757644,co,airSensors,TLM0101
,,1,2026-09-20T01:29:54Z,0.41437320848175113,co,airSensors,TLM0101
,,1,2026-09-20T01:30:04Z,0.4281201400964787,co,airSensors,TLM0101
,,1,2026-09-20T01:30:14Z,0.4463312734302076,co,airSensors,TLM0101
,,1,2026-09-20T01:30:24Z,0.45817852061756353,co,airSensors,TLM0101
,,1,2026-09-20T01:30:34Z,0.4490107277755549,co,airSensors,TLM0101
,,1,2026-09-20T01:30:44Z,0.4457847658246487,co,airSensors,TLM0101
,,1,2026-09-20T01:30:54Z,0.45095166541981946,co,airSensors,TLM0101
,,1,2026-09-20T01:31:04Z,0.4595091784363487,co,airSensors,TLM0101
,,1,2026-09-20T01:31:14Z,0.4458810678981151,co,airSensors,TLM0101
,,1,2026-09-20T01:31:24Z,0.4623737315797987,co,airSensors,TLM0101
,,1,2026-09-20T01:31:34Z,0.46668641723719984,co,airSensors,TLM0101
,,1,2026-09-20T01:31:44Z,0.46503624889935874,co,airSensors,TLM0101
,,1,2026-09-20T01:31:54Z,0.4700429657839984,co,airSensors,TLM0101
,,1,2026-09-20T01:32:04Z,0.4646701721121804,co,airSensors,TLM0101
,,1,2026-09-20T01:32:14Z,0.4741200199266538,co,airSensors,TLM0101
,,1,2026-09-20T01:32:24Z,0.4673034679484203,co,airSensors,TLM0101
,,1,2026-09-20T01:32:34Z,0.4549003986718541,co,airSensors,TLM0101
,,1,2026-09-20T01:32:44Z,0.44282239178760596,co,airSensors,TLM0101
,,1,2026-09-20T01:32:54Z,0.45966979398742336,co,airSensors,TLM0101
,,1,2026-09-20T01:33:04Z,0.4701310310170274,co,airSensors,TLM0101
,,1,2026-09-20T01:33:14Z,0.47096632099379265,co,airSensors,TLM0101
,,1,2026-09-20T01:33:24Z,0.49075653551284376,co,airSensors,TLM0101
,,1,2026-09-20T01:33:34Z,0.4809455349120054,co,airSensors,TLM0101
,,1,2026-09-20T01:33:44Z,0.4829227950807923,co,airSensors,TLM0101
,,1,2026-09-20T01:33:54Z,0.47876865910345007,co,airSensors,TLM0101
,,1,2026-09-20T01:34:04Z,0.46021064623802904,co,airSensors,TLM0101
,,1,2026-09-20T01:34:14Z,0.4579492041270016,co,airSensors,TLM0101
,,1,2026-09-20T01:34:24Z,0.4760318617727419,co,airSensors,TLM0101
,,1,2026-09-20T01:34:34Z,0.4777184039149476,co,airSensors,TLM0101
,,1,2026-09-20T01:34:44Z,0.47005050745092214,co,airSensors,TLM0101
,,1,2026-09-20T01:34:54Z,0.457085607776421,co,airSensors,TLM0101
,,1,2026-09-20T01:35:04Z,0.4538189615469996,co,airSensors,TLM0101
,,1,2026-09-20T01:35:14Z,0.4471291345677017,co,airSensors,TLM0101
,,1,2026-09-20T01:35:24Z,0.4432474304399345,co,airSensors,TLM0101
,,1,2026-09-20T01:35:34Z,0.4597892399449587,co,airSensors,TLM0101
,,1,2026-09-20T01:35:44Z,0.47329090828156467,co,airSensors,TLM0101
,,1,2026-09-20T01:35:54Z,0.4562595989431155,co,airSensors,TLM0101
,,1,2026-09-20T01:36:04Z,0.4492774800431298,co,airSensors,TLM0101
,,1,2026-09-20T01:36:14Z,0.4674376976015455,co,airSensors,TLM0101
,,1,2026-09-20T01:36:24Z,0.45428155814477217,co,airSensors,TLM0101
,,1,2026-09-20T01:36:34Z,0.461030305924187,co,airSensors,TLM0101
,,1,2026-09-20T01:36:44Z,0.46132614436188735,co,airSensors,TLM0101
,,1,2026-09-20T01:36:54Z,0.47186448436823014,co,airSensors,TLM0101
,,1,2026-09-20T01:37:04Z,0.45886864904055863,co,airSensors,TLM0101
,,1,2026-09-20T01:37:14Z,0.4605427768384607,co,airSensors,TLM0101
,,1,2026-09-20T01:37:24Z,0.4553355884908427,co,airSensors,TLM0101
,,1,2026-09-20T01:37:34Z,0.43721752062123337,co,airSensors,TLM0101
,,1,2026-09-20T01:37:44Z,0.43128162577399826,co,airSensors,TLM0101
,,1,2026-09-20T01:37:54Z,0.4296273156165892,co,airSensors,TLM0101
,,1,2026-09-20T01:38:04Z,0.4471018894731435,co,airSensors,TLM0101
,,1,2026-09-20T01:38:14Z,0.4424221730552481,co,airSensors,TLM0101
,,1,2026-09-20T01:38:24Z,0.43780372235315995,co,airSensors,TLM0101
,,1,2026-09-20T01:38:34Z,0.42990208977635463,co,airSensors,TLM0101
,,1,2026-09-20T01:38:44Z,0.42780344856756225,co,airSensors,TLM0101
,,1,2026-09-20T01:38:54Z,0.44427003005107135,co,airSensors,TLM0101
,,1,2026-09-20T01:39:04Z,0.45510166888845266,co,airSensors,TLM0101
,,1,2026-09-20T01:39:14Z,0.43812909221819807,co,airSensors,TLM0101
,,1,2026-09-20T01:39:24Z,0.43149495726167275,co,airSensors,TLM0101
,,1,2026-09-20T01:39:34Z,0.43938816529684954,co,airSensors,TLM0101
,,1,2026-09-20T01:39:44Z,0.44355664857810034,co,airSensors,TLM0101
,,1,2026-09-20T01:39:54Z,0.43908503452209574,co,airSensors,TLM0101
,,2,2026-09-20T00:39:54Z,0.505810318010431,co,airSensors,TLM0102
,,2,2026-09-20T00:40:04Z,0.5103204374530509,co,airSensors,TLM0102
,,2,2026-09-20T00:40:14Z,0.5062167902516735,co,airSensors,TLM0102
,,2,2026-09-20T00:40:24Z,0.49508604283544644,co,airSensors,TLM0102
,,2,2026-09-20T00:40:34Z,0.5108580783831885,co,airSensors,TLM0102
,,2,2026-09-20T00:40:44Z,0.4916237082376077,co,airSensors,TLM0102
,,2,2026-09-20T00:40:54Z,0.5033009760095861,co,airSensors,TLM0102
,,2,2026-09-20T00:41:04Z,0.5151118493349012,co,airSensors,TLM0102
,,2,2026-09-20T00:41:14Z,0.5232830472603411,co,airSensors,TLM0102
,,2,2026-09-20T00:41:24Z,0.5415399714614051,co,airSensors,TLM0102
,,2,2026-09-20T00:41:34Z,0.5445093935958676,co,airSensors,TLM0102
,,2,2026-09-20T00:41:44Z,0.5450992184653397,co,airSensors,TLM0102
,,2,2026-09-20T00:41:54Z,0.5268420038518242,co,airSensors,TLM0102
,,2,2026-09-20T00:42:04Z,0.5167359932279196,co,airSensors,TLM0102
,,2,2026-09-20T00:42:14Z,0.5158859769052423,co,airSensors,TLM0102
,,2,2026-09-20T00:42:24Z,0.5173519358509929,co,airSensors,TLM0102
,,2,2026-09-20T00:42:34Z,0.5328097885807618,co,airSensors,TLM0102
,,2,2026-09-20T00:42:44Z,0.5186165022389901,co,airSensors,TLM0102
,,2,2026-09-20T00:42:54Z,0.5298824673183601,co,airSensors,TLM0102
,,2,2026-09-20T00:43:04Z,0.515469243793317,co,airSensors,TLM0102
,,2,2026-09-20T00:43:14Z,0.5030644233984889,co,airSensors,TLM0102
,,2,2026-09-20T00:43:24Z,0.4917990485378827,co,airSensors,TLM0102
,,2,2026-09-20T00:43:34Z,0.5067503984796574,co,airSensors,TLM0102
,,2,2026-09-20T00:43:44Z,0.5002448605640906,co,airSensors,TLM0102
,,2,2026-09-20T00:43:54Z,0.4811423310096568,co,airSensors,TLM0102
,,2,2026-09-20T00:44:04Z,0.4909496795203155,co,airSensors,TLM0102
,,2,2026-09-20T00:44:14Z,0.49931425271034363,co,airSensors,TLM0102
,,2,2026-09-20T00:44:24Z,0.49546256975815334,co,airSensors,TLM0102
,,2,2026-09-20T00:44:34Z,0.48911850953440705,co,airSensors,TLM0102
,,2,2026-09-20T00:44:44Z,0.4772991185301006,co,airSensors,TLM0102
,,2,2026-09-20T00:44:54Z,0.4753162717132879,co,airSensors,TLM0102
,,2,2026-09-20T00:45:04Z,0.4777198201979278,co,airSensors,TLM0102
,,2,2026-09-20T00:45:14Z,0.49102276139493956,co,airSensors,TLM0102
,,2,2026-09-20T00:45:24Z,0.503710854396534,co,airSensors,TLM0102
,,2,2026-09-20T00:45:34Z,0.48734019008449087,co,airSensors,TLM0102
,,2,2026-09-20T00:45:44Z,0.5031701511360145,co,airSensors,TLM0102
,,2,2026-09-20T00:45:54Z,0.4916925496939346,co,airSensors,TLM0102
,,2,2026-09-20T00:46:04Z,0.4847742357515994,co,airSensors,TLM0102
,,2,2026-09-20T00:46:14Z,0.47218701539479635,co,airSensors,TLM0102
,,2,2026-09-20T00:46:24Z,0.46079043413775295,co,airSensors,TLM0102
,,2,2026-09-20T00:46:34Z,0.46054948498246734,co,airSensors,TLM0102
,,2,2026-09-20T00:46:44Z,0.4604575499105256,co,airSensors,TLM0102
,,2,2026-09-20T00:46:54Z,0.4742206950886314,co,airSensors,TLM0102
,,2,2026-09-20T00:47:04Z,0.4691335527929607,co,airSensors,TLM0102
,,2,2026-09-20T00:47:14Z,0.47333369227459965,co,airSensors,TLM0102
,,2,2026-09-20T00:47:24Z,0.4607502814472301,co,airSensors,TLM0102
,,2,2026-09-20T00:47:34Z,0.4425780061341253,co,airSensors,TLM0102
,,2,2026-09-20T00:47:44Z,0.43100591266479416,co,airSensors,TLM0102
,,2,2026-09-20T00:47:54Z,0.4509854004002415,co,airSensors,TLM0102
,,2,2026-09-20T00:48:04Z,0.45377560801936845,co,airSensors,TLM0102
,,2,2026-09-20T00:48:14Z,0.4492621105009841,co,airSensors,TLM0102
,,2,2026-09-20T00:48:24Z,0.434819419857518,co,airSensors,TLM0102
,,2,2026-09-20T00:48:34Z,0.4388778481056689,co,airSensors,TLM0102
,,2,2026-09-20T00:48:44Z,0.4424154436171495,co,airSensors,TLM0102
,,2,2026-09-20T00:48:54Z,0.4444493691025668,co,airSensors,TLM0102
,,2,2026-09-20T00:49:04Z,0.45260501297272493,co,airSensors,TLM0102
,,2,2026-09-20T00:49:14Z,0.4653452562901498,co,airSensors,TLM0102
,,2,2026-09-20T00:49:24Z,0.44995936943326,co,airSensors,TLM0102
,,2,2026-09-20T00:49:34Z,0.4537840189643331,co,airSensors,TLM0102
,,2,2026-09-20T00:49:44Z,0.4436059352238666,co,airSensors,TLM0102
,,2,2026-09-20T00:49:54Z,0.44005118501462986,co,airSensors,TLM0102
,,2,2026-09-20T00:50:04Z,0.44755715233330773,co,airSensors,TLM0102
,,2,2026-09-20T00:50:14Z,0.436811267964882,co,airSensors,TLM0102
,,2,2026-09-20T00:50:24Z,0.4230418739712696,co,airSensors,TLM0102
,,2,2026-09-20T00:50:34Z,0.41697044636460723,co,airSensors,TLM0102
,,2,2026-09-20T00:50:44Z,0.4059398998624779,co,airSensors,TLM0102
,,2,2026-09-20T00:50:54Z,0.41537471051888036,co,airSensors,TLM0102
,,2,2026-09-20T00:51:04Z,0.42446739359686025,co,airSensors,TLM0102
,,2,2026-09-20T00:51:14Z,0.4356344172065701,co,airSensors,TLM0102
,,2,2026-09-20T00:51:24Z,0.44950220500124577,co,airSensors,TLM0102
,,2,2026-09-20T00:51:34Z,0.44729517499551263,co,airSensors,TLM0102
,,2,2026-09-20T00:51:44Z,0.46525407584141615,co,airSensors,TLM0102
,,2,2026-09-20T00:51:54Z,0.46192699456973346,co,airSensors,TLM0102
,,2,2026-09-20T00:52:04Z,0.4558507836464321,co,airSensors,TLM0102
,,2,2026-09-20T00:52:14Z,0.4467121105266325,co,airSensors,TLM0102
,,2,2026-09-20T00:52:24Z,0.44104480900703075,co,airSensors,TLM0102
,,2,2026-09-20T00:52:34Z,0.441057888149881,co,airSensors,TLM0102
,,2,2026-09-20T00:52:44Z,0.42908914057128256,co,airSensors,TLM0102
,,2,2026-09-20T00:52:54Z,0.41750969777234276,co,airSensors,TLM0102
,,2,2026-09-20T00:53:04Z,0.4072969428779596,co,airSensors,TLM0102
,,2,2026-09-20T00:53:14Z,0.41750488259372265,co,airSensors,TLM0102
,,2,2026-09-20T00:53:24Z,0.4133982903212512,co,airSensors,TLM0102
,,2,2026-09-20T00:53:34Z,0.411297516462902,co,airSensors,TLM0102
,,2,2026-09-20T00:53:44Z,0.4173605303727016,co,airSensors,TLM0102
,,2,2026-09-20T00:53:54Z,0.4220077198588687,co,airSensors,TLM0102
,,2,2026-09-20T00:54:04Z,0.43477977266286344,co,airSensors,TLM0102
,,2,2026-09-20T00:54:14Z,0.44293863617941537,co,airSensors,TLM0102
,,2,2026-09-20T00:54:24Z,0.45430504192258275,co,airSensors,TLM0102
,,2,2026-09-20T00:54:34Z,0.44843430001463797,co,airSensors,TLM0102
,,2,2026-09-20T00:54:44Z,0.4391158087885992,co,airSensors,TLM0102
,,2,2026-09-20T00:54:54Z,0.4527293433805583,co,airSensors,TLM0102
,,2,2026-09-20T00:55:04Z,0.4339682915618588,co,airSensors,TLM0102
,,2,2026-09-20T00:55:14Z,0.4191515037966814,co,airSensors,TLM0102
,,2,2026-09-20T00:55:24Z,0.4007670439678442,co,airSensors,TLM0102
,,2,2026-09-20T00:55:34Z,0.3908613417109565,co,airSensors,TLM0102
,,2,2026-09-20T00:55:44Z,0.3897865769509716,co,airSensors,TLM0102
,,2,2026-09-20T00:55:54Z,0.388073516870595,co,airSensors,TLM0102
,,2,2026-09-20T00:56:04Z,0.3787487445584247,co,airSensors,TLM0102
,,2,2026-09-20T00:56:14Z,0.3904362474366788,co,airSensors,TLM0102
,,2,2026-09-20T00:56:24Z,0.40090572622432114,co,airSensors,TLM0102
,,2,2026-09-20T00:56:34Z,0.40458284859934446,co,airSensors,TLM0102
,,2,2026-09-20T00:56:44Z,0.42016374112643756,co,airSensors,TLM0102
,,2,2026-09-20T00:56:54Z,0.4103789020165477,co,airSensors,TLM0102
,,2,2026-09-20T00:57:04Z,0.42291967834627725,co,airSensors,TLM0102
,,2,2026-09-20T00:57:14Z,0.42077286534837866,co,airSensors,TLM0102
,,2,2026-09-20T00:57:24Z,0.4235403855688512,co,airSensors,TLM0102
,,2,2026-09-20T00:57:34Z,0.4292315589650786,co,airSensors,TLM0102
,,2,2026-09-20T00:57:44Z,0.4316540841771203,co,airSensors,TLM0102
,,2,2026-09-20T00:57:54Z,0.4138493772615216,co,airSensors,TLM0102
,,2,2026-09-20T00:58:04Z,0.4199274544555671,co,airSensors,TLM0102
,,2,2026-09-20T00:58:14Z,0.41498148548852093,co,airSensors,TLM0102
,,2,2026-09-20T00:58:24Z,0.40877346328927106,co,airSensors,TLM0102
,,2,2026-09-20T00:58:34Z,0.4199425499831477,co,airSensors,TLM0102
,,2,2026-09-20T00:58:44Z,0.4167763018278914,co,airSensors,TLM0102
,,2,2026-09-20T00:58:54Z,0.4282161071860214,co,airSensors,TLM0102
,,2,2026-09-20T00:59:04Z,0.41295996957065445,co,airSensors,TLM0102
,,2,2026-09-20T00:59:14Z,0.4066602400537813,co,airSensors,TLM0102
,,2,2026-09-20T00:59:24Z,0.40871161685756147,co,airSensors,TLM0102
,,2,2026-09-20T00:59:34Z,0.3888510945601619,co,airSensors,TLM0102
,,2,2026-09-20T00:59:44Z,0.3708039483118169,co,airSensors,TLM0102
,,2,2026-09-20T00:59:54Z,0.38372668662888265,co,airSensors,TLM0102
,,2,2026-09-20T01:00:04Z,0.3642498461644397,co,airSensors,TLM0102
,,2,2026-09-20T01:00:14Z,0.3490931095259147,co,airSensors,TLM0102
,,2,2026-09-20T01:00:24Z,0.35730644264771766,co,airSensors,TLM0102
,,2,2026-09-20T01:00:34Z,0.3473084804593983,co,airSensors,TLM0102
,,2,2026-09-20T01:00:44Z,0.357226453546994,co,airSensors,TLM0102
,,2,2026-09-20T01:00:54Z,0.3711187761311797,co,airSensors,TLM0102
,,2,2026-09-20T01:01:04Z,0.3775381140976877,co,airSensors,TLM0102
,,2,2026-09-20T01:01:14Z,0.3894785581602817,co,airSensors,TLM0102
,,2,2026-09-20T01:01:24Z,0.40482170211917656,co,airSensors,TLM0102
,,2,2026-09-20T01:01:34Z,0.40877493341497373,co,airSensors,TLM0102
,,2,2026-09-20T01:01:44Z,0.4201829699739461,co,airSensors,TLM0102
,,2,2026-09-20T01:01:54Z,0.40635416682325454,co,airSensors,TLM0102
,,2,2026-09-20T01:02:04Z,0.38952068495464837,co,airSensors,TLM0102
,,2,2026-09-20T01:02:14Z,0.40190654189054553,co,airSensors,TLM0102
,,2,2026-09-20T01:02:24Z,0.4047347019809957,co,airSensors,TLM0102
,,2,2026-09-20T01:02:34Z,0.39758376403933965,co,airSensors,TLM0102
,,2,2026-09-20T01:02:44Z,0.37777240205273277,co,airSensors,TLM0102
,,2,2026-09-20T01:02:54Z,0.35867096503358303,co,airSensors,TLM0102
,,2,2026-09-20T01:03:04Z,0.37579676179955596,co,airSensors,TLM0102
,,2,2026-09-20T01:03:14Z,0.3768268303462449,co,airSensors,TLM0102
,,2,2026-09-20T01:03:24Z,0.36056113233646914,co,airSensors,TLM0102
,,2,2026-09-20T01:03:34Z,0.3738307233754771,co,airSensors,TLM0102
,,2,2026-09-20T01:03:44Z,0.3726600175072385,co,airSensors,TLM0102
,,2,2026-09-20T01:03:54Z,0.3648870628846303,co,airSensors,TLM0102
,,2,2026-09-20T01:04:04Z,0.3542975154458622,co,airSensors,TLM0102
,,2,2026-09-20T01:04:14Z,0.36922472804865514,co,airSensors,TLM0102
,,2,2026-09-20T01:04:24Z,0.35141816294620554,co,airSensors,TLM0102
,,2,2026-09-20T01:04:34Z,0.34646343321348605,co,airSensors,TLM0102
,,2,2026-09-20T01:04:44Z,0.3393915168247286,co,airSensors,TLM0102
,,2,2026-09-20T01:04:54Z,0.3229049304472231,co,airSensors,TLM0102
,,2,2026-09-20T01:05:04Z,0.30935774754794043,co,airSensors,TLM0102
,,2,2026-09-20T01:05:14Z,0.30568581837011566,co,airSensors,TLM0102
,,2,2026-09-20T01:05:24Z,0.2979116795908309,co,airSensors,TLM0102
,,2,2026-09-20T01:05:34Z,0.3090655853395876,co,airSensors,TLM0102
,,2,2026-09-20T01:05:44Z,0.29886038567558515,co,airSensors,TLM0102
,,2,2026-09-20T01:05:54Z,0.2841038962299952,co,airSensors,TLM0102
,,2,2026-09-20T01:06:04Z,0.26535499648286126,co,airSensors,TLM0102
,,2,2026-09-20T01:06:14Z,0.27236436872687375,co,airSensors,TLM0102
,,2,2026-09-20T01:06:24Z,0.28132503836717526,co,airSensors,TLM0102
,,2,2026-09-20T01:06:34Z,0.28339791417651516,co,airSensors,TLM0102
,,2,2026-09-20T01:06:44Z,0.2985589012204495,co,airSensors,TLM0102
,,2,2026-09-20T01:06:54Z,0.2942093559885847,co,airSensors,TLM0102
,,2,2026-09-20T01:07:04Z,0.28090540120458724,co,airSensors,TLM0102
,,2,2026-09-20T01:07:14Z,0.28059320362876905,co,airSensors,TLM0102
,,2,2026-09-20T01:07:24Z,0.2935749980195379,co,airSensors,TLM0102
,,2,2026-09-20T01:07:34Z,0.3010458679095627,co,airSensors,TLM0102
,,2,2026-09-20T01:07:44Z,0.3116897295707528,co,airSensors,TLM0102
,,2,2026-09-20T01:07:54Z,0.30120602600078955,co,airSensors,TLM0102
,,2,2026-09-20T01:08:04Z,0.30963892967616075,co,airSensors,TLM0102
,,2,2026-09-20T01:08:14Z,0.3203893992408971,co,airSensors,TLM0102
,,2,2026-09-20T01:08:24Z,0.3202636463955741,co,airSensors,TLM0102
,,2,2026-09-20T01:08:34Z,0.32549013762565443,co,airSensors,TLM0102
,,2,2026-09-20T01:08:44Z,0.3402932220651515,co,airSensors,TLM0102
,,2,2026-09-20T01:08:54Z,0.3270029583626801,co,airSensors,TLM0102
,,2,2026-09-20T01:09:04Z,0.32008977629344776,co,airSensors,TLM0102
,,2,2026-09-20T01:09:14Z,0.30349459561311504,co,airSensors,TLM0102
,,2,2026-09-20T01:09:24Z,0.2927340453994613,co,airSensors,TLM0102
,,2,2026-09-20T01:09:34Z,0.2827356837810904,co,airSensors,TLM0102
,,2,2026-09-20T01:09:44Z,0.29084842896562607,co,airSensors,TLM0102
,,2,2026-09-20T01:09:54Z,0.2974034422294198,co,airSensors,TLM0102
,,2,2026-09-20T01:10:04Z,0.30277727802281856,co,airSensors,TLM0102
,,2,2026-09-20T01:10:14Z,0.31532834912736274,co,airSensors,TLM0102
,,2,2026-09-20T01:10:24Z,0.2954398973089382,co,airSensors,TLM0102
,,2,2026-09-20T01:10:34Z,0.3068979402386246,co,airSensors,TLM0102
,,2,2026-09-20T01:10:44Z,0.3225624103527255,co,airSensors,TLM0102
,,2,2026-09-20T01:10:54Z,0.33792157230943703,co,airSensors,TLM0102
,,2,2026-09-20T01:11:04Z,0.33113740810516634,co,airSensors,TLM0102
,,2,2026-09-20T01:11:14Z,0.3134138194033318,co,airSensors,TLM0102
,,2,2026-09-20T01:11:24Z,0.2973912289873713,co,airSensors,TLM0102
,,2,2026-09-20T01:11:34Z,0.27949737360662447,co,airSensors,TLM0102
,,2,2026-09-20T01:11:44Z,0.27552690153036813,co,airSensors,TLM0102
,,2,2026-09-20T01:11:54Z,0.2893381733076823,co,airSensors,TLM0102
,,2,2026-09-20T01:12:04Z,0.2912307398786447,co,airSensors,TLM0102
,,2,2026-09-20T01:12:14Z,0.2894522759852331,co,airSensors,TLM0102
,,2,2026-09-20T01:12:24Z,0.27125355919811533,co,airSensors,TLM0102
,,2,2026-09-20T01:12:34Z,0.2535593870389278,co,airSensors,TLM0102
,,2,2026-09-20T01:12:44Z,0.2525213361973906,co,airSensors,TLM0102
,,2,2026-09-20T01:12:54Z,0.24224465579405655,co,airSensors,TLM0102
,,2,2026-09-20T01:13:04Z,0.2451040454251959,co,airSensors,TLM0102
,,2,2026-09-20T01:13:14Z,0.2392241681754791,co,airSensors,TLM0102
,,2,2026-09-20T01:13:24Z,0.22896110816312903,co,airSensors,TLM0102
,,2,2026-09-20T01:13:34Z,0.24467525621177139,co,airSensors,TLM0102
,,2,2026-09-20T01:13:44Z,0.24150608864937084,co,airSensors,TLM0102
,,2,2026-09-20T01:13:54Z,0.26116645342232425,co,airSensors,TLM0102
,,2,2026-09-20T01:14:04Z,0.24836997678431308,co,airSensors,TLM0102
,,2,2026-09-20T01:14:14Z,0.24911481333430585,co,airSensors,TLM0102
,,2,2026-09-20T01:14:24Z,0.2345412887660204,co,airSensors,TLM0102
,,2,2026-09-20T01:14:34Z,0.2382983237604103,co,airSensors,TLM0102
,,2,2026-09-20T01:14:44Z,0.23894578316427237,co,airSensors,TLM0102
,,2,2026-09-20T01:14:54Z,0.23504586268689734,co,airSensors,TLM0102
,,2,2026-09-20T01:15:04Z,0.22036711640177234,co,airSensors,TLM0102
,,2,2026-09-20T01:15:14Z,0.22735981339752148,co,airSensors,TLM0102
,,2,2026-09-20T01:15:24Z,0.24064959355678153,co,airSensors,TLM0102
,,2,2026-09-20T01:15:34Z,0.2461244661037536,co,airSensors,TLM0102
,,2,2026-09-20T01:15:44Z,0.24470977548200426,co,airSensors,TLM0102
,,2,2026-09-20T01:15:54Z,0.23141173189461306,co,airSensors,TLM0102
,,2,2026-09-20T01:16:04Z,0.22795638600082707,co,airSensors,TLM0102
,,2,2026-09-20T01:16:14Z,0.23393074228171057,co,airSensors,TLM0102
,,2,2026-09-20T01:16:24Z,0.252952761030184,co,airSensors,TLM0102
,,2,2026-09-20T01:16:34Z,0.24389476397375665,co,airSensors,TLM0102
,,2,2026-09-20T01:16:44Z,0.23683797753206265,co,airSensors,TLM0102
,,2,2026-09-20T01:16:54Z,0.23886016552717074,co,airSensors,TLM0102
,,2,2026-09-20T01:17:04Z,0.24183305688082365,co,airSensors,TLM0102
,,2,2026-09-20T01:17:14Z,0.2363684005130481,co,airSensors,TLM0102
,,2,2026-09-20T01:17:24Z,0.22477397285115808,co,airSensors,TLM0102
,,2,2026-09-20T01:17:34Z,0.20738330220835796,co,airSensors,TLM0102
,,2,2026-09-20T01:17:44Z,0.22074602657669426,co,airSensors,TLM0102
,,2,2026-09-20T01:17:54Z,0.20252202136153497,co,airSensors,TLM0102
,,2,2026-09-20T01:18:04Z,0.19743728292964924,co,airSensors,TLM0102
,,2,2026-09-20T01:18:14Z,0.20083569703503631,co,airSensors,TLM0102
,,2,2026-09-20T01:18:24Z,0.19786390946833152,co,airSensors,TLM0102
,,2,2026-09-20T01:18:34Z,0.20049891185542595,co,airSensors,TLM0102
,,2,2026-09-20T01:18:44Z,0.20344643921423378,co,airSensors,TLM0102
,,2,2026-09-20T01:18:54Z,0.1981252228172657,co,airSensors,TLM0102
,,2,2026-09-20T01:19:04Z,0.18792976716686333,co,airSensors,TLM0102
,,2,2026-09-20T01:19:14Z,0.19761617043886018,co,airSensors,TLM0102
,,2,2026-09-20T01:19:24Z,0.2076207852229564,co,airSensors,TLM0102
,,2,2026-09-20T01:19:34Z,0.19772709224420282,co,airSensors,TLM0102
,,2,2026-09-20T01:19:44Z,0.20682258160364445,co,airSensors,TLM0102
,,2,2026-09-20T01:19:54Z,0.1965961343571825,co,airSensors,TLM0102
,,2,2026-09-20T01:20:04Z,0.18026327339768808,co,airSensors,TLM0102
,,2,2026-09-20T01:20:14Z,0.18874264812671818,co,airSensors,TLM0102
,,2,2026-09-20T01:20:24Z,0.17824801021127445,co,airSensors,TLM0102
,,2,2026-09-20T01:20:34Z,0.1699748885850534,co,airSensors,TLM0102
,,2,2026-09-20T01:20:44Z,0.15153946169601418,co,airSensors,TLM0102
,,2,2026-09-20T01:20:54Z,0.14588643924276395,co,airSensors,TLM0102
,,2,2026-09-20T01:21:04Z,0.12618830708329343,co,airSensors,TLM0102
,,2,2026-09-20T01:21:14Z,0.1386160687023897,co,airSensors,TLM0102
,,2,2026-09-20T01:21:24Z,0.11969388398350042,co,airSensors,TLM0102
,,2,2026-09-20T01:21:34Z,0.11678142781102865,co,airSensors,TLM0102
,,2,2026-09-20T01:21:44Z,0.1265299503313165,co,airSensors,TLM0102
,,2,2026-09-20T01:21:54Z,0.13944179269761328,co,airSensors,TLM0102
,,2,2026-09-20T01:22:04Z,0.1353530702862629,co,airSensors,TLM0102
,,2,2026-09-20T01:22:14Z,0.13883412670247425,co,airSensors,TLM0102
,,2,2026-09-20T01:22:24Z,0.14837501739814693,co,airSensors,TLM0102
,,2,2026-09-20T01:22:34Z,0.1683075492859953,co,airSensors,TLM0102
,,2,2026-09-20T01:22:44Z,0.16780604794720902,co,airSensors,TLM0102
,,2,2026-09-20T01:22:54Z,0.16827174171030135,co,airSensors,TLM0102
,,2,2026-09-20T01:23:04Z,0.16739190851323116,co,airSensors,TLM0102
,,2,2026-09-20T01:23:14Z,0.17516459059700606,co,airSensors,TLM0102
,,2,2026-09-20T01:23:24Z,0.1735879206854064,co,airSensors,TLM0102
,,2,2026-09-20T01:23:34Z,0.17487915978796448,co,airSensors,TLM0102
,,2,2026-09-20T01:23:44Z,0.15580164468931532,co,airSensors,TLM0102
,,2,2026-09-20T01:23:54Z,0.1507755594136237,co,airSensors,TLM0102
,,2,2026-09-20T01:24:04Z,0.14495949792058005,co,airSensors,TLM0102
,,2,2026-09-20T01:24:14Z,0.13998405092084767,co,airSensors,TLM0102
,,2,2026-09-20T01:24:24Z,0.14297167952741796,co,airSensors,TLM0102
,,2,2026-09-20T01:24:34Z,0.16140635608430723,co,airSensors,TLM0102
,,2,2026-09-20T01:24:44Z,0.16125473026777898,co,airSensors,TLM0102
,,2,2026-09-20T01:24:54Z,0.16384485101800705,co,airSensors,TLM0102
,,2,2026-09-20T01:25:04Z,0.17324559467190034,co,airSensors,TLM0102
,,2,2026-09-20T01:25:14Z,0.15544947966907408,co,airSensors,TLM0102
,,2,2026-09-20T01:25:24Z,0.16745906074303546,co,airSensors,TLM0102
,,2,2026-09-20T01:25:34Z,0.16993444628172388,co,airSensors,TLM0102
,,2,2026-09-20T01:25:44Z,0.15904476753431948,co,airSensors,TLM0102
,,2,2026-09-20T01:25:54Z,0.15719281237293467,co,airSensors,TLM0102
,,2,2026-09-20T01:26:04Z,0.15452789664114042,co,airSensors,TLM0102
,,2,2026-09-20T01:26:14Z,0.174296065719979,co,airSensors,TLM0102
,,2,2026-09-20T01:26:24Z,0.1661201934885636,co,airSensors,TLM0102
,,2,2026-09-20T01:26:34Z,0.18401017977436612,co,airSensors,TLM0102
,,2,2026-09-20T01:26:44Z,0.20378857401092215,co,airSensors,TLM0102
,,2,2026-09-20T01:26:54Z,0.2030507518142416,co,airSensors,TLM0102
,,2,2026-09-20T01:27:04Z,0.20382034387942377,co,airSensors,TLM0102
,,2,2026-09-20T01:27:14Z,0.19478845006875214,co,airSensors,TLM0102
,,2,2026-09-20T01:27:24Z,0.19301742828750268,co,airSensors,TLM0102
,,2,2026-09-20T01:27:34Z,0.19671181205596247,co,airSensors,TLM0102
,,2,2026-09-20T01:27:44Z,0.20119815162515065,co,airSensors,TLM0102
,,2,2026-09-20T01:27:54Z,0.1938259012935742,co,airSensors,TLM0102
,,2,2026-09-20T01:28:04Z,0.2079064344429402,co,airSensors,TLM0102
,,2,2026-09-20T01:28:14Z,0.21444777957662398,co,airSensors,TLM0102
,,2,2026-09-20T01:28:24Z,0.23213019068966095,co,airSensors,TLM0102
,,2,2026-09-20T01:28:34Z,0.2450017786698969,co,airSensors,TLM0102
,,2,2026-09-20T01:28:44Z,0.24766278719692908,co,airSensors,TLM0102
,,2,2026-09-20T01:28:54Z,0.2618762041963405,co,airSensors,TLM0102
,,2,2026-09-20T01:29:04Z,0.2775429797787375,co,airSensors,TLM0102
,,2,2026-09-20T01:29:14Z,0.29695036426607313,co,airSensors,TLM0102
,,2,2026-09-20T01:29:24Z,0.29736240698891764,co,airSensors,TLM0102
,,2,2026-09-20T01:29:34Z,0.3026877361181152,co,airSensors,TLM0102
,,2,2026-09-20T01:29:44Z,0.31455959435871095,co,airSensors,TLM0102
,,2,2026-09-20T01:29:54Z,0.3088594112610523,co,airSensors,TLM0102
,,2,2026-09-20T01:30:04Z,0.30780967382261715,co,airSensors,TLM0102
,,2,2026-09-20T01:30:14Z,0.29621536432009,co,airSensors,TLM0102
,,2,2026-09-20T01:30:24Z,0.31454156488244633,co,airSensors,TLM0102
,,2,2026-09-20T01:30:34Z,0.30264095999604795,co,airSensors,TLM0102
,,2,2026-09-20T01:30:44Z,0.3133311351215165,co,airSensors,TLM0102
,,2,2026-09-20T01:30:54Z,0.30827739238234797,co,airSensors,TLM0102
,,2,2026-09-20T01:31:04Z,0.3268313043025206,co,airSensors,TLM0102
,,2,2026-09-20T01:31:14Z,0.3299397962671102,co,airSensors,TLM0102
,,2,2026-09-20T01:31:24Z,0.33158244153370303,co,airSensors,TLM0102
,,2,2026-09-20T01:31:34Z,0.3424129533898596,co,airSensors,TLM0102
,,2,2026-09-20T01:31:44Z,0.34403231604967327,co,airSensors,TLM0102
,,2,2026-09-20T01:31:54Z,0.35303560946960205,co,airSensors,TLM0102
,,2,2026-09-20T01:32:04Z,0.35237079301847835,co,airSensors,TLM0102
,,2,2026-09-20T01:32:14Z,0.34452342416079496,co,airSensors,TLM0102
,,2,2026-09-20T01:32:24Z,0.3555569018821568,co,airSensors,TLM0102
,,2,2026-09-20T01:32:34Z,0.352861822805757,co,airSensors,TLM0102
,,2,2026-09-20T01:32:44Z,0.3377223304527184,co,airSensors,TLM0102
,,2,2026-09-20T01:32:54Z,0.356851329159831,co,airSensors,TLM0102
,,2,2026-09-20T01:33:04Z,0.3464519051966521,co,airSensors,TLM0102
,,2,2026-09-20T01:33:14Z,0.34172465636055016,co,airSensors,TLM0102
,,2,2026-09-20T01:33:24Z,0.33206339277542024,co,airSensors,TLM0102
,,2,2026-09-20T01:33:34Z,0.3347003143593524,co,airSensors,TLM0102
,,2,2026-09-20T01:33:44Z,0.34229284547529204,co,airSensors,TLM0102
,,2,2026-09-20T01:33:54Z,0.3257760715194597,co,airSensors,TLM0102
,,2,2026-09-20T01:34:04Z,0.32213472654341985,co,airSensors,TLM0102
,,2,2026-09-20T01:34:14Z,0.32040762023495617,co,airSensors,TLM0102
,,2,2026-09-20T01:34:24Z,0.31247288876965124,co,airSensors,TLM0102
,,2,2026-09-20T01:34:34Z,0.3122861768857452,co,airSensors,TLM0102
,,2,2026-09-20T01:34:44Z,0.3141002116953179,co,airSensors,TLM0102
,,2,2026-09-20T01:34:54Z,0.3231727291243974,co,airSensors,TLM0102
,,2,2026-09-20T01:35:04Z,0.3065135692727869,co,airSensors,TLM0102
,,2,2026-09-20T01:35:14Z,0.31709182843566386,co,airSensors,TLM0102
,,2,2026-09-20T01:35:24Z,0.3322069034067741,co,airSensors,TLM0102
,,2,2026-09-20T01:35:34Z,0.31694086316126757,co,airSensors,TLM0102
,,2,2026-09-20T01:35:44Z,0.3238199966931281,co,airSensors,TLM0102
,,2,2026-09-20T01:35:54Z,0.3124986032869956,co,airSensors,TLM0102
,,2,2026-09-20T01:36:04Z,0.30190627628728045,co,airSensors,TLM0102
,,2,2026-09-20T01:36:14Z,0.308494354138758,co,airSensors,TLM0102
,,2,2026-09-20T01:36:24Z,0.32809218882398566,co,airSensors,TLM0102
,,2,2026-09-20T01:36:34Z,0.33189530481528146,co,airSensors,TLM0102
,,2,2026-09-20T01:36:44Z,0.34595531412976743,co,airSensors,TLM0102
,,2,2026-09-20T01:36:54Z,0.3356676324287799,co,airSensors,TLM0102
,,2,2026-09-20T01:37:04Z,0.3404544080630256,co,airSensors,TLM0102
,,2,2026-09-20T01:37:14Z,0.3380717567712568,co,airSensors,TLM0102
,,2,2026-09-20T01:37:24Z,0.3420897454490835,co,airSensors,TLM0102
,,2,2026-09-20T01:37:34Z,0.35773130278908905,co,airSensors,TLM0102
,,2,2026-09-20T01:37:44Z,0.35342637989925096,co,airSensors,TLM0102
,,2,2026-09-20T01:37:54Z,0.3551060935462169,co,airSensors,TLM0102
,,2,2026-09-20T01:38:04Z,0.338190374161054,co,airSensors,TLM0102
,,2,2026-09-20T01:38:14Z,0.3304725958256014,co,airSensors,TLM0102
,,2,2026-09-20T01:38:24Z,0.32229972975803034,co,airSensors,TLM0102
,,2,2026-09-20T01:38:34Z,0.33441906563086665,co,airSensors,TLM0102
,,2,2026-09-20T01:38:44Z,0.32986827856321205,co,airSensors,TLM0102
,,2,2026-09-20T01:38:54Z,0.34156661222461226,co,airSensors,TLM0102
,,2,2026-09-20T01:39:04Z,0.35696764111573515,co,airSensors,TLM0102
,,2,2026-09-20T01:39:14Z,0.3540793437806601,co,airSensors,TLM0102
,,2,2026-09-20T01:39:24Z,0.3732144210746386,co,airSensors,TLM0102
,,2,2026-09-20T01:39:34Z,0.37452933952903633,co,airSensors,TLM0102
,,2,2026-09-20T01:39:44Z,0.3565501435687141,co,airSensors,TLM0102
,,2,2026-09-20T01:39:54Z,0.35412499041050227,co,airSensors,TLM0102
,,3,2026-09-20T00:39:54Z,0.38581104263228283,co,airSensors,TLM0103
,,3,2026-09-20T00:40:04Z,0.38042731434245186,co,airSensors,TLM0103
,,3,2026-09-20T00:40:14Z,0.38826441474739576,co,airSensors,TLM0103
,,3,2026-09-20T00:40:24Z,0.3689567258493779,co,airSensors,TLM0103
,,3,2026-09-20T00:40:34Z,0.3617879992623023,co,airSensors,TLM0103
,,3,2026-09-20T00:40:44Z,0.3795408807354012,co,airSensors,TLM0103
,,3,2026-09-20T00:40:54Z,0.3796683024129534,co,airSensors,TLM0103
,,3,2026-09-20T00:41:04Z,0.3639573190851841,co,airSensors,TLM0103
,,3,2026-09-20T00:41:14Z,0.3702846407849804,co,airSensors,TLM0103
,,3,2026-09-20T00:41:24Z,0.35174074033465874,co,airSensors,TLM0103
,,3,2026-09-20T00:41:34Z,0.37006778086684083,co,airSensors,TLM0103
,,3,2026-09-20T00:41:44Z,0.3646131956955811,co,airSensors,TLM0103
,,3,2026-09-20T00:41:54Z,0.35917394775459455,co,airSensors,TLM0103
,,3,2026-09-20T00:42:04Z,0.36058592200943074,co,airSensors,TLM0103
,,3,2026-09-20T00:42:14Z,0.3628653057108478,co,airSensors,TLM0103
,,3,2026-09-20T00:42:24Z,0.3447895852585177,co,airSensors,TLM0103
,,3,2026-09-20T00:42:34Z,0.347095568181942,co,airSensors,TLM0103
,,3,2026-09-20T00:42:44Z,0.35774005613489235,co,airSensors,TLM0103
,,3,2026-09-20T00:42:54Z,0.3665374758201397,co,airSensors,TLM0103
,,3,2026-09-20T00:43:04Z,0.3684719819275268,co,airSensors,TLM0103
,,3,2026-09-20T00:43:14Z,0.36752649035960694,co,airSensors,TLM0103
,,3,2026-09-20T00:43:24Z,0.3665293409738349,co,airSensors,TLM0103
,,3,2026-09-20T00:43:34Z,0.3597229326178608,co,airSensors,TLM0103
,,3,2026-09-20T00:43:44Z,0.34718129872276565,co,airSensors,TLM0103
,,3,2026-09-20T00:43:54Z,0.3443131535564916,co,airSensors,TLM0103
,,3,2026-09-20T00:44:04Z,0.32493570425757934,co,airSensors,TLM0103
,,3,2026-09-20T00:44:14Z,0.3150451461958511,co,airSensors,TLM0103
,,3,2026-09-20T00:44:24Z,0.3001626323046236,co,airSensors,TLM0103
,,3,2026-09-20T00:44:34Z,0.31115006612509466,co,airSensors,TLM0103
,,3,2026-09-20T00:44:44Z,0.30288044164076705,co,airSensors,TLM0103
,,3,2026-09-20T00:44:54Z,0.3078438138451641,co,airSensors,TLM0103
,,3,2026-09-20T00:45:04Z,0.3047379636751396,co,airSensors,TLM0103
,,3,2026-09-20T00:45:14Z,0.3004886761600669,co,airSensors,TLM0103
,,3,2026-09-20T00:45:24Z,0.3077890405506791,co,airSensors,TLM0103
,,3,2026-09-20T00:45:34Z,0.30677433693499784,co,airSensors,TLM0103
,,3,2026-09-20T00:45:44Z,0.3134277719572793,co,airSensors,TLM0103
,,3,2026-09-20T00:45:54Z,0.33149970735038187,co,airSensors,TLM0103
,,3,2026-09-20T00:46:04Z,0.3372601715579169,co,airSensors,TLM0103
,,3,2026-09-20T00:46:14Z,0.3292117374818964,co,airSensors,TLM0103
,,3,2026-09-20T00:46:24Z,0.31628596877756665,co,airSensors,TLM0103
,,3,2026-09-20T00:46:34Z,0.30848655022319504,co,airSensors,TLM0103
,,3,2026-09-20T00:46:44Z,0.3033357167637719,co,airSensors,TLM0103
,,3,2026-09-20T00:46:54Z,0.3067122503313815,co,airSensors,TLM0103
,,3,2026-09-20T00:47:04Z,0.3147016035358395,co,airSensors,TLM0103
,,3,2026-09-20T00:47:14Z,0.30740715878731906,co,airSensors,TLM0103
,,3,2026-09-20T00:47:24Z,0.30601248593375485,co,airSensors,TLM0103
,,3,2026-09-20T00:47:34Z,0.28624231232081454,co,airSensors,TLM0103
,,3,2026-09-20T00:47:44Z,0.2683216929481338,co,airSensors,TLM0103
,,3,2026-09-20T00:47:54Z,0.26352903228637814,co,airSensors,TLM0103
,,3,2026-09-20T00:48:04Z,0.267528796615568,co,airSensors,TLM0103
,,3,2026-09-20T00:48:14Z,0.2575908430087073,co,airSensors,TLM0103
,,3,2026-09-20T00:48:24Z,0.2546672010749052,co,airSensors,TLM0103
,,3,2026-09-20T00:48:34Z,0.272722778412242,co,airSensors,TLM0103
,,3,2026-09-20T00:48:44Z,0.2665410206133956,co,airSensors,TLM0103
,,3,2026-09-20T00:48:54Z,0.2481754121890906,co,airSensors,TLM0103
,,3,2026-09-20T00:49:04Z,0.24371877697141714,co,airSensors,TLM0103
,,3,2026-09-20T00:49:14Z,0.22977865449082652,co,airSensors,TLM0103
,,3,2026-09-20T00:49:24Z,0.21983986506042566,co,airSensors,TLM0103
,,3,2026-09-20T00:49:34Z,0.22864715829613472,co,airSensors,TLM0103
,,3,2026-09-20T00:49:44Z,0.22243002844148602,co,airSensors,TLM0103
,,3,2026-09-20T00:49:54Z,0.23385842890080946,co,airSensors,TLM0103
,,3,2026-09-20T00:50:04Z,0.22740860050843925,co,airSensors,TLM0103
,,3,2026-09-20T00:50:14Z,0.24615283422070497,co,airSensors,TLM0103
,,3,2026-09-20T00:50:24Z,0.2292588612064646,co,airSensors,TLM0103
,,3,2026-09-20T00:50:34Z,0.2203276367628873,co,airSensors,TLM0103
,,3,2026-09-20T00:50:44Z,0.23890121456249885,co,airSensors,TLM0103
,,3,2026-09-20T00:50:54Z,0.25812530784587495,co,airSensors,TLM0103
,,3,2026-09-20T00:51:04Z,0.24521174368941354,co,airSensors,TLM0103
,,3,2026-09-20T00:51:14Z,0.23307941545254482,co,airSensors,TLM0103
,,3,2026-09-20T00:51:24Z,0.24107102108375988,co,airSensors,TLM0103
,,3,2026-09-20T00:51:34Z,0.24736755075769593,co,airSensors,TLM0103
,,3,2026-09-20T00:51:44Z,0.24456984239203103,co,airSensors,TLM0103
,,3,2026-09-20T00:51:54Z,0.24912081819173293,co,airSensors,TLM0103
,,3,2026-09-20T00:52:04Z,0.24626175274869058,co,airSensors,TLM0103
,,3,2026-09-20T00:52:14Z,0.25908609159016466,co,airSensors,TLM0103
,,3,2026-09-20T00:52:24Z,0.27249322581865054,co,airSensors,TLM0103
,,3,2026-09-20T00:52:34Z,0.2585524068489392,co,airSensors,TLM0103
,,3,2026-09-20T00:52:44Z,0.2526795418746507,co,airSensors,TLM0103
,,3,2026-09-20T00:52:54Z,0.27145495390192254,co,airSensors,TLM0103
,,3,2026-09-20T00:53:04Z,0.2575780648124462,co,airSensors,TLM0103
,,3,2026-09-20T00:53:14Z,0.26536683264689137,co,airSensors,TLM0103
,,3,2026-09-20T00:53:24Z,0.28443192161124375,co,airSensors,TLM0103
,,3,2026-09-20T00:53:34Z,0.27311512886596134,co,airSensors,TLM0103
,,3,2026-09-20T00:53:44Z,0.28377892092803975,co,airSensors,TLM0103
,,3,2026-09-20T00:53:54Z,0.2949717881893281,co,airSensors,TLM0103
,,3,2026-09-20T00:54:04Z,0.29113782525869986,co,airSensors,TLM0103
,,3,2026-09-20T00:54:14Z,0.30986315976001966,co,airSensors,TLM0103
,,3,2026-09-20T00:54:24Z,0.3258499022232265,co,airSensors,TLM0103
,,3,2026-09-20T00:54:34Z,0.33280912575138366,co,airSensors,TLM0103
,,3,2026-09-20T00:54:44Z,0.3238606223958063,co,airSensors,TLM0103
,,3,2026-09-20T00:54:54Z,0.31670189570218776,co,airSensors,TLM0103
,,3,2026-09-20T00:55:04Z,0.3287533599898208,co,airSensors,TLM0103
,,3,2026-09-20T00:55:14Z,0.3392437449761654,co,airSensors,TLM0103
,,3,2026-09-20T00:55:24Z,0.3439051136068895,co,airSensors,TLM0103
,,3,2026-09-20T00:55:34Z,0.34965922450215775,co,airSensors,TLM0103
,,3,2026-09-20T00:55:44Z,0.3624803451287317,co,airSensors,TLM0103
,,3,2026-09-20T00:55:54Z,0.36355691283471475,co,airSensors,TLM0103
,,3,2026-09-20T00:56:04Z,0.3663461368353551,co,airSensors,TLM0103
,,3,2026-09-20T00:56:14Z,0.37705648957621607,co,airSensors,TLM0103
,,3,2026-09-20T00:56:24Z,0.36281809513998126,co,airSensors,TLM0103
,,3,2026-09-20T00:56:34Z,0.3533096727841882,co,airSensors,TLM0103
,,3,2026-09-20T00:56:44Z,0.356997993372258,co,airSensors,TLM0103
,,3,2026-09-20T00:56:54Z,0.34258443934414246,co,airSensors,TLM0103
,,3,2026-09-20T00:57:04Z,0.3358413496647777,co,airSensors,TLM0103
,,3,2026-09-20T00:57:14Z,0.32211779812590335,co,airSensors,TLM0103
,,3,2026-09-20T00:57:24Z,0.3360039216672125,co,airSensors,TLM0103
,,3,2026-09-20T00:57:34Z,0.32979812379411655,co,airSensors,TLM0103
,,3,2026-09-20T00:57:44Z,0.3161411123211067,co,airSensors,TLM0103
,,3,2026-09-20T00:57:54Z,0.3286160979658887,co,airSensors,TLM0103
,,3,2026-09-20T00:58:04Z,0.3106580708118218,co,airSensors,TLM0103
,,3,2026-09-20T00:58:14Z,0.31084104387885403,co,airSensors,TLM0103
,,3,2026-09-20T00:58:24Z,0.30528107363374213,co,airSensors,TLM0103
,,3,2026-09-20T00:58:34Z,0.3169279773117067,co,airSensors,TLM0103
,,3,2026-09-20T00:58:44Z,0.3101759122054518,co,airSensors,TLM0103
,,3,2026-09-20T00:58:54Z,0.31785197905416734,co,airSensors,TLM0103
,,3,2026-09-20T00:59:04Z,0.31028933850485585,co,airSensors,TLM0103
,,3,2026-09-20T00:59:14Z,0.32140870327210214,co,airSensors,TLM0103
,,3,2026-09-20T00:59:24Z,0.3227665526112827,co,airSensors,TLM0103
,,3,2026-09-20T00:59:34Z,0.31490638242831803,co,airSensors,TLM0103
,,3,2026-09-20T00:59:44Z,0.31327866919740605,co,airSensors,TLM0103
,,3,2026-09-20T00:59:54Z,0.30751429025216304,co,airSensors,TLM0103
,,3,2026-09-20T01:00:04Z,0.3206987800640315,co,airSensors,TLM0103
,,3,2026-09-20T01:00:14Z,0.3083657202956167,co,airSensors,TLM0103
,,3,2026-09-20T01:00:24Z,0.31602603501224535,co,airSensors,TLM0103
,,3,2026-09-20T01:00:34Z,0.3180651033440736,co,airSensors,TLM0103
,,3,2026-09-20T01:00:44Z,0.3024636570915798,co,airSensors,TLM0103
,,3,2026-09-20T01:00:54Z,0.31059722065282735,co,airSensors,TLM0103
,,3,2026-09-20T01:01:04Z,0.31224805833965097,co,airSensors,TLM0103
,,3,2026-09-20T01:01:14Z,0.2955421938369935,co,airSensors,TLM0103
,,3,2026-09-20T01:01:24Z,0.28161221308426126,co,airSensors,TLM0103
,,3,2026-09-20T01:01:34Z,0.29664939755959674,co,airSensors,TLM0103
,,3,2026-09-20T01:01:44Z,0.3054831187709088,co,airSensors,TLM0103
,,3,2026-09-20T01:01:54Z,0.2863845588262491,co,airSensors,TLM0103
,,3,2026-09-20T01:02:04Z,0.2818732856401093,co,airSensors,TLM0103
,,3,2026-09-20T01:02:14Z,0.29632760227089533,co,airSensors,TLM0103
,,3,2026-09-20T01:02:24Z,0.2846516142452319,co,airSensors,TLM0103
,,3,2026-09-20T01:02:34Z,0.30316766093201003,co,airSensors,TLM0103
,,3,2026-09-20T01:02:44Z,0.2976124699314848,co,airSensors,TLM0103
,,3,2026-09-20T01:02:54Z,0.31156077379343483,co,airSensors,TLM0103
,,3,2026-09-20T01:03:04Z,0.3028580050918252,co,airSensors,TLM0103
,,3,2026-09-20T01:03:14Z,0.3160741843637919,co,airSensors,TLM0103
,,3,2026-09-20T01:03:24Z,0.33348904692201536,co,airSensors,TLM0103
,,3,2026-09-20T01:03:34Z,0.3245161412287658,co,airSensors,TLM0103
,,3,2026-09-20T01:03:44Z,0.30787669117494115,co,airSensors,TLM0103
,,3,2026-09-20T01:03:54Z,0.3190768133155123,co,airSensors,TLM0103
,,3,2026-09-20T01:04:04Z,0.3232393706800567,co,airSensors,TLM0103
,,3,2026-09-20T01:04:14Z,0.3102837943265235,co,airSensors,TLM0103
,,3,2026-09-20T01:04:24Z,0.32342054992074165,co,airSensors,TLM0103
,,3,2026-09-20T01:04:34Z,0.3097955580478358,co,airSensors,TLM0103
,,3,2026-09-20T01:04:44Z,0.3165038285916559,co,airSensors,TLM0103
,,3,2026-09-20T01:04:54Z,0.3019074046559125,co,airSensors,TLM0103
,,3,2026-09-20T01:05:04Z,0.3103339015691668,co,airSensors,TLM0103
,,3,2026-09-20T01:05:14Z,0.32970895745189194,co,airSensors,TLM0103
,,3,2026-09-20T01:05:24Z,0.3351226396151885,co,airSensors,TLM0103
,,3,2026-09-20T01:05:34Z,0.35408108440389274,co,airSensors,TLM0103
,,3,2026-09-20T01:05:44Z,0.3396739768818381,co,airSensors,TLM0103
,,3,2026-09-20T01:05:54Z,0.3397361016460022,co,airSensors,TLM0103
,,3,2026-09-20T01:06:04Z,0.3444605643853665,co,airSensors,TLM0103
,,3,2026-09-20T01:06:14Z,0.3609146655678109,co,airSensors,TLM0103
,,3,2026-09-20T01:06:24Z,0.3783061913533583,co,airSensors,TLM0103
,,3,2026-09-20T01:06:34Z,0.3845583932651863,co,airSensors,TLM0103
,,3,2026-09-20T01:06:44Z,0.38354122278470604,co,airSensors,TLM0103
,,3,2026-09-20T01:06:54Z,0.4028011084999402,co,airSensors,TLM0103
,,3,2026-09-20T01:07:04Z,0.404597405181608,co,airSensors,TLM0103
,,3,2026-09-20T01:07:14Z,0.40583275760920506,co,airSensors,TLM0103
,,3,2026-09-20T01:07:24Z,0.40733885851212637,co,airSensors,TLM0103
,,3,2026-09-20T01:07:34Z,0.4155279407477214,co,airSensors,TLM0103
,,3,2026-09-20T01:07:44Z,0.4326756117139112,co,airSensors,TLM0103
,,3,2026-09-20T01:07:54Z,0.4281366787801267,co,airSensors,TLM0103
,,3,2026-09-20T01:08:04Z,0.4385094891096653,co,airSensors,TLM0103
,,3,2026-09-20T01:08:14Z,0.43078559351039997,co,airSensors,TLM0103
,,3,2026-09-20T01:08:24Z,0.44107775418514383,co,airSensors,TLM0103
,,3,2026-09-20T01:08:34Z,0.4234978593272519,co,airSensors,TLM0103
,,3,2026-09-20T01:08:44Z,0.4290927943231415,co,airSensors,TLM0103
,,3,2026-09-20T01:08:54Z,0.41307504062430334,co,airSensors,TLM0103
,,3,2026-09-20T01:09:04Z,0.41866035395619267,co,airSensors,TLM0103
,,3,2026-09-20T01:09:14Z,0.40278800120225533,co,airSensors,TLM0103
,,3,2026-09-20T01:09:24Z,0.41317547139445576,co,airSensors,TLM0103
,,3,2026-09-20T01:09:34Z,0.42516098764145316,co,airSensors,TLM0103
,,3,2026-09-20T01:09:44Z,0.43581493143740807,co,airSensors,TLM0103
,,3,2026-09-20T01:09:54Z,0.43765784979465777,co,airSensors,TLM0103
,,3,2026-09-20T01:10:04Z,0.43762000227467646,co,airSensors,TLM0103
,,3,2026-09-20T01:10:14Z,0.41969452198552587,co,airSensors,TLM0103
,,3,2026-09-20T01:10:24Z,0.43596745165146294,co,airSensors,TLM0103
,,3,2026-09-20T01:10:34Z,0.4309409984518517,co,airSensors,TLM0103
,,3,2026-09-20T01:10:44Z,0.42620057147249313,co,airSensors,TLM0103
,,3,2026-09-20T01:10:54Z,0.42777800936671645,co,airSensors,TLM0103
,,3,2026-09-20T01:11:04Z,0.4227458181666785,co,airSensors,TLM0103
,,3,2026-09-20T01:11:14Z,0.44191335684241134,co,airSensors,TLM0103
,,3,2026-09-20T01:11:24Z,0.44433812598317973,co,airSensors,TLM0103
,,3,2026-09-20T01:11:34Z,0.4553535968930749,co,airSensors,TLM0103
,,3,2026-09-20T01:11:44Z,0.4420165573994367,co,airSensors,TLM0103
,,3,2026-09-20T01:11:54Z,0.4291581647039614,co,airSensors,TLM0103
,,3,2026-09-20T01:12:04Z,0.4358982269021013,co,airSensors,TLM0103
,,3,2026-09-20T01:12:14Z,0.4440724571304979,co,airSensors,TLM0103
,,3,2026-09-20T01:12:24Z,0.449411939806006,co,airSensors,TLM0103
,,3,2026-09-20T01:12:34Z,0.4689184053200763,co,airSensors,TLM0103
,,3,2026-09-20T01:12:44Z,0.4753658686755643,co,airSensors,TLM0103
,,3,2026-09-20T01:12:54Z,0.4795829377950409,co,airSensors,TLM0103
,,3,2026-09-20T01:13:04Z,0.46195108113210676,co,airSensors,TLM0103
,,3,2026-09-20T01:13:14Z,0.47754813280780123,co,airSensors,TLM0103
,,3,2026-09-20T01:13:24Z,0.4963490023282447,co,airSensors,TLM0103
,,3,2026-09-20T01:13:34Z,0.48998049392551,co,airSensors,TLM0103
,,3,2026-09-20T01:13:44Z,0.47121446560950164,co,airSensors,TLM0103
,,3,2026-09-20T01:13:54Z,0.48684824488940837,co,airSensors,TLM0103
,,3,2026-09-20T01:14:04Z,0.5033303124591678,co,airSensors,TLM0103
,,3,2026-09-20T01:14:14Z,0.49938043501382895,co,airSensors,TLM0103
,,3,2026-09-20T01:14:24Z,0.4933569009835283,co,airSensors,TLM0103
,,3,2026-09-20T01:14:34Z,0.48903853905979133,co,airSensors,TLM0103
,,3,2026-09-20T01:14:44Z,0.4714927001087548,co,airSensors,TLM0103
,,3,2026-09-20T01:14:54Z,0.4804601432307197,co,airSensors,TLM0103
,,3,2026-09-20T01:15:04Z,0.4983658563399127,co,airSensors,TLM0103
,,3,2026-09-20T01:15:14Z,0.5087319918329957,co,airSensors,TLM0103
,,3,2026-09-20T01:15:24Z,0.4963880371479209,co,airSensors,TLM0103
,,3,2026-09-20T01:15:34Z,0.4996733162470276,co,airSensors,TLM0103
,,3,2026-09-20T01:15:44Z,0.48596467527224985,co,airSensors,TLM0103
,,3,2026-09-20T01:15:54Z,0.48040100900717714,co,airSensors,TLM0103
,,3,2026-09-20T01:16:04Z,0.48265614880396257,co,airSensors,TLM0103
,,3,2026-09-20T01:16:14Z,0.49565397275149287,co,airSensors,TLM0103
,,3,2026-09-20T01:16:24Z,0.4948501344115997,co,airSensors,TLM0103
,,3,2026-09-20T01:16:34Z,0.4759933890811824,co,airSensors,TLM0103
,,3,2026-09-20T01:16:44Z,0.4812551411282943,co,airSensors,TLM0103
,,3,2026-09-20T01:16:54Z,0.4765883072980674,co,airSensors,TLM0103
,,3,2026-09-20T01:17:04Z,0.46520153900652106,co,airSensors,TLM0103
,,3,2026-09-20T01:17:14Z,0.46932626809419825,co,airSensors,TLM0103
,,3,2026-09-20T01:17:24Z,0.46453446798202713,co,airSensors,TLM0103
,,3,2026-09-20T01:17:34Z,0.44603342018072073,co,airSensors,TLM0103
,,3,2026-09-20T01:17:44Z,0.44985301588036103,co,airSensors,TLM0103
,,3,2026-09-20T01:17:54Z,0.4517207927431804,co,airSensors,TLM0103
,,3,2026-09-20T01:18:04Z,0.45225766322647976,co,airSensors,TLM0103
,,3,2026-09-20T01:18:14Z,0.4427823905487399,co,airSensors,TLM0103
,,3,2026-09-20T01:18:24Z,0.4428621355665878,co,airSensors,TLM0103
,,3,2026-09-20T01:18:34Z,0.4266361222689543,co,airSensors,TLM0103
,,3,2026-09-20T01:18:44Z,0.4160077617030009,co,airSensors,TLM0103
,,3,2026-09-20T01:18:54Z,0.4343967568633694,co,airSensors,TLM0103
,,3,2026-09-20T01:19:04Z,0.4225170320508864,co,airSensors,TLM0103
,,3,2026-09-20T01:19:14Z,0.405733522804214,co,airSensors,TLM0103
,,3,2026-09-20T01:19:24Z,0.3915192773933421,co,airSensors,TLM0103
,,3,2026-09-20T01:19:34Z,0.3907015938587328,co,airSensors,TLM0103
,,3,2026-09-20T01:19:44Z,0.37305068094278393,co,airSensors,TLM0103
,,3,2026-09-20T01:19:54Z,0.3846502570278525,co,airSensors,TLM0103
,,3,2026-09-20T01:20:04Z,0.36993583866763635,co,airSensors,TLM0103
,,3,2026-09-20T01:20:14Z,0.37880302701114227,co,airSensors,TLM0103
,,3,2026-09-20T01:20:24Z,0.39220643328605864,co,airSensors,TLM0103
,,3,2026-09-20T01:20:34Z,0.3858742225295298,co,airSensors,TLM0103
,,3,2026-09-20T01:20:44Z,0.37648654678761123,co,airSensors,TLM0103
,,3,2026-09-20T01:20:54Z,0.35786873019399373,co,airSensors,TLM0103
,,3,2026-09-20T01:21:04Z,0.3393760304935195,co,airSensors,TLM0103
,,3,2026-09-20T01:21:14Z,0.3457551277706624,co,airSensors,TLM0103
,,3,2026-09-20T01:21:24Z,0.36438850882220014,co,airSensors,TLM0103
,,3,2026-09-20T01:21:34Z,0.38360291520616524,co,airSensors,TLM0103
,,3,2026-09-20T01:21:44Z,0.37424486430582427,co,airSensors,TLM0103
,,3,2026-09-20T01:21:54Z,0.3740182537710208,co,airSensors,TLM0103
,,3,2026-09-20T01:22:04Z,0.3801062963081654,co,airSensors,TLM0103
,,3,2026-09-20T01:22:14Z,0.3604167592257245,co,airSensors,TLM0103
,,3,2026-09-20T01:22:24Z,0.37021783572558187,co,airSensors,TLM0103
,,3,2026-09-20T01:22:34Z,0.3743952921572673,co,airSensors,TLM0103
,,3,2026-09-20T01:22:44Z,0.3834007873176563,co,airSensors,TLM0103
,,3,2026-09-20T01:22:54Z,0.3881192340043774,co,airSensors,TLM0103
,,3,2026-09-20T01:23:04Z,0.3914881075955957,co,airSensors,TLM0103
,,3,2026-09-20T01:23:14Z,0.4003538686793386,co,airSensors,TLM0103
,,3,2026-09-20T01:23:24Z,0.3951162813544643,co,airSensors,TLM0103
,,3,2026-09-20T01:23:34Z,0.4113160577999745,co,airSensors,TLM0103
,,3,2026-09-20T01:23:44Z,0.4207096465570666,co,airSensors,TLM0103
,,3,2026-09-20T01:23:54Z,0.418077846478964,co,airSensors,TLM0103
,,3,2026-09-20T01:24:04Z,0.4000556507813367,co,airSensors,TLM0103
,,3,2026-09-20T01:24:14Z,0.4120206953597837,co,airSensors,TLM0103
,,3,2026-09-20T01:24:24Z,0.4211995910869313,co,airSensors,TLM0103
,,3,2026-09-20T01:24:34Z,0.4215871961142585,co,airSensors,TLM0103
,,3,2026-09-20T01:24:44Z,0.4123285212976931,co,airSensors,TLM0103
,,3,2026-09-20T01:24:54Z,0.41175876157297725,co,airSensors,TLM0103
,,3,2026-09-20T01:25:04Z,0.40614271738577307,co,airSensors,TLM0103
,,3,2026-09-20T01:25:14Z,0.4223007765404725,co,airSensors,TLM0103
,,3,2026-09-20T01:25:24Z,0.4110438890555638,co,airSensors,TLM0103
,,3,2026-09-20T01:25:34Z,0.40753854395353173,co,airSensors,TLM0103
,,3,2026-09-20T01:25:44Z,0.4078280272636619,co,airSensors,TLM0103
,,3,2026-09-20T01:25:54Z,0.4178047993213825,co,airSensors,TLM0103
,,3,2026-09-20T01:26:04Z,0.4323938849184339,co,airSensors,TLM0103
,,3,2026-09-20T01:26:14Z,0.4382025839967968,co,airSensors,TLM0103
,,3,2026-09-20T01:26:24Z,0.4200296679935946,co,airSensors,TLM0103
,,3,2026-09-20T01:26:34Z,0.41753945390273794,co,airSensors,TLM0103
,,3,2026-09-20T01:26:44Z,0.41653644541015217,co,airSensors,TLM0103
,,3,2026-09-20T01:26:54Z,0.42722273262742794,co,airSensors,TLM0103
,,3,2026-09-20T01:27:04Z,0.41155757782130037,co,airSensors,TLM0103
,,3,2026-09-20T01:27:14Z,0.4148427463542322,co,airSensors,TLM0103
,,3,2026-09-20T01:27:24Z,0.431219285941185,co,airSensors,TLM0103
,,3,2026-09-20T01:27:34Z,0.4184091772729334,co,airSensors,TLM0103
,,3,2026-09-20T01:27:44Z,0.43195446146651667,co,airSensors,TLM0103
,,3,2026-09-20T01:27:54Z,0.4176125147324147,co,airSensors,TLM0103
,,3,2026-09-20T01:28:04Z,0.4182550133474649,co,airSensors,TLM0103
,,3,2026-09-20T01:28:14Z,0.4060429340554166,co,airSensors,TLM0103
,,3,2026-09-20T01:28:24Z,0.4164868637434497,co,airSensors,TLM0103
,,3,2026-09-20T01:28:34Z,0.4034404770090546,co,airSensors,TLM0103
,,3,2026-09-20T01:28:44Z,0.4009142498121041,co,airSensors,TLM0103
,,3,2026-09-20T01:28:54Z,0.3899582136091323,co,airSensors,TLM0103
,,3,2026-09-20T01:29:04Z,0.3998713452550447,co,airSensors,TLM0103
,,3,2026-09-20T01:29:14Z,0.40854862273279097,co,airSensors,TLM0103
,,3,2026-09-20T01:29:24Z,0.4182192476546851,co,airSensors,TLM0103
,,3,2026-09-20T01:29:34Z,0.3993660345296471,co,airSensors,TLM0103
,,3,2026-09-20T01:29:44Z,0.4177525319936905,co,airSensors,TLM0103
,,3,2026-09-20T01:29:54Z,0.39981484955637475,co,airSensors,TLM0103
,,3,2026-09-20T01:30:04Z,0.41961312342510265,co,airSensors,TLM0103
,,3,2026-09-20T01:30:14Z,0.40446026407482627,co,airSensors,TLM0103
,,3,2026-09-20T01:30:24Z,0.40422446801825146,co,airSensors,TLM0103
,,3,2026-09-20T01:30:34Z,0.39835553682379204,co,airSensors,TLM0103
,,3,2026-09-20T01:30:44Z,0.3909593010007232,co,airSensors,TLM0103
,,3,2026-09-20T01:30:54Z,0.40053084943168094,co,airSensors,TLM0103
,,3,2026-09-20T01:31:04Z,0.408766169768534,co,airSensors,TLM0103
,,3,2026-09-20T01:31:14Z,0.4081030328190938,co,airSensors,TLM0103
,,3,2026-09-20T01:31:24Z,0.3969364229294919,co,airSensors,TLM0103
,,3,2026-09-20T01:31:34Z,0.4091690787177268,co,airSensors,TLM0103
,,3,2026-09-20T01:31:44Z,0.4015125826535218,co,airSensors,TLM0103
,,3,2026-09-20T01:31:54Z,0.40793729652455707,co,airSensors,TLM0103
,,3,2026-09-20T01:32:04Z,0.4174567463010619,co,airSensors,TLM0103
,,3,2026-09-20T01:32:14Z,0.4176624465423082,co,airSensors,TLM0103
,,3,2026-09-20T01:32:24Z,0.43209394798257195,co,airSensors,TLM0103
,,3,2026-09-20T01:32:34Z,0.4494171994811428,co,airSensors,TLM0103
,,3,2026-09-20T01:32:44Z,0.4634560204586982,co,airSensors,TLM0103
,,3,2026-09-20T01:32:54Z,0.46424965726990786,co,airSensors,TLM0103
,,3,2026-09-20T01:33:04Z,0.4664581320700848,co,airSensors,TLM0103
,,3,2026-09-20T01:33:14Z,0.4527318599143935,co,airSensors,TLM0103
,,3,2026-09-20T01:33:24Z,0.432978745862058,co,airSensors,TLM0103
,,3,2026-09-20T01:33:34Z,0.43884563680134564,co,airSensors,TLM0103
,,3,2026-09-20T01:33:44Z,0.42053501717667835,co,airSensors,TLM0103
,,3,2026-09-20T01:33:54Z,0.4078938030318098,co,airSensors,TLM0103
,,3,2026-09-20T01:34:04Z,0.3885834964430854,co,airSensors,TLM0103
,,3,2026-09-20T01:34:14Z,0.3924220373958866,co,airSensors,TLM0103
,,3,2026-09-20T01:34:24Z,0.376221660101319,co,airSensors,TLM0103
,,3,2026-09-20T01:34:34Z,0.37876796385421163,co,airSensors,TLM0103
,,3,2026-09-20T01:34:44Z,0.3763406563034744,co,airSensors,TLM0103
,,3,2026-09-20T01:34:54Z,0.37719353037706194,co,airSensors,TLM0103
,,3,2026-09-20T01:35:04Z,0.3959291382519232,co,airSensors,TLM0103
,,3,2026-09-20T01:35:14Z,0.38199863721307126,co,airSensors,TLM0103
,,3,2026-09-20T01:35:24Z,0.36961525959648456,co,airSensors,TLM0103
,,3,2026-09-20T01:35:34Z,0.37857610616796644,co,airSensors,TLM0103
,,3,2026-09-20T01:35:44Z,0.377133482162086,co,airSensors,TLM0103
,,3,2026-09-20T01:35:54Z,0.37449046511880757,co,airSensors,TLM0103
,,3,2026-09-20T01:36:04Z,0.3861143051895295,co,airSensors,TLM0103
,,3,2026-09-20T01:36:14Z,0.3798741907756766,co,airSensors,TLM0103
,,3,2026-09-20T01:36:24Z,0.389545858597256,co,airSensors,TLM0103
,,3,2026-09-20T01:36:34Z,0.39436745524233835,co,airSensors,TLM0103
,,3,2026-09-20T01:36:44Z,0.3926456714570779,co,airSensors,TLM0103
,,3,2026-09-20T01:36:54Z,0.4062336629476663,co,airSensors,TLM0103
,,3,2026-09-20T01:37:04Z,0.4143100618803371,co,airSensors,TLM0103
,,3,2026-09-20T01:37:14Z,0.4090495483118959,co,airSensors,TLM0103
,,3,2026-09-20T01:37:24Z,0.39700039554463995,co,airSensors,TLM0103
,,3,2026-09-20T01:37:34Z,0.38342350989780466,co,airSensors,TLM0103
,,3,2026-09-20T01:37:44Z,0.3988001190694757,co,airSensors,TLM0103
,,3,2026-09-20T01:37:54Z,0.41132558623277493,co,airSensors,TLM0103
,,3,2026-09-20T01:38:04Z,0.4071670599440873,co,airSensors,TLM0103
,,3,2026-09-20T01:38:14Z,0.40537979159129234,co,airSensors,TLM0103
,,3,2026-09-20T01:38:24Z,0.41574261267672763,co,airSensors,TLM0103
,,3,2026-09-20T01:38:34Z,0.4001516505177344,co,airSensors,TLM0103
,,3,2026-09-20T01:38:44Z,0.3954263192553865,co,airSensors,TLM0103
,,3,2026-09-20T01:38:54Z,0.38970829509637,co,airSensors,TLM0103
,,3,2026-09-20T01:39:04Z,0.3829530721726901,co,airSensors,TLM0103
,,3,2026-09-20T01:39:14Z,0.3656277213382348,co,airSensors,TLM0103
,,3,2026-09-20T01:39:24Z,0.36905447831313654,co,airSensors,TLM0103
,,3,2026-09-20T01:39:34Z,0.37921623916971536,co,airSensors,TLM0103
,,3,2026-09-20T01:39:44Z,0.3798972713683568,co,airSensors,TLM0103
,,3,2026-09-20T01:39:54Z,0.3780638434730735,co,airSensors,TLM0103
,,4,2026-09-20T00:39:54Z,0.5405136596078768,co,airSensors,TLM0200
,,4,2026-09-20T00:40:04Z,0.5258112198121976,co,airSensors,TLM0200
,,4,2026-09-20T00:40:14Z,0.5221917259747269,co,airSensors,TLM0200
,,4,2026-09-20T00:40:24Z,0.521939699550325,co,airSensors,TLM0200
,,4,2026-09-20T00:40:34Z,0.5135025633779297,co,airSensors,TLM0200
,,4,2026-09-20T00:40:44Z,0.5011071915179329,co,airSensors,TLM0200
,,4,2026-09-20T00:40:54Z,0.48664658602664995,co,airSensors,TLM0200
,,4,2026-09-20T00:41:04Z,0.4916770108698507,co,airSensors,TLM0200
,,4,2026-09-20T00:41:14Z,0.49255145816082996,co,airSensors,TLM0200
,,4,2026-09-20T00:41:24Z,0.47605094955980937,co,airSensors,TLM0200
,,4,2026-09-20T00:41:34Z,0.4646642882238122,co,airSensors,TLM0200
,,4,2026-09-20T00:41:44Z,0.4921243356594498,co,airSensors,TLM0200
,,4,2026-09-20T00:41:54Z,0.5149254656289848,co,airSensors,TLM0200
,,4,2026-09-20T00:42:04Z,0.5369962688927608,co,airSensors,TLM0200
,,4,2026-09-20T00:42:14Z,0.5778990826023991,co,airSensors,TLM0200
,,4,2026-09-20T00:42:24Z,0.587886508839544,co,airSensors,TLM0200
,,4,2026-09-20T00:42:34Z,0.587246254334922,co,airSensors,TLM0200
,,4,2026-09-20T00:42:44Z,0.567484093244121,co,airSensors,TLM0200
,,4,2026-09-20T00:42:54Z,0.6009584404555021,co,airSensors,TLM0200
,,4,2026-09-20T00:43:04Z,0.6096110703129853,co,airSensors,TLM0200
,,4,2026-09-20T00:43:14Z,0.6576666332422605,co,airSensors,TLM0200
,,4,2026-09-20T00:43:24Z,0.6380778229285249,co,airSensors,TLM0200
,,4,2026-09-20T00:43:34Z,0.6616986124696871,co,airSensors,TLM0200
,,4,2026-09-20T00:43:44Z,0.6695487463800082,co,airSensors,TLM0200
,,4,2026-09-20T00:43:54Z,0.6858627768226213,co,airSensors,TLM0200
,,4,2026-09-20T00:44:04Z,0.6830103489332242,co,airSensors,TLM0200
,,4,2026-09-20T00:44:14Z,0.7216380475271387,co,airSensors,TLM0200
,,4,2026-09-20T00:44:24Z,0.7558320847904182,co,airSensors,TLM0200
,,4,2026-09-20T00:44:34Z,0.754159034436157,co,airSensors,TLM0200
,,4,2026-09-20T00:44:44Z,0.7965040230593938,co,airSensors,TLM0200
,,4,2026-09-20T00:44:54Z,0.785260194635455,co,airSensors,TLM0200
,,4,2026-09-20T00:45:04Z,0.8159298071719151,co,airSensors,TLM0200
,,4,2026-09-20T00:45:14Z,0.8175708000561042,co,airSensors,TLM0200
,,4,2026-09-20T00:45:24Z,0.8666404052603779,co,airSensors,TLM0200
,,4,2026-09-20T00:45:34Z,0.8545302837206511,co,airSensors,TLM0200
,,4,2026-09-20T00:45:44Z,0.9040535995026153,co,airSensors,TLM0200
,,4,2026-09-20T00:45:54Z,0.8946987588013078,co,airSensors,TLM0200
,,4,2026-09-20T00:46:04Z,0.9408156578427527,co,airSensors,TLM0200
,,4,2026-09-20T00:46:14Z,0.9783271224460698,co,airSensors,TLM0200
,,4,2026-09-20T00:46:24Z,0.9712546334152816,co,airSensors,TLM0200
,,4,2026-09-20T00:46:34Z,1.009075121763604,co,airSensors,TLM0200
,,4,2026-09-20T00:46:44Z,1.0367716069020059,co,airSensors,TLM0200
,,4,2026-09-20T00:46:54Z,1.07710048271056,co,airSensors,TLM0200
,,4,2026-09-20T00:47:04Z,1.086781200478651,co,airSensors,TLM0200
,,4,2026-09-20T00:47:14Z,1.124777461771556,co,airSensors,TLM0200
,,4,2026-09-20T00:47:24Z,1.1081500355649898,co,airSensors,TLM0200
,,4,2026-09-20T00:47:34Z,1.1292656312073692,co,airSensors,TLM0200
,,4,2026-09-20T00:47:44Z,1.1702290515362241,co,airSensors,TLM0200
,,4,2026-09-20T00:47:54Z,1.2080532359136278,co,airSensors,TLM0200
,,4,2026-09-20T00:48:04Z,1.2040745608791934,co,airSensors,TLM0200
,,4,2026-09-20T00:48:14Z,1.2212921527738785,co,airSensors,TLM0200
,,4,2026-09-20T00:48:24Z,1.2212320416748703,co,airSensors,TLM0200
,,4,2026-09-20T00:48:34Z,1.2538105310768026,co,airSensors,TLM0200
,,4,2026-09-20T00:48:44Z,1.2564770976296125,co,airSensors,TLM0200
,,4,2026-09-20T00:48:54Z,1.2833018501181337,co,airSensors,TLM0200
,,4,2026-09-20T00:49:04Z,1.2871829511015573,co,airSensors,TLM0200
,,4,2026-09-20T00:49:14Z,1.2975297518831301,co,airSensors,TLM0200
,,4,2026-09-20T00:49:24Z,1.325873312768675,co,airSensors,TLM0200
,,4,2026-09-20T00:49:34Z,1.3492546656103652,co,airSensors,TLM0200
,,4,2026-09-20T00:49:44Z,1.395060650714874,co,airSensors,TLM0200
,,4,2026-09-20T00:49:54Z,1.4215330441587617,co,airSensors,TLM0200
,,4,2026-09-20T00:50:04Z,1.422619235189902,co,airSensors,TLM0200
,,4,2026-09-20T00:50:14Z,1.4154681569513297,co,airSensors,TLM0200
,,4,2026-09-20T00:50:24Z,1.4201223745065576,co,airSensors,TLM0200
,,4,2026-09-20T00:50:34Z,1.412240437059157,co,airSensors,TLM0200
,,4,2026-09-20T00:50:44Z,1.4002798071485831,co,airSensors,TLM0200
,,4,2026-09-20T00:50:54Z,1.4312851727723561,co,airSensors,TLM0200
,,4,2026-09-20T00:51:04Z,1.4162201339988427,co,airSensors,TLM0200
,,4,2026-09-20T00:51:14Z,1.4390015711109454,co,airSensors,TLM0200
,,4,2026-09-20T00:51:24Z,1.4329091693562925,co,airSensors,TLM0200
,,4,2026-09-20T00:51:34Z,1.4415798496187462,co,airSensors,TLM0200
,,4,2026-09-20T00:51:44Z,1.439802665774118,co,airSensors,TLM0200
,,4,2026-09-20T00:51:54Z,1.4323652632344621,co,airSensors,TLM0200
,,4,2026-09-20T00:52:04Z,1.4214012707042587,co,airSensors,TLM0200
,,4,2026-09-20T00:52:14Z,1.4690354155871974,co,airSensors,TLM0200
,,4,2026-09-20T00:52:24Z,1.484511933153989,co,airSensors,TLM0200
,,4,2026-09-20T00:52:34Z,1.469690070457996,co,airSensors,TLM0200
,,4,2026-09-20T00:52:44Z,1.5000122183406963,co,airSensors,TLM0200
,,4,2026-09-20T00:52:54Z,1.5439488392463983,co,airSensors,TLM0200
,,4,2026-09-20T00:53:04Z,1.5856272898971413,co,airSensors,TLM0200
,,4,2026-09-20T00:53:14Z,1.5985620627328934,co,airSensors,TLM0200
,,4,2026-09-20T00:53:24Z,1.6030021431026713,co,airSensors,TLM0200
,,4,2026-09-20T00:53:34Z,1.623720541973211,co,airSensors,TLM0200
,,4,2026-09-20T00:53:44Z,1.6476007369723622,co,airSensors,TLM0200
,,4,2026-09-20T00:53:54Z,1.650668429636684,co,airSensors,TLM0200
,,4,2026-09-20T00:54:04Z,1.6634912871067038,co,airSensors,TLM0200
,,4,2026-09-20T00:54:14Z,1.6541773689052968,co,airSensors,TLM0200
,,4,2026-09-20T00:54:24Z,1.695703131908738,co,airSensors,TLM0200
,,4,2026-09-20T00:54:34Z,1.6815614971945678,co,airSensors,TLM0200
,,4,2026-09-20T00:54:44Z,1.6647942763740367,co,airSensors,TLM0200
,,4,2026-09-20T00:54:54Z,1.658973771253718,co,airSensors,TLM0200
,,4,2026-09-20T00:55:04Z,1.6496734378899924,co,airSensors,TLM0200
,,4,2026-09-20T00:55:14Z,1.6477268938661869,co,airSensors,TLM0200
,,4,2026-09-20T00:55:24Z,1.6762432405033905,co,airSensors,TLM0200
,,4,2026-09-20T00:55:34Z,1.6805972633322934,co,airSensors,TLM0200
,,4,2026-09-20T00:55:44Z,1.6854520305038887,co,airSensors,TLM0200
,,4,2026-09-20T00:55:54Z,1.731648165875185,co,airSensors,TLM0200
,,4,2026-09-20T00:56:04Z,1.7486159731429904,co,airSensors,TLM0200
,,4,2026-09-20T00:56:14Z,1.7389042810862945,co,airSensors,TLM0200
,,4,2026-09-20T00:56:24Z,1.7439096966628962,co,airSensors,TLM0200
,,4,2026-09-20T00:56:34Z,1.7559041643246873,co,airSensors,TLM0200
,,4,2026-09-20T00:56:44Z,1.7570958529960439,co,airSensors,TLM0200
,,4,2026-09-20T00:56:54Z,1.8050598852854425,co,airSensors,TLM0200
,,4,2026-09-20T00:57:04Z,1.795745403659296,co,airSensors,TLM0200
,,4,2026-09-20T00:57:14Z,1.8256312588703258,co,airSensors,TLM0200
,,4,2026-09-20T00:57:24Z,1.8586736762594185,co,airSensors,TLM0200
,,4,2026-09-20T00:57:34Z,1.8683906948159519,co,airSensors,TLM0200
,,4,2026-09-20T00:57:44Z,1.8843533173988674,co,airSensors,TLM0200
,,4,2026-09-20T00:57:54Z,1.8733431989918614,co,airSensors,TLM0200
,,4,2026-09-20T00:58:04Z,1.8964104833738231,co,airSensors,TLM0200
,,4,2026-09-20T00:58:14Z,1.9318925355467724,co,airSensors,TLM0200
,,4,2026-09-20T00:58:24Z,1.9176631208804171,co,airSensors,TLM0200
,,4,2026-09-20T00:58:34Z,1.9631642669733609,co,airSensors,TLM0200
,,4,2026-09-20T00:58:44Z,2.0055446253374885,co,airSensors,TLM0200
,,4,2026-09-20T00:58:54Z,2.036064600933504,co,airSensors,TLM0200
,,4,2026-09-20T00:59:04Z,2.0305216420123458,co,airSensors,TLM0200
,,4,2026-09-20T00:59:14Z,2.020601222496629,co,airSensors,TLM0200
,,4,2026-09-20T00:59:24Z,2.0613678147110104,co,airSensors,TLM0200
,,4,2026-09-20T00:59:34Z,2.1103410857231126,co,airSensors,TLM0200
,,4,2026-09-20T00:59:44Z,2.118343348203837,co,airSensors,TLM0200
,,4,2026-09-20T00:59:54Z,2.1479499458082185,co,airSensors,TLM0200
,,4,2026-09-20T01:00:04Z,2.1639134994007243,co,airSensors,TLM0200
,,4,2026-09-20T01:00:14Z,2.1726413465629473,co,airSensors,TLM0200
,,4,2026-09-20T01:00:24Z,2.183710049807378,co,airSensors,TLM0200
,,4,2026-09-20T01:00:34Z,2.228598376006225,co,airSensors,TLM0200
,,4,2026-09-20T01:00:44Z,2.2160393521984614,co,airSensors,TLM0200
,,4,2026-09-20T01:00:54Z,2.26463283299328,co,airSensors,TLM0200
,,4,2026-09-20T01:01:04Z,2.286577142663857,co,airSensors,TLM0200
,,4,2026-09-20T01:01:14Z,2.3010787884019126,co,airSensors,TLM0200
,,4,2026-09-20T01:01:24Z,2.3108979476647398,co,airSensors,TLM0200
,,4,2026-09-20T01:01:34Z,2.3241953498073906,co,airSensors,TLM0200
,,4,2026-09-20T01:01:44Z,2.311971548017789,co,airSensors,TLM0200
,,4,2026-09-20T01:01:54Z,2.339622132858582,co,airSensors,TLM0200
,,4,2026-09-20T01:02:04Z,2.3392250958070506,co,airSensors,TLM0200
,,4,2026-09-20T01:02:14Z,2.3834535253756095,co,airSensors,TLM0200
,,4,2026-09-20T01:02:24Z,2.3902992996010664,co,airSensors,TLM0200
,,4,2026-09-20T01:02:34Z,2.408327109068362,co,airSensors,TLM0200
,,4,2026-09-20T01:02:44Z,2.390338045581518,co,airSensors,TLM0200
,,4,2026-09-20T01:02:54Z,2.418739640163125,co,airSensors,TLM0200
,,4,2026-09-20T01:03:04Z,2.401943683833824,co,airSensors,TLM0200
,,4,2026-09-20T01:03:14Z,2.4258432088903352,co,airSensors,TLM0200
,,4,2026-09-20T01:03:24Z,2.4347061963006396,co,airSensors,TLM0200
,,4,2026-09-20T01:03:34Z,2.446666310000805,co,airSensors,TLM0200
,,4,2026-09-20T01:03:44Z,2.482774846012204,co,airSensors,TLM0200
,,4,2026-09-20T01:03:54Z,2.524963004913658,co,airSensors,TLM0200
,,4,2026-09-20T01:04:04Z,2.5440928385177677,co,airSensors,TLM0200
,,4,2026-09-20T01:04:14Z,2.585904483540472,co,airSensors,TLM0200
,,4,2026-09-20T01:04:24Z,2.6197513162771173,co,airSensors,TLM0200
,,4,2026-09-20T01:04:34Z,2.646626442671837,co,airSensors,TLM0200
,,4,2026-09-20T01:04:44Z,2.6445480310719645,co,airSensors,TLM0200
,,4,2026-09-20T01:04:54Z,2.631282787944613,co,airSensors,TLM0200
,,4,2026-09-20T01:05:04Z,2.666137857012068,co,airSensors,TLM0200
,,4,2026-09-20T01:05:14Z,2.6731701735104885,co,airSensors,TLM0200
,,4,2026-09-20T01:05:24Z,2.673947797002683,co,airSensors,TLM0200
,,4,2026-09-20T01:05:34Z,2.704673570284367,co,airSensors,TLM0200
,,4,2026-09-20T01:05:44Z,2.693873570388202,co,airSensors,TLM0200
,,4,2026-09-20T01:05:54Z,2.7038183141211594,co,airSensors,TLM0200
,,4,2026-09-20T01:06:04Z,2.710623475475036,co,airSensors,TLM0200
,,4,2026-09-20T01:06:14Z,2.7506049889671207,co,airSensors,TLM0200
,,4,2026-09-20T01:06:24Z,2.740903399003647,co,airSensors,TLM0200
,,4,2026-09-20T01:06:34Z,2.751765659481783,co,airSensors,TLM0200
,,4,2026-09-20T01:06:44Z,2.7493348058937888,co,airSensors,TLM0200
,,4,2026-09-20T01:06:54Z,2.772659257958433,co,airSensors,TLM0200
,,4,2026-09-20T01:07:04Z,2.8179040644618265,co,airSensors,TLM0200
,,4,2026-09-20T01:07:14Z,2.8223535409767804,co,airSensors,TLM0200
,,4,2026-09-20T01:07:24Z,2.8428376036887997,co,airSensors,TLM0200
,,4,2026-09-20T01:07:34Z,2.847595892031085,co,airSensors,TLM0200
,,4,2026-09-20T01:07:44Z,2.856114860811301,co,airSensors,TLM0200
,,4,2026-09-20T01:07:54Z,2.8898564847961654,co,airSensors,TLM0200
,,4,2026-09-20T01:08:04Z,2.9307450773044907,co,airSensors,TLM0200
,,4,2026-09-20T01:08:14Z,2.9244192231002826,co,airSensors,TLM0200
,,4,2026-09-20T01:08:24Z,2.9069320130865814,co,airSensors,TLM0200
,,4,2026-09-20T01:08:34Z,2.9227929446612424,co,airSensors,TLM0200
,,4,2026-09-20T01:08:44Z,2.904573781368324,co,airSensors,TLM0200
,,4,2026-09-20T01:08:54Z,2.931564805142034,co,airSensors,TLM0200
,,4,2026-09-20T01:09:04Z,2.9125149034081756,co,airSensors,TLM0200
,,4,2026-09-20T01:09:14Z,2.9246009170357876,co,airSensors,TLM0200
,,4,2026-09-20T01:09:24Z,2.934655358779066,co,airSensors,TLM0200
,,4,2026-09-20T01:09:34Z,2.929587465932737,co,airSensors,TLM0200
,,4,2026-09-20T01:09:44Z,2.9697103435911107,co,airSensors,TLM0200
,,4,2026-09-20T01:09:54Z,2.9541590143879466,co,airSensors,TLM0200
,,4,2026-09-20T01:10:04Z,2.9727533149320826,co,airSensors,TLM0200
,,4,2026-09-20T01:10:14Z,2.9696641990073127,co,airSensors,TLM0200
,,4,2026-09-20T01:10:24Z,3.0066251565248856,co,airSensors,TLM0200
,,4,2026-09-20T01:10:34Z,3.0074128972268612,co,airSensors,TLM0200
,,4,2026-09-20T01:10:44Z,2.996227152788411,co,airSensors,TLM0200
,,4,2026-09-20T01:10:54Z,3.012854440798736,co,airSensors,TLM0200
,,4,2026-09-20T01:11:04Z,3.0202817471578514,co,airSensors,TLM0200
,,4,2026-09-20T01:11:14Z,3.0179471137595795,co,airSensors,TLM0200
,,4,2026-09-20T01:11:24Z,2.999112395551045,co,airSensors,TLM0200
,,4,2026-09-20T01:11:34Z,2.995755850505949,co,airSensors,TLM0200
,,4,2026-09-20T01:11:44Z,3.0089506178412684,co,airSensors,TLM0200
,,4,2026-09-20T01:11:54Z,3.0409176696287594,co,airSensors,TLM0200
,,4,2026-09-20T01:12:04Z,3.0325113282322267,co,airSensors,TLM0200
,,4,2026-09-20T01:12:14Z,3.059343653731121,co,airSensors,TLM0200
,,4,2026-09-20T01:12:24Z,3.070633044823256,co,airSensors,TLM0200
,,4,2026-09-20T01:12:34Z,3.119964186888645,co,airSensors,TLM0200
,,4,2026-09-20T01:12:44Z,3.145545471609708,co,airSensors,TLM0200
,,4,2026-09-20T01:12:54Z,3.1407925263498444,co,airSensors,TLM0200
,,4,2026-09-20T01:13:04Z,3.188304602655176,co,airSensors,TLM0200
,,4,2026-09-20T01:13:14Z,3.1734448539662274,co,airSensors,TLM0200
,,4,2026-09-20T01:13:24Z,3.200283692676978,co,airSensors,TLM0200
,,4,2026-09-20T01:13:34Z,3.214014737794213,co,airSensors,TLM0200
,,4,2026-09-20T01:13:44Z,3.223042190238056,co,airSensors,TLM0200
,,4,2026-09-20T01:13:54Z,3.246796224362132,co,airSensors,TLM0200
,,4,2026-09-20T01:14:04Z,3.2555783339014956,co,airSensors,TLM0200
,,4,2026-09-20T01:14:14Z,3.23881180100648,co,airSensors,TLM0200
,,4,2026-09-20T01:14:24Z,3.252546959083418,co,airSensors,TLM0200
,,4,2026-09-20T01:14:34Z,3.2876735014197744,co,airSensors,TLM0200
,,4,2026-09-20T01:14:44Z,3.3171491753230287,co,airSensors,TLM0200
,,4,2026-09-20T01:14:54Z,3.356493481096579,co,airSensors,TLM0200
,,4,2026-09-20T01:15:04Z,3.339949288123725,co,airSensors,TLM0200
,,4,2026-09-20T01:15:14Z,3.323643693156101,co,airSensors,TLM0200
,,4,2026-09-20T01:15:24Z,3.3344661495150705,co,airSensors,TLM0200
,,4,2026-09-20T01:15:34Z,3.368455924108547,co,airSensors,TLM0200
,,4,2026-09-20T01:15:44Z,3.3864385529860557,co,airSensors,TLM0200
,,4,2026-09-20T01:15:54Z,3.4154401224845263,co,airSensors,TLM0200
,,4,2026-09-20T01:16:04Z,3.4349671593912894,co,airSensors,TLM0200
,,4,2026-09-20T01:16:14Z,3.4527980403642293,co,airSensors,TLM0200
,,4,2026-09-20T01:16:24Z,3.4635189841893492,co,airSensors,TLM0200
,,4,2026-09-20T01:16:34Z,3.4938743035183832,co,airSensors,TLM0200
,,4,2026-09-20T01:16:44Z,3.4846550914084475,co,airSensors,TLM0200
,,4,2026-09-20T01:16:54Z,3.5255136113015433,co,airSensors,TLM0200
,,4,2026-09-20T01:17:04Z,3.543542660010277,co,airSensors,TLM0200
,,4,2026-09-20T01:17:14Z,3.5432788152469343,co,airSensors,TLM0200
,,4,2026-09-20T01:17:24Z,3.5613641956226183,co,airSensors,TLM0200
,,4,2026-09-20T01:17:34Z,3.5881354163840316,co,airSensors,TLM0200
,,4,2026-09-20T01:17:44Z,3.5754217620993383,co,airSensors,TLM0200
,,4,2026-09-20T01:17:54Z,3.5868766106629124,co,airSensors,TLM0200
,,4,2026-09-20T01:18:04Z,3.600013798842186,co,airSensors,TLM0200
,,4,2026-09-20T01:18:14Z,3.5947406549973864,co,airSensors,TLM0200
,,4,2026-09-20T01:18:24Z,3.606048350310921,co,airSensors,TLM0200
,,4,2026-09-20T01:18:34Z,3.611175554559454,co,airSensors,TLM0200
,,4,2026-09-20T01:18:44Z,3.6257506422990646,co,airSensors,TLM0200
,,4,2026-09-20T01:18:54Z,3.609145695551479,co,airSensors,TLM0200
,,4,2026-09-20T01:19:04Z,3.6309790096980143,co,airSensors,TLM0200
,,4,2026-09-20T01:19:14Z,3.6567653569868788,co,airSensors,TLM0200
,,4,2026-09-20T01:19:24Z,3.6714950649340445,co,airSensors,TLM0200
,,4,2026-09-20T01:19:34Z,3.6519325083554266,co,airSensors,TLM0200
,,4,2026-09-20T01:19:44Z,3.6862071791608897,co,airSensors,TLM0200
,,4,2026-09-20T01:19:54Z,3.7138289991630153,co,airSensors,TLM0200
,,4,2026-09-20T01:20:04Z,3.7174897614656697,co,airSensors,TLM0200
,,4,2026-09-20T01:20:14Z,3.7464346802612725,co,airSensors,TLM0200
,,4,2026-09-20T01:20:24Z,3.7431498308888482,co,airSensors,TLM0200
,,4,2026-09-20T01:20:34Z,3.737599974230356,co,airSensors,TLM0200
,,4,2026-09-20T01:20:44Z,3.7750984043841784,co,airSensors,TLM0200
,,4,2026-09-20T01:20:54Z,3.7645017080469083,co,airSensors,TLM0200
,,4,2026-09-20T01:21:04Z,3.797669826508739,co,airSensors,TLM0200
,,4,2026-09-20T01:21:14Z,3.7806396411988663,co,airSensors,TLM0200
,,4,2026-09-20T01:21:24Z,3.800022568740877,co,airSensors,TLM0200
,,4,2026-09-20T01:21:34Z,3.805241552833539,co,airSensors,TLM0200
,,4,2026-09-20T01:21:44Z,3.824139123012066,co,airSensors,TLM0200
,,4,2026-09-20T01:21:54Z,3.827990686710559,co,airSensors,TLM0200
,,4,2026-09-20T01:22:04Z,3.8587907721603116,co,airSensors,TLM0200
,,4,2026-09-20T01:22:14Z,3.841643343392412,co,airSensors,TLM0200
,,4,2026-09-20T01:22:24Z,3.879592281954637,co,airSensors,TLM0200
,,4,2026-09-20T01:22:34Z,3.9026833371476517,co,airSensors,TLM0200
,,4,2026-09-20T01:22:44Z,3.889036476852554,co,airSensors,TLM0200
,,4,2026-09-20T01:22:54Z,3.9057368624969686,co,airSensors,TLM0200
,,4,2026-09-20T01:23:04Z,3.928590350910351,co,airSensors,TLM0200
,,4,2026-09-20T01:23:14Z,3.953585870273786,co,airSensors,TLM0200
,,4,2026-09-20T01:23:24Z,3.9974597902372095,co,airSensors,TLM0200
,,4,2026-09-20T01:23:34Z,4.032253600884427,co,airSensors,TLM0200
,,4,2026-09-20T01:23:44Z,4.024563552242653,co,airSensors,TLM0200
,,4,2026-09-20T01:23:54Z,4.017868395129448,co,airSensors,TLM0200
,,4,2026-09-20T01:24:04Z,4.014554667139183,co,airSensors,TLM0200
,,4,2026-09-20T01:24:14Z,4.01674943912602,co,airSensors,TLM0200
,,4,2026-09-20T01:24:24Z,4.005517399630512,co,airSensors,TLM0200
,,4,2026-09-20T01:24:34Z,4.014081489794151,co,airSensors,TLM0200
,,4,2026-09-20T01:24:44Z,4.0429637819280995,co,airSensors,TLM0200
,,4,2026-09-20T01:24:54Z,4.050821656742329,co,airSensors,TLM0200
,,4,2026-09-20T01:25:04Z,4.045326841961009,co,airSensors,TLM0200
,,4,2026-09-20T01:25:14Z,4.082482126206946,co,airSensors,TLM0200
,,4,2026-09-20T01:25:24Z,4.0625409356823035,co,airSensors,TLM0200
,,4,2026-09-20T01:25:34Z,4.054475303360002,co,airSensors,TLM0200
,,4,2026-09-20T01:25:44Z,4.045457188001761,co,airSensors,TLM0200
,,4,2026-09-20T01:25:54Z,4.029508275397534,co,airSensors,TLM0200
,,4,2026-09-20T01:26:04Z,4.045720428742293,co,airSensors,TLM0200
,,4,2026-09-20T01:26:14Z,4.090677754695955,co,airSensors,TLM0200
,,4,2026-09-20T01:26:24Z,4.100039379097374,co,airSensors,TLM0200
,,4,2026-09-20T01:26:34Z,4.143269659688847,co,airSensors,TLM0200
,,4,2026-09-20T01:26:44Z,4.138911007884042,co,airSensors,TLM0200
,,4,2026-09-20T01:26:54Z,4.166058418570509,co,airSensors,TLM0200
,,4,2026-09-20T01:27:04Z,4.147527348722574,co,airSensors,TLM0200
,,4,2026-09-20T01:27:14Z,4.128480411633526,co,airSensors,TLM0200
,,4,2026-09-20T01:27:24Z,4.1276526542778615,co,airSensors,TLM0200
,,4,2026-09-20T01:27:34Z,4.154978330002445,co,airSensors,TLM0200
,,4,2026-09-20T01:27:44Z,4.159370845044924,co,airSensors,TLM0200
,,4,2026-09-20T01:27:54Z,4.161484113750058,co,airSensors,TLM0200
,,4,2026-09-20T01:28:04Z,4.147410490252224,co,airSensors,TLM0200
,,4,2026-09-20T01:28:14Z,4.171295740646904,co,airSensors,TLM0200
,,4,2026-09-20T01:28:24Z,4.21299385921672,co,airSensors,TLM0200
,,4,2026-09-20T01:28:34Z,4.197893370129668,co,airSensors,TLM0200
,,4,2026-09-20T01:28:44Z,4.192409405403275,co,airSensors,TLM0200
,,4,2026-09-20T01:28:54Z,4.228477238505061,co,airSensors,TLM0200
,,4,2026-09-20T01:29:04Z,4.241773204740076,co,airSensors,TLM0200
,,4,2026-09-20T01:29:14Z,4.232399227787823,co,airSensors,TLM0200
,,4,2026-09-20T01:29:24Z,4.233901493660853,co,airSensors,TLM0200
,,4,2026-09-20T01:29:34Z,4.274674471919149,co,airSensors,TLM0200
,,4,2026-09-20T01:29:44Z,4.280771917505299,co,airSensors,TLM0200
,,4,2026-09-20T01:29:54Z,4.330609172744629,co,airSensors,TLM0200
,,4,2026-09-20T01:30:04Z,4.380514225176559,co,airSensors,TLM0200
,,4,2026-09-20T01:30:14Z,4.391066760128513,co,airSensors,TLM0200
,,4,2026-09-20T01:30:24Z,4.388770925282539,co,airSensors,TLM0200
,,4,2026-09-20T01:30:34Z,4.419292030479139,co,airSensors,TLM0200
,,4,2026-09-20T01:30:44Z,4.408201497879211,co,airSensors,TLM0200
,,4,2026-09-20T01:30:54Z,4.445269374685516,co,airSensors,TLM0200
,,4,2026-09-20T01:31:04Z,4.4456285481446045,co,airSensors,TLM0200
,,4,2026-09-20T01:31:14Z,4.445449244043479,co,airSensors,TLM0200
,,4,2026-09-20T01:31:24Z,4.443775312179863,co,airSensors,TLM0200
,,4,2026-09-20T01:31:34Z,4.463968664858704,co,airSensors,TLM0200
,,4,2026-09-20T01:31:44Z,4.4468170648159875,co,airSensors,TLM0200
,,4,2026-09-20T01:31:54Z,4.448380334214585,co,airSensors,TLM0200
,,4,2026-09-20T01:32:04Z,4.457704458262336,co,airSensors,TLM0200
,,4,2026-09-20T01:32:14Z,4.457317075546858,co,airSensors,TLM0200
,,4,2026-09-20T01:32:24Z,4.440748541521596,co,airSensors,TLM0200
,,4,2026-09-20T01:32:34Z,4.470035989327014,co,airSensors,TLM0200
,,4,2026-09-20T01:32:44Z,4.496422466326923,co,airSensors,TLM0200
,,4,2026-09-20T01:32:54Z,4.512315231852628,co,airSensors,TLM0200
,,4,2026-09-20T01:33:04Z,4.518756600146118,co,airSensors,TLM0200
,,4,2026-09-20T01:33:14Z,4.530077146506831,co,airSensors,TLM0200
,,4,2026-09-20T01:33:24Z,4.56194656370492,co,airSensors,TLM0200
,,4,2026-09-20T01:33:34Z,4.5798527345188464,co,airSensors,TLM0200
,,4,2026-09-20T01:33:44Z,4.589567514090665,co,airSensors,TLM0200
,,4,2026-09-20T01:33:54Z,4.636717005228342,co,airSensors,TLM0200
,,4,2026-09-20T01:34:04Z,4.644004918048081,co,airSensors,TLM0200
,,4,2026-09-20T01:34:14Z,4.677450633736804,co,airSensors,TLM0200
,,4,2026-09-20T01:34:24Z,4.691555280066991,co,airSensors,TLM0200
,,4,2026-09-20T01:34:34Z,4.729113341374449,co,airSensors,TLM0200
,,4,2026-09-20T01:34:44Z,4.730107327821472,co,airSensors,TLM0200
,,4,2026-09-20T01:34:54Z,4.771263316060476,co,airSensors,TLM0200
,,4,2026-09-20T01:35:04Z,4.757101899923581,co,airSensors,TLM0200
,,4,2026-09-20T01:35:14Z,4.742928192554212,co,airSensors,TLM0200
,,4,2026-09-20T01:35:24Z,4.755113236979356,co,airSensors,TLM0200
,,4,2026-09-20T01:35:34Z,4.794028158067042,co,airSensors,TLM0200
,,4,2026-09-20T01:35:44Z,4.806568633734918,co,airSensors,TLM0200
,,4,2026-09-20T01:35:54Z,4.825298759158306,co,airSensors,TLM0200
,,4,2026-09-20T01:36:04Z,4.866156793371799,co,airSensors,TLM0200
,,4,2026-09-20T01:36:14Z,4.859165065030477,co,airSensors,TLM0200
,,4,2026-09-20T01:36:24Z,4.841009839514404,co,airSensors,TLM0200
,,4,2026-09-20T01:36:34Z,4.850659208577361,co,airSensors,TLM0200
,,4,2026-09-20T01:36:44Z,4.832184842132179,co,airSensors,TLM0200
,,4,2026-09-20T01:36:54Z,4.826317845063691,co,airSensors,TLM0200
,,4,2026-09-20T01:37:04Z,4.839402206512879,co,airSensors,TLM0200
,,4,2026-09-20T01:37:14Z,4.855882115518819,co,airSensors,TLM0200
,,4,2026-09-20T01:37:24Z,4.86926674195567,co,airSensors,TLM0200
,,4,2026-09-20T01:37:34Z,4.870864401972521,co,airSensors,TLM0200
,,4,2026-09-20T01:37:44Z,4.895281852741623,co,airSensors,TLM0200
,,4,2026-09-20T01:37:54Z,4.880075376907299,co,airSensors,TLM0200
,,4,2026-09-20T01:38:04Z,4.877359824839129,co,airSensors,TLM0200
,,4,2026-09-20T01:38:14Z,4.9073501838508955,co,airSensors,TLM0200
,,4,2026-09-20T01:38:24Z,4.929848427642321,co,airSensors,TLM0200
,,4,2026-09-20T01:38:34Z,4.96743512823384,co,airSensors,TLM0200
,,4,2026-09-20T01:38:44Z,5.0103176554629725,co,airSensors,TLM0200
,,4,2026-09-20T01:38:54Z,5.034017488580741,co,airSensors,TLM0200
,,4,2026-09-20T01:39:04Z,5.037244917800655,co,airSensors,TLM0200
,,4,2026-09-20T01:39:14Z,5.079032312208095,co,airSensors,TLM0200
,,4,2026-09-20T01:39:24Z,5.1096206276377085,co,airSensors,TLM0200
,,4,2026-09-20T01:39:34Z,5.090131557049833,co,airSensors,TLM0200
,,4,2026-09-20T01:39:44Z,5.077000356667249,co,airSensors,TLM0200
,,4,2026-09-20T01:39:54Z,5.0891618113827946,co,airSensors,TLM0200
,,5,2026-09-20T00:39:54Z,0.49304928904069334,co,airSensors,TLM0201
,,5,2026-09-20T00:40:04Z,0.5005779917592619,co,airSensors,TLM0201
,,5,2026-09-20T00:40:14Z,0.49498899864469287,co,airSensors,TLM0201
,,5,2026-09-20T00:40:24Z,0.48726499133026896,co,airSensors,TLM0201
,,5,2026-09-20T00:40:34Z,0.4819753270842175,co,airSensors,TLM0201
,,5,2026-09-20T00:40:44Z,0.48140312328348184,co,airSensors,TLM0201
,,5,2026-09-20T00:40:54Z,0.47742011814052265,co,airSensors,TLM0201
,,5,2026-09-20T00:41:04Z,0.48904981431347583,co,airSensors,TLM0201
,,5,2026-09-20T00:41:14Z,0.49970325482114203,co,airSensors,TLM0201
,,5,2026-09-20T00:41:24Z,0.5027158905047963,co,airSensors,TLM0201
,,5,2026-09-20T00:41:34Z,0.5105706711277682,co,airSensors,TLM0201
,,5,2026-09-20T00:41:44Z,0.5119735628710446,co,airSensors,TLM0201
,,5,2026-09-20T00:41:54Z,0.5150453305630512,co,airSensors,TLM0201
,,5,2026-09-20T00:42:04Z,0.5051343509757169,co,airSensors,TLM0201
,,5,2026-09-20T00:42:14Z,0.4860311408189141,co,airSensors,TLM0201
,,5,2026-09-20T00:42:24Z,0.5015476596418176,co,airSensors,TLM0201
,,5,2026-09-20T00:42:34Z,0.5075405803118781,co,airSensors,TLM0201
,,5,2026-09-20T00:42:44Z,0.49051559099115694,co,airSensors,TLM0201
,,5,2026-09-20T00:42:54Z,0.5006336972148925,co,airSensors,TLM0201
,,5,2026-09-20T00:43:04Z,0.5194070490609689,co,airSensors,TLM0201
,,5,2026-09-20T00:43:14Z,0.5074558872543309,co,airSensors,TLM0201
,,5,2026-09-20T00:43:24Z,0.48959492828681284,co,airSensors,TLM0201
,,5,2026-09-20T00:43:34Z,0.49436113730478265,co,airSensors,TLM0201
,,5,2026-09-20T00:43:44Z,0.4827187262943865,co,airSensors,TLM0201
,,5,2026-09-20T00:43:54Z,0.4974785636124571,co,airSensors,TLM0201
,,5,2026-09-20T00:44:04Z,0.4968039111976996,co,airSensors,TLM0201
,,5,2026-09-20T00:44:14Z,0.47876671069542714,co,airSensors,TLM0201
,,5,2026-09-20T00:44:24Z,0.46423105473152626,co,airSensors,TLM0201
,,5,2026-09-20T00:44:34Z,0.4605011409102498,co,airSensors,TLM0201
,,5,2026-09-20T00:44:44Z,0.44738056311148344,co,airSensors,TLM0201
,,5,2026-09-20T00:44:54Z,0.4425567733421742,co,airSensors,TLM0201
,,5,2026-09-20T00:45:04Z,0.427775209499318,co,airSensors,TLM0201
,,5,2026-09-20T00:45:14Z,0.43886860516834786,co,airSensors,TLM0201
,,5,2026-09-20T00:45:24Z,0.44313885393002056,co,airSensors,TLM0201
,,5,2026-09-20T00:45:34Z,0.4372595295803696,co,airSensors,TLM0201
,,5,2026-09-20T00:45:44Z,0.41822543954750985,co,airSensors,TLM0201
,,5,2026-09-20T00:45:54Z,0.4066895643698187,co,airSensors,TLM0201
,,5,2026-09-20T00:46:04Z,0.39985675523721553,co,airSensors,TLM0201
,,5,2026-09-20T00:46:14Z,0.38498023624224115,co,airSensors,TLM0201
,,5,2026-09-20T00:46:24Z,0.3929755441179532,co,airSensors,TLM0201
,,5,2026-09-20T00:46:34Z,0.3931807353816523,co,airSensors,TLM0201
,,5,2026-09-20T00:46:44Z,0.3906973738764081,co,airSensors,TLM0201
,,5,2026-09-20T00:46:54Z,0.38327026953148896,co,airSensors,TLM0201
,,5,2026-09-20T00:47:04Z,0.37713912613832573,co,airSensors,TLM0201
,,5,2026-09-20T00:47:14Z,0.3729525098303783,co,airSensors,TLM0201
,,5,2026-09-20T00:47:24Z,0.38634504439822037,co,airSensors,TLM0201
,,5,2026-09-20T00:47:34Z,0.400380572177677,co,airSensors,TLM0201
,,5,2026-09-20T00:47:44Z,0.394337303818443,co,airSensors,TLM0201
,,5,2026-09-20T00:47:54Z,0.3812382201476057,co,airSensors,TLM0201
,,5,2026-09-20T00:48:04Z,0.39233101239486834,co,airSensors,TLM0201
,,5,2026-09-20T00:48:14Z,0.3916666614401316,co,airSensors,TLM0201
,,5,2026-09-20T00:48:24Z,0.4008028324514597,co,airSensors,TLM0201
,,5,2026-09-20T00:48:34Z,0.4126758376840208,co,airSensors,TLM0201
,,5,2026-09-20T00:48:44Z,0.425422725366846,co,airSensors,TLM0201
,,5,2026-09-20T00:48:54Z,0.40788299377337245,co,airSensors,TLM0201
,,5,2026-09-20T00:49:04Z,0.4092091073977068,co,airSensors,TLM0201
,,5,2026-09-20T00:49:14Z,0.3961138095644877,co,airSensors,TLM0201
,,5,2026-09-20T00:49:24Z,0.4103913804991627,co,airSensors,TLM0201
,,5,2026-09-20T00:49:34Z,0.4187503964046465,co,airSensors,TLM0201
,,5,2026-09-20T00:49:44Z,0.4173598318732251,co,airSensors,TLM0201
,,5,2026-09-20T00:49:54Z,0.40872159616747217,co,airSensors,TLM0201
,,5,2026-09-20T00:50:04Z,0.4057263626137569,co,airSensors,TLM0201
,,5,2026-09-20T00:50:14Z,0.4189407555079176,co,airSensors,TLM0201
,,5,2026-09-20T00:50:24Z,0.41177469818362716,co,airSensors,TLM0201
,,5,2026-09-20T00:50:34Z,0.42939198663342526,co,airSensors,TLM0201
,,5,2026-09-20T00:50:44Z,0.4457883160160388,co,airSensors,TLM0201
,,5,2026-09-20T00:50:54Z,0.43882624302275197,co,airSensors,TLM0201
,,5,2026-09-20T00:51:04Z,0.4476934763829556,co,airSensors,TLM0201
,,5,2026-09-20T00:51:14Z,0.43133860207929015,co,airSensors,TLM0201
,,5,2026-09-20T00:51:24Z,0.42758908786465705,co,airSensors,TLM0201
,,5,2026-09-20T00:51:34Z,0.4076782851071341,co,airSensors,TLM0201
,,5,2026-09-20T00:51:44Z,0.38945666900323,co,airSensors,TLM0201
,,5,2026-09-20T00:51:54Z,0.37936020071396986,co,airSensors,TLM0201
,,5,2026-09-20T00:52:04Z,0.3609304561664581,co,airSensors,TLM0201
,,5,2026-09-20T00:52:14Z,0.35152003452994074,co,airSensors,TLM0201
,,5,2026-09-20T00:52:24Z,0.3640701511786743,co,airSensors,TLM0201
,,5,2026-09-20T00:52:34Z,0.34539663586518077,co,airSensors,TLM0201
,,5,2026-09-20T00:52:44Z,0.3565460338837348,co,airSensors,TLM0201
,,5,2026-09-20T00:52:54Z,0.3419347340156594,co,airSensors,TLM0201
,,5,2026-09-20T00:53:04Z,0.3332852956596765,co,airSensors,TLM0201
,,5,2026-09-20T00:53:14Z,0.3506804242805682,co,airSensors,TLM0201
,,5,2026-09-20T00:53:24Z,0.3511046541070334,co,airSensors,TLM0201
,,5,2026-09-20T00:53:34Z,0.35244715010323385,co,airSensors,TLM0201
,,5,2026-09-20T00:53:44Z,0.3434558314934094,co,airSensors,TLM0201
,,5,2026-09-20T00:53:54Z,0.3598020119300791,co,airSensors,TLM0201
,,5,2026-09-20T00:54:04Z,0.34744548477190296,co,airSensors,TLM0201
,,5,2026-09-20T00:54:14Z,0.3528372331348136,co,airSensors,TLM0201
,,5,2026-09-20T00:54:24Z,0.36797077896230534,co,airSensors,TLM0201
,,5,2026-09-20T00:54:34Z,0.3678792038663568,co,airSensors,TLM0201
,,5,2026-09-20T00:54:44Z,0.35335474518045595,co,airSensors,TLM0201
,,5,2026-09-20T00:54:54Z,0.33523886242946976,co,airSensors,TLM0201
,,5,2026-09-20T00:55:04Z,0.3274741354145852,co,airSensors,TLM0201
,,5,2026-09-20T00:55:14Z,0.3288586035128605,co,airSensors,TLM0201
,,5,2026-09-20T00:55:24Z,0.33264286051891123,co,airSensors,TLM0201
,,5,2026-09-20T00:55:34Z,0.3238690369931185,co,airSensors,TLM0201
,,5,2026-09-20T00:55:44Z,0.33996137238510626,co,airSensors,TLM0201
,,5,2026-09-20T00:55:54Z,0.34843662818681975,co,airSensors,TLM0201
,,5,2026-09-20T00:56:04Z,0.35827837059247974,co,airSensors,TLM0201
,,5,2026-09-20T00:56:14Z,0.3657943453458096,co,airSensors,TLM0201
,,5,2026-09-20T00:56:24Z,0.36406569512255793,co,airSensors,TLM0201
,,5,2026-09-20T00:56:34Z,0.3604456150373088,co,airSensors,TLM0201
,,5,2026-09-20T00:56:44Z,0.36628570883752987,co,airSensors,TLM0201
,,5,2026-09-20T00:56:54Z,0.3839981723782172,co,airSensors,TLM0201
,,5,2026-09-20T00:57:04Z,0.3675110993505163,co,airSensors,TLM0201
,,5,2026-09-20T00:57:14Z,0.36795387250969874,co,airSensors,TLM0201
,,5,2026-09-20T00:57:24Z,0.3778979585144707,co,airSensors,TLM0201
,,5,2026-09-20T00:57:34Z,0.36826800976854923,co,airSensors,TLM0201
,,5,2026-09-20T00:57:44Z,0.3580391859131577,co,airSensors,TLM0201
,,5,2026-09-20T00:57:54Z,0.3741954147573007,co,airSensors,TLM0201
,,5,2026-09-20T00:58:04Z,0.357451059168177,co,airSensors,TLM0201
,,5,2026-09-20T00:58:14Z,0.37288230297184877,co,airSensors,TLM0201
,,5,2026-09-20T00:58:24Z,0.38630145911833735,co,airSensors,TLM0201
,,5,2026-09-20T00:58:34Z,0.39791607653363054,co,airSensors,TLM0201
,,5,2026-09-20T00:58:44Z,0.3936247594811354,co,airSensors,TLM0201
,,5,2026-09-20T00:58:54Z,0.37614420275224986,co,airSensors,TLM0201
,,5,2026-09-20T00:59:04Z,0.3729987017523832,co,airSensors,TLM0201
,,5,2026-09-20T00:59:14Z,0.3790043503010762,co,airSensors,TLM0201
,,5,2026-09-20T00:59:24Z,0.3916616205694679,co,airSensors,TLM0201
,,5,2026-09-20T00:59:34Z,0.4057771592616021,co,airSensors,TLM0201
,,5,2026-09-20T00:59:44Z,0.39877916976330907,co,airSensors,TLM0201
,,5,2026-09-20T00:59:54Z,0.4042004688981819,co,airSensors,TLM0201
,,5,2026-09-20T01:00:04Z,0.4001508285624373,co,airSensors,TLM0201
,,5,2026-09-20T01:00:14Z,0.3873313521589714,co,airSensors,TLM0201
,,5,2026-09-20T01:00:24Z,0.38081877989014856,co,airSensors,TLM0201
,,5,2026-09-20T01:00:34Z,0.38830196391284155,co,airSensors,TLM0201
,,5,2026-09-20T01:00:44Z,0.37603251765940865,co,airSensors,TLM0201
,,5,2026-09-20T01:00:54Z,0.36999156874796024,co,airSensors,TLM0201
,,5,2026-09-20T01:01:04Z,0.3552715333332983,co,airSensors,TLM0201
,,5,2026-09-20T01:01:14Z,0.36479608431829597,co,airSensors,TLM0201
,,5,2026-09-20T01:01:24Z,0.3611722095501045,co,airSensors,TLM0201
,,5,2026-09-20T01:01:34Z,0.3781382402423122,co,airSensors,TLM0201
,,5,2026-09-20T01:01:44Z,0.3809951545628342,co,airSensors,TLM0201
,,5,2026-09-20T01:01:54Z,0.39290697515468204,co,airSensors,TLM0201
,,5,2026-09-20T01:02:04Z,0.3810779446448215,co,airSensors,TLM0201
,,5,2026-09-20T01:02:14Z,0.3935629522905926,co,airSensors,TLM0201
,,5,2026-09-20T01:02:24Z,0.3858207940520859,co,airSensors,TLM0201
,,5,2026-09-20T01:02:34Z,0.38983371206076883,co,airSensors,TLM0201
,,5,2026-09-20T01:02:44Z,0.38692646407735165,co,airSensors,TLM0201
,,5,2026-09-20T01:02:54Z,0.3980412511136666,co,airSensors,TLM0201
,,5,2026-09-20T01:03:04Z,0.3862562656156533,co,airSensors,TLM0201
,,5,2026-09-20T01:03:14Z,0.39778778369322937,co,airSensors,TLM0201
,,5,2026-09-20T01:03:24Z,0.3921303511758316,co,airSensors,TLM0201
,,5,2026-09-20T01:03:34Z,0.3749653278775582,co,airSensors,TLM0201
,,5,2026-09-20T01:03:44Z,0.3762086054646089,co,airSensors,TLM0201
,,5,2026-09-20T01:03:54Z,0.392327184434199,co,airSensors,TLM0201
,,5,2026-09-20T01:04:04Z,0.38911147884110003,co,airSensors,TLM0201
,,5,2026-09-20T01:04:14Z,0.40792494932060147,co,airSensors,TLM0201
,,5,2026-09-20T01:04:24Z,0.41106039655696786,co,airSensors,TLM0201
,,5,2026-09-20T01:04:34Z,0.419634604901184,co,airSensors,TLM0201
,,5,2026-09-20T01:04:44Z,0.41883310087368886,co,airSensors,TLM0201
,,5,2026-09-20T01:04:54Z,0.4204491938740396,co,airSensors,TLM0201
,,5,2026-09-20T01:05:04Z,0.40992736307961025,co,airSensors,TLM0201
,,5,2026-09-20T01:05:14Z,0.4206586252421166,co,airSensors,TLM0201
,,5,2026-09-20T01:05:24Z,0.43572795284834626,co,airSensors,TLM0201
,,5,2026-09-20T01:05:34Z,0.4179158908901433,co,airSensors,TLM0201
,,5,2026-09-20T01:05:44Z,0.432541897516824,co,airSensors,TLM0201
,,5,2026-09-20T01:05:54Z,0.4234484283731058,co,airSensors,TLM0201
,,5,2026-09-20T01:06:04Z,0.40912368175026687,co,airSensors,TLM0201
,,5,2026-09-20T01:06:14Z,0.4047788537421459,co,airSensors,TLM0201
,,5,2026-09-20T01:06:24Z,0.3993889331378061,co,airSensors,TLM0201
,,5,2026-09-20T01:06:34Z,0.40940925317861965,co,airSensors,TLM0201
,,5,2026-09-20T01:06:44Z,0.40080966108380117,co,airSensors,TLM0201
,,5,2026-09-20T01:06:54Z,0.3997047497751688,co,airSensors,TLM0201
,,5,2026-09-20T01:07:04Z,0.40949197864063436,co,airSensors,TLM0201
,,5,2026-09-20T01:07:14Z,0.40980126382736387,co,airSensors,TLM0201
,,5,2026-09-20T01:07:24Z,0.40761860744255085,co,airSensors,TLM0201
,,5,2026-09-20T01:07:34Z,0.42535284904397375,co,airSensors,TLM0201
,,5,2026-09-20T01:07:44Z,0.4328328556161092,co,airSensors,TLM0201
,,5,2026-09-20T01:07:54Z,0.44600978601616637,co,airSensors,TLM0201
,,5,2026-09-20T01:08:04Z,0.45624621334475396,co,airSensors,TLM0201
,,5,2026-09-20T01:08:14Z,0.4367029285036821,co,airSensors,TLM0201
,,5,2026-09-20T01:08:24Z,0.42517314933339856,co,airSensors,TLM0201
,,5,2026-09-20T01:08:34Z,0.4221542759783538,co,airSensors,TLM0201
,,5,2026-09-20T01:08:44Z,0.4095079169111538,co,airSensors,TLM0201
,,5,2026-09-20T01:08:54Z,0.4211940735596345,co,airSensors,TLM0201
,,5,2026-09-20T01:09:04Z,0.4172862240775825,co,airSensors,TLM0201
,,5,2026-09-20T01:09:14Z,0.42215319630508524,co,airSensors,TLM0201
,,5,2026-09-20T01:09:24Z,0.40739778992432973,co,airSensors,TLM0201
,,5,2026-09-20T01:09:34Z,0.4204971519072813,co,airSensors,TLM0201
,,5,2026-09-20T01:09:44Z,0.43643489707968297,co,airSensors,TLM0201
,,5,2026-09-20T01:09:54Z,0.419288377012401,co,airSensors,TLM0201
,,5,2026-09-20T01:10:04Z,0.42771859488300157,co,airSensors,TLM0201
,,5,2026-09-20T01:10:14Z,0.41440825220598737,co,airSensors,TLM0201
,,5,2026-09-20T01:10:24Z,0.4270057264244795,co,airSensors,TLM0201
,,5,2026-09-20T01:10:34Z,0.41681686910305854,co,airSensors,TLM0201
,,5,2026-09-20T01:10:44Z,0.4140037619064697,co,airSensors,TLM0201
,,5,2026-09-20T01:10:54Z,0.4045575196642189,co,airSensors,TLM0201
,,5,2026-09-20T01:11:04Z,0.4216920395639629,co,airSensors,TLM0201
,,5,2026-09-20T01:11:14Z,0.4394923430374198,co,airSensors,TLM0201
,,5,2026-09-20T01:11:24Z,0.44577312802881586,co,airSensors,TLM0201
,,5,2026-09-20T01:11:34Z,0.44837701744943176,co,airSensors,TLM0201
,,5,2026-09-20T01:11:44Z,0.4353167435824072,co,airSensors,TLM0201
,,5,2026-09-20T01:11:54Z,0.4357872973994696,co,airSensors,TLM0201
,,5,2026-09-20T01:12:04Z,0.44162863417778225,co,airSensors,TLM0201
,,5,2026-09-20T01:12:14Z,0.4418536460955869,co,airSensors,TLM0201
,,5,2026-09-20T01:12:24Z,0.43802601446643874,co,airSensors,TLM0201
,,5,2026-09-20T01:12:34Z,0.4455924496227882,co,airSensors,TLM0201
,,5,2026-09-20T01:12:44Z,0.46138457114462217,co,airSensors,TLM0201
,,5,2026-09-20T01:12:54Z,0.4728682842190948,co,airSensors,TLM0201
,,5,2026-09-20T01:13:04Z,0.4604766587684501,co,airSensors,TLM0201
,,5,2026-09-20T01:13:14Z,0.44348809976082043,co,airSensors,TLM0201
,,5,2026-09-20T01:13:24Z,0.45195707021866954,co,airSensors,TLM0201
,,5,2026-09-20T01:13:34Z,0.4564952065751997,co,airSensors,TLM0201
,,5,2026-09-20T01:13:44Z,0.43889079867295194,co,airSensors,TLM0201
,,5,2026-09-20T01:13:54Z,0.4551827089181476,co,airSensors,TLM0201
,,5,2026-09-20T01:14:04Z,0.46242923252537804,co,airSensors,TLM0201
,,5,2026-09-20T01:14:14Z,0.4520172971602895,co,airSensors,TLM0201
,,5,2026-09-20T01:14:24Z,0.4596341281009568,co,airSensors,TLM0201
,,5,2026-09-20T01:14:34Z,0.47455692842311126,co,airSensors,TLM0201
,,5,2026-09-20T01:14:44Z,0.49196760899899966,co,airSensors,TLM0201
,,5,2026-09-20T01:14:54Z,0.4801753458331826,co,airSensors,TLM0201
,,5,2026-09-20T01:15:04Z,0.4623065800300039,co,airSensors,TLM0201
,,5,2026-09-20T01:15:14Z,0.4517396132854661,co,airSensors,TLM0201
,,5,2026-09-20T01:15:24Z,0.4438023715741393,co,airSensors,TLM0201
,,5,2026-09-20T01:15:34Z,0.43427156280473744,co,airSensors,TLM0201
,,5,2026-09-20T01:15:44Z,0.4352867294012304,co,airSensors,TLM0201
,,5,2026-09-20T01:15:54Z,0.44030612958886806,co,airSensors,TLM0201
,,5,2026-09-20T01:16:04Z,0.4567672443290253,co,airSensors,TLM0201
,,5,2026-09-20T01:16:14Z,0.4529452546521244,co,airSensors,TLM0201
,,5,2026-09-20T01:16:24Z,0.4587446252980651,co,airSensors,TLM0201
,,5,2026-09-20T01:16:34Z,0.47050306429220773,co,airSensors,TLM0201
,,5,2026-09-20T01:16:44Z,0.4614970049848668,co,airSensors,TLM0201
,,5,2026-09-20T01:16:54Z,0.4708041848989295,co,airSensors,TLM0201
,,5,2026-09-20T01:17:04Z,0.4785409602419187,co,airSensors,TLM0201
,,5,2026-09-20T01:17:14Z,0.4786198507506253,co,airSensors,TLM0201
,,5,2026-09-20T01:17:24Z,0.4803596593431539,co,airSensors,TLM0201
,,5,2026-09-20T01:17:34Z,0.4644724968593249,co,airSensors,TLM0201
,,5,2026-09-20T01:17:44Z,0.46422645876978086,co,airSensors,TLM0201
,,5,2026-09-20T01:17:54Z,0.4478389348003129,co,airSensors,TLM0201
,,5,2026-09-20T01:18:04Z,0.4633848200213018,co,airSensors,TLM0201
,,5,2026-09-20T01:18:14Z,0.4719878631751952,co,airSensors,TLM0201
,,5,2026-09-20T01:18:24Z,0.48010843200001885,co,airSensors,TLM0201
,,5,2026-09-20T01:18:34Z,0.4860625411671494,co,airSensors,TLM0201
,,5,2026-09-20T01:18:44Z,0.5039304397857589,co,airSensors,TLM0201
,,5,2026-09-20T01:18:54Z,0.4848001945254251,co,airSensors,TLM0201
,,5,2026-09-20T01:19:04Z,0.4904730449837754,co,airSensors,TLM0201
,,5,2026-09-20T01:19:14Z,0.486505284077015,co,airSensors,TLM0201
,,5,2026-09-20T01:19:24Z,0.4802875216913771,co,airSensors,TLM0201
,,5,2026-09-20T01:19:34Z,0.4706924095728134,co,airSensors,TLM0201
,,5,2026-09-20T01:19:44Z,0.4683574120470242,co,airSensors,TLM0201
,,5,2026-09-20T01:19:54Z,0.46714075948255646,co,airSensors,TLM0201
,,5,2026-09-20T01:20:04Z,0.4520878017241806,co,airSensors,TLM0201
,,5,2026-09-20T01:20:14Z,0.465710944911974,co,airSensors,TLM0201
,,5,2026-09-20T01:20:24Z,0.48002445814126093,co,airSensors,TLM0201
,,5,2026-09-20T01:20:34Z,0.4773708259639363,co,airSensors,TLM0201
,,5,2026-09-20T01:20:44Z,0.4709477661525587,co,airSensors,TLM0201
,,5,2026-09-20T01:20:54Z,0.4781620727421461,co,airSensors,TLM0201
,,5,2026-09-20T01:21:04Z,0.48553891521929077,co,airSensors,TLM0201
,,5,2026-09-20T01:21:14Z,0.488163801949804,co,airSensors,TLM0201
,,5,2026-09-20T01:21:24Z,0.4971702341343375,co,airSensors,TLM0201
,,5,2026-09-20T01:21:34Z,0.47824819718751066,co,airSensors,TLM0201
,,5,2026-09-20T01:21:44Z,0.4835946446436016,co,airSensors,TLM0201
,,5,2026-09-20T01:21:54Z,0.4990140770407361,co,airSensors,TLM0201
,,5,2026-09-20T01:22:04Z,0.48368875840903985,co,airSensors,TLM0201
,,5,2026-09-20T01:22:14Z,0.4761416952798595,co,airSensors,TLM0201
,,5,2026-09-20T01:22:24Z,0.4931234891004439,co,airSensors,TLM0201
,,5,2026-09-20T01:22:34Z,0.5023718964184617,co,airSensors,TLM0201
,,5,2026-09-20T01:22:44Z,0.5087543614269553,co,airSensors,TLM0201
,,5,2026-09-20T01:22:54Z,0.4964793714770195,co,airSensors,TLM0201
,,5,2026-09-20T01:23:04Z,0.5160784767000279,co,airSensors,TLM0201
,,5,2026-09-20T01:23:14Z,0.4977956636509321,co,airSensors,TLM0201
,,5,2026-09-20T01:23:24Z,0.5000219423794562,co,airSensors,TLM0201
,,5,2026-09-20T01:23:34Z,0.512553919019423,co,airSensors,TLM0201
,,5,2026-09-20T01:23:44Z,0.5089052100896294,co,airSensors,TLM0201
,,5,2026-09-20T01:23:54Z,0.5040859142302394,co,airSensors,TLM0201
,,5,2026-09-20T01:24:04Z,0.5051332648627198,co,airSensors,TLM0201
,,5,2026-09-20T01:24:14Z,0.5214134126680763,co,airSensors,TLM0201
,,5,2026-09-20T01:24:24Z,0.5137779444163671,co,airSensors,TLM0201
,,5,2026-09-20T01:24:34Z,0.5305803447571145,co,airSensors,TLM0201
,,5,2026-09-20T01:24:44Z,0.5443169331516143,co,airSensors,TLM0201
,,5,2026-09-20T01:24:54Z,0.5434112181059283,co,airSensors,TLM0201
,,5,2026-09-20T01:25:04Z,0.5458558588762802,co,airSensors,TLM0201
,,5,2026-09-20T01:25:14Z,0.5581517236604072,co,airSensors,TLM0201
,,5,2026-09-20T01:25:24Z,0.5516594060187126,co,airSensors,TLM0201
,,5,2026-09-20T01:25:34Z,0.5525385561276543,co,airSensors,TLM0201
,,5,2026-09-20T01:25:44Z,0.5622622721090671,co,airSensors,TLM0201
,,5,2026-09-20T01:25:54Z,0.5608892227954952,co,airSensors,TLM0201
,,5,2026-09-20T01:26:04Z,0.5672346888120523,co,airSensors,TLM0201
,,5,2026-09-20T01:26:14Z,0.5807744758695967,co,airSensors,TLM0201
,,5,2026-09-20T01:26:24Z,0.5726627797063045,co,airSensors,TLM0201
,,5,2026-09-20T01:26:34Z,0.5622148287446282,co,airSensors,TLM0201
,,5,2026-09-20T01:26:44Z,0.5784616269963633,co,airSensors,TLM0201
,,5,2026-09-20T01:26:54Z,0.5813299695387977,co,airSensors,TLM0201
,,5,2026-09-20T01:27:04Z,0.562085601935395,co,airSensors,TLM0201
,,5,2026-09-20T01:27:14Z,0.5486163552401677,co,airSensors,TLM0201
,,5,2026-09-20T01:27:24Z,0.551876451599826,co,airSensors,TLM0201
,,5,2026-09-20T01:27:34Z,0.5580766015445385,co,airSensors,TLM0201
,,5,2026-09-20T01:27:44Z,0.5479259791072613,co,airSensors,TLM0201
,,5,2026-09-20T01:27:54Z,0.533704117103472,co,airSensors,TLM0201
,,5,2026-09-20T01:28:04Z,0.5333847069632223,co,airSensors,TLM0201
,,5,2026-09-20T01:28:14Z,0.5219192468560068,co,airSensors,TLM0201
,,5,2026-09-20T01:28:24Z,0.5317958725630747,co,airSensors,TLM0201
,,5,2026-09-20T01:28:34Z,0.5316747456119036,co,airSensors,TLM0201
,,5,2026-09-20T01:28:44Z,0.5263154502867279,co,airSensors,TLM0201
,,5,2026-09-20T01:28:54Z,0.5441998889348963,co,airSensors,TLM0201
,,5,2026-09-20T01:29:04Z,0.5258857460945071,co,airSensors,TLM0201
,,5,2026-09-20T01:29:14Z,0.527726881552673,co,airSensors,TLM0201
,,5,2026-09-20T01:29:24Z,0.5400959651832584,co,airSensors,TLM0201
,,5,2026-09-20T01:29:34Z,0.5256864149180662,co,airSensors,TLM0201
,,5,2026-09-20T01:29:44Z,0.5242424794409402,co,airSensors,TLM0201
,,5,2026-09-20T01:29:54Z,0.5126875466013225,co,airSensors,TLM0201
,,5,2026-09-20T01:30:04Z,0.4955681221900104,co,airSensors,TLM0201
,,5,2026-09-20T01:30:14Z,0.503162940134344,co,airSensors,TLM0201
,,5,2026-09-20T01:30:24Z,0.5206197960185953,co,airSensors,TLM0201
,,5,2026-09-20T01:30:34Z,0.5348377471727671,co,airSensors,TLM0201
,,5,2026-09-20T01:30:44Z,0.5361395914806965,co,airSensors,TLM0201
,,5,2026-09-20T01:30:54Z,0.5387749452919073,co,airSensors,TLM0201
,,5,2026-09-20T01:31:04Z,0.5500064036970049,co,airSensors,TLM0201
,,5,2026-09-20T01:31:14Z,0.567321479610695,co,airSensors,TLM0201
,,5,2026-09-20T01:31:24Z,0.5592557150129273,co,airSensors,TLM0201
,,5,2026-09-20T01:31:34Z,0.5617518352227117,co,airSensors,TLM0201
,,5,2026-09-20T01:31:44Z,0.5808335099307854,co,airSensors,TLM0201
,,5,2026-09-20T01:31:54Z,0.5787822384914235,co,airSensors,TLM0201
,,5,2026-09-20T01:32:04Z,0.5686664522824658,co,airSensors,TLM0201
,,5,2026-09-20T01:32:14Z,0.5803562996780774,co,airSensors,TLM0201
,,5,2026-09-20T01:32:24Z,0.5911785757730299,co,airSensors,TLM0201
,,5,2026-09-20T01:32:34Z,0.5857939121113624,co,airSensors,TLM0201
,,5,2026-09-20T01:32:44Z,0.5682621304963615,co,airSensors,TLM0201
,,5,2026-09-20T01:32:54Z,0.5740221442717975,co,airSensors,TLM0201
,,5,2026-09-20T01:33:04Z,0.5794774156138545,co,airSensors,TLM0201
,,5,2026-09-20T01:33:14Z,0.587065174096385,co,airSensors,TLM0201
,,5,2026-09-20T01:33:24Z,0.6024991889961718,co,airSensors,TLM0201
,,5,2026-09-20T01:33:34Z,0.6135101697449749,co,airSensors,TLM0201
,,5,2026-09-20T01:33:44Z,0.633193090400639,co,airSensors,TLM0201
,,5,2026-09-20T01:33:54Z,0.6497210545963275,co,airSensors,TLM0201
,,5,2026-09-20T01:34:04Z,0.6638116056665545,co,airSensors,TLM0201
,,5,2026-09-20T01:34:14Z,0.6629944273545035,co,airSensors,TLM0201
,,5,2026-09-20T01:34:24Z,0.663782273111256,co,airSensors,TLM0201
,,5,2026-09-20T01:34:34Z,0.6808160204126388,co,airSensors,TLM0201
,,5,2026-09-20T01:34:44Z,0.6951068658612619,co,airSensors,TLM0201
,,5,2026-09-20T01:34:54Z,0.6929805520024515,co,airSensors,TLM0201
,,5,2026-09-20T01:35:04Z,0.700293082830377,co,airSensors,TLM0201
,,5,2026-09-20T01:35:14Z,0.7186919366928354,co,airSensors,TLM0201
,,5,2026-09-20T01:35:24Z,0.7102874115577507,co,airSensors,TLM0201
,,5,2026-09-20T01:35:34Z,0.7249077252944071,co,airSensors,TLM0201
,,5,2026-09-20T01:35:44Z,0.7137133660283477,co,airSensors,TLM0201
,,5,2026-09-20T01:35:54Z,0.7098623953212315,co,airSensors,TLM0201
,,5,2026-09-20T01:36:04Z,0.7219362895116297,co,airSensors,TLM0201
,,5,2026-09-20T01:36:14Z,0.7278458843708729,co,airSensors,TLM0201
,,5,2026-09-20T01:36:24Z,0.7461460109543943,co,airSensors,TLM0201
,,5,2026-09-20T01:36:34Z,0.7642642484602765,co,airSensors,TLM0201
,,5,2026-09-20T01:36:44Z,0.7465696108240883,co,airSensors,TLM0201
,,5,2026-09-20T01:36:54Z,0.7649437228397217,co,airSensors,TLM0201
,,5,2026-09-20T01:37:04Z,0.7821383293898876,co,airSensors,TLM0201
,,5,2026-09-20T01:37:14Z,0.7686911228267891,co,airSensors,TLM0201
,,5,2026-09-20T01:37:24Z,0.7624754043810892,co,airSensors,TLM0201
,,5,2026-09-20T01:37:34Z,0.7718401193589439,co,airSensors,TLM0201
,,5,2026-09-20T01:37:44Z,0.7697879627603215,co,airSensors,TLM0201
,,5,2026-09-20T01:37:54Z,0.7869639915374497,co,airSensors,TLM0201
,,5,2026-09-20T01:38:04Z,0.8067499006364012,co,airSensors,TLM0201
,,5,2026-09-20T01:38:14Z,0.7933823793063857,co,airSensors,TLM0201
,,5,2026-09-20T01:38:24Z,0.7943589797515522,co,airSensors,TLM0201
,,5,2026-09-20T01:38:34Z,0.7851848065244268,co,airSensors,TLM0201
,,5,2026-09-20T01:38:44Z,0.7794380274586342,co,airSensors,TLM0201
,,5,2026-09-20T01:38:54Z,0.7854732720356667,co,airSensors,TLM0201
,,5,2026-09-20T01:39:04Z,0.7886327188984544,co,airSensors,TLM0201
,,5,2026-09-20T01:39:14Z,0.7806481331828153,co,airSensors,TLM0201
,,5,2026-09-20T01:39:24Z,0.7877205113579717,co,airSensors,TLM0201
,,5,2026-09-20T01:39:34Z,0.8074384870468141,co,airSensors,TLM0201
,,5,2026-09-20T01:39:44Z,0.79871518407228,co,airSensors,TLM0201
,,5,2026-09-20T01:39:54Z,0.7977539693212178,co,airSensors,TLM0201
,,6,2026-09-20T00:39:54Z,0.4825692172916554,co,airSensors,TLM0202
,,6,2026-09-20T00:40:04Z,0.4907002214603884,co,airSensors,TLM0202
,,6,2026-09-20T00:40:14Z,0.478026271362849,co,airSensors,TLM0202
,,6,2026-09-20T00:40:24Z,0.47115601833919296,co,airSensors,TLM0202
,,6,2026-09-20T00:40:34Z,0.4798926136915992,co,airSensors,TLM0202
,,6,2026-09-20T00:40:44Z,0.47508648695376604,co,airSensors,TLM0202
,,6,2026-09-20T00:40:54Z,0.466133891456217,co,airSensors,TLM0202
,,6,2026-09-20T00:41:04Z,0.47466137642291056,co,airSensors,TLM0202
,,6,2026-09-20T00:41:14Z,0.45927767094138966,co,airSensors,TLM0202
,,6,2026-09-20T00:41:24Z,0.44776169472144745,co,airSensors,TLM0202
,,6,2026-09-20T00:41:34Z,0.45269955226477604,co,airSensors,TLM0202
,,6,2026-09-20T00:41:44Z,0.43352442519126566,co,airSensors,TLM0202
,,6,2026-09-20T00:41:54Z,0.4430133048402579,co,airSensors,TLM0202
,,6,2026-09-20T00:42:04Z,0.4316875966975927,co,airSensors,TLM0202
,,6,2026-09-20T00:42:14Z,0.45086052602655874,co,airSensors,TLM0202
,,6,2026-09-20T00:42:24Z,0.44262704423704924,co,airSensors,TLM0202
,,6,2026-09-20T00:42:34Z,0.4317938898781197,co,airSensors,TLM0202
,,6,2026-09-20T00:42:44Z,0.44509857844421186,co,airSensors,TLM0202
,,6,2026-09-20T00:42:54Z,0.42934010740586553,co,airSensors,TLM0202
,,6,2026-09-20T00:43:04Z,0.42705492293834835,co,airSensors,TLM0202
,,6,2026-09-20T00:43:14Z,0.4131701687502923,co,airSensors,TLM0202
,,6,2026-09-20T00:43:24Z,0.39847436228022537,co,airSensors,TLM0202
,,6,2026-09-20T00:43:34Z,0.4036961107080902,co,airSensors,TLM0202
,,6,2026-09-20T00:43:44Z,0.3895626041073658,co,airSensors,TLM0202
,,6,2026-09-20T00:43:54Z,0.37604446480029596,co,airSensors,TLM0202
,,6,2026-09-20T00:44:04Z,0.37403991675989895,co,airSensors,TLM0202
,,6,2026-09-20T00:44:14Z,0.38569997679030776,co,airSensors,TLM0202
,,6,2026-09-20T00:44:24Z,0.40046837281255687,co,airSensors,TLM0202
,,6,2026-09-20T00:44:34Z,0.39520136042691784,co,airSensors,TLM0202
,,6,2026-09-20T00:44:44Z,0.38614094602176763,co,airSensors,TLM0202
,,6,2026-09-20T00:44:54Z,0.3883448812707452,co,airSensors,TLM0202
,,6,2026-09-20T00:45:04Z,0.3891194630501369,co,airSensors,TLM0202
,,6,2026-09-20T00:45:14Z,0.3775237569012831,co,airSensors,TLM0202
,,6,2026-09-20T00:45:24Z,0.3626815202266739,co,airSensors,TLM0202
,,6,2026-09-20T00:45:34Z,0.37226615364013443,co,airSensors,TLM0202
,,6,2026-09-20T00:45:44Z,0.36718471834332245,co,airSensors,TLM0202
,,6,2026-09-20T00:45:54Z,0.3506965691328093,co,airSensors,TLM0202
,,6,2026-09-20T00:46:04Z,0.3581392896941873,co,airSensors,TLM0202
,,6,2026-09-20T00:46:14Z,0.3454030782708796,co,airSensors,TLM0202
,,6,2026-09-20T00:46:24Z,0.3622186229666927,co,airSensors,TLM0202
,,6,2026-09-20T00:46:34Z,0.37143915700144714,co,airSensors,TLM0202
,,6,2026-09-20T00:46:44Z,0.36860939132669185,co,airSensors,TLM0202
,,6,2026-09-20T00:46:54Z,0.38765230836092074,co,airSensors,TLM0202
,,6,2026-09-20T00:47:04Z,0.4029235612627703,co,airSensors,TLM0202
,,6,2026-09-20T00:47:14Z,0.41680648443647117,co,airSensors,TLM0202
,,6,2026-09-20T00:47:24Z,0.4030605058260956,co,airSensors,TLM0202
,,6,2026-09-20T00:47:34Z,0.4160482141384347,co,airSensors,TLM0202
,,6,2026-09-20T00:47:44Z,0.41389813223678296,co,airSensors,TLM0202
,,6,2026-09-20T00:47:54Z,0.4022736370434575,co,airSensors,TLM0202
,,6,2026-09-20T00:48:04Z,0.42218493641669635,co,airSensors,TLM0202
,,6,2026-09-20T00:48:14Z,0.4025859607306461,co,airSensors,TLM0202
,,6,2026-09-20T00:48:24Z,0.4086238349538033,co,airSensors,TLM0202
,,6,2026-09-20T00:48:34Z,0.41174304682285723,co,airSensors,TLM0202
,,6,2026-09-20T00:48:44Z,0.40233657328074673,co,airSensors,TLM0202
,,6,2026-09-20T00:48:54Z,0.41342668523263487,co,airSensors,TLM0202
,,6,2026-09-20T00:49:04Z,0.3949790140897286,co,airSensors,TLM0202
,,6,2026-09-20T00:49:14Z,0.4021961338695129,co,airSensors,TLM0202
,,6,2026-09-20T00:49:24Z,0.4046692907889733,co,airSensors,TLM0202
,,6,2026-09-20T00:49:34Z,0.4024686011330594,co,airSensors,TLM0202
,,6,2026-09-20T00:49:44Z,0.3932906298776858,co,airSensors,TLM0202
,,6,2026-09-20T00:49:54Z,0.4020807514830428,co,airSensors,TLM0202
,,6,2026-09-20T00:50:04Z,0.40226809675821423,co,airSensors,TLM0202
,,6,2026-09-20T00:50:14Z,0.39917393019158887,co,airSensors,TLM0202
,,6,2026-09-20T00:50:24Z,0.40416470713429514,co,airSensors,TLM0202
,,6,2026-09-20T00:50:34Z,0.38538492474870767,co,airSensors,TLM0202
,,6,2026-09-20T00:50:44Z,0.39863927423792,co,airSensors,TLM0202
,,6,2026-09-20T00:50:54Z,0.40022097945249463,co,airSensors,TLM0202
,,6,2026-09-20T00:51:04Z,0.3819104232576404,co,airSensors,TLM0202
,,6,2026-09-20T00:51:14Z,0.3835669268569982,co,airSensors,TLM0202
,,6,2026-09-20T00:51:24Z,0.37145607003719827,co,airSensors,TLM0202
,,6,2026-09-20T00:51:34Z,0.36720220622198496,co,airSensors,TLM0202
,,6,2026-09-20T00:51:44Z,0.35688290332684214,co,airSensors,TLM0202
,,6,2026-09-20T00:51:54Z,0.35825563752741707,co,airSensors,TLM0202
,,6,2026-09-20T00:52:04Z,0.3698982521726522,co,airSensors,TLM0202
,,6,2026-09-20T00:52:14Z,0.36941684183275153,co,airSensors,TLM0202
,,6,2026-09-20T00:52:24Z,0.36754070006803774,co,airSensors,TLM0202
,,6,2026-09-20T00:52:34Z,0.3689274412515952,co,airSensors,TLM0202
,,6,2026-09-20T00:52:44Z,0.3503495294836232,co,airSensors,TLM0202
,,6,2026-09-20T00:52:54Z,0.3672184554431032,co,airSensors,TLM0202
,,6,2026-09-20T00:53:04Z,0.38032541599331854,co,airSensors,TLM0202
,,6,2026-09-20T00:53:14Z,0.3915292105185804,co,airSensors,TLM0202
,,6,2026-09-20T00:53:24Z,0.38671208364193205,co,airSensors,TLM0202
,,6,2026-09-20T00:53:34Z,0.377514438897644,co,airSensors,TLM0202
,,6,2026-09-20T00:53:44Z,0.3704006157569765,co,airSensors,TLM0202
,,6,2026-09-20T00:53:54Z,0.3790625856292832,co,airSensors,TLM0202
,,6,2026-09-20T00:54:04Z,0.3868784338746548,co,airSensors,TLM0202
,,6,2026-09-20T00:54:14Z,0.37890827944033184,co,airSensors,TLM0202
,,6,2026-09-20T00:54:24Z,0.3820548436256695,co,airSensors,TLM0202
,,6,2026-09-20T00:54:34Z,0.3873005697005435,co,airSensors,TLM0202
,,6,2026-09-20T00:54:44Z,0.3894771021616857,co,airSensors,TLM0202
,,6,2026-09-20T00:54:54Z,0.39744379822449305,co,airSensors,TLM0202
,,6,2026-09-20T00:55:04Z,0.41027965124555726,co,airSensors,TLM0202
,,6,2026-09-20T00:55:14Z,0.4028278942067684,co,airSensors,TLM0202
,,6,2026-09-20T00:55:24Z,0.39572115684696774,co,airSensors,TLM0202
,,6,2026-09-20T00:55:34Z,0.4085119564585948,co,airSensors,TLM0202
,,6,2026-09-20T00:55:44Z,0.4085600804385642,co,airSensors,TLM0202
,,6,2026-09-20T00:55:54Z,0.40487807145967686,co,airSensors,TLM0202
,,6,2026-09-20T00:56:04Z,0.3907149331747172,co,airSensors,TLM0202
,,6,2026-09-20T00:56:14Z,0.3763017541385361,co,airSensors,TLM0202
,,6,2026-09-20T00:56:24Z,0.3786977276014094,co,airSensors,TLM0202
,,6,2026-09-20T00:56:34Z,0.3814653634861739,co,airSensors,TLM0202
,,6,2026-09-20T00:56:44Z,0.37297801090596405,co,airSensors,TLM0202
,,6,2026-09-20T00:56:54Z,0.38479126367653316,co,airSensors,TLM0202
,,6,2026-09-20T00:57:04Z,0.3986124611780568,co,airSensors,TLM0202
,,6,2026-09-20T00:57:14Z,0.40313808848220745,co,airSensors,TLM0202
,,6,2026-09-20T00:57:24Z,0.40073251825076783,co,airSensors,TLM0202
,,6,2026-09-20T00:57:34Z,0.41778310280745684,co,airSensors,TLM0202
,,6,2026-09-20T00:57:44Z,0.4315277010254534,co,airSensors,TLM0202
,,6,2026-09-20T00:57:54Z,0.41902234831740653,co,airSensors,TLM0202
,,6,2026-09-20T00:58:04Z,0.43768818593026265,co,airSensors,TLM0202
,,6,2026-09-20T00:58:14Z,0.45722872793992264,co,airSensors,TLM0202
,,6,2026-09-20T00:58:24Z,0.4390641200852494,co,airSensors,TLM0202
,,6,2026-09-20T00:58:34Z,0.45784520191931444,co,airSensors,TLM0202
,,6,2026-09-20T00:58:44Z,0.44885745073201677,co,airSensors,TLM0202
,,6,2026-09-20T00:58:54Z,0.43140191465693006,co,airSensors,TLM0202
,,6,2026-09-20T00:59:04Z,0.4358822087961348,co,airSensors,TLM0202
,,6,2026-09-20T00:59:14Z,0.43456051931805434,co,airSensors,TLM0202
,,6,2026-09-20T00:59:24Z,0.44977182103172103,co,airSensors,TLM0202
,,6,2026-09-20T00:59:34Z,0.4477600680632794,co,airSensors,TLM0202
,,6,2026-09-20T00:59:44Z,0.4533789479643627,co,airSensors,TLM0202
,,6,2026-09-20T00:59:54Z,0.434112197524734,co,airSensors,TLM0202
,,6,2026-09-20T01:00:04Z,0.42277360110241785,co,airSensors,TLM0202
,,6,2026-09-20T01:00:14Z,0.4415410961535214,co,airSensors,TLM0202
,,6,2026-09-20T01:00:24Z,0.4529826419183526,co,airSensors,TLM0202
,,6,2026-09-20T01:00:34Z,0.4535374519668602,co,airSensors,TLM0202
,,6,2026-09-20T01:00:44Z,0.44136345059840654,co,airSensors,TLM0202
,,6,2026-09-20T01:00:54Z,0.4386509589027775,co,airSensors,TLM0202
,,6,2026-09-20T01:01:04Z,0.45557340181461137,co,airSensors,TLM0202
,,6,2026-09-20T01:01:14Z,0.4563144812967486,co,airSensors,TLM0202
,,6,2026-09-20T01:01:24Z,0.4603567148418156,co,airSensors,TLM0202
,,6,2026-09-20T01:01:34Z,0.45359917551002926,co,airSensors,TLM0202
,,6,2026-09-20T01:01:44Z,0.4488516289709518,co,airSensors,TLM0202
,,6,2026-09-20T01:01:54Z,0.445029792094072,co,airSensors,TLM0202
,,6,2026-09-20T01:02:04Z,0.4605344790428386,co,airSensors,TLM0202
,,6,2026-09-20T01:02:14Z,0.466704896110938,co,airSensors,TLM0202
,,6,2026-09-20T01:02:24Z,0.46624867575510565,co,airSensors,TLM0202
,,6,2026-09-20T01:02:34Z,0.45796870606480794,co,airSensors,TLM0202
,,6,2026-09-20T01:02:44Z,0.4763467018330275,co,airSensors,TLM0202
,,6,2026-09-20T01:02:54Z,0.48560214215695024,co,airSensors,TLM0202
,,6,2026-09-20T01:03:04Z,0.4955565266064316,co,airSensors,TLM0202
,,6,2026-09-20T01:03:14Z,0.47842372489575796,co,airSensors,TLM0202
,,6,2026-09-20T01:03:24Z,0.48669912944632354,co,airSensors,TLM0202
,,6,2026-09-20T01:03:34Z,0.5050879062450363,co,airSensors,TLM0202
,,6,2026-09-20T01:03:44Z,0.5008202781788815,co,airSensors,TLM0202
,,6,2026-09-20T01:03:54Z,0.48603378630255667,co,airSensors,TLM0202
,,6,2026-09-20T01:04:04Z,0.48858996419543943,co,airSensors,TLM0202
,,6,2026-09-20T01:04:14Z,0.5066233732378798,co,airSensors,TLM0202
,,6,2026-09-20T01:04:24Z,0.48839124606327927,co,airSensors,TLM0202
,,6,2026-09-20T01:04:34Z,0.49258644885985403,co,airSensors,TLM0202
,,6,2026-09-20T01:04:44Z,0.5076876775795222,co,airSensors,TLM0202
,,6,2026-09-20T01:04:54Z,0.5139734378315745,co,airSensors,TLM0202
,,6,2026-09-20T01:05:04Z,0.5125926459863533,co,airSensors,TLM0202
,,6,2026-09-20T01:05:14Z,0.5061924076843567,co,airSensors,TLM0202
,,6,2026-09-20T01:05:24Z,0.5184378632725315,co,airSensors,TLM0202
,,6,2026-09-20T01:05:34Z,0.5263626866568918,co,airSensors,TLM0202
,,6,2026-09-20T01:05:44Z,0.5176636260085692,co,airSensors,TLM0202
,,6,2026-09-20T01:05:54Z,0.5076704360648017,co,airSensors,TLM0202
,,6,2026-09-20T01:06:04Z,0.4947889280740179,co,airSensors,TLM0202
,,6,2026-09-20T01:06:14Z,0.489535613665568,co,airSensors,TLM0202
,,6,2026-09-20T01:06:24Z,0.4784627099537811,co,airSensors,TLM0202
,,6,2026-09-20T01:06:34Z,0.46595272602835636,co,airSensors,TLM0202
,,6,2026-09-20T01:06:44Z,0.46734283745862815,co,airSensors,TLM0202
,,6,2026-09-20T01:06:54Z,0.4745930791508549,co,airSensors,TLM0202
,,6,2026-09-20T01:07:04Z,0.46148691212962567,co,airSensors,TLM0202
,,6,2026-09-20T01:07:14Z,0.4768554269384757,co,airSensors,TLM0202
,,6,2026-09-20T01:07:24Z,0.4856187251091028,co,airSensors,TLM0202
,,6,2026-09-20T01:07:34Z,0.49486401631223786,co,airSensors,TLM0202
,,6,2026-09-20T01:07:44Z,0.49967606436109435,co,airSensors,TLM0202
,,6,2026-09-20T01:07:54Z,0.49561289180007634,co,airSensors,TLM0202
,,6,2026-09-20T01:08:04Z,0.47891484337568924,co,airSensors,TLM0202
,,6,2026-09-20T01:08:14Z,0.47578967962004043,co,airSensors,TLM0202
,,6,2026-09-20T01:08:24Z,0.4936463271877076,co,airSensors,TLM0202
,,6,2026-09-20T01:08:34Z,0.5116198518276845,co,airSensors,TLM0202
,,6,2026-09-20T01:08:44Z,0.5013068410526538,co,airSensors,TLM0202
,,6,2026-09-20T01:08:54Z,0.512275286964897,co,airSensors,TLM0202
,,6,2026-09-20T01:09:04Z,0.5007424060825474,co,airSensors,TLM0202
,,6,2026-09-20T01:09:14Z,0.5035885303820571,co,airSensors,TLM0202
,,6,2026-09-20T01:09:24Z,0.4895485754035364,co,airSensors,TLM0202
,,6,2026-09-20T01:09:34Z,0.4983250650792821,co,airSensors,TLM0202
,,6,2026-09-20T01:09:44Z,0.5108902927813439,co,airSensors,TLM0202
,,6,2026-09-20T01:09:54Z,0.5162921977599626,co,airSensors,TLM0202
,,6,2026-09-20T01:10:04Z,0.5145070872631963,co,airSensors,TLM0202
,,6,2026-09-20T01:10:14Z,0.5084229222126795,co,airSensors,TLM0202
,,6,2026-09-20T01:10:24Z,0.5035244524185682,co,airSensors,TLM0202
,,6,2026-09-20T01:10:34Z,0.5034661738276253,co,airSensors,TLM0202
,,6,2026-09-20T01:10:44Z,0.5022580494160571,co,airSensors,TLM0202
,,6,2026-09-20T01:10:54Z,0.48404526995148406,co,airSensors,TLM0202
,,6,2026-09-20T01:11:04Z,0.4755720002355381,co,airSensors,TLM0202
,,6,2026-09-20T01:11:14Z,0.4781312534749254,co,airSensors,TLM0202
,,6,2026-09-20T01:11:24Z,0.47644443672484693,co,airSensors,TLM0202
,,6,2026-09-20T01:11:34Z,0.4874167915214573,co,airSensors,TLM0202
,,6,2026-09-20T01:11:44Z,0.49907484000553026,co,airSensors,TLM0202
,,6,2026-09-20T01:11:54Z,0.5109350798110929,co,airSensors,TLM0202
,,6,2026-09-20T01:12:04Z,0.515746741644055,co,airSensors,TLM0202
,,6,2026-09-20T01:12:14Z,0.5230237599313804,co,airSensors,TLM0202
,,6,2026-09-20T01:12:24Z,0.5132988534238069,co,airSensors,TLM0202
,,6,2026-09-20T01:12:34Z,0.4954383306295878,co,airSensors,TLM0202
,,6,2026-09-20T01:12:44Z,0.505717847766407,co,airSensors,TLM0202
,,6,2026-09-20T01:12:54Z,0.5161570604415753,co,airSensors,TLM0202
,,6,2026-09-20T01:13:04Z,0.5219904023182249,co,airSensors,TLM0202
,,6,2026-09-20T01:13:14Z,0.5214625574182997,co,airSensors,TLM0202
,,6,2026-09-20T01:13:24Z,0.5117687409283146,co,airSensors,TLM0202
,,6,2026-09-20T01:13:34Z,0.5023293124048597,co,airSensors,TLM0202
,,6,2026-09-20T01:13:44Z,0.4929748765130961,co,airSensors,TLM0202
,,6,2026-09-20T01:13:54Z,0.5093445622283201,co,airSensors,TLM0202
,,6,2026-09-20T01:14:04Z,0.522645713807517,co,airSensors,TLM0202
,,6,2026-09-20T01:14:14Z,0.5209062763865249,co,airSensors,TLM0202
,,6,2026-09-20T01:14:24Z,0.5183861886780698,co,airSensors,TLM0202
,,6,2026-09-20T01:14:34Z,0.5313160487042927,co,airSensors,TLM0202
,,6,2026-09-20T01:14:44Z,0.526719100004589,co,airSensors,TLM0202
,,6,2026-09-20T01:14:54Z,0.5233904550824489,co,airSensors,TLM0202
,,6,2026-09-20T01:15:04Z,0.5321706427698354,co,airSensors,TLM0202
,,6,2026-09-20T01:15:14Z,0.5135543339663657,co,airSensors,TLM0202
,,6,2026-09-20T01:15:24Z,0.517945471329573,co,airSensors,TLM0202
,,6,2026-09-20T01:15:34Z,0.5376418364023646,co,airSensors,TLM0202
,,6,2026-09-20T01:15:44Z,0.5349499902029423,co,airSensors,TLM0202
,,6,2026-09-20T01:15:54Z,0.5278612147136006,co,airSensors,TLM0202
,,6,2026-09-20T01:16:04Z,0.5403631372750246,co,airSensors,TLM0202
,,6,2026-09-20T01:16:14Z,0.5431197674792217,co,airSensors,TLM0202
,,6,2026-09-20T01:16:24Z,0.5236970002062191,co,airSensors,TLM0202
,,6,2026-09-20T01:16:34Z,0.5264129262137561,co,airSensors,TLM0202
,,6,2026-09-20T01:16:44Z,0.545123286708539,co,airSensors,TLM0202
,,6,2026-09-20T01:16:54Z,0.5270581696713171,co,airSensors,TLM0202
,,6,2026-09-20T01:17:04Z,0.5264048417917794,co,airSensors,TLM0202
,,6,2026-09-20T01:17:14Z,0.5355324132844621,co,airSensors,TLM0202
,,6,2026-09-20T01:17:24Z,0.5256011306789565,co,airSensors,TLM0202
,,6,2026-09-20T01:17:34Z,0.5442002570078075,co,airSensors,TLM0202
,,6,2026-09-20T01:17:44Z,0.5605282708780193,co,airSensors,TLM0202
,,6,2026-09-20T01:17:54Z,0.5722716669421802,co,airSensors,TLM0202
,,6,2026-09-20T01:18:04Z,0.5554525597275378,co,airSensors,TLM0202
,,6,2026-09-20T01:18:14Z,0.5400904667655754,co,airSensors,TLM0202
,,6,2026-09-20T01:18:24Z,0.5373174504265776,co,airSensors,TLM0202
,,6,2026-09-20T01:18:34Z,0.5534027720803627,co,airSensors,TLM0202
,,6,2026-09-20T01:18:44Z,0.5601582590483516,co,airSensors,TLM0202
,,6,2026-09-20T01:18:54Z,0.5443619250993422,co,airSensors,TLM0202
,,6,2026-09-20T01:19:04Z,0.5258432136995524,co,airSensors,TLM0202
,,6,2026-09-20T01:19:14Z,0.5087754812288035,co,airSensors,TLM0202
,,6,2026-09-20T01:19:24Z,0.5247513946247345,co,airSensors,TLM0202
,,6,2026-09-20T01:19:34Z,0.5276627056962255,co,airSensors,TLM0202
,,6,2026-09-20T01:19:44Z,0.5286938643499407,co,airSensors,TLM0202
,,6,2026-09-20T01:19:54Z,0.5428372472396347,co,airSensors,TLM0202
,,6,2026-09-20T01:20:04Z,0.529022382409641,co,airSensors,TLM0202
,,6,2026-09-20T01:20:14Z,0.5212239456018524,co,airSensors,TLM0202
,,6,2026-09-20T01:20:24Z,0.5301472631813136,co,airSensors,TLM0202
,,6,2026-09-20T01:20:34Z,0.5236727316793115,co,airSensors,TLM0202
,,6,2026-09-20T01:20:44Z,0.5065460131542056,co,airSensors,TLM0202
,,6,2026-09-20T01:20:54Z,0.5252875355132355,co,airSensors,TLM0202
,,6,2026-09-20T01:21:04Z,0.5283547919398542,co,airSensors,TLM0202
,,6,2026-09-20T01:21:14Z,0.5476221687229189,co,airSensors,TLM0202
,,6,2026-09-20T01:21:24Z,0.5409327144316017,co,airSensors,TLM0202
,,6,2026-09-20T01:21:34Z,0.5428435027262083,co,airSensors,TLM0202
,,6,2026-09-20T01:21:44Z,0.5309573355348717,co,airSensors,TLM0202
,,6,2026-09-20T01:21:54Z,0.5322994265381892,co,airSensors,TLM0202
,,6,2026-09-20T01:22:04Z,0.5155179281179669,co,airSensors,TLM0202
,,6,2026-09-20T01:22:14Z,0.5302556906099143,co,airSensors,TLM0202
,,6,2026-09-20T01:22:24Z,0.5202337858165949,co,airSensors,TLM0202
,,6,2026-09-20T01:22:34Z,0.5308094013963489,co,airSensors,TLM0202
,,6,2026-09-20T01:22:44Z,0.5475388158364518,co,airSensors,TLM0202
,,6,2026-09-20T01:22:54Z,0.5414981656953145,co,airSensors,TLM0202
,,6,2026-09-20T01:23:04Z,0.5310056115880274,co,airSensors,TLM0202
,,6,2026-09-20T01:23:14Z,0.5183286493126732,co,airSensors,TLM0202
,,6,2026-09-20T01:23:24Z,0.5310841435701683,co,airSensors,TLM0202
,,6,2026-09-20T01:23:34Z,0.5497650672598451,co,airSensors,TLM0202
,,6,2026-09-20T01:23:44Z,0.5341887521799222,co,airSensors,TLM0202
,,6,2026-09-20T01:23:54Z,0.5261304674784072,co,airSensors,TLM0202
,,6,2026-09-20T01:24:04Z,0.5382566642951853,co,airSensors,TLM0202
,,6,2026-09-20T01:24:14Z,0.5434748148492287,co,airSensors,TLM0202
,,6,2026-09-20T01:24:24Z,0.5468996427781386,co,airSensors,TLM0202
,,6,2026-09-20T01:24:34Z,0.5302898054190923,co,airSensors,TLM0202
,,6,2026-09-20T01:24:44Z,0.5233504499695041,co,airSensors,TLM0202
,,6,2026-09-20T01:24:54Z,0.5173437259130413,co,airSensors,TLM0202
,,6,2026-09-20T01:25:04Z,0.5322373906923882,co,airSensors,TLM0202
,,6,2026-09-20T01:25:14Z,0.5440265411282352,co,airSensors,TLM0202
,,6,2026-09-20T01:25:24Z,0.5569245661806903,co,airSensors,TLM0202
,,6,2026-09-20T01:25:34Z,0.5583067346920413,co,airSensors,TLM0202
,,6,2026-09-20T01:25:44Z,0.5651926367246906,co,airSensors,TLM0202
,,6,2026-09-20T01:25:54Z,0.5755117653575647,co,airSensors,TLM0202
,,6,2026-09-20T01:26:04Z,0.5821098606457512,co,airSensors,TLM0202
,,6,2026-09-20T01:26:14Z,0.5828534360680406,co,airSensors,TLM0202
,,6,2026-09-20T01:26:24Z,0.6002224013012034,co,airSensors,TLM0202
,,6,2026-09-20T01:26:34Z,0.6066360468491725,co,airSensors,TLM0202
,,6,2026-09-20T01:26:44Z,0.6060751649957657,co,airSensors,TLM0202
,,6,2026-09-20T01:26:54Z,0.5926740324757235,co,airSensors,TLM0202
,,6,2026-09-20T01:27:04Z,0.5766183859055303,co,airSensors,TLM0202
,,6,2026-09-20T01:27:14Z,0.5875844797176017,co,airSensors,TLM0202
,,6,2026-09-20T01:27:24Z,0.5842051658441809,co,airSensors,TLM0202
,,6,2026-09-20T01:27:34Z,0.5844854549751828,co,airSensors,TLM0202
,,6,2026-09-20T01:27:44Z,0.5995662938855304,co,airSensors,TLM0202
,,6,2026-09-20T01:27:54Z,0.6017439138673535,co,airSensors,TLM0202
,,6,2026-09-20T01:28:04Z,0.5924861974988795,co,airSensors,TLM0202
,,6,2026-09-20T01:28:14Z,0.6088647065452187,co,airSensors,TLM0202
,,6,2026-09-20T01:28:24Z,0.6195695043660457,co,airSensors,TLM0202
,,6,2026-09-20T01:28:34Z,0.603475815095371,co,airSensors,TLM0202
,,6,2026-09-20T01:28:44Z,0.6072025252900118,co,airSensors,TLM0202
,,6,2026-09-20T01:28:54Z,0.6041382502366679,co,airSensors,TLM0202
,,6,2026-09-20T01:29:04Z,0.6070061468588731,co,airSensors,TLM0202
,,6,2026-09-20T01:29:14Z,0.6081340767711367,co,airSensors,TLM0202
,,6,2026-09-20T01:29:24Z,0.602900296271629,co,airSensors,TLM0202
,,6,2026-09-20T01:29:34Z,0.5914967431110425,co,airSensors,TLM0202
,,6,2026-09-20T01:29:44Z,0.6065072565492438,co,airSensors,TLM0202
,,6,2026-09-20T01:29:54Z,0.608206551729271,co,airSensors,TLM0202
,,6,2026-09-20T01:30:04Z,0.6122088019807735,co,airSensors,TLM0202
,,6,2026-09-20T01:30:14Z,0.6315368257036901,co,airSensors,TLM0202
,,6,2026-09-20T01:30:24Z,0.6241026924623307,co,airSensors,TLM0202
,,6,2026-09-20T01:30:34Z,0.6268495929397151,co,airSensors,TLM0202
,,6,2026-09-20T01:30:44Z,0.6459281335699498,co,airSensors,TLM0202
,,6,2026-09-20T01:30:54Z,0.653666540190243,co,airSensors,TLM0202
,,6,2026-09-20T01:31:04Z,0.6407658133646795,co,airSensors,TLM0202
,,6,2026-09-20T01:31:14Z,0.6286176801283601,co,airSensors,TLM0202
,,6,2026-09-20T01:31:24Z,0.6246257478516706,co,airSensors,TLM0202
,,6,2026-09-20T01:31:34Z,0.6408561177620751,co,airSensors,TLM0202
,,6,2026-09-20T01:31:44Z,0.6211074591027155,co,airSensors,TLM0202
,,6,2026-09-20T01:31:54Z,0.621505386016461,co,airSensors,TLM0202
,,6,2026-09-20T01:32:04Z,0.6167189815853398,co,airSensors,TLM0202
,,6,2026-09-20T01:32:14Z,0.6348247011963198,co,airSensors,TLM0202
,,6,2026-09-20T01:32:24Z,0.6216006182761603,co,airSensors,TLM0202
,,6,2026-09-20T01:32:34Z,0.6108786830488585,co,airSensors,TLM0202
,,6,2026-09-20T01:32:44Z,0.6273897160305687,co,airSensors,TLM0202
,,6,2026-09-20T01:32:54Z,0.6440169159259161,co,airSensors,TLM0202
,,6,2026-09-20T01:33:04Z,0.6506159599620505,co,airSensors,TLM0202
,,6,2026-09-20T01:33:14Z,0.660160481176168,co,airSensors,TLM0202
,,6,2026-09-20T01:33:24Z,0.6739661172077456,co,airSensors,TLM0202
,,6,2026-09-20T01:33:34Z,0.6799133519384105,co,airSensors,TLM0202
,,6,2026-09-20T01:33:44Z,0.6953478557203254,co,airSensors,TLM0202
,,6,2026-09-20T01:33:54Z,0.7147855850449081,co,airSensors,TLM0202
,,6,2026-09-20T01:34:04Z,0.7273305285513307,co,airSensors,TLM0202
,,6,2026-09-20T01:34:14Z,0.7391176528724059,co,airSensors,TLM0202
,,6,2026-09-20T01:34:24Z,0.7306017656524909,co,airSensors,TLM0202
,,6,2026-09-20T01:34:34Z,0.7287507160477701,co,airSensors,TLM0202
,,6,2026-09-20T01:34:44Z,0.7414875764899088,co,airSensors,TLM0202
,,6,2026-09-20T01:34:54Z,0.728169907319642,co,airSensors,TLM0202
,,6,2026-09-20T01:35:04Z,0.7410631184827284,co,airSensors,TLM0202
,,6,2026-09-20T01:35:14Z,0.7540233303348141,co,airSensors,TLM0202
,,6,2026-09-20T01:35:24Z,0.7504504653742483,co,airSensors,TLM0202
,,6,2026-09-20T01:35:34Z,0.7428708151591067,co,airSensors,TLM0202
,,6,2026-09-20T01:35:44Z,0.7527142966126088,co,airSensors,TLM0202
,,6,2026-09-20T01:35:54Z,0.737223045772562,co,airSensors,TLM0202
,,6,2026-09-20T01:36:04Z,0.7240386090834088,co,airSensors,TLM0202
,,6,2026-09-20T01:36:14Z,0.714047616948784,co,airSensors,TLM0202
,,6,2026-09-20T01:36:24Z,0.7325854246765068,co,airSensors,TLM0202
,,6,2026-09-20T01:36:34Z,0.7461172658467627,co,airSensors,TLM0202
,,6,2026-09-20T01:36:44Z,0.7471948709461185,co,airSensors,TLM0202
,,6,2026-09-20T01:36:54Z,0.7377364395640781,co,airSensors,TLM0202
,,6,2026-09-20T01:37:04Z,0.7253067799476227,co,airSensors,TLM0202
,,6,2026-09-20T01:37:14Z,0.7334750709729981,co,airSensors,TLM0202
,,6,2026-09-20T01:37:24Z,0.75198878084829,co,airSensors,TLM0202
,,6,2026-09-20T01:37:34Z,0.7611741067481337,co,airSensors,TLM0202
,,6,2026-09-20T01:37:44Z,0.7439781547599494,co,airSensors,TLM0202
,,6,2026-09-20T01:37:54Z,0.7305297391001279,co,airSensors,TLM0202
,,6,2026-09-20T01:38:04Z,0.7199378086145913,co,airSensors,TLM0202
,,6,2026-09-20T01:38:14Z,0.71298611386872,co,airSensors,TLM0202
,,6,2026-09-20T01:38:24Z,0.7001125733789539,co,airSensors,TLM0202
,,6,2026-09-20T01:38:34Z,0.6848673186650678,co,airSensors,TLM0202
,,6,2026-09-20T01:38:44Z,0.6947453222992205,co,airSensors,TLM0202
,,6,2026-09-20T01:38:54Z,0.7121767054401054,co,airSensors,TLM0202
,,6,2026-09-20T01:39:04Z,0.7206185490603955,co,airSensors,TLM0202
,,6,2026-09-20T01:39:14Z,0.7135335688762214,co,airSensors,TLM0202
,,6,2026-09-20T01:39:24Z,0.7203799787153832,co,airSensors,TLM0202
,,6,2026-09-20T01:39:34Z,0.7082666981072544,co,airSensors,TLM0202
,,6,2026-09-20T01:39:44Z,0.7282089759815469,co,airSensors,TLM0202
,,6,2026-09-20T01:39:54Z,0.7113833506364153,co,airSensors,TLM0202
,,7,2026-09-20T00:39:54Z,0.3888178895006713,co,airSensors,TLM0203
,,7,2026-09-20T00:40:04Z,0.3692748870309948,co,airSensors,TLM0203
,,7,2026-09-20T00:40:14Z,0.3889755979069144,co,airSensors,TLM0203
,,7,2026-09-20T00:40:24Z,0.4070742730380469,co,airSensors,TLM0203
,,7,2026-09-20T00:40:34Z,0.40152343541466345,co,airSensors,TLM0203
,,7,2026-09-20T00:40:44Z,0.3882676214988593,co,airSensors,TLM0203
,,7,2026-09-20T00:40:54Z,0.39555338383784155,co,airSensors,TLM0203
,,7,2026-09-20T00:41:04Z,0.4142937001848026,co,airSensors,TLM0203
,,7,2026-09-20T00:41:14Z,0.398216361038994,co,airSensors,TLM0203
,,7,2026-09-20T00:41:24Z,0.40728247706371945,co,airSensors,TLM0203
,,7,2026-09-20T00:41:34Z,0.4030014669756675,co,airSensors,TLM0203
,,7,2026-09-20T00:41:44Z,0.39123094589652496,co,airSensors,TLM0203
,,7,2026-09-20T00:41:54Z,0.4092752865675553,co,airSensors,TLM0203
,,7,2026-09-20T00:42:04Z,0.4169850192016438,co,airSensors,TLM0203
,,7,2026-09-20T00:42:14Z,0.42915166572006075,co,airSensors,TLM0203
,,7,2026-09-20T00:42:24Z,0.4228825353212646,co,airSensors,TLM0203
,,7,2026-09-20T00:42:34Z,0.4239130018343607,co,airSensors,TLM0203
,,7,2026-09-20T00:42:44Z,0.40588448481442363,co,airSensors,TLM0203
,,7,2026-09-20T00:42:54Z,0.3926735201025752,co,airSensors,TLM0203
,,7,2026-09-20T00:43:04Z,0.37448052293346107,co,airSensors,TLM0203
,,7,2026-09-20T00:43:14Z,0.38319029936224264,co,airSensors,TLM0203
,,7,2026-09-20T00:43:24Z,0.37806865939078615,co,airSensors,TLM0203
,,7,2026-09-20T00:43:34Z,0.36681957152536077,co,airSensors,TLM0203
,,7,2026-09-20T00:43:44Z,0.36857375219893435,co,airSensors,TLM0203
,,7,2026-09-20T00:43:54Z,0.38691440986224596,co,airSensors,TLM0203
,,7,2026-09-20T00:44:04Z,0.38380888930759105,co,airSensors,TLM0203
,,7,2026-09-20T00:44:14Z,0.38808763406249375,co,airSensors,TLM0203
,,7,2026-09-20T00:44:24Z,0.3991190488988605,co,airSensors,TLM0203
,,7,2026-09-20T00:44:34Z,0.38251747275618814,co,airSensors,TLM0203
,,7,2026-09-20T00:44:44Z,0.393255660161691,co,airSensors,TLM0203
,,7,2026-09-20T00:44:54Z,0.41184623655235947,co,airSensors,TLM0203
,,7,2026-09-20T00:45:04Z,0.421287443454851,co,airSensors,TLM0203
,,7,2026-09-20T00:45:14Z,0.43056450297109244,co,airSensors,TLM0203
,,7,2026-09-20T00:45:24Z,0.4330331524292503,co,airSensors,TLM0203
,,7,2026-09-20T00:45:34Z,0.4352965154582455,co,airSensors,TLM0203
,,7,2026-09-20T00:45:44Z,0.43885914413481303,co,airSensors,TLM0203
,,7,2026-09-20T00:45:54Z,0.44885747443894286,co,airSensors,TLM0203
,,7,2026-09-20T00:46:04Z,0.4393079022739175,co,airSensors,TLM0203
,,7,2026-09-20T00:46:14Z,0.4274457376793222,co,airSensors,TLM0203
,,7,2026-09-20T00:46:24Z,0.4076361273818282,co,airSensors,TLM0203
,,7,2026-09-20T00:46:34Z,0.4050080053113804,co,airSensors,TLM0203
,,7,2026-09-20T00:46:44Z,0.4026927880839682,co,airSensors,TLM0203
,,7,2026-09-20T00:46:54Z,0.4052513563447022,co,airSensors,TLM0203
,,7,2026-09-20T00:47:04Z,0.3969365077126529,co,airSensors,TLM0203
,,7,2026-09-20T00:47:14Z,0.3773339464000301,co,airSensors,TLM0203
,,7,2026-09-20T00:47:24Z,0.3682641928298483,co,airSensors,TLM0203
,,7,2026-09-20T00:47:34Z,0.34925370542294804,co,airSensors,TLM0203
,,7,2026-09-20T00:47:44Z,0.3334436177467735,co,airSensors,TLM0203
,,7,2026-09-20T00:47:54Z,0.32601922711250464,co,airSensors,TLM0203
,,7,2026-09-20T00:48:04Z,0.34528596161748143,co,airSensors,TLM0203
,,7,2026-09-20T00:48:14Z,0.33398317513396647,co,airSensors,TLM0203
,,7,2026-09-20T00:48:24Z,0.3299063790263764,co,airSensors,TLM0203
,,7,2026-09-20T00:48:34Z,0.313063462548593,co,airSensors,TLM0203
,,7,2026-09-20T00:48:44Z,0.29886303437216627,co,airSensors,TLM0203
,,7,2026-09-20T00:48:54Z,0.29536611592957995,co,airSensors,TLM0203
,,7,2026-09-20T00:49:04Z,0.279540078666309,co,airSensors,TLM0203
,,7,2026-09-20T00:49:14Z,0.29363336550698677,co,airSensors,TLM0203
,,7,2026-09-20T00:49:24Z,0.28907791976825736,co,airSensors,TLM0203
,,7,2026-09-20T00:49:34Z,0.2752762814643623,co,airSensors,TLM0203
,,7,2026-09-20T00:49:44Z,0.25640202260802436,co,airSensors,TLM0203
,,7,2026-09-20T00:49:54Z,0.25605536569445303,co,airSensors,TLM0203
,,7,2026-09-20T00:50:04Z,0.26470252259830573,co,airSensors,TLM0203
,,7,2026-09-20T00:50:14Z,0.26585691413814355,co,airSensors,TLM0203
,,7,2026-09-20T00:50:24Z,0.2702274450636674,co,airSensors,TLM0203
,,7,2026-09-20T00:50:34Z,0.2722202482783784,co,airSensors,TLM0203
,,7,2026-09-20T00:50:44Z,0.2560917265231029,co,airSensors,TLM0203
,,7,2026-09-20T00:50:54Z,0.24399023115361085,co,airSensors,TLM0203
,,7,2026-09-20T00:51:04Z,0.24835516525267834,co,airSensors,TLM0203
,,7,2026-09-20T00:51:14Z,0.2567519851487046,co,airSensors,TLM0203
,,7,2026-09-20T00:51:24Z,0.26716275153755054,co,airSensors,TLM0203
,,7,2026-09-20T00:51:34Z,0.2667774938943208,co,airSensors,TLM0203
,,7,2026-09-20T00:51:44Z,0.2856617806979797,co,airSensors,TLM0203
,,7,2026-09-20T00:51:54Z,0.2866906832882237,co,airSensors,TLM0203
,,7,2026-09-20T00:52:04Z,0.2671012680161758,co,airSensors,TLM0203
,,7,2026-09-20T00:52:14Z,0.27017527416717935,co,airSensors,TLM0203
,,7,2026-09-20T00:52:24Z,0.2546206104375714,co,airSensors,TLM0203
,,7,2026-09-20T00:52:34Z,0.27097700917769324,co,airSensors,TLM0203
,,7,2026-09-20T00:52:44Z,0.2676825379593317,co,airSensors,TLM0203
,,7,2026-09-20T00:52:54Z,0.255106358757509,co,airSensors,TLM0203
,,7,2026-09-20T00:53:04Z,0.26423483528120595,co,airSensors,TLM0203
,,7,2026-09-20T00:53:14Z,0.27872414096768666,co,airSensors,TLM0203
,,7,2026-09-20T00:53:24Z,0.298495758134136,co,airSensors,TLM0203
,,7,2026-09-20T00:53:34Z,0.29805416291259224,co,airSensors,TLM0203
,,7,2026-09-20T00:53:44Z,0.29039402373351364,co,airSensors,TLM0203
,,7,2026-09-20T00:53:54Z,0.29583532243216,co,airSensors,TLM0203
,,7,2026-09-20T00:54:04Z,0.29547122958550925,co,airSensors,TLM0203
,,7,2026-09-20T00:54:14Z,0.29651983769288237,co,airSensors,TLM0203
,,7,2026-09-20T00:54:24Z,0.3124363606065064,co,airSensors,TLM0203
,,7,2026-09-20T00:54:34Z,0.3206226734180275,co,airSensors,TLM0203
,,7,2026-09-20T00:54:44Z,0.332099925288393,co,airSensors,TLM0203
,,7,2026-09-20T00:54:54Z,0.3489577526054556,co,airSensors,TLM0203
,,7,2026-09-20T00:55:04Z,0.3373055576747723,co,airSensors,TLM0203
,,7,2026-09-20T00:55:14Z,0.3474819959288107,co,airSensors,TLM0203
,,7,2026-09-20T00:55:24Z,0.3521033266968677,co,airSensors,TLM0203
,,7,2026-09-20T00:55:34Z,0.3413137150566366,co,airSensors,TLM0203
,,7,2026-09-20T00:55:44Z,0.33975942301865814,co,airSensors,TLM0203
,,7,2026-09-20T00:55:54Z,0.34655171730761697,co,airSensors,TLM0203
,,7,2026-09-20T00:56:04Z,0.3606641313888326,co,airSensors,TLM0203
,,7,2026-09-20T00:56:14Z,0.36404131906001197,co,airSensors,TLM0203
,,7,2026-09-20T00:56:24Z,0.3658478616458608,co,airSensors,TLM0203
,,7,2026-09-20T00:56:34Z,0.36985909675165113,co,airSensors,TLM0203
,,7,2026-09-20T00:56:44Z,0.3608399799939111,co,airSensors,TLM0203
,,7,2026-09-20T00:56:54Z,0.34228179499893696,co,airSensors,TLM0203
,,7,2026-09-20T00:57:04Z,0.3508836645384908,co,airSensors,TLM0203
,,7,2026-09-20T00:57:14Z,0.3589677485681142,co,airSensors,TLM0203
,,7,2026-09-20T00:57:24Z,0.3608414516348365,co,airSensors,TLM0203
,,7,2026-09-20T00:57:34Z,0.3513610583614488,co,airSensors,TLM0203
,,7,2026-09-20T00:57:44Z,0.3633550935829963,co,airSensors,TLM0203
,,7,2026-09-20T00:57:54Z,0.3663945004339614,co,airSensors,TLM0203
,,7,2026-09-20T00:58:04Z,0.36056732469229075,co,airSensors,TLM0203
,,7,2026-09-20T00:58:14Z,0.36520612663148583,co,airSensors,TLM0203
,,7,2026-09-20T00:58:24Z,0.36437895937413767,co,airSensors,TLM0203
,,7,2026-09-20T00:58:34Z,0.3524941812115867,co,airSensors,TLM0203
,,7,2026-09-20T00:58:44Z,0.3402353315660287,co,airSensors,TLM0203
,,7,2026-09-20T00:58:54Z,0.34802953357685573,co,airSensors,TLM0203
,,7,2026-09-20T00:59:04Z,0.32906322003495597,co,airSensors,TLM0203
,,7,2026-09-20T00:59:14Z,0.31326394127410173,co,airSensors,TLM0203
,,7,2026-09-20T00:59:24Z,0.3071857029723646,co,airSensors,TLM0203
,,7,2026-09-20T00:59:34Z,0.3193280055368429,co,airSensors,TLM0203
,,7,2026-09-20T00:59:44Z,0.3003371196233785,co,airSensors,TLM0203
,,7,2026-09-20T00:59:54Z,0.30044020072671407,co,airSensors,TLM0203
,,7,2026-09-20T01:00:04Z,0.30975672201678256,co,airSensors,TLM0203
,,7,2026-09-20T01:00:14Z,0.3142722439230227,co,airSensors,TLM0203
,,7,2026-09-20T01:00:24Z,0.3176798045595547,co,airSensors,TLM0203
,,7,2026-09-20T01:00:34Z,0.3234506281970957,co,airSensors,TLM0203
,,7,2026-09-20T01:00:44Z,0.3196305657396817,co,airSensors,TLM0203
,,7,2026-09-20T01:00:54Z,0.3033704882338064,co,airSensors,TLM0203
,,7,2026-09-20T01:01:04Z,0.2858587084443032,co,airSensors,TLM0203
,,7,2026-09-20T01:01:14Z,0.2705808539488994,co,airSensors,TLM0203
,,7,2026-09-20T01:01:24Z,0.2859454464206697,co,airSensors,TLM0203
,,7,2026-09-20T01:01:34Z,0.2726800190397555,co,airSensors,TLM0203
,,7,2026-09-20T01:01:44Z,0.26521932846355656,co,airSensors,TLM0203
,,7,2026-09-20T01:01:54Z,0.24730848903106784,co,airSensors,TLM0203
,,7,2026-09-20T01:02:04Z,0.25738732735341974,co,airSensors,TLM0203
,,7,2026-09-20T01:02:14Z,0.24045191055772144,co,airSensors,TLM0203
,,7,2026-09-20T01:02:24Z,0.22762323000999513,co,airSensors,TLM0203
,,7,2026-09-20T01:02:34Z,0.22657415466960024,co,airSensors,TLM0203
,,7,2026-09-20T01:02:44Z,0.23930658854810688,co,airSensors,TLM0203
,,7,2026-09-20T01:02:54Z,0.223890846916651,co,airSensors,TLM0203
,,7,2026-09-20T01:03:04Z,0.23809837100554682,co,airSensors,TLM0203
,,7,2026-09-20T01:03:14Z,0.2355110386273937,co,airSensors,TLM0203
,,7,2026-09-20T01:03:24Z,0.23911041666035088,co,airSensors,TLM0203
,,7,2026-09-20T01:03:34Z,0.2582295099305067,co,airSensors,TLM0203
,,7,2026-09-20T01:03:44Z,0.2514689264054909,co,airSensors,TLM0203
,,7,2026-09-20T01:03:54Z,0.247973554156749,co,airSensors,TLM0203
,,7,2026-09-20T01:04:04Z,0.266938258660237,co,airSensors,TLM0203
,,7,2026-09-20T01:04:14Z,0.25324053483952813,co,airSensors,TLM0203
,,7,2026-09-20T01:04:24Z,0.24702815728711575,co,airSensors,TLM0203
,,7,2026-09-20T01:04:34Z,0.2341710914401388,co,airSensors,TLM0203
,,7,2026-09-20T01:04:44Z,0.251693523951056,co,airSensors,TLM0203
,,7,2026-09-20T01:04:54Z,0.2633012214228531,co,airSensors,TLM0203
,,7,2026-09-20T01:05:04Z,0.26544278572301894,co,airSensors,TLM0203
,,7,2026-09-20T01:05:14Z,0.28516487101391025,co,airSensors,TLM0203
,,7,2026-09-20T01:05:24Z,0.30444042811177136,co,airSensors,TLM0203
,,7,2026-09-20T01:05:34Z,0.3222360369461661,co,airSensors,TLM0203
,,7,2026-09-20T01:05:44Z,0.339837978510167,co,airSensors,TLM0203
,,7,2026-09-20T01:05:54Z,0.34881819250528845,co,airSensors,TLM0203
,,7,2026-09-20T01:06:04Z,0.36597939410630626,co,airSensors,TLM0203
,,7,2026-09-20T01:06:14Z,0.3509738412059867,co,airSensors,TLM0203
,,7,2026-09-20T01:06:24Z,0.36694801058186716,co,airSensors,TLM0203
,,7,2026-09-20T01:06:34Z,0.3855106834651266,co,airSensors,TLM0203
,,7,2026-09-20T01:06:44Z,0.3893778327439611,co,airSensors,TLM0203
,,7,2026-09-20T01:06:54Z,0.39944301352250006,co,airSensors,TLM0203
,,7,2026-09-20T01:07:04Z,0.3862389648501099,co,airSensors,TLM0203
,,7,2026-09-20T01:07:14Z,0.37264168902891637,co,airSensors,TLM0203
,,7,2026-09-20T01:07:24Z,0.37307323681561294,co,airSensors,TLM0203
,,7,2026-09-20T01:07:34Z,0.37484853087205977,co,airSensors,TLM0203
,,7,2026-09-20T01:07:44Z,0.36020992690806275,co,airSensors,TLM0203
,,7,2026-09-20T01:07:54Z,0.36872886752077433,co,airSensors,TLM0203
,,7,2026-09-20T01:08:04Z,0.3738125845687327,co,airSensors,TLM0203
,,7,2026-09-20T01:08:14Z,0.3684040573589828,co,airSensors,TLM0203
,,7,2026-09-20T01:08:24Z,0.3712264300763919,co,airSensors,TLM0203
,,7,2026-09-20T01:08:34Z,0.3836360248763083,co,airSensors,TLM0203
,,7,2026-09-20T01:08:44Z,0.3834911849455899,co,airSensors,TLM0203
,,7,2026-09-20T01:08:54Z,0.37158843101594746,co,airSensors,TLM0203
,,7,2026-09-20T01:09:04Z,0.35826071102513407,co,airSensors,TLM0203
,,7,2026-09-20T01:09:14Z,0.3423702001213895,co,airSensors,TLM0203
,,7,2026-09-20T01:09:24Z,0.35866059638180275,co,airSensors,TLM0203
,,7,2026-09-20T01:09:34Z,0.37348885307536306,co,airSensors,TLM0203
,,7,2026-09-20T01:09:44Z,0.36005804571001376,co,airSensors,TLM0203
,,7,2026-09-20T01:09:54Z,0.3590354007302184,co,airSensors,TLM0203
,,7,2026-09-20T01:10:04Z,0.37032419586597337,co,airSensors,TLM0203
,,7,2026-09-20T01:10:14Z,0.3510923434788021,co,airSensors,TLM0203
,,7,2026-09-20T01:10:24Z,0.35781542745525957,co,airSensors,TLM0203
,,7,2026-09-20T01:10:34Z,0.3701639384417556,co,airSensors,TLM0203
,,7,2026-09-20T01:10:44Z,0.3541101072170645,co,airSensors,TLM0203
,,7,2026-09-20T01:10:54Z,0.34948338977939675,co,airSensors,TLM0203
,,7,2026-09-20T01:11:04Z,0.36712247032214473,co,airSensors,TLM0203
,,7,2026-09-20T01:11:14Z,0.36005365325902156,co,airSensors,TLM0203
,,7,2026-09-20T01:11:24Z,0.3558674954299001,co,airSensors,TLM0203
,,7,2026-09-20T01:11:34Z,0.34364775736669567,co,airSensors,TLM0203
,,7,2026-09-20T01:11:44Z,0.3527009722484659,co,airSensors,TLM0203
,,7,2026-09-20T01:11:54Z,0.3575024913636873,co,airSensors,TLM0203
,,7,2026-09-20T01:12:04Z,0.3556561968381109,co,airSensors,TLM0203
,,7,2026-09-20T01:12:14Z,0.3631019713610824,co,airSensors,TLM0203
,,7,2026-09-20T01:12:24Z,0.36473046663916164,co,airSensors,TLM0203
,,7,2026-09-20T01:12:34Z,0.37622789591962463,co,airSensors,TLM0203
,,7,2026-09-20T01:12:44Z,0.394737436188306,co,airSensors,TLM0203
,,7,2026-09-20T01:12:54Z,0.38010330744840687,co,airSensors,TLM0203
,,7,2026-09-20T01:13:04Z,0.3790955989135007,co,airSensors,TLM0203
,,7,2026-09-20T01:13:14Z,0.3893615958624678,co,airSensors,TLM0203
,,7,2026-09-20T01:13:24Z,0.4029852544266176,co,airSensors,TLM0203
,,7,2026-09-20T01:13:34Z,0.4100343110184681,co,airSensors,TLM0203
,,7,2026-09-20T01:13:44Z,0.42774529710122144,co,airSensors,TLM0203
,,7,2026-09-20T01:13:54Z,0.43192090187768706,co,airSensors,TLM0203
,,7,2026-09-20T01:14:04Z,0.41648356273135634,co,airSensors,TLM0203
,,7,2026-09-20T01:14:14Z,0.42551868001539256,co,airSensors,TLM0203
,,7,2026-09-20T01:14:24Z,0.40739870980596543,co,airSensors,TLM0203
,,7,2026-09-20T01:14:34Z,0.4092995026406811,co,airSensors,TLM0203
,,7,2026-09-20T01:14:44Z,0.424498531120094,co,airSensors,TLM0203
,,7,2026-09-20T01:14:54Z,0.44192633546325516,co,airSensors,TLM0203
,,7,2026-09-20T01:15:04Z,0.4579502525318211,co,airSensors,TLM0203
,,7,2026-09-20T01:15:14Z,0.456596772704057,co,airSensors,TLM0203
,,7,2026-09-20T01:15:24Z,0.4502563924826426,co,airSensors,TLM0203
,,7,2026-09-20T01:15:34Z,0.4627499555860749,co,airSensors,TLM0203
,,7,2026-09-20T01:15:44Z,0.44392931604418906,co,airSensors,TLM0203
,,7,2026-09-20T01:15:54Z,0.426933547003711,co,airSensors,TLM0203
,,7,2026-09-20T01:16:04Z,0.4081290331255982,co,airSensors,TLM0203
,,7,2026-09-20T01:16:14Z,0.39133910722640863,co,airSensors,TLM0203
,,7,2026-09-20T01:16:24Z,0.40899788445137303,co,airSensors,TLM0203
,,7,2026-09-20T01:16:34Z,0.4057210149254276,co,airSensors,TLM0203
,,7,2026-09-20T01:16:44Z,0.4248989288987975,co,airSensors,TLM0203
,,7,2026-09-20T01:16:54Z,0.4280792915251468,co,airSensors,TLM0203
,,7,2026-09-20T01:17:04Z,0.44661438450997365,co,airSensors,TLM0203
,,7,2026-09-20T01:17:14Z,0.43215710294892734,co,airSensors,TLM0203
,,7,2026-09-20T01:17:24Z,0.4291738920098217,co,airSensors,TLM0203
,,7,2026-09-20T01:17:34Z,0.43855940221206247,co,airSensors,TLM0203
,,7,2026-09-20T01:17:44Z,0.4237551340191108,co,airSensors,TLM0203
,,7,2026-09-20T01:17:54Z,0.4436026202738795,co,airSensors,TLM0203
,,7,2026-09-20T01:18:04Z,0.4319025000002736,co,airSensors,TLM0203
,,7,2026-09-20T01:18:14Z,0.44328100681045635,co,airSensors,TLM0203
,,7,2026-09-20T01:18:24Z,0.4339961020333686,co,airSensors,TLM0203
,,7,2026-09-20T01:18:34Z,0.4237271697069452,co,airSensors,TLM0203
,,7,2026-09-20T01:18:44Z,0.4344716177103684,co,airSensors,TLM0203
,,7,2026-09-20T01:18:54Z,0.4496414285704877,co,airSensors,TLM0203
,,7,2026-09-20T01:19:04Z,0.42977470344649954,co,airSensors,TLM0203
,,7,2026-09-20T01:19:14Z,0.4289449193011701,co,airSensors,TLM0203
,,7,2026-09-20T01:19:24Z,0.41536669041397317,co,airSensors,TLM0203
,,7,2026-09-20T01:19:34Z,0.4225914269114137,co,airSensors,TLM0203
,,7,2026-09-20T01:19:44Z,0.43943085335595744,co,airSensors,TLM0203
,,7,2026-09-20T01:19:54Z,0.4305314700836306,co,airSensors,TLM0203
,,7,2026-09-20T01:20:04Z,0.442342717272358,co,airSensors,TLM0203
,,7,2026-09-20T01:20:14Z,0.445353948449506,co,airSensors,TLM0203
,,7,2026-09-20T01:20:24Z,0.44801770852120804,co,airSensors,TLM0203
,,7,2026-09-20T01:20:34Z,0.4583129135667931,co,airSensors,TLM0203
,,7,2026-09-20T01:20:44Z,0.46785471770579595,co,airSensors,TLM0203
,,7,2026-09-20T01:20:54Z,0.4483761215362999,co,airSensors,TLM0203
,,7,2026-09-20T01:21:04Z,0.45638053082352503,co,airSensors,TLM0203
,,7,2026-09-20T01:21:14Z,0.4660375929284835,co,airSensors,TLM0203
,,7,2026-09-20T01:21:24Z,0.47332783057235556,co,airSensors,TLM0203
,,7,2026-09-20T01:21:34Z,0.4907516949317418,co,airSensors,TLM0203
,,7,2026-09-20T01:21:44Z,0.4964382173771055,co,airSensors,TLM0203
,,7,2026-09-20T01:21:54Z,0.5027805828428524,co,airSensors,TLM0203
,,7,2026-09-20T01:22:04Z,0.5209727149920012,co,airSensors,TLM0203
,,7,2026-09-20T01:22:14Z,0.5294793786200136,co,airSensors,TLM0203
,,7,2026-09-20T01:22:24Z,0.5336760276475419,co,airSensors,TLM0203
,,7,2026-09-20T01:22:34Z,0.5479673520047306,co,airSensors,TLM0203
,,7,2026-09-20T01:22:44Z,0.5414497953519968,co,airSensors,TLM0203
,,7,2026-09-20T01:22:54Z,0.5490246480895653,co,airSensors,TLM0203
,,7,2026-09-20T01:23:04Z,0.5535494966006894,co,airSensors,TLM0203
,,7,2026-09-20T01:23:14Z,0.5731618546546524,co,airSensors,TLM0203
,,7,2026-09-20T01:23:24Z,0.5623163184426605,co,airSensors,TLM0203
,,7,2026-09-20T01:23:34Z,0.5435111641645503,co,airSensors,TLM0203
,,7,2026-09-20T01:23:44Z,0.5475774706817789,co,airSensors,TLM0203
,,7,2026-09-20T01:23:54Z,0.5423675643580437,co,airSensors,TLM0203
,,7,2026-09-20T01:24:04Z,0.5299957799863124,co,airSensors,TLM0203
,,7,2026-09-20T01:24:14Z,0.539979811230211,co,airSensors,TLM0203
,,7,2026-09-20T01:24:24Z,0.5321558982558671,co,airSensors,TLM0203
,,7,2026-09-20T01:24:34Z,0.5511044097296202,co,airSensors,TLM0203
,,7,2026-09-20T01:24:44Z,0.5498944829137217,co,airSensors,TLM0203
,,7,2026-09-20T01:24:54Z,0.5467314778568884,co,airSensors,TLM0203
,,7,2026-09-20T01:25:04Z,0.5455401799078279,co,airSensors,TLM0203
,,7,2026-09-20T01:25:14Z,0.5536072134679775,co,airSensors,TLM0203
,,7,2026-09-20T01:25:24Z,0.552822490573507,co,airSensors,TLM0203
,,7,2026-09-20T01:25:34Z,0.5430524073306068,co,airSensors,TLM0203
,,7,2026-09-20T01:25:44Z,0.5440466520427933,co,airSensors,TLM0203
,,7,2026-09-20T01:25:54Z,0.5529476369223103,co,airSensors,TLM0203
,,7,2026-09-20T01:26:04Z,0.5717268881684854,co,airSensors,TLM0203
,,7,2026-09-20T01:26:14Z,0.5585102416357969,co,airSensors,TLM0203
,,7,2026-09-20T01:26:24Z,0.5599602499512114,co,airSensors,TLM0203
,,7,2026-09-20T01:26:34Z,0.5499304162104678,co,airSensors,TLM0203
,,7,2026-09-20T01:26:44Z,0.5324845809789993,co,airSensors,TLM0203
,,7,2026-09-20T01:26:54Z,0.5424248124866494,co,airSensors,TLM0203
,,7,2026-09-20T01:27:04Z,0.5468537502899974,co,airSensors,TLM0203
,,7,2026-09-20T01:27:14Z,0.5376738573390415,co,airSensors,TLM0203
,,7,2026-09-20T01:27:24Z,0.5214635812961376,co,airSensors,TLM0203
,,7,2026-09-20T01:27:34Z,0.5245274904200745,co,airSensors,TLM0203
,,7,2026-09-20T01:27:44Z,0.5319557408208915,co,airSensors,TLM0203
,,7,2026-09-20T01:27:54Z,0.540770439187197,co,airSensors,TLM0203
,,7,2026-09-20T01:28:04Z,0.5494201178541409,co,airSensors,TLM0203
,,7,2026-09-20T01:28:14Z,0.5546494792712898,co,airSensors,TLM0203
,,7,2026-09-20T01:28:24Z,0.5499691004618625,co,airSensors,TLM0203
,,7,2026-09-20T01:28:34Z,0.5413440173903834,co,airSensors,TLM0203
,,7,2026-09-20T01:28:44Z,0.5520698080695603,co,airSensors,TLM0203
,,7,2026-09-20T01:28:54Z,0.5349515588515542,co,airSensors,TLM0203
,,7,2026-09-20T01:29:04Z,0.5286050340745617,co,airSensors,TLM0203
,,7,2026-09-20T01:29:14Z,0.5261679721726378,co,airSensors,TLM0203
,,7,2026-09-20T01:29:24Z,0.5416695982818,co,airSensors,TLM0203
,,7,2026-09-20T01:29:34Z,0.5505113883414795,co,airSensors,TLM0203
,,7,2026-09-20T01:29:44Z,0.5406518816029015,co,airSensors,TLM0203
,,7,2026-09-20T01:29:54Z,0.546321486466406,co,airSensors,TLM0203
,,7,2026-09-20T01:30:04Z,0.5487750021001132,co,airSensors,TLM0203
,,7,2026-09-20T01:30:14Z,0.5309333712825199,co,airSensors,TLM0203
,,7,2026-09-20T01:30:24Z,0.5506764389934931,co,airSensors,TLM0203
,,7,2026-09-20T01:30:34Z,0.5389494449165659,co,airSensors,TLM0203
,,7,2026-09-20T01:30:44Z,0.5361798004125098,co,airSensors,TLM0203
,,7,2026-09-20T01:30:54Z,0.5172599778291181,co,airSensors,TLM0203
,,7,2026-09-20T01:31:04Z,0.5159989513908678,co,airSensors,TLM0203
,,7,2026-09-20T01:31:14Z,0.4971705877817842,co,airSensors,TLM0203
,,7,2026-09-20T01:31:24Z,0.4800793515764408,co,airSensors,TLM0203
,,7,2026-09-20T01:31:34Z,0.47591248583818857,co,airSensors,TLM0203
,,7,2026-09-20T01:31:44Z,0.4664634892476829,co,airSensors,TLM0203
,,7,2026-09-20T01:31:54Z,0.4765822691553916,co,airSensors,TLM0203
,,7,2026-09-20T01:32:04Z,0.47906145883320694,co,airSensors,TLM0203
,,7,2026-09-20T01:32:14Z,0.47074884071937345,co,airSensors,TLM0203
,,7,2026-09-20T01:32:24Z,0.48317731859661817,co,airSensors,TLM0203
,,7,2026-09-20T01:32:34Z,0.4673719366917571,co,airSensors,TLM0203
,,7,2026-09-20T01:32:44Z,0.45992608759050985,co,airSensors,TLM0203
,,7,2026-09-20T01:32:54Z,0.44303709346392006,co,airSensors,TLM0203
,,7,2026-09-20T01:33:04Z,0.4611173847725401,co,airSensors,TLM0203
,,7,2026-09-20T01:33:14Z,0.4736772003267967,co,airSensors,TLM0203
,,7,2026-09-20T01:33:24Z,0.48577559769522705,co,airSensors,TLM0203
,,7,2026-09-20T01:33:34Z,0.49761113652840255,co,airSensors,TLM0203
,,7,2026-09-20T01:33:44Z,0.4811748247891654,co,airSensors,TLM0203
,,7,2026-09-20T01:33:54Z,0.49048606680440876,co,airSensors,TLM0203
,,7,2026-09-20T01:34:04Z,0.48590395854467455,co,airSensors,TLM0203
,,7,2026-09-20T01:34:14Z,0.48603739618038627,co,airSensors,TLM0203
,,7,2026-09-20T01:34:24Z,0.5051453483831555,co,airSensors,TLM0203
,,7,2026-09-20T01:34:34Z,0.508729793718194,co,airSensors,TLM0203
,,7,2026-09-20T01:34:44Z,0.5258858415708417,co,airSensors,TLM0203
,,7,2026-09-20T01:34:54Z,0.5122225536420075,co,airSensors,TLM0203
,,7,2026-09-20T01:35:04Z,0.5033675233417675,co,airSensors,TLM0203
,,7,2026-09-20T01:35:14Z,0.5024100556729685,co,airSensors,TLM0203
,,7,2026-09-20T01:35:24Z,0.5107545021343912,co,airSensors,TLM0203
,,7,2026-09-20T01:35:34Z,0.4951001679743613,co,airSensors,TLM0203
,,7,2026-09-20T01:35:44Z,0.5059116273704534,co,airSensors,TLM0203
,,7,2026-09-20T01:35:54Z,0.49750397360490545,co,airSensors,TLM0203
,,7,2026-09-20T01:36:04Z,0.49352662142711595,co,airSensors,TLM0203
,,7,2026-09-20T01:36:14Z,0.5124902212053882,co,airSensors,TLM0203
,,7,2026-09-20T01:36:24Z,0.5088007702652817,co,airSensors,TLM0203
,,7,2026-09-20T01:36:34Z,0.5056380081798625,co,airSensors,TLM0203
,,7,2026-09-20T01:36:44Z,0.5095301067683836,co,airSensors,TLM0203
,,7,2026-09-20T01:36:54Z,0.49711016980908335,co,airSensors,TLM0203
,,7,2026-09-20T01:37:04Z,0.48291430891743825,co,airSensors,TLM0203
,,7,2026-09-20T01:37:14Z,0.4981277848953131,co,airSensors,TLM0203
,,7,2026-09-20T01:37:24Z,0.501347331098437,co,airSensors,TLM0203
,,7,2026-09-20T01:37:34Z,0.507544161820891,co,airSensors,TLM0203
,,7,2026-09-20T01:37:44Z,0.5225265206961868,co,airSensors,TLM0203
,,7,2026-09-20T01:37:54Z,0.509425781962183,co,airSensors,TLM0203
,,7,2026-09-20T01:38:04Z,0.49315203130420227,co,airSensors,TLM0203
,,7,2026-09-20T01:38:14Z,0.4779137576502066,co,airSensors,TLM0203
,,7,2026-09-20T01:38:24Z,0.46901219168170377,co,airSensors,TLM0203
,,7,2026-09-20T01:38:34Z,0.4545757384722153,co,airSensors,TLM0203
,,7,2026-09-20T01:38:44Z,0.4684474267205739,co,airSensors,TLM0203
,,7,2026-09-20T01:38:54Z,0.4495549991147297,co,airSensors,TLM0203
,,7,2026-09-20T01:39:04Z,0.4662448192472412,co,airSensors,TLM0203
,,7,2026-09-20T01:39:14Z,0.4634418812924664,co,airSensors,TLM0203
,,7,2026-09-20T01:39:24Z,0.46889566251339576,co,airSensors,TLM0203
,,7,2026-09-20T01:39:34Z,0.47033138543107694,co,airSensors,TLM0203
,,7,2026-09-20T01:39:44Z,0.46661394540443785,co,airSensors,TLM0203
,,7,2026-09-20T01:39:54Z,0.46323967387912995,co,airSensors,TLM0203
,,8,2026-09-20T00:39:54Z,35.133411578060404,humidity,airSensors,TLM0100
,,8,2026-09-20T00:40:04Z,35.14944793449227,humidity,airSensors,TLM0100
,,8,2026-09-20T00:40:14Z,35.11040965848907,humidity,airSensors,TLM0100
,,8,2026-09-20T00:40:24Z,35.086676327801236,humidity,airSensors,TLM0100
,,8,2026-09-20T00:40:34Z,35.116629552608906,humidity,airSensors,TLM0100
,,8,2026-09-20T00:40:44Z,35.12713024524588,humidity,airSensors,TLM0100
,,8,2026-09-20T00:40:54Z,35.152935566407805,humidity,airSensors,TLM0100
,,8,2026-09-20T00:41:04Z,35.14711377188508,humidity,airSensors,TLM0100
,,8,2026-09-20T00:41:14Z,35.172051368272136,humidity,airSensors,TLM0100
,,8,2026-09-20T00:41:24Z,35.21320373946767,humidity,airSensors,TLM0100
,,8,2026-09-20T00:41:34Z,35.192270501317616,humidity,airSensors,TLM0100
,,8,2026-09-20T00:41:44Z,35.195301140554264,humidity,airSensors,TLM0100
,,8,2026-09-20T00:41:54Z,35.19393566274462,humidity,airSensors,TLM0100
,,8,2026-09-20T00:42:04Z,35.221888722408764,humidity,airSensors,TLM0100
,,8,2026-09-20T00:42:14Z,35.25189908010836,humidity,airSensors,TLM0100
,,8,2026-09-20T00:42:24Z,35.21662448891757,humidity,airSensors,TLM0100
,,8,2026-09-20T00:42:34Z,35.17633463607519,humidity,airSensors,TLM0100
,,8,2026-09-20T00:42:44Z,35.170925291299596,humidity,airSensors,TLM0100
,,8,2026-09-20T00:42:54Z,35.12506985834335,humidity,airSensors,TLM0100
,,8,2026-09-20T00:43:04Z,35.09944394414191,humidity,airSensors,TLM0100
,,8,2026-09-20T00:43:14Z,35.07107088035032,humidity,airSensors,TLM0100
,,8,2026-09-20T00:43:24Z,35.0751510098792,humidity,airSensors,TLM0100
,,8,2026-09-20T00:43:34Z,35.05586192248389,humidity,airSensors,TLM0100
,,8,2026-09-20T00:43:44Z,35.02377720535362,humidity,airSensors,TLM0100
,,8,2026-09-20T00:43:54Z,34.98070662541291,humidity,airSensors,TLM0100
,,8,2026-09-20T00:44:04Z,34.93296563782807,humidity,airSensors,TLM0100
,,8,2026-09-20T00:44:14Z,34.94361869618629,humidity,airSensors,TLM0100
,,8,2026-09-20T00:44:24Z,34.94334963293263,humidity,airSensors,TLM0100
,,8,2026-09-20T00:44:34Z,34.9077699356542,humidity,airSensors,TLM0100
,,8,2026-09-20T00:44:44Z,34.88206884720269,humidity,airSensors,TLM0100
,,8,2026-09-20T00:44:54Z,34.92343937179686,humidity,airSensors,TLM0100
,,8,2026-09-20T00:45:04Z,34.93708147920173,humidity,airSensors,TLM0100
,,8,2026-09-20T00:45:14Z,34.89143773663744,humidity,airSensors,TLM0100
,,8,2026-09-20T00:45:24Z,34.9406315134083,humidity,airSensors,TLM0100
,,8,2026-09-20T00:45:34Z,34.91113891795244,humidity,airSensors,TLM0100
,,8,2026-09-20T00:45:44Z,34.90439199208801,humidity,airSensors,TLM0100
,,8,2026-09-20T00:45:54Z,34.94226716156094,humidity,airSensors,TLM0100
,,8,2026-09-20T00:46:04Z,34.953263343978925,humidity,airSensors,TLM0100
,,8,2026-09-20T00:46:14Z,34.97989370507874,humidity,airSensors,TLM0100
,,8,2026-09-20T00:46:24Z,34.93834371140789,humidity,airSensors,TLM0100
,,8,2026-09-20T00:46:34Z,34.98463726992528,humidity,airSensors,TLM0100
,,8,2026-09-20T00:46:44Z,35.021600153985894,humidity,airSensors,TLM0100
,,8,2026-09-20T00:46:54Z,34.98596669156519,humidity,airSensors,TLM0100
,,8,2026-09-20T00:47:04Z,34.96119707392705,humidity,airSensors,TLM0100
,,8,2026-09-20T00:47:14Z,34.99943182187099,humidity,airSensors,TLM0100
,,8,2026-09-20T00:47:24Z,34.983069028417404,humidity,airSensors,TLM0100
,,8,2026-09-20T00:47:34Z,34.98246465625564,humidity,airSensors,TLM0100
,,8,2026-09-20T00:47:44Z,34.93797681318614,humidity,airSensors,TLM0100
,,8,2026-09-20T00:47:54Z,34.91215219502714,humidity,airSensors,TLM0100
,,8,2026-09-20T00:48:04Z,34.92700435327969,humidity,airSensors,TLM0100
,,8,2026-09-20T00:48:14Z,34.95754739683118,humidity,airSensors,TLM0100
,,8,2026-09-20T00:48:24Z,34.96907023632028,humidity,airSensors,TLM0100
,,8,2026-09-20T00:48:34Z,34.98639437500992,humidity,airSensors,TLM0100
,,8,2026-09-20T00:48:44Z,35.02080249172922,humidity,airSensors,TLM0100
,,8,2026-09-20T00:48:54Z,35.037800949941186,humidity,airSensors,TLM0100
,,8,2026-09-20T00:49:04Z,35.08329248611875,humidity,airSensors,TLM0100
,,8,2026-09-20T00:49:14Z,35.10955455103533,humidity,airSensors,TLM0100
,,8,2026-09-20T00:49:24Z,35.080054166985086,humidity,airSensors,TLM0100
,,8,2026-09-20T00:49:34Z,35.11414655209076,humidity,airSensors,TLM0100
,,8,2026-09-20T00:49:44Z,35.1454322825143,humidity,airSensors,TLM0100
,,8,2026-09-20T00:49:54Z,35.16577619633638,humidity,airSensors,TLM0100
,,8,2026-09-20T00:50:04Z,35.20245807051207,humidity,airSensors,TLM0100
,,8,2026-09-20T00:50:14Z,35.178013623300146,humidity,airSensors,TLM0100
,,8,2026-09-20T00:50:24Z,35.193175646509296,humidity,airSensors,TLM0100
,,8,2026-09-20T00:50:34Z,35.23214706422742,humidity,airSensors,TLM0100
,,8,2026-09-20T00:50:44Z,35.26485522592162,humidity,airSensors,TLM0100
,,8,2026-09-20T00:50:54Z,35.27831036996583,humidity,airSensors,TLM0100
,,8,2026-09-20T00:51:04Z,35.2983806757605,humidity,airSensors,TLM0100
,,8,2026-09-20T00:51:14Z,35.32929485781812,humidity,airSensors,TLM0100
,,8,2026-09-20T00:51:24Z,35.3759417124774,humidity,airSensors,TLM0100
,,8,2026-09-20T00:51:34Z,35.38933235608156,humidity,airSensors,TLM0100
,,8,2026-09-20T00:51:44Z,35.36250822142951,humidity,airSensors,TLM0100
,,8,2026-09-20T00:51:54Z,35.35432064319457,humidity,airSensors,TLM0100
,,8,2026-09-20T00:52:04Z,35.382984558133145,humidity,airSensors,TLM0100
,,8,2026-09-20T00:52:14Z,35.428676206983305,humidity,airSensors,TLM0100
,,8,2026-09-20T00:52:24Z,35.44044419942573,humidity,airSensors,TLM0100
,,8,2026-09-20T00:52:34Z,35.45899223332627,humidity,airSensors,TLM0100
,,8,2026-09-20T00:52:44Z,35.42131887300928,humidity,airSensors,TLM0100
,,8,2026-09-20T00:52:54Z,35.394884705053585,humidity,airSensors,TLM0100
,,8,2026-09-20T00:53:04Z,35.355615534530315,humidity,airSensors,TLM0100
,,8,2026-09-20T00:53:14Z,35.35687325877824,humidity,airSensors,TLM0100
,,8,2026-09-20T00:53:24Z,35.40310300411036,humidity,airSensors,TLM0100
,,8,2026-09-20T00:53:34Z,35.365435680864444,humidity,airSensors,TLM0100
,,8,2026-09-20T00:53:44Z,35.37022072209114,humidity,airSensors,TLM0100
,,8,2026-09-20T00:53:54Z,35.330612463578966,humidity,airSensors,TLM0100
,,8,2026-09-20T00:54:04Z,35.30017691336893,humidity,airSensors,TLM0100
,,8,2026-09-20T00:54:14Z,35.27326749104081,humidity,airSensors,TLM0100
,,8,2026-09-20T00:54:24Z,35.238578689244854,humidity,airSensors,TLM0100
,,8,2026-09-20T00:54:34Z,35.264023557604546,humidity,airSensors,TLM0100
,,8,2026-09-20T00:54:44Z,35.31341578889134,humidity,airSensors,TLM0100
,,8,2026-09-20T00:54:54Z,35.33287952615714,humidity,airSensors,TLM0100
,,8,2026-09-20T00:55:04Z,35.37633910338105,humidity,airSensors,TLM0100
,,8,2026-09-20T00:55:14Z,35.36117224927549,humidity,airSensors,TLM0100
,,8,2026-09-20T00:55:24Z,35.33264141949086,humidity,airSensors,TLM0100
,,8,2026-09-20T00:55:34Z,35.36314768760055,humidity,airSensors,TLM0100
,,8,2026-09-20T00:55:44Z,35.3903128390672,humidity,airSensors,TLM0100
,,8,2026-09-20T00:55:54Z,35.38965657695125,humidity,airSensors,TLM0100
,,8,2026-09-20T00:56:04Z,35.348591989383536,humidity,airSensors,TLM0100
,,8,2026-09-20T00:56:14Z,35.34966403912302,humidity,airSensors,TLM0100
,,8,2026-09-20T00:56:24Z,35.376312952462975,humidity,airSensors,TLM0100
,,8,2026-09-20T00:56:34Z,35.38923254991391,humidity,airSensors,TLM0100
,,8,2026-09-20T00:56:44Z,35.37326271387777,humidity,airSensors,TLM0100
,,8,2026-09-20T00:56:54Z,35.323362698989826,humidity,airSensors,TLM0100
,,8,2026-09-20T00:57:04Z,35.274640977357436,humidity,airSensors,TLM0100
,,8,2026-09-20T00:57:14Z,35.262570824472526,humidity,airSensors,TLM0100
,,8,2026-09-20T00:57:24Z,35.290246041859355,humidity,airSensors,TLM0100
,,8,2026-09-20T00:57:34Z,35.264837400400246,humidity,airSensors,TLM0100
,,8,2026-09-20T00:57:44Z,35.29419640744874,humidity,airSensors,TLM0100
,,8,2026-09-20T00:57:54Z,35.28059244745335,humidity,airSensors,TLM0100
,,8,2026-09-20T00:58:04Z,35.323382091347014,humidity,airSensors,TLM0100
,,8,2026-09-20T00:58:14Z,35.35586154561012,humidity,airSensors,TLM0100
,,8,2026-09-20T00:58:24Z,35.349313141447105,humidity,airSensors,TLM0100
,,8,2026-09-20T00:58:34Z,35.39090353333701,humidity,airSensors,TLM0100
,,8,2026-09-20T00:58:44Z,35.348567525339654,humidity,airSensors,TLM0100
,,8,2026-09-20T00:58:54Z,35.327216921696724,humidity,airSensors,TLM0100
,,8,2026-09-20T00:59:04Z,35.312379562385935,humidity,airSensors,TLM0100
,,8,2026-09-20T00:59:14Z,35.34441261336996,humidity,airSensors,TLM0100
,,8,2026-09-20T00:59:24Z,35.38129741925349,humidity,airSensors,TLM0100
,,8,2026-09-20T00:59:34Z,35.36530057325182,humidity,airSensors,TLM0100
,,8,2026-09-20T00:59:44Z,35.35949220946444,humidity,airSensors,TLM0100
,,8,2026-09-20T00:59:54Z,35.393017815689284,humidity,airSensors,TLM0100
,,8,2026-09-20T01:00:04Z,35.39438175284892,humidity,airSensors,TLM0100
,,8,2026-09-20T01:00:14Z,35.393787385332885,humidity,airSensors,TLM0100
,,8,2026-09-20T01:00:24Z,35.39917635320146,humidity,airSensors,TLM0100
,,8,2026-09-20T01:00:34Z,35.38120908078271,humidity,airSensors,TLM0100
,,8,2026-09-20T01:00:44Z,35.339601508582604,humidity,airSensors,TLM0100
,,8,2026-09-20T01:00:54Z,35.37504018852881,humidity,airSensors,TLM0100
,,8,2026-09-20T01:01:04Z,35.40263932429623,humidity,airSensors,TLM0100
,,8,2026-09-20T01:01:14Z,35.39630443538755,humidity,airSensors,TLM0100
,,8,2026-09-20T01:01:24Z,35.37925460725994,humidity,airSensors,TLM0100
,,8,2026-09-20T01:01:34Z,35.35312947253295,humidity,airSensors,TLM0100
,,8,2026-09-20T01:01:44Z,35.35614346739801,humidity,airSensors,TLM0100
,,8,2026-09-20T01:01:54Z,35.32589879882914,humidity,airSensors,TLM0100
,,8,2026-09-20T01:02:04Z,35.30084741011224,humidity,airSensors,TLM0100
,,8,2026-09-20T01:02:14Z,35.31704804500328,humidity,airSensors,TLM0100
,,8,2026-09-20T01:02:24Z,35.30551167163746,humidity,airSensors,TLM0100
,,8,2026-09-20T01:02:34Z,35.25560482669358,humidity,airSensors,TLM0100
,,8,2026-09-20T01:02:44Z,35.305089348146154,humidity,airSensors,TLM0100
,,8,2026-09-20T01:02:54Z,35.28050263748486,humidity,airSensors,TLM0100
,,8,2026-09-20T01:03:04Z,35.27453193929855,humidity,airSensors,TLM0100
,,8,2026-09-20T01:03:14Z,35.262865841330004,humidity,airSensors,TLM0100
,,8,2026-09-20T01:03:24Z,35.2953214261005,humidity,airSensors,TLM0100
,,8,2026-09-20T01:03:34Z,35.32753230879811,humidity,airSensors,TLM0100
,,8,2026-09-20T01:03:44Z,35.37263530545355,humidity,airSensors,TLM0100
,,8,2026-09-20T01:03:54Z,35.41927106290069,humidity,airSensors,TLM0100
,,8,2026-09-20T01:04:04Z,35.4093693176973,humidity,airSensors,TLM0100
,,8,2026-09-20T01:04:14Z,35.41666462849958,humidity,airSensors,TLM0100
,,8,2026-09-20T01:04:24Z,35.41704519499397,humidity,airSensors,TLM0100
,,8,2026-09-20T01:04:34Z,35.389529012968694,humidity,airSensors,TLM0100
,,8,2026-09-20T01:04:44Z,35.408116370931076,humidity,airSensors,TLM0100
,,8,2026-09-20T01:04:54Z,35.44376079259443,humidity,airSensors,TLM0100
,,8,2026-09-20T01:05:04Z,35.44750658020653,humidity,airSensors,TLM0100
,,8,2026-09-20T01:05:14Z,35.464880427045514,humidity,airSensors,TLM0100
,,8,2026-09-20T01:05:24Z,35.48410264238562,humidity,airSensors,TLM0100
,,8,2026-09-20T01:05:34Z,35.447067724390365,humidity,airSensors,TLM0100
,,8,2026-09-20T01:05:44Z,35.40485401483024,humidity,airSensors,TLM0100
,,8,2026-09-20T01:05:54Z,35.35958924424861,humidity,airSensors,TLM0100
,,8,2026-09-20T01:06:04Z,35.397830853333275,humidity,airSensors,TLM0100
,,8,2026-09-20T01:06:14Z,35.40474581737785,humidity,airSensors,TLM0100
,,8,2026-09-20T01:06:24Z,35.415815619831626,humidity,airSensors,TLM0100
,,8,2026-09-20T01:06:34Z,35.43727763628271,humidity,airSensors,TLM0100
,,8,2026-09-20T01:06:44Z,35.43332093145651,humidity,airSensors,TLM0100
,,8,2026-09-20T01:06:54Z,35.44998411813664,humidity,airSensors,TLM0100
,,8,2026-09-20T01:07:04Z,35.40076638545599,humidity,airSensors,TLM0100
,,8,2026-09-20T01:07:14Z,35.39369381754327,humidity,airSensors,TLM0100
,,8,2026-09-20T01:07:24Z,35.43402786841084,humidity,airSensors,TLM0100
,,8,2026-09-20T01:07:34Z,35.388981473564534,humidity,airSensors,TLM0100
,,8,2026-09-20T01:07:44Z,35.36200330621798,humidity,airSensors,TLM0100
,,8,2026-09-20T01:07:54Z,35.31401232619918,humidity,airSensors,TLM0100
,,8,2026-09-20T01:08:04Z,35.26826737957596,humidity,airSensors,TLM0100
,,8,2026-09-20T01:08:14Z,35.26914830232684,humidity,airSensors,TLM0100
,,8,2026-09-20T01:08:24Z,35.311397132127894,humidity,airSensors,TLM0100
,,8,2026-09-20T01:08:34Z,35.33315330089677,humidity,airSensors,TLM0100
,,8,2026-09-20T01:08:44Z,35.28835871760231,humidity,airSensors,TLM0100
,,8,2026-09-20T01:08:54Z,35.27040644413725,humidity,airSensors,TLM0100
,,8,2026-09-20T01:09:04Z,35.28275432615938,humidity,airSensors,TLM0100
,,8,2026-09-20T01:09:14Z,35.32880165217002,humidity,airSensors,TLM0100
,,8,2026-09-20T01:09:24Z,35.3681756524275,humidity,airSensors,TLM0100
,,8,2026-09-20T01:09:34Z,35.328189595961355,humidity,airSensors,TLM0100
,,8,2026-09-20T01:09:44Z,35.30137710043756,humidity,airSensors,TLM0100
,,8,2026-09-20T01:09:54Z,35.25415687349392,humidity,airSensors,TLM0100
,,8,2026-09-20T01:10:04Z,35.22723770577825,humidity,airSensors,TLM0100
,,8,2026-09-20T01:10:14Z,35.22161291472073,humidity,airSensors,TLM0100
,,8,2026-09-20T01:10:24Z,35.193730384223336,humidity,airSensors,TLM0100
,,8,2026-09-20T01:10:34Z,35.153980580961445,humidity,airSensors,TLM0100
,,8,2026-09-20T01:10:44Z,35.16661744168751,humidity,airSensors,TLM0100
,,8,2026-09-20T01:10:54Z,35.129852033990325,humidity,airSensors,TLM0100
,,8,2026-09-20T01:11:04Z,35.13529956082123,humidity,airSensors,TLM0100
,,8,2026-09-20T01:11:14Z,35.119131481202224,humidity,airSensors,TLM0100
,,8,2026-09-20T01:11:24Z,35.12090597605919,humidity,airSensors,TLM0100
,,8,2026-09-20T01:11:34Z,35.13492250371073,humidity,airSensors,TLM0100
,,8,2026-09-20T01:11:44Z,35.111304146048724,humidity,airSensors,TLM0100
,,8,2026-09-20T01:11:54Z,35.106251347412226,humidity,airSensors,TLM0100
,,8,2026-09-20T01:12:04Z,35.09966366838132,humidity,airSensors,TLM0100
,,8,2026-09-20T01:12:14Z,35.074602424212095,humidity,airSensors,TLM0100
,,8,2026-09-20T01:12:24Z,35.110045208475746,humidity,airSensors,TLM0100
,,8,2026-09-20T01:12:34Z,35.14325769443496,humidity,airSensors,TLM0100
,,8,2026-09-20T01:12:44Z,35.14536106793615,humidity,airSensors,TLM0100
,,8,2026-09-20T01:12:54Z,35.11143390998207,humidity,airSensors,TLM0100
,,8,2026-09-20T01:13:04Z,35.074365643161734,humidity,airSensors,TLM0100
,,8,2026-09-20T01:13:14Z,35.04475407570391,humidity,airSensors,TLM0100
,,8,2026-09-20T01:13:24Z,35.0049382237049,humidity,airSensors,TLM0100
,,8,2026-09-20T01:13:34Z,34.96268565198461,humidity,airSensors,TLM0100
,,8,2026-09-20T01:13:44Z,35.00988589238409,humidity,airSensors,TLM0100
,,8,2026-09-20T01:13:54Z,35.02938689822736,humidity,airSensors,TLM0100
,,8,2026-09-20T01:14:04Z,35.06052329973149,humidity,airSensors,TLM0100
,,8,2026-09-20T01:14:14Z,35.01101771641272,humidity,airSensors,TLM0100
,,8,2026-09-20T01:14:24Z,34.9942316601442,humidity,airSensors,TLM0100
,,8,2026-09-20T01:14:34Z,34.975362596160714,humidity,airSensors,TLM0100
,,8,2026-09-20T01:14:44Z,34.94806877102898,humidity,airSensors,TLM0100
,,8,2026-09-20T01:14:54Z,34.98752211691825,humidity,airSensors,TLM0100
,,8,2026-09-20T01:15:04Z,34.986481277163854,humidity,airSensors,TLM0100
,,8,2026-09-20T01:15:14Z,34.99570726482686,humidity,airSensors,TLM0100
,,8,2026-09-20T01:15:24Z,34.95662714779528,humidity,airSensors,TLM0100
,,8,2026-09-20T01:15:34Z,34.941728502839815,humidity,airSensors,TLM0100
,,8,2026-09-20T01:15:44Z,34.94898915381005,humidity,airSensors,TLM0100
,,8,2026-09-20T01:15:54Z,34.96767137311242,humidity,airSensors,TLM0100
,,8,2026-09-20T01:16:04Z,34.94185391967201,humidity,airSensors,TLM0100
,,8,2026-09-20T01:16:14Z,34.91843837058541,humidity,airSensors,TLM0100
,,8,2026-09-20T01:16:24Z,34.894320521500596,humidity,airSensors,TLM0100
,,8,2026-09-20T01:16:34Z,34.85022387710306,humidity,airSensors,TLM0100
,,8,2026-09-20T01:16:44Z,34.89658459263687,humidity,airSensors,TLM0100
,,8,2026-09-20T01:16:54Z,34.94296359812104,humidity,airSensors,TLM0100
,,8,2026-09-20T01:17:04Z,34.917560266148456,humidity,airSensors,TLM0100
,,8,2026-09-20T01:17:14Z,34.960973887839685,humidity,airSensors,TLM0100
,,8,2026-09-20T01:17:24Z,34.96697303924372,humidity,airSensors,TLM0100
,,8,2026-09-20T01:17:34Z,34.929178370454,humidity,airSensors,TLM0100
,,8,2026-09-20T01:17:44Z,34.8999143670324,humidity,airSensors,TLM0100
,,8,2026-09-20T01:17:54Z,34.88658190048466,humidity,airSensors,TLM0100
,,8,2026-09-20T01:18:04Z,34.884745276064365,humidity,airSensors,TLM0100
,,8,2026-09-20T01:18:14Z,34.8426935108352,humidity,airSensors,TLM0100
,,8,2026-09-20T01:18:24Z,34.886883418737504,humidity,airSensors,TLM0100
,,8,2026-09-20T01:18:34Z,34.90305435198533,humidity,airSensors,TLM0100
,,8,2026-09-20T01:18:44Z,34.853862218222574,humidity,airSensors,TLM0100
,,8,2026-09-20T01:18:54Z,34.81308362276954,humidity,airSensors,TLM0100
,,8,2026-09-20T01:19:04Z,34.767774305474504,humidity,airSensors,TLM0100
,,8,2026-09-20T01:19:14Z,34.73970069033187,humidity,airSensors,TLM0100
,,8,2026-09-20T01:19:24Z,34.690127039868514,humidity,airSensors,TLM0100
,,8,2026-09-20T01:19:34Z,34.73705203701801,humidity,airSensors,TLM0100
,,8,2026-09-20T01:19:44Z,34.754076310091946,humidity,airSensors,TLM0100
,,8,2026-09-20T01:19:54Z,34.7875020248164,humidity,airSensors,TLM0100
,,8,2026-09-20T01:20:04Z,34.762104693992036,humidity,airSensors,TLM0100
,,8,2026-09-20T01:20:14Z,34.802288348723415,humidity,airSensors,TLM0100
,,8,2026-09-20T01:20:24Z,34.76374434247643,humidity,airSensors,TLM0100
,,8,2026-09-20T01:20:34Z,34.81115097314011,humidity,airSensors,TLM0100
,,8,2026-09-20T01:20:44Z,34.76777548219842,humidity,airSensors,TLM0100
,,8,2026-09-20T01:20:54Z,34.80699593001968,humidity,airSensors,TLM0100
,,8,2026-09-20T01:21:04Z,34.77261565279237,humidity,airSensors,TLM0100
,,8,2026-09-20T01:21:14Z,34.75326211041268,humidity,airSensors,TLM0100
,,8,2026-09-20T01:21:24Z,34.798957487249446,humidity,airSensors,TLM0100
,,8,2026-09-20T01:21:34Z,34.75752282056022,humidity,airSensors,TLM0100
,,8,2026-09-20T01:21:44Z,34.72170158343009,humidity,airSensors,TLM0100
,,8,2026-09-20T01:21:54Z,34.67565751258917,humidity,airSensors,TLM0100
,,8,2026-09-20T01:22:04Z,34.66269864831142,humidity,airSensors,TLM0100
,,8,2026-09-20T01:22:14Z,34.65369134763267,humidity,airSensors,TLM0100
,,8,2026-09-20T01:22:24Z,34.63581512818003,humidity,airSensors,TLM0100
,,8,2026-09-20T01:22:34Z,34.67079771840018,humidity,airSensors,TLM0100
,,8,2026-09-20T01:22:44Z,34.657782996979755,humidity,airSensors,TLM0100
,,8,2026-09-20T01:22:54Z,34.68486412734835,humidity,airSensors,TLM0100
,,8,2026-09-20T01:23:04Z,34.71722559476541,humidity,airSensors,TLM0100
,,8,2026-09-20T01:23:14Z,34.688902990537855,humidity,airSensors,TLM0100
,,8,2026-09-20T01:23:24Z,34.69085193234166,humidity,airSensors,TLM0100
,,8,2026-09-20T01:23:34Z,34.69416160768485,humidity,airSensors,TLM0100
,,8,2026-09-20T01:23:44Z,34.70944593820336,humidity,airSensors,TLM0100
,,8,2026-09-20T01:23:54Z,34.71093071776755,humidity,airSensors,TLM0100
,,8,2026-09-20T01:24:04Z,34.67953780348175,humidity,airSensors,TLM0100
,,8,2026-09-20T01:24:14Z,34.67820530014178,humidity,airSensors,TLM0100
,,8,2026-09-20T01:24:24Z,34.68296927227442,humidity,airSensors,TLM0100
,,8,2026-09-20T01:24:34Z,34.699045665028166,humidity,airSensors,TLM0100
,,8,2026-09-20T01:24:44Z,34.69146067544724,humidity,airSensors,TLM0100
,,8,2026-09-20T01:24:54Z,34.680256740414954,humidity,airSensors,TLM0100
,,8,2026-09-20T01:25:04Z,34.68760709541635,humidity,airSensors,TLM0100
,,8,2026-09-20T01:25:14Z,34.68697216155227,humidity,airSensors,TLM0100
,,8,2026-09-20T01:25:24Z,34.670494912860896,humidity,airSensors,TLM0100
,,8,2026-09-20T01:25:34Z,34.678836824854095,humidity,airSensors,TLM0100
,,8,2026-09-20T01:25:44Z,34.642727385754085,humidity,airSensors,TLM0100
,,8,2026-09-20T01:25:54Z,34.63158161077551,humidity,airSensors,TLM0100
,,8,2026-09-20T01:26:04Z,34.6454018359148,humidity,airSensors,TLM0100
,,8,2026-09-20T01:26:14Z,34.617422766887074,humidity,airSensors,TLM0100
,,8,2026-09-20T01:26:24Z,34.57487455478993,humidity,airSensors,TLM0100
,,8,2026-09-20T01:26:34Z,34.594195906662115,humidity,airSensors,TLM0100
,,8,2026-09-20T01:26:44Z,34.60336378173118,humidity,airSensors,TLM0100
,,8,2026-09-20T01:26:54Z,34.61633235118654,humidity,airSensors,TLM0100
,,8,2026-09-20T01:27:04Z,34.621696924520215,humidity,airSensors,TLM0100
,,8,2026-09-20T01:27:14Z,34.64955213639532,humidity,airSensors,TLM0100
,,8,2026-09-20T01:27:24Z,34.69458557768202,humidity,airSensors,TLM0100
,,8,2026-09-20T01:27:34Z,34.676011481836014,humidity,airSensors,TLM0100
,,8,2026-09-20T01:27:44Z,34.71051594225182,humidity,airSensors,TLM0100
,,8,2026-09-20T01:27:54Z,34.6865154153629,humidity,airSensors,TLM0100
,,8,2026-09-20T01:28:04Z,34.637538189041734,humidity,airSensors,TLM0100
,,8,2026-09-20T01:28:14Z,34.66559535522761,humidity,airSensors,TLM0100
,,8,2026-09-20T01:28:24Z,34.682414242789086,humidity,airSensors,TLM0100
,,8,2026-09-20T01:28:34Z,34.64920446293804,humidity,airSensors,TLM0100
,,8,2026-09-20T01:28:44Z,34.68322819122445,humidity,airSensors,TLM0100
,,8,2026-09-20T01:28:54Z,34.68557712651948,humidity,airSensors,TLM0100
,,8,2026-09-20T01:29:04Z,34.65525541612131,humidity,airSensors,TLM0100
,,8,2026-09-20T01:29:14Z,34.67470773319855,humidity,airSensors,TLM0100
,,8,2026-09-20T01:29:24Z,34.720391436731134,humidity,airSensors,TLM0100
,,8,2026-09-20T01:29:34Z,34.74584619255889,humidity,airSensors,TLM0100
,,8,2026-09-20T01:29:44Z,34.72670120458725,humidity,airSensors,TLM0100
,,8,2026-09-20T01:29:54Z,34.69715059476526,humidity,airSensors,TLM0100
,,8,2026-09-20T01:30:04Z,34.709570137432834,humidity,airSensors,TLM0100
,,8,2026-09-20T01:30:14Z,34.664168553804764,humidity,airSensors,TLM0100
,,8,2026-09-20T01:30:24Z,34.706330468601145,humidity,airSensors,TLM0100
,,8,2026-09-20T01:30:34Z,34.74983482288395,humidity,airSensors,TLM0100
,,8,2026-09-20T01:30:44Z,34.71719656249529,humidity,airSensors,TLM0100
,,8,2026-09-20T01:30:54Z,34.719039585167366,humidity,airSensors,TLM0100
,,8,2026-09-20T01:31:04Z,34.6853814992005,humidity,airSensors,TLM0100
,,8,2026-09-20T01:31:14Z,34.63732432829777,humidity,airSensors,TLM0100
,,8,2026-09-20T01:31:24Z,34.597627914845354,humidity,airSensors,TLM0100
,,8,2026-09-20T01:31:34Z,34.64124193022985,humidity,airSensors,TLM0100
,,8,2026-09-20T01:31:44Z,34.6649384615988,humidity,airSensors,TLM0100
,,8,2026-09-20T01:31:54Z,34.647608708816726,humidity,airSensors,TLM0100
,,8,2026-09-20T01:32:04Z,34.631926004449014,humidity,airSensors,TLM0100
,,8,2026-09-20T01:32:14Z,34.59754780395318,humidity,airSensors,TLM0100
,,8,2026-09-20T01:32:24Z,34.61671250236532,humidity,airSensors,TLM0100
,,8,2026-09-20T01:32:34Z,34.655483405320446,humidity,airSensors,TLM0100
,,8,2026-09-20T01:32:44Z,34.66447799134909,humidity,airSensors,TLM0100
,,8,2026-09-20T01:32:54Z,34.70884736548219,humidity,airSensors,TLM0100
,,8,2026-09-20T01:33:04Z,34.67110300131879,humidity,airSensors,TLM0100
,,8,2026-09-20T01:33:14Z,34.65785111843693,humidity,airSensors,TLM0100
,,8,2026-09-20T01:33:24Z,34.63411307813746,humidity,airSensors,TLM0100
,,8,2026-09-20T01:33:34Z,34.598856639528364,humidity,airSensors,TLM0100
,,8,2026-09-20T01:33:44Z,34.55846907187671,humidity,airSensors,TLM0100
,,8,2026-09-20T01:33:54Z,34.53363201898842,humidity,airSensors,TLM0100
,,8,2026-09-20T01:34:04Z,34.53668055616281,humidity,airSensors,TLM0100
,,8,2026-09-20T01:34:14Z,34.58300066233358,humidity,airSensors,TLM0100
,,8,2026-09-20T01:34:24Z,34.55865221194783,humidity,airSensors,TLM0100
,,8,2026-09-20T01:34:34Z,34.548290966666194,humidity,airSensors,TLM0100
,,8,2026-09-20T01:34:44Z,34.56083647428177,humidity,airSensors,TLM0100
,,8,2026-09-20T01:34:54Z,34.56647795401163,humidity,airSensors,TLM0100
,,8,2026-09-20T01:35:04Z,34.600904757301706,humidity,airSensors,TLM0100
,,8,2026-09-20T01:35:14Z,34.6191573349867,humidity,airSensors,TLM0100
,,8,2026-09-20T01:35:24Z,34.65306767490095,humidity,airSensors,TLM0100
,,8,2026-09-20T01:35:34Z,34.69414374712548,humidity,airSensors,TLM0100
,,8,2026-09-20T01:35:44Z,34.676950747547025,humidity,airSensors,TLM0100
,,8,2026-09-20T01:35:54Z,34.6557844807566,humidity,airSensors,TLM0100
,,8,2026-09-20T01:36:04Z,34.61151140846532,humidity,airSensors,TLM0100
,,8,2026-09-20T01:36:14Z,34.591254552907806,humidity,airSensors,TLM0100
,,8,2026-09-20T01:36:24Z,34.61667427140254,humidity,airSensors,TLM0100
,,8,2026-09-20T01:36:34Z,34.66226701028495,humidity,airSensors,TLM0100
,,8,2026-09-20T01:36:44Z,34.64013930333448,humidity,airSensors,TLM0100
,,8,2026-09-20T01:36:54Z,34.64843794176073,humidity,airSensors,TLM0100
,,8,2026-09-20T01:37:04Z,34.64044016928001,humidity,airSensors,TLM0100
,,8,2026-09-20T01:37:14Z,34.652113269155905,humidity,airSensors,TLM0100
,,8,2026-09-20T01:37:24Z,34.62730635717184,humidity,airSensors,TLM0100
,,8,2026-09-20T01:37:34Z,34.66167755795256,humidity,airSensors,TLM0100
,,8,2026-09-20T01:37:44Z,34.62880432800309,humidity,airSensors,TLM0100
,,8,2026-09-20T01:37:54Z,34.67757744941867,humidity,airSensors,TLM0100
,,8,2026-09-20T01:38:04Z,34.65951018842898,humidity,airSensors,TLM0100
,,8,2026-09-20T01:38:14Z,34.624446739263874,humidity,airSensors,TLM0100
,,8,2026-09-20T01:38:24Z,34.67221057095553,humidity,airSensors,TLM0100
,,8,2026-09-20T01:38:34Z,34.676863443615105,humidity,airSensors,TLM0100
,,8,2026-09-20T01:38:44Z,34.637237220681286,humidity,airSensors,TLM0100
,,8,2026-09-20T01:38:54Z,34.668539481226134,humidity,airSensors,TLM0100
,,8,2026-09-20T01:39:04Z,34.704581118759506,humidity,airSensors,TLM0100
,,8,2026-09-20T01:39:14Z,34.67879974604739,humidity,airSensors,TLM0100
,,8,2026-09-20T01:39:24Z,34.72639516041204,humidity,airSensors,TLM0100
,,8,2026-09-20T01:39:34Z,34.70498118732155,humidity,airSensors,TLM0100
,,8,2026-09-20T01:39:44Z,34.68074379034841,humidity,airSensors,TLM0100
,,8,2026-09-20T01:39:54Z,34.67464202250776,humidity,airSensors,TLM0100
,,9,2026-09-20T00:39:54Z,34.85079401788287,humidity,airSensors,TLM0101
,,9,2026-09-20T00:40:04Z,34.81184459570967,humidity,airSensors,TLM0101
,,9,2026-09-20T00:40:14Z,34.80044308815673,humidity,airSensors,TLM0101
,,9,2026-09-20T00:40:24Z,34.82651002766304,humidity,airSensors,TLM0101
,,9,2026-09-20T00:40:34Z,34.86311518997569,humidity,airSensors,TLM0101
,,9,2026-09-20T00:40:44Z,34.84470056251081,humidity,airSensors,TLM0101
,,9,2026-09-20T00:40:54Z,34.803850625348936,humidity,airSensors,TLM0101
,,9,2026-09-20T00:41:04Z,34.76358769603129,humidity,airSensors,TLM0101
,,9,2026-09-20T00:41:14Z,34.8032190952811,humidity,airSensors,TLM0101
,,9,2026-09-20T00:41:24Z,34.76871511605853,humidity,airSensors,TLM0101
,,9,2026-09-20T00:41:34Z,34.79858955453997,humidity,airSensors,TLM0101
,,9,2026-09-20T00:41:44Z,34.81224999660034,humidity,airSensors,TLM0101
,,9,2026-09-20T00:41:54Z,34.79651451520737,humidity,airSensors,TLM0101
,,9,2026-09-20T00:42:04Z,34.841472980821884,humidity,airSensors,TLM0101
,,9,2026-09-20T00:42:14Z,34.82660012798012,humidity,airSensors,TLM0101
,,9,2026-09-20T00:42:24Z,34.79168387280019,humidity,airSensors,TLM0101
,,9,2026-09-20T00:42:34Z,34.79524953736745,humidity,airSensors,TLM0101
,,9,2026-09-20T00:42:44Z,34.819044102416335,humidity,airSensors,TLM0101
,,9,2026-09-20T00:42:54Z,34.849760973282535,humidity,airSensors,TLM0101
,,9,2026-09-20T00:43:04Z,34.81568027371169,humidity,airSensors,TLM0101
,,9,2026-09-20T00:43:14Z,34.789014641078495,humidity,airSensors,TLM0101
,,9,2026-09-20T00:43:24Z,34.762919342981135,humidity,airSensors,TLM0101
,,9,2026-09-20T00:43:34Z,34.795684309178306,humidity,airSensors,TLM0101
,,9,2026-09-20T00:43:44Z,34.80732495288387,humidity,airSensors,TLM0101
,,9,2026-09-20T00:43:54Z,34.817998171871686,humidity,airSensors,TLM0101
,,9,2026-09-20T00:44:04Z,34.80636745524659,humidity,airSensors,TLM0101
,,9,2026-09-20T00:44:14Z,34.78600791424443,humidity,airSensors,TLM0101
,,9,2026-09-20T00:44:24Z,34.7413555734165,humidity,airSensors,TLM0101
,,9,2026-09-20T00:44:34Z,34.776020130596685,humidity,airSensors,TLM0101
,,9,2026-09-20T00:44:44Z,34.81119198920613,humidity,airSensors,TLM0101
,,9,2026-09-20T00:44:54Z,34.82586726605308,humidity,airSensors,TLM0101
,,9,2026-09-20T00:45:04Z,34.78509889972735,humidity,airSensors,TLM0101
,,9,2026-09-20T00:45:14Z,34.80498034035829,humidity,airSensors,TLM0101
,,9,2026-09-20T00:45:24Z,34.78511429726777,humidity,airSensors,TLM0101
,,9,2026-09-20T00:45:34Z,34.75733697163808,humidity,airSensors,TLM0101
,,9,2026-09-20T00:45:44Z,34.72029946484634,humidity,airSensors,TLM0101
,,9,2026-09-20T00:45:54Z,34.713724685412394,humidity,airSensors,TLM0101
,,9,2026-09-20T00:46:04Z,34.7233944633467,humidity,airSensors,TLM0101
,,9,2026-09-20T00:46:14Z,34.68840431254167,humidity,airSensors,TLM0101
,,9,2026-09-20T00:46:24Z,34.64586073629351,humidity,airSensors,TLM0101
,,9,2026-09-20T00:46:34Z,34.59944085247886,humidity,airSensors,TLM0101
,,9,2026-09-20T00:46:44Z,34.61326241657347,humidity,airSensors,TLM0101
,,9,2026-09-20T00:46:54Z,34.563476399687666,humidity,airSensors,TLM0101
,,9,2026-09-20T00:47:04Z,34.52264098844804,humidity,airSensors,TLM0101
,,9,2026-09-20T00:47:14Z,34.52177106643569,humidity,airSensors,TLM0101
,,9,2026-09-20T00:47:24Z,34.53863968250281,humidity,airSensors,TLM0101
,,9,2026-09-20T00:47:34Z,34.495643657202,humidity,airSensors,TLM0101
,,9,2026-09-20T00:47:44Z,34.497705409425684,humidity,airSensors,TLM0101
,,9,2026-09-20T00:47:54Z,34.51956911707345,humidity,airSensors,TLM0101
,,9,2026-09-20T00:48:04Z,34.47616514389861,humidity,airSensors,TLM0101
,,9,2026-09-20T00:48:14Z,34.46007254017443,humidity,airSensors,TLM0101
,,9,2026-09-20T00:48:24Z,34.413949795689476,humidity,airSensors,TLM0101
,,9,2026-09-20T00:48:34Z,34.36401613485287,humidity,airSensors,TLM0101
,,9,2026-09-20T00:48:44Z,34.39110061681029,humidity,airSensors,TLM0101
,,9,2026-09-20T00:48:54Z,34.36012970255684,humidity,airSensors,TLM0101
,,9,2026-09-20T00:49:04Z,34.40308720290327,humidity,airSensors,TLM0101
,,9,2026-09-20T00:49:14Z,34.428386929254195,humidity,airSensors,TLM0101
,,9,2026-09-20T00:49:24Z,34.4282462582213,humidity,airSensors,TLM0101
,,9,2026-09-20T00:49:34Z,34.451981891399846,humidity,airSensors,TLM0101
,,9,2026-09-20T00:49:44Z,34.43034671381314,humidity,airSensors,TLM0101
,,9,2026-09-20T00:49:54Z,34.3942873610323,humidity,airSensors,TLM0101
,,9,2026-09-20T00:50:04Z,34.42358763584177,humidity,airSensors,TLM0101
,,9,2026-09-20T00:50:14Z,34.37625346898966,humidity,airSensors,TLM0101
,,9,2026-09-20T00:50:24Z,34.37986586591878,humidity,airSensors,TLM0101
,,9,2026-09-20T00:50:34Z,34.38547288939401,humidity,airSensors,TLM0101
,,9,2026-09-20T00:50:44Z,34.37781081951206,humidity,airSensors,TLM0101
,,9,2026-09-20T00:50:54Z,34.386750023269364,humidity,airSensors,TLM0101
,,9,2026-09-20T00:51:04Z,34.42357502965485,humidity,airSensors,TLM0101
,,9,2026-09-20T00:51:14Z,34.4579592709424,humidity,airSensors,TLM0101
,,9,2026-09-20T00:51:24Z,34.42612447813971,humidity,airSensors,TLM0101
,,9,2026-09-20T00:51:34Z,34.42024156237473,humidity,airSensors,TLM0101
,,9,2026-09-20T00:51:44Z,34.43824055619727,humidity,airSensors,TLM0101
,,9,2026-09-20T00:51:54Z,34.43207162662667,humidity,airSensors,TLM0101
,,9,2026-09-20T00:52:04Z,34.417935465449844,humidity,airSensors,TLM0101
,,9,2026-09-20T00:52:14Z,34.397831092239535,humidity,airSensors,TLM0101
,,9,2026-09-20T00:52:24Z,34.37667198200611,humidity,airSensors,TLM0101
,,9,2026-09-20T00:52:34Z,34.38421138042789,humidity,airSensors,TLM0101
,,9,2026-09-20T00:52:44Z,34.34697340133716,humidity,airSensors,TLM0101
,,9,2026-09-20T00:52:54Z,34.382568825864084,humidity,airSensors,TLM0101
,,9,2026-09-20T00:53:04Z,34.380038070786895,humidity,airSensors,TLM0101
,,9,2026-09-20T00:53:14Z,34.412563180237235,humidity,airSensors,TLM0101
,,9,2026-09-20T00:53:24Z,34.392658981721155,humidity,airSensors,TLM0101
,,9,2026-09-20T00:53:34Z,34.44064888490225,humidity,airSensors,TLM0101
,,9,2026-09-20T00:53:44Z,34.39627606071283,humidity,airSensors,TLM0101
,,9,2026-09-20T00:53:54Z,34.357018305682665,humidity,airSensors,TLM0101
,,9,2026-09-20T00:54:04Z,34.37943053425538,humidity,airSensors,TLM0101
,,9,2026-09-20T00:54:14Z,34.40921236789667,humidity,airSensors,TLM0101
,,9,2026-09-20T00:54:24Z,34.44673995489647,humidity,airSensors,TLM0101
,,9,2026-09-20T00:54:34Z,34.4371001458802,humidity,airSensors,TLM0101
,,9,2026-09-20T00:54:44Z,34.417850838337806,humidity,airSensors,TLM0101
,,9,2026-09-20T00:54:54Z,34.44406006844658,humidity,airSensors,TLM0101
,,9,2026-09-20T00:55:04Z,34.48715851929217,humidity,airSensors,TLM0101
,,9,2026-09-20T00:55:14Z,34.49108175810537,humidity,airSensors,TLM0101
,,9,2026-09-20T00:55:24Z,34.443427369843626,humidity,airSensors,TLM0101
,,9,2026-09-20T00:55:34Z,34.48122277850786,humidity,airSensors,TLM0101
,,9,2026-09-20T00:55:44Z,34.47906716361953,humidity,airSensors,TLM0101
,,9,2026-09-20T00:55:54Z,34.475451584273344,humidity,airSensors,TLM0101
,,9,2026-09-20T00:56:04Z,34.52210580825946,humidity,airSensors,TLM0101
,,9,2026-09-20T00:56:14Z,34.533198165123615,humidity,airSensors,TLM0101
,,9,2026-09-20T00:56:24Z,34.54393656295165,humidity,airSensors,TLM0101
,,9,2026-09-20T00:56:34Z,34.49639155486402,humidity,airSensors,TLM0101
,,9,2026-09-20T00:56:44Z,34.47526268364049,humidity,airSensors,TLM0101
,,9,2026-09-20T00:56:54Z,34.48566467683252,humidity,airSensors,TLM0101
,,9,2026-09-20T00:57:04Z,34.472656838550556,humidity,airSensors,TLM0101
,,9,2026-09-20T00:57:14Z,34.44126575760245,humidity,airSensors,TLM0101
,,9,2026-09-20T00:57:24Z,34.406298238544935,humidity,airSensors,TLM0101
,,9,2026-09-20T00:57:34Z,34.41481906165591,humidity,airSensors,TLM0101
,,9,2026-09-20T00:57:44Z,34.39737289719172,humidity,airSensors,TLM0101
,,9,2026-09-20T00:57:54Z,34.417320297653376,humidity,airSensors,TLM0101
,,9,2026-09-20T00:58:04Z,34.4232378819028,humidity,airSensors,TLM0101
,,9,2026-09-20T00:58:14Z,34.417341027076944,humidity,airSensors,TLM0101
,,9,2026-09-20T00:58:24Z,34.37055384485302,humidity,airSensors,TLM0101
,,9,2026-09-20T00:58:34Z,34.33200216455588,humidity,airSensors,TLM0101
,,9,2026-09-20T00:58:44Z,34.33944717164096,humidity,airSensors,TLM0101
,,9,2026-09-20T00:58:54Z,34.37869589546676,humidity,airSensors,TLM0101
,,9,2026-09-20T00:59:04Z,34.41846644896696,humidity,airSensors,TLM0101
,,9,2026-09-20T00:59:14Z,34.45056306404005,humidity,airSensors,TLM0101
,,9,2026-09-20T00:59:24Z,34.44037986726397,humidity,airSensors,TLM0101
,,9,2026-09-20T00:59:34Z,34.455725830884354,humidity,airSensors,TLM0101
,,9,2026-09-20T00:59:44Z,34.43425903757339,humidity,airSensors,TLM0101
,,9,2026-09-20T00:59:54Z,34.40019504861665,humidity,airSensors,TLM0101
,,9,2026-09-20T01:00:04Z,34.37642394356788,humidity,airSensors,TLM0101
,,9,2026-09-20T01:00:14Z,34.396492636379605,humidity,airSensors,TLM0101
,,9,2026-09-20T01:00:24Z,34.44183422746319,humidity,airSensors,TLM0101
,,9,2026-09-20T01:00:34Z,34.43815740040426,humidity,airSensors,TLM0101
,,9,2026-09-20T01:00:44Z,34.38970771699604,humidity,airSensors,TLM0101
,,9,2026-09-20T01:00:54Z,34.41340598681475,humidity,airSensors,TLM0101
,,9,2026-09-20T01:01:04Z,34.381271971684,humidity,airSensors,TLM0101
,,9,2026-09-20T01:01:14Z,34.360516454513,humidity,airSensors,TLM0101
,,9,2026-09-20T01:01:24Z,34.409457859609674,humidity,airSensors,TLM0101
,,9,2026-09-20T01:01:34Z,34.383792895106836,humidity,airSensors,TLM0101
,,9,2026-09-20T01:01:44Z,34.38390515583442,humidity,airSensors,TLM0101
,,9,2026-09-20T01:01:54Z,34.428018124800495,humidity,airSensors,TLM0101
,,9,2026-09-20T01:02:04Z,34.45551749624909,humidity,airSensors,TLM0101
,,9,2026-09-20T01:02:14Z,34.45478871091624,humidity,airSensors,TLM0101
,,9,2026-09-20T01:02:24Z,34.4907582915698,humidity,airSensors,TLM0101
,,9,2026-09-20T01:02:34Z,34.47727262699524,humidity,airSensors,TLM0101
,,9,2026-09-20T01:02:44Z,34.431954323846526,humidity,airSensors,TLM0101
,,9,2026-09-20T01:02:54Z,34.43880071884872,humidity,airSensors,TLM0101
,,9,2026-09-20T01:03:04Z,34.48681243748837,humidity,airSensors,TLM0101
,,9,2026-09-20T01:03:14Z,34.46575289143928,humidity,airSensors,TLM0101
,,9,2026-09-20T01:03:24Z,34.41679157214107,humidity,airSensors,TLM0101
,,9,2026-09-20T01:03:34Z,34.427420407978744,humidity,airSensors,TLM0101
,,9,2026-09-20T01:03:44Z,34.434354905535514,humidity,airSensors,TLM0101
,,9,2026-09-20T01:03:54Z,34.39925889770681,humidity,airSensors,TLM0101
,,9,2026-09-20T01:04:04Z,34.436635054171255,humidity,airSensors,TLM0101
,,9,2026-09-20T01:04:14Z,34.46440919039391,humidity,airSensors,TLM0101
,,9,2026-09-20T01:04:24Z,34.46448037643324,humidity,airSensors,TLM0101
,,9,2026-09-20T01:04:34Z,34.48209825496211,humidity,airSensors,TLM0101
,,9,2026-09-20T01:04:44Z,34.46328964035465,humidity,airSensors,TLM0101
,,9,2026-09-20T01:04:54Z,34.42521542428859,humidity,airSensors,TLM0101
,,9,2026-09-20T01:05:04Z,34.42174165701281,humidity,airSensors,TLM0101
,,9,2026-09-20T01:05:14Z,34.38818900720059,humidity,airSensors,TLM0101
,,9,2026-09-20T01:05:24Z,34.40689583299224,humidity,airSensors,TLM0101
,,9,2026-09-20T01:05:34Z,34.43025730148098,humidity,airSensors,TLM0101
,,9,2026-09-20T01:05:44Z,34.41157658652054,humidity,airSensors,TLM0101
,,9,2026-09-20T01:05:54Z,34.40423494542195,humidity,airSensors,TLM0101
,,9,2026-09-20T01:06:04Z,34.368398319792696,humidity,airSensors,TLM0101
,,9,2026-09-20T01:06:14Z,34.32722578199546,humidity,airSensors,TLM0101
,,9,2026-09-20T01:06:24Z,34.356689084489474,humidity,airSensors,TLM0101
,,9,2026-09-20T01:06:34Z,34.317969642633024,humidity,airSensors,TLM0101
,,9,2026-09-20T01:06:44Z,34.29059236895496,humidity,airSensors,TLM0101
,,9,2026-09-20T01:06:54Z,34.287590826027945,humidity,airSensors,TLM0101
,,9,2026-09-20T01:07:04Z,34.30220108522114,humidity,airSensors,TLM0101
,,9,2026-09-20T01:07:14Z,34.32675000829224,humidity,airSensors,TLM0101
,,9,2026-09-20T01:07:24Z,34.312937555240715,humidity,airSensors,TLM0101
,,9,2026-09-20T01:07:34Z,34.30055045230736,humidity,airSensors,TLM0101
,,9,2026-09-20T01:07:44Z,34.28267305196712,humidity,airSensors,TLM0101
,,9,2026-09-20T01:07:54Z,34.25296428898555,humidity,airSensors,TLM0101
,,9,2026-09-20T01:08:04Z,34.24231780428682,humidity,airSensors,TLM0101
,,9,2026-09-20T01:08:14Z,34.22058309551863,humidity,airSensors,TLM0101
,,9,2026-09-20T01:08:24Z,34.17868121847688,humidity,airSensors,TLM0101
,,9,2026-09-20T01:08:34Z,34.18027517060715,humidity,airSensors,TLM0101
,,9,2026-09-20T01:08:44Z,34.14558018618783,humidity,airSensors,TLM0101
,,9,2026-09-20T01:08:54Z,34.12635357450171,humidity,airSensors,TLM0101
,,9,2026-09-20T01:09:04Z,34.17586434674153,humidity,airSensors,TLM0101
,,9,2026-09-20T01:09:14Z,34.21240270827472,humidity,airSensors,TLM0101
,,9,2026-09-20T01:09:24Z,34.19414643154597,humidity,airSensors,TLM0101
,,9,2026-09-20T01:09:34Z,34.235995626123085,humidity,airSensors,TLM0101
,,9,2026-09-20T01:09:44Z,34.23402382498613,humidity,airSensors,TLM0101
,,9,2026-09-20T01:09:54Z,34.187008394850565,humidity,airSensors,TLM0101
,,9,2026-09-20T01:10:04Z,34.17563514541778,humidity,airSensors,TLM0101
,,9,2026-09-20T01:10:14Z,34.1525830954488,humidity,airSensors,TLM0101
,,9,2026-09-20T01:10:24Z,34.14601675836205,humidity,airSensors,TLM0101
,,9,2026-09-20T01:10:34Z,34.11409343888638,humidity,airSensors,TLM0101
,,9,2026-09-20T01:10:44Z,34.06573154198354,humidity,airSensors,TLM0101
,,9,2026-09-20T01:10:54Z,34.02268371803396,humidity,airSensors,TLM0101
,,9,2026-09-20T01:11:04Z,34.0710748831407,humidity,airSensors,TLM0101
,,9,2026-09-20T01:11:14Z,34.11329152658079,humidity,airSensors,TLM0101
,,9,2026-09-20T01:11:24Z,34.134661163974485,humidity,airSensors,TLM0101
,,9,2026-09-20T01:11:34Z,34.12196879351359,humidity,airSensors,TLM0101
,,9,2026-09-20T01:11:44Z,34.14814389003588,humidity,airSensors,TLM0101
,,9,2026-09-20T01:11:54Z,34.160712144025034,humidity,airSensors,TLM0101
,,9,2026-09-20T01:12:04Z,34.130339069079255,humidity,airSensors,TLM0101
,,9,2026-09-20T01:12:14Z,34.17170841047145,humidity,airSensors,TLM0101
,,9,2026-09-20T01:12:24Z,34.20228232906913,humidity,airSensors,TLM0101
,,9,2026-09-20T01:12:34Z,34.24014393778379,humidity,airSensors,TLM0101
,,9,2026-09-20T01:12:44Z,34.27361065070353,humidity,airSensors,TLM0101
,,9,2026-09-20T01:12:54Z,34.30605511854108,humidity,airSensors,TLM0101
,,9,2026-09-20T01:13:04Z,34.31168788613058,humidity,airSensors,TLM0101
,,9,2026-09-20T01:13:14Z,34.287086123103926,humidity,airSensors,TLM0101
,,9,2026-09-20T01:13:24Z,34.29989615422728,humidity,airSensors,TLM0101
,,9,2026-09-20T01:13:34Z,34.2982886141753,humidity,airSensors,TLM0101
,,9,2026-09-20T01:13:44Z,34.25926361412031,humidity,airSensors,TLM0101
,,9,2026-09-20T01:13:54Z,34.27902544653219,humidity,airSensors,TLM0101
,,9,2026-09-20T01:14:04Z,34.26905662955935,humidity,airSensors,TLM0101
,,9,2026-09-20T01:14:14Z,34.25957516625389,humidity,airSensors,TLM0101
,,9,2026-09-20T01:14:24Z,34.249249496306646,humidity,airSensors,TLM0101
,,9,2026-09-20T01:14:34Z,34.218614845173285,humidity,airSensors,TLM0101
,,9,2026-09-20T01:14:44Z,34.244286733983934,humidity,airSensors,TLM0101
,,9,2026-09-20T01:14:54Z,34.21218929425385,humidity,airSensors,TLM0101
,,9,2026-09-20T01:15:04Z,34.2298233648483,humidity,airSensors,TLM0101
,,9,2026-09-20T01:15:14Z,34.21438162174726,humidity,airSensors,TLM0101
,,9,2026-09-20T01:15:24Z,34.17338240919027,humidity,airSensors,TLM0101
,,9,2026-09-20T01:15:34Z,34.21888593142032,humidity,airSensors,TLM0101
,,9,2026-09-20T01:15:44Z,34.232065683769626,humidity,airSensors,TLM0101
,,9,2026-09-20T01:15:54Z,34.21469651075242,humidity,airSensors,TLM0101
,,9,2026-09-20T01:16:04Z,34.214587082110185,humidity,airSensors,TLM0101
,,9,2026-09-20T01:16:14Z,34.220230417737675,humidity,airSensors,TLM0101
,,9,2026-09-20T01:16:24Z,34.208643056602135,humidity,airSensors,TLM0101
,,9,2026-09-20T01:16:34Z,34.21129882820582,humidity,airSensors,TLM0101
,,9,2026-09-20T01:16:44Z,34.18271720796353,humidity,airSensors,TLM0101
,,9,2026-09-20T01:16:54Z,34.1885751765698,humidity,airSensors,TLM0101
,,9,2026-09-20T01:17:04Z,34.199978167346984,humidity,airSensors,TLM0101
,,9,2026-09-20T01:17:14Z,34.16634920855481,humidity,airSensors,TLM0101
,,9,2026-09-20T01:17:24Z,34.2055949352697,humidity,airSensors,TLM0101
,,9,2026-09-20T01:17:34Z,34.251508753136505,humidity,airSensors,TLM0101
,,9,2026-09-20T01:17:44Z,34.25869592825819,humidity,airSensors,TLM0101
,,9,2026-09-20T01:17:54Z,34.27777530970097,humidity,airSensors,TLM0101
,,9,2026-09-20T01:18:04Z,34.25860922767418,humidity,airSensors,TLM0101
,,9,2026-09-20T01:18:14Z,34.25332824615065,humidity,airSensors,TLM0101
,,9,2026-09-20T01:18:24Z,34.26584775952436,humidity,airSensors,TLM0101
,,9,2026-09-20T01:18:34Z,34.22746940013388,humidity,airSensors,TLM0101
,,9,2026-09-20T01:18:44Z,34.186481353126624,humidity,airSensors,TLM0101
,,9,2026-09-20T01:18:54Z,34.16953539978426,humidity,airSensors,TLM0101
,,9,2026-09-20T01:19:04Z,34.21411978042116,humidity,airSensors,TLM0101
,,9,2026-09-20T01:19:14Z,34.2055887609006,humidity,airSensors,TLM0101
,,9,2026-09-20T01:19:24Z,34.171701501660614,humidity,airSensors,TLM0101
,,9,2026-09-20T01:19:34Z,34.13240153915596,humidity,airSensors,TLM0101
,,9,2026-09-20T01:19:44Z,34.091050860556074,humidity,airSensors,TLM0101
,,9,2026-09-20T01:19:54Z,34.081338778260005,humidity,airSensors,TLM0101
,,9,2026-09-20T01:20:04Z,34.04533295158259,humidity,airSensors,TLM0101
,,9,2026-09-20T01:20:14Z,34.042886454039255,humidity,airSensors,TLM0101
,,9,2026-09-20T01:20:24Z,34.02838234836396,humidity,airSensors,TLM0101
,,9,2026-09-20T01:20:34Z,33.98070729447891,humidity,airSensors,TLM0101
,,9,2026-09-20T01:20:44Z,33.95436114196339,humidity,airSensors,TLM0101
,,9,2026-09-20T01:20:54Z,33.96071994362608,humidity,airSensors,TLM0101
,,9,2026-09-20T01:21:04Z,34.001032677523476,humidity,airSensors,TLM0101
,,9,2026-09-20T01:21:14Z,34.02667264492539,humidity,airSensors,TLM0101
,,9,2026-09-20T01:21:24Z,34.02774163467879,humidity,airSensors,TLM0101
,,9,2026-09-20T01:21:34Z,34.051296270114996,humidity,airSensors,TLM0101
,,9,2026-09-20T01:21:44Z,34.021944288850776,humidity,airSensors,TLM0101
,,9,2026-09-20T01:21:54Z,33.98816119387976,humidity,airSensors,TLM0101
,,9,2026-09-20T01:22:04Z,33.9954808415337,humidity,airSensors,TLM0101
,,9,2026-09-20T01:22:14Z,33.95212616404483,humidity,airSensors,TLM0101
,,9,2026-09-20T01:22:24Z,33.936311445240904,humidity,airSensors,TLM0101
,,9,2026-09-20T01:22:34Z,33.93573468348198,humidity,airSensors,TLM0101
,,9,2026-09-20T01:22:44Z,33.90558564973483,humidity,airSensors,TLM0101
,,9,2026-09-20T01:22:54Z,33.90057858198928,humidity,airSensors,TLM0101
,,9,2026-09-20T01:23:04Z,33.905384077208865,humidity,airSensors,TLM0101
,,9,2026-09-20T01:23:14Z,33.8798941056778,humidity,airSensors,TLM0101
,,9,2026-09-20T01:23:24Z,33.90945604913386,humidity,airSensors,TLM0101
,,9,2026-09-20T01:23:34Z,33.87390493571246,humidity,airSensors,TLM0101
,,9,2026-09-20T01:23:44Z,33.837291179618326,humidity,airSensors,TLM0101
,,9,2026-09-20T01:23:54Z,33.78879484210472,humidity,airSensors,TLM0101
,,9,2026-09-20T01:24:04Z,33.828869402505866,humidity,airSensors,TLM0101
,,9,2026-09-20T01:24:14Z,33.81976589571926,humidity,airSensors,TLM0101
,,9,2026-09-20T01:24:24Z,33.86160521125029,humidity,airSensors,TLM0101
,,9,2026-09-20T01:24:34Z,33.824309433865146,humidity,airSensors,TLM0101
,,9,2026-09-20T01:24:44Z,33.790587944924724,humidity,airSensors,TLM0101
,,9,2026-09-20T01:24:54Z,33.76503091929538,humidity,airSensors,TLM0101
,,9,2026-09-20T01:25:04Z,33.73502433448084,humidity,airSensors,TLM0101
,,9,2026-09-20T01:25:14Z,33.753227974728375,humidity,airSensors,TLM0101
,,9,2026-09-20T01:25:24Z,33.77692131337075,humidity,airSensors,TLM0101
,,9,2026-09-20T01:25:34Z,33.82480170227971,humidity,airSensors,TLM0101
,,9,2026-09-20T01:25:44Z,33.85703967106683,humidity,airSensors,TLM0101
,,9,2026-09-20T01:25:54Z,33.836542470998396,humidity,airSensors,TLM0101
,,9,2026-09-20T01:26:04Z,33.80281636514817,humidity,airSensors,TLM0101
,,9,2026-09-20T01:26:14Z,33.80543786168428,humidity,airSensors,TLM0101
,,9,2026-09-20T01:26:24Z,33.83159678937842,humidity,airSensors,TLM0101
,,9,2026-09-20T01:26:34Z,33.822629111885206,humidity,airSensors,TLM0101
,,9,2026-09-20T01:26:44Z,33.84680258582833,humidity,airSensors,TLM0101
,,9,2026-09-20T01:26:54Z,33.84255451790483,humidity,airSensors,TLM0101
,,9,2026-09-20T01:27:04Z,33.831318633541635,humidity,airSensors,TLM0101
,,9,2026-09-20T01:27:14Z,33.84550277539685,humidity,airSensors,TLM0101
,,9,2026-09-20T01:27:24Z,33.8252233561602,humidity,airSensors,TLM0101
,,9,2026-09-20T01:27:34Z,33.83195721666231,humidity,airSensors,TLM0101
,,9,2026-09-20T01:27:44Z,33.78584114249647,humidity,airSensors,TLM0101
,,9,2026-09-20T01:27:54Z,33.83513384555819,humidity,airSensors,TLM0101
,,9,2026-09-20T01:28:04Z,33.793121269861395,humidity,airSensors,TLM0101
,,9,2026-09-20T01:28:14Z,33.7786777637901,humidity,airSensors,TLM0101
,,9,2026-09-20T01:28:24Z,33.78213588596356,humidity,airSensors,TLM0101
,,9,2026-09-20T01:28:34Z,33.75127734712861,humidity,airSensors,TLM0101
,,9,2026-09-20T01:28:44Z,33.77422549830442,humidity,airSensors,TLM0101
,,9,2026-09-20T01:28:54Z,33.74531040316484,humidity,airSensors,TLM0101
,,9,2026-09-20T01:29:04Z,33.77611177617766,humidity,airSensors,TLM0101
,,9,2026-09-20T01:29:14Z,33.805523981033566,humidity,airSensors,TLM0101
,,9,2026-09-20T01:29:24Z,33.82558093391895,humidity,airSensors,TLM0101
,,9,2026-09-20T01:29:34Z,33.86523580003517,humidity,airSensors,TLM0101
,,9,2026-09-20T01:29:44Z,33.82647821691574,humidity,airSensors,TLM0101
,,9,2026-09-20T01:29:54Z,33.87435590624135,humidity,airSensors,TLM0101
,,9,2026-09-20T01:30:04Z,33.841046847444865,humidity,airSensors,TLM0101
,,9,2026-09-20T01:30:14Z,33.82234045091285,humidity,airSensors,TLM0101
,,9,2026-09-20T01:30:24Z,33.8538866227419,humidity,airSensors,TLM0101
,,9,2026-09-20T01:30:34Z,33.8897520801627,humidity,airSensors,TLM0101
,,9,2026-09-20T01:30:44Z,33.872077069186,humidity,airSensors,TLM0101
,,9,2026-09-20T01:30:54Z,33.887686387411804,humidity,airSensors,TLM0101
,,9,2026-09-20T01:31:04Z,33.87086140625272,humidity,airSensors,TLM0101
,,9,2026-09-20T01:31:14Z,33.859027553940756,humidity,airSensors,TLM0101
,,9,2026-09-20T01:31:24Z,33.85909413396989,humidity,airSensors,TLM0101
,,9,2026-09-20T01:31:34Z,33.88807943446083,humidity,airSensors,TLM0101
,,9,2026-09-20T01:31:44Z,33.92095031002952,humidity,airSensors,TLM0101
,,9,2026-09-20T01:31:54Z,33.93383816713596,humidity,airSensors,TLM0101
,,9,2026-09-20T01:32:04Z,33.91476596693124,humidity,airSensors,TLM0101
,,9,2026-09-20T01:32:14Z,33.904690461328755,humidity,airSensors,TLM0101
,,9,2026-09-20T01:32:24Z,33.88574117829261,humidity,airSensors,TLM0101
,,9,2026-09-20T01:32:34Z,33.91424835780059,humidity,airSensors,TLM0101
,,9,2026-09-20T01:32:44Z,33.8743165210575,humidity,airSensors,TLM0101
,,9,2026-09-20T01:32:54Z,33.83898189546011,humidity,airSensors,TLM0101
,,9,2026-09-20T01:33:04Z,33.79116210409043,humidity,airSensors,TLM0101
,,9,2026-09-20T01:33:14Z,33.76369564210204,humidity,airSensors,TLM0101
,,9,2026-09-20T01:33:24Z,33.73099088395617,humidity,airSensors,TLM0101
,,9,2026-09-20T01:33:34Z,33.70267686808767,humidity,airSensors,TLM0101
,,9,2026-09-20T01:33:44Z,33.7369668249564,humidity,airSensors,TLM0101
,,9,2026-09-20T01:33:54Z,33.68791976607736,humidity,airSensors,TLM0101
,,9,2026-09-20T01:34:04Z,33.648425141054915,humidity,airSensors,TLM0101
,,9,2026-09-20T01:34:14Z,33.663367382522694,humidity,airSensors,TLM0101
,,9,2026-09-20T01:34:24Z,33.653432433163594,humidity,airSensors,TLM0101
,,9,2026-09-20T01:34:34Z,33.695033952925314,humidity,airSensors,TLM0101
,,9,2026-09-20T01:34:44Z,33.73834152014215,humidity,airSensors,TLM0101
,,9,2026-09-20T01:34:54Z,33.756240084328944,humidity,airSensors,TLM0101
,,9,2026-09-20T01:35:04Z,33.75642352449387,humidity,airSensors,TLM0101
,,9,2026-09-20T01:35:14Z,33.71706773654725,humidity,airSensors,TLM0101
,,9,2026-09-20T01:35:24Z,33.68629526936628,humidity,airSensors,TLM0101
,,9,2026-09-20T01:35:34Z,33.70304193269545,humidity,airSensors,TLM0101
,,9,2026-09-20T01:35:44Z,33.68713227335372,humidity,airSensors,TLM0101
,,9,2026-09-20T01:35:54Z,33.68796114242977,humidity,airSensors,TLM0101
,,9,2026-09-20T01:36:04Z,33.69659777520383,humidity,airSensors,TLM0101
,,9,2026-09-20T01:36:14Z,33.72778064240764,humidity,airSensors,TLM0101
,,9,2026-09-20T01:36:24Z,33.726047469767835,humidity,airSensors,TLM0101
,,9,2026-09-20T01:36:34Z,33.73597780780024,humidity,airSensors,TLM0101
,,9,2026-09-20T01:36:44Z,33.68900178738744,humidity,airSensors,TLM0101
,,9,2026-09-20T01:36:54Z,33.64025641223674,humidity,airSensors,TLM0101
,,9,2026-09-20T01:37:04Z,33.671277784176525,humidity,airSensors,TLM0101
,,9,2026-09-20T01:37:14Z,33.6428863722783,humidity,airSensors,TLM0101
,,9,2026-09-20T01:37:24Z,33.64188629331618,humidity,airSensors,TLM0101
,,9,2026-09-20T01:37:34Z,33.66217567505154,humidity,airSensors,TLM0101
,,9,2026-09-20T01:37:44Z,33.66325567505715,humidity,airSensors,TLM0101
,,9,2026-09-20T01:37:54Z,33.624698688783546,humidity,airSensors,TLM0101
,,9,2026-09-20T01:38:04Z,33.60283930703005,humidity,airSensors,TLM0101
,,9,2026-09-20T01:38:14Z,33.64535721446826,humidity,airSensors,TLM0101
,,9,2026-09-20T01:38:24Z,33.66468857630242,humidity,airSensors,TLM0101
,,9,2026-09-20T01:38:34Z,33.6983011303745,humidity,airSensors,TLM0101
,,9,2026-09-20T01:38:44Z,33.720650805871976,humidity,airSensors,TLM0101
,,9,2026-09-20T01:38:54Z,33.712284109771204,humidity,airSensors,TLM0101
,,9,2026-09-20T01:39:04Z,33.69402393867194,humidity,airSensors,TLM0101
,,9,2026-09-20T01:39:14Z,33.65130972857126,humidity,airSensors,TLM0101
,,9,2026-09-20T01:39:24Z,33.65440023786401,humidity,airSensors,TLM0101
,,9,2026-09-20T01:39:34Z,33.64339920395537,humidity,airSensors,TLM0101
,,9,2026-09-20T01:39:44Z,33.60196491589293,humidity,airSensors,TLM0101
,,9,2026-09-20T01:39:54Z,33.55583254465025,humidity,airSensors,TLM0101
,,10,2026-09-20T00:39:54Z,34.90600277224466,humidity,airSensors,TLM0102
,,10,2026-09-20T00:40:04Z,34.914789512670424,humidity,airSensors,TLM0102
,,10,2026-09-20T00:40:14Z,34.91777427098014,humidity,airSensors,TLM0102
,,10,2026-09-20T00:40:24Z,34.88346224814502,humidity,airSensors,TLM0102
,,10,2026-09-20T00:40:34Z,34.88392159248584,humidity,airSensors,TLM0102
,,10,2026-09-20T00:40:44Z,34.875862325904436,humidity,airSensors,TLM0102
,,10,2026-09-20T00:40:54Z,34.8569209395333,humidity,airSensors,TLM0102
,,10,2026-09-20T00:41:04Z,34.89893021852727,humidity,airSensors,TLM0102
,,10,2026-09-20T00:41:14Z,34.88213037387421,humidity,airSensors,TLM0102
,,10,2026-09-20T00:41:24Z,34.92238938719009,humidity,airSensors,TLM0102
,,10,2026-09-20T00:41:34Z,34.89727674410932,humidity,airSensors,TLM0102
,,10,2026-09-20T00:41:44Z,34.87224156904026,humidity,airSensors,TLM0102
,,10,2026-09-20T00:41:54Z,34.914297822883356,humidity,airSensors,TLM0102
,,10,2026-09-20T00:42:04Z,34.93777383975549,humidity,airSensors,TLM0102
,,10,2026-09-20T00:42:14Z,34.902364657049134,humidity,airSensors,TLM0102
,,10,2026-09-20T00:42:24Z,34.86242729478925,humidity,airSensors,TLM0102
,,10,2026-09-20T00:42:34Z,34.87763657867811,humidity,airSensors,TLM0102
,,10,2026-09-20T00:42:44Z,34.83457496019024,humidity,airSensors,TLM0102
,,10,2026-09-20T00:42:54Z,34.87332049860852,humidity,airSensors,TLM0102
,,10,2026-09-20T00:43:04Z,34.87620723221397,humidity,airSensors,TLM0102
,,10,2026-09-20T00:43:14Z,34.86224162193494,humidity,airSensors,TLM0102
,,10,2026-09-20T00:43:24Z,34.8963684294237,humidity,airSensors,TLM0102
,,10,2026-09-20T00:43:34Z,34.93818036580889,humidity,airSensors,TLM0102
,,10,2026-09-20T00:43:44Z,34.9486178560621,humidity,airSensors,TLM0102
,,10,2026-09-20T00:43:54Z,34.952091163470556,humidity,airSensors,TLM0102
,,10,2026-09-20T00:44:04Z,34.916743490741524,humidity,airSensors,TLM0102
,,10,2026-09-20T00:44:14Z,34.870004806397866,humidity,airSensors,TLM0102
,,10,2026-09-20T00:44:24Z,34.89874956695433,humidity,airSensors,TLM0102
,,10,2026-09-20T00:44:34Z,34.91621289443728,humidity,airSensors,TLM0102
,,10,2026-09-20T00:44:44Z,34.8881228657654,humidity,airSensors,TLM0102
,,10,2026-09-20T00:44:54Z,34.88124134055966,humidity,airSensors,TLM0102
,,10,2026-09-20T00:45:04Z,34.926352220338714,humidity,airSensors,TLM0102
,,10,2026-09-20T00:45:14Z,34.88747007583976,humidity,airSensors,TLM0102
,,10,2026-09-20T00:45:24Z,34.88033861870006,humidity,airSensors,TLM0102
,,10,2026-09-20T00:45:34Z,34.856055059523875,humidity,airSensors,TLM0102
,,10,2026-09-20T00:45:44Z,34.847630600439736,humidity,airSensors,TLM0102
,,10,2026-09-20T00:45:54Z,34.86180348346153,humidity,airSensors,TLM0102
,,10,2026-09-20T00:46:04Z,34.86778012735295,humidity,airSensors,TLM0102
,,10,2026-09-20T00:46:14Z,34.893248018624824,humidity,airSensors,TLM0102
,,10,2026-09-20T00:46:24Z,34.919154539536414,humidity,airSensors,TLM0102
,,10,2026-09-20T00:46:34Z,34.882661769444155,humidity,airSensors,TLM0102
,,10,2026-09-20T00:46:44Z,34.89263171649607,humidity,airSensors,TLM0102
,,10,2026-09-20T00:46:54Z,34.88522057776279,humidity,airSensors,TLM0102
,,10,2026-09-20T00:47:04Z,34.90109837478194,humidity,airSensors,TLM0102
,,10,2026-09-20T00:47:14Z,34.87063614300367,humidity,airSensors,TLM0102
,,10,2026-09-20T00:47:24Z,34.87030935892954,humidity,airSensors,TLM0102
,,10,2026-09-20T00:47:34Z,34.90415880779813,humidity,airSensors,TLM0102
,,10,2026-09-20T00:47:44Z,34.92679768271117,humidity,airSensors,TLM0102
,,10,2026-09-20T00:47:54Z,34.91263142142377,humidity,airSensors,TLM0102
,,10,2026-09-20T00:48:04Z,34.95563228569303,humidity,airSensors,TLM0102
,,10,2026-09-20T00:48:14Z,34.98364384027443,humidity,airSensors,TLM0102
,,10,2026-09-20T00:48:24Z,34.96976474686745,humidity,airSensors,TLM0102
,,10,2026-09-20T00:48:34Z,34.99252745991351,humidity,airSensors,TLM0102
,,10,2026-09-20T00:48:44Z,34.95703100179768,humidity,airSensors,TLM0102
,,10,2026-09-20T00:48:54Z,34.95366921646048,humidity,airSensors,TLM0102
,,10,2026-09-20T00:49:04Z,34.943097637693285,humidity,airSensors,TLM0102
,,10,2026-09-20T00:49:14Z,34.946368897381305,humidity,airSensors,TLM0102
,,10,2026-09-20T00:49:24Z,34.969048593084366,humidity,airSensors,TLM0102
,,10,2026-09-20T00:49:34Z,34.97049432593489,humidity,airSensors,TLM0102
,,10,2026-09-20T00:49:44Z,35.003687506171275,humidity,airSensors,TLM0102
,,10,2026-09-20T00:49:54Z,35.040848958253335,humidity,airSensors,TLM0102
,,10,2026-09-20T00:50:04Z,35.02792966340194,humidity,airSensors,TLM0102
,,10,2026-09-20T00:50:14Z,34.978975486977916,humidity,airSensors,TLM0102
,,10,2026-09-20T00:50:24Z,34.966366599485006,humidity,airSensors,TLM0102
,,10,2026-09-20T00:50:34Z,34.97325990018798,humidity,airSensors,TLM0102
,,10,2026-09-20T00:50:44Z,35.02074542053174,humidity,airSensors,TLM0102
,,10,2026-09-20T00:50:54Z,34.97623665801373,humidity,airSensors,TLM0102
,,10,2026-09-20T00:51:04Z,34.97322295886492,humidity,airSensors,TLM0102
,,10,2026-09-20T00:51:14Z,34.985330245682505,humidity,airSensors,TLM0102
,,10,2026-09-20T00:51:24Z,34.97022457856436,humidity,airSensors,TLM0102
,,10,2026-09-20T00:51:34Z,35.00598974921893,humidity,airSensors,TLM0102
,,10,2026-09-20T00:51:44Z,34.972919763572655,humidity,airSensors,TLM0102
,,10,2026-09-20T00:51:54Z,35.002456967240185,humidity,airSensors,TLM0102
,,10,2026-09-20T00:52:04Z,35.05095232600328,humidity,airSensors,TLM0102
,,10,2026-09-20T00:52:14Z,35.095675110577275,humidity,airSensors,TLM0102
,,10,2026-09-20T00:52:24Z,35.10346344441873,humidity,airSensors,TLM0102
,,10,2026-09-20T00:52:34Z,35.14265744848215,humidity,airSensors,TLM0102
,,10,2026-09-20T00:52:44Z,35.118791025043826,humidity,airSensors,TLM0102
,,10,2026-09-20T00:52:54Z,35.13625372727811,humidity,airSensors,TLM0102
,,10,2026-09-20T00:53:04Z,35.13441303077659,humidity,airSensors,TLM0102
,,10,2026-09-20T00:53:14Z,35.15415641516098,humidity,airSensors,TLM0102
,,10,2026-09-20T00:53:24Z,35.1109194961622,humidity,airSensors,TLM0102
,,10,2026-09-20T00:53:34Z,35.07700735835541,humidity,airSensors,TLM0102
,,10,2026-09-20T00:53:44Z,35.0806896600985,humidity,airSensors,TLM0102
,,10,2026-09-20T00:53:54Z,35.047635841022995,humidity,airSensors,TLM0102
,,10,2026-09-20T00:54:04Z,35.084830315551095,humidity,airSensors,TLM0102
,,10,2026-09-20T00:54:14Z,35.0945332565403,humidity,airSensors,TLM0102
,,10,2026-09-20T00:54:24Z,35.05843296174457,humidity,airSensors,TLM0102
,,10,2026-09-20T00:54:34Z,35.064100744617676,humidity,airSensors,TLM0102
,,10,2026-09-20T00:54:44Z,35.050045172132926,humidity,airSensors,TLM0102
,,10,2026-09-20T00:54:54Z,35.094948295560904,humidity,airSensors,TLM0102
,,10,2026-09-20T00:55:04Z,35.059826308831326,humidity,airSensors,TLM0102
,,10,2026-09-20T00:55:14Z,35.01094235462492,humidity,airSensors,TLM0102
,,10,2026-09-20T00:55:24Z,35.04033386053029,humidity,airSensors,TLM0102
,,10,2026-09-20T00:55:34Z,35.027524341026684,humidity,airSensors,TLM0102
,,10,2026-09-20T00:55:44Z,35.02299385962991,humidity,airSensors,TLM0102
,,10,2026-09-20T00:55:54Z,34.99634704540594,humidity,airSensors,TLM0102
,,10,2026-09-20T00:56:04Z,35.00955959600308,humidity,airSensors,TLM0102
,,10,2026-09-20T00:56:14Z,35.024799170036594,humidity,airSensors,TLM0102
,,10,2026-09-20T00:56:24Z,35.05337505220342,humidity,airSensors,TLM0102
,,10,2026-09-20T00:56:34Z,35.059255623633966,humidity,airSensors,TLM0102
,,10,2026-09-20T00:56:44Z,35.05724161123914,humidity,airSensors,TLM0102
,,10,2026-09-20T00:56:54Z,35.03923446999255,humidity,airSensors,TLM0102
,,10,2026-09-20T00:57:04Z,35.08522363778581,humidity,airSensors,TLM0102
,,10,2026-09-20T00:57:14Z,35.067471296564015,humidity,airSensors,TLM0102
,,10,2026-09-20T00:57:24Z,35.106221526072275,humidity,airSensors,TLM0102
,,10,2026-09-20T00:57:34Z,35.07973000859168,humidity,airSensors,TLM0102
,,10,2026-09-20T00:57:44Z,35.03421858619073,humidity,airSensors,TLM0102
,,10,2026-09-20T00:57:54Z,35.05854007672362,humidity,airSensors,TLM0102
,,10,2026-09-20T00:58:04Z,35.0120627371417,humidity,airSensors,TLM0102
,,10,2026-09-20T00:58:14Z,34.98391625798825,humidity,airSensors,TLM0102
,,10,2026-09-20T00:58:24Z,34.99220946986556,humidity,airSensors,TLM0102
,,10,2026-09-20T00:58:34Z,35.029186580937264,humidity,airSensors,TLM0102
,,10,2026-09-20T00:58:44Z,35.01285192104527,humidity,airSensors,TLM0102
,,10,2026-09-20T00:58:54Z,35.03181674990908,humidity,airSensors,TLM0102
,,10,2026-09-20T00:59:04Z,35.01888497289408,humidity,airSensors,TLM0102
,,10,2026-09-20T00:59:14Z,35.05442290613058,humidity,airSensors,TLM0102
,,10,2026-09-20T00:59:24Z,35.07278878447024,humidity,airSensors,TLM0102
,,10,2026-09-20T00:59:34Z,35.09157174954631,humidity,airSensors,TLM0102
,,10,2026-09-20T00:59:44Z,35.10857297561748,humidity,airSensors,TLM0102
,,10,2026-09-20T00:59:54Z,35.07765107895233,humidity,airSensors,TLM0102
,,10,2026-09-20T01:00:04Z,35.05031012524665,humidity,airSensors,TLM0102
,,10,2026-09-20T01:00:14Z,35.03926093180662,humidity,airSensors,TLM0102
,,10,2026-09-20T01:00:24Z,35.0653234624916,humidity,airSensors,TLM0102
,,10,2026-09-20T01:00:34Z,35.05148789049261,humidity,airSensors,TLM0102
,,10,2026-09-20T01:00:44Z,35.10019257900278,humidity,airSensors,TLM0102
,,10,2026-09-20T01:00:54Z,35.09774951058997,humidity,airSensors,TLM0102
,,10,2026-09-20T01:01:04Z,35.0686508695482,humidity,airSensors,TLM0102
,,10,2026-09-20T01:01:14Z,35.0506307220861,humidity,airSensors,TLM0102
,,10,2026-09-20T01:01:24Z,35.06056283750468,humidity,airSensors,TLM0102
,,10,2026-09-20T01:01:34Z,35.05116094393302,humidity,airSensors,TLM0102
,,10,2026-09-20T01:01:44Z,35.01378002514922,humidity,airSensors,TLM0102
,,10,2026-09-20T01:01:54Z,35.05210577345857,humidity,airSensors,TLM0102
,,10,2026-09-20T01:02:04Z,35.0977621338564,humidity,airSensors,TLM0102
,,10,2026-09-20T01:02:14Z,35.13577322313714,humidity,airSensors,TLM0102
,,10,2026-09-20T01:02:24Z,35.111033482501966,humidity,airSensors,TLM0102
,,10,2026-09-20T01:02:34Z,35.0807663844434,humidity,airSensors,TLM0102
,,10,2026-09-20T01:02:44Z,35.07253879561239,humidity,airSensors,TLM0102
,,10,2026-09-20T01:02:54Z,35.03255205717046,humidity,airSensors,TLM0102
,,10,2026-09-20T01:03:04Z,35.04834070922885,humidity,airSensors,TLM0102
,,10,2026-09-20T01:03:14Z,35.07783200141892,humidity,airSensors,TLM0102
,,10,2026-09-20T01:03:24Z,35.05690891034905,humidity,airSensors,TLM0102
,,10,2026-09-20T01:03:34Z,35.08541971918377,humidity,airSensors,TLM0102
,,10,2026-09-20T01:03:44Z,35.12568132856234,humidity,airSensors,TLM0102
,,10,2026-09-20T01:03:54Z,35.150641239854906,humidity,airSensors,TLM0102
,,10,2026-09-20T01:04:04Z,35.1191730335261,humidity,airSensors,TLM0102
,,10,2026-09-20T01:04:14Z,35.15472564364952,humidity,airSensors,TLM0102
,,10,2026-09-20T01:04:24Z,35.17032856143162,humidity,airSensors,TLM0102
,,10,2026-09-20T01:04:34Z,35.14389193100252,humidity,airSensors,TLM0102
,,10,2026-09-20T01:04:44Z,35.10351883505417,humidity,airSensors,TLM0102
,,10,2026-09-20T01:04:54Z,35.12004672881089,humidity,airSensors,TLM0102
,,10,2026-09-20T01:05:04Z,35.1415838206033,humidity,airSensors,TLM0102
,,10,2026-09-20T01:05:14Z,35.18137742821466,humidity,airSensors,TLM0102
,,10,2026-09-20T01:05:24Z,35.19252756291057,humidity,airSensors,TLM0102
,,10,2026-09-20T01:05:34Z,35.156864109943825,humidity,airSensors,TLM0102
,,10,2026-09-20T01:05:44Z,35.14061727465758,humidity,airSensors,TLM0102
,,10,2026-09-20T01:05:54Z,35.13825847059429,humidity,airSensors,TLM0102
,,10,2026-09-20T01:06:04Z,35.112420531196335,humidity,airSensors,TLM0102
,,10,2026-09-20T01:06:14Z,35.07821322543467,humidity,airSensors,TLM0102
,,10,2026-09-20T01:06:24Z,35.04301145572923,humidity,airSensors,TLM0102
,,10,2026-09-20T01:06:34Z,35.06411608765651,humidity,airSensors,TLM0102
,,10,2026-09-20T01:06:44Z,35.03177294208137,humidity,airSensors,TLM0102
,,10,2026-09-20T01:06:54Z,35.03677983523863,humidity,airSensors,TLM0102
,,10,2026-09-20T01:07:04Z,35.05951462677139,humidity,airSensors,TLM0102
,,10,2026-09-20T01:07:14Z,35.016972705928204,humidity,airSensors,TLM0102
,,10,2026-09-20T01:07:24Z,35.05713598165886,humidity,airSensors,TLM0102
,,10,2026-09-20T01:07:34Z,35.05687485162624,humidity,airSensors,TLM0102
,,10,2026-09-20T01:07:44Z,35.0647320371358,humidity,airSensors,TLM0102
,,10,2026-09-20T01:07:54Z,35.04564835617348,humidity,airSensors,TLM0102
,,10,2026-09-20T01:08:04Z,35.071780030810686,humidity,airSensors,TLM0102
,,10,2026-09-20T01:08:14Z,35.11624971351626,humidity,airSensors,TLM0102
,,10,2026-09-20T01:08:24Z,35.14616916272104,humidity,airSensors,TLM0102
,,10,2026-09-20T01:08:34Z,35.117585636435514,humidity,airSensors,TLM0102
,,10,2026-09-20T01:08:44Z,35.072854357704145,humidity,airSensors,TLM0102
,,10,2026-09-20T01:08:54Z,35.09230674373573,humidity,airSensors,TLM0102
,,10,2026-09-20T01:09:04Z,35.07696741205746,humidity,airSensors,TLM0102
,,10,2026-09-20T01:09:14Z,35.094470200865295,humidity,airSensors,TLM0102
,,10,2026-09-20T01:09:24Z,35.05726570293595,humidity,airSensors,TLM0102
,,10,2026-09-20T01:09:34Z,35.02606500438726,humidity,airSensors,TLM0102
,,10,2026-09-20T01:09:44Z,34.98054923292581,humidity,airSensors,TLM0102
,,10,2026-09-20T01:09:54Z,35.00959913838983,humidity,airSensors,TLM0102
,,10,2026-09-20T01:10:04Z,35.017691864508244,humidity,airSensors,TLM0102
,,10,2026-09-20T01:10:14Z,34.969058340043546,humidity,airSensors,TLM0102
,,10,2026-09-20T01:10:24Z,35.006406869038145,humidity,airSensors,TLM0102
,,10,2026-09-20T01:10:34Z,35.03119052286388,humidity,airSensors,TLM0102
,,10,2026-09-20T01:10:44Z,35.05320614724639,humidity,airSensors,TLM0102
,,10,2026-09-20T01:10:54Z,35.07941509018227,humidity,airSensors,TLM0102
,,10,2026-09-20T01:11:04Z,35.05527272036143,humidity,airSensors,TLM0102
,,10,2026-09-20T01:11:14Z,35.0340709225476,humidity,airSensors,TLM0102
,,10,2026-09-20T01:11:24Z,35.052209788713725,humidity,airSensors,TLM0102
,,10,2026-09-20T01:11:34Z,35.04836228561091,humidity,airSensors,TLM0102
,,10,2026-09-20T01:11:44Z,35.09628236858727,humidity,airSensors,TLM0102
,,10,2026-09-20T01:11:54Z,35.12468514912739,humidity,airSensors,TLM0102
,,10,2026-09-20T01:12:04Z,35.152775843698414,humidity,airSensors,TLM0102
,,10,2026-09-20T01:12:14Z,35.16878276611695,humidity,airSensors,TLM0102
,,10,2026-09-20T01:12:24Z,35.18064564662432,humidity,airSensors,TLM0102
,,10,2026-09-20T01:12:34Z,35.19320282015628,humidity,airSensors,TLM0102
,,10,2026-09-20T01:12:44Z,35.18980067684315,humidity,airSensors,TLM0102
,,10,2026-09-20T01:12:54Z,35.21242492481384,humidity,airSensors,TLM0102
,,10,2026-09-20T01:13:04Z,35.17043246741297,humidity,airSensors,TLM0102
,,10,2026-09-20T01:13:14Z,35.14961212224857,humidity,airSensors,TLM0102
,,10,2026-09-20T01:13:24Z,35.10128513311846,humidity,airSensors,TLM0102
,,10,2026-09-20T01:13:34Z,35.05791612518672,humidity,airSensors,TLM0102
,,10,2026-09-20T01:13:44Z,35.01282702620914,humidity,airSensors,TLM0102
,,10,2026-09-20T01:13:54Z,35.0121414323519,humidity,airSensors,TLM0102
,,10,2026-09-20T01:14:04Z,35.02900264168051,humidity,airSensors,TLM0102
,,10,2026-09-20T01:14:14Z,35.04711913865372,humidity,airSensors,TLM0102
,,10,2026-09-20T01:14:24Z,35.039564617996746,humidity,airSensors,TLM0102
,,10,2026-09-20T01:14:34Z,35.02660394402072,humidity,airSensors,TLM0102
,,10,2026-09-20T01:14:44Z,35.0449380079921,humidity,airSensors,TLM0102
,,10,2026-09-20T01:14:54Z,35.078741474370815,humidity,airSensors,TLM0102
,,10,2026-09-20T01:15:04Z,35.117769483384585,humidity,airSensors,TLM0102
,,10,2026-09-20T01:15:14Z,35.111070421811206,humidity,airSensors,TLM0102
,,10,2026-09-20T01:15:24Z,35.15377823892643,humidity,airSensors,TLM0102
,,10,2026-09-20T01:15:34Z,35.1730584080651,humidity,airSensors,TLM0102
,,10,2026-09-20T01:15:44Z,35.19490052122396,humidity,airSensors,TLM0102
,,10,2026-09-20T01:15:54Z,35.166079199390076,humidity,airSensors,TLM0102
,,10,2026-09-20T01:16:04Z,35.21320257192525,humidity,airSensors,TLM0102
,,10,2026-09-20T01:16:14Z,35.19784879488278,humidity,airSensors,TLM0102
,,10,2026-09-20T01:16:24Z,35.170723954423714,humidity,airSensors,TLM0102
,,10,2026-09-20T01:16:34Z,35.177539549291744,humidity,airSensors,TLM0102
,,10,2026-09-20T01:16:44Z,35.20867036921948,humidity,airSensors,TLM0102
,,10,2026-09-20T01:16:54Z,35.24789547136935,humidity,airSensors,TLM0102
,,10,2026-09-20T01:17:04Z,35.21479894819866,humidity,airSensors,TLM0102
,,10,2026-09-20T01:17:14Z,35.188815626545754,humidity,airSensors,TLM0102
,,10,2026-09-20T01:17:24Z,35.20478460133711,humidity,airSensors,TLM0102
,,10,2026-09-20T01:17:34Z,35.233963938980075,humidity,airSensors,TLM0102
,,10,2026-09-20T01:17:44Z,35.23172562038546,humidity,airSensors,TLM0102
,,10,2026-09-20T01:17:54Z,35.20843057039755,humidity,airSensors,TLM0102
,,10,2026-09-20T01:18:04Z,35.17322900896276,humidity,airSensors,TLM0102
,,10,2026-09-20T01:18:14Z,35.18433656172256,humidity,airSensors,TLM0102
,,10,2026-09-20T01:18:24Z,35.21357212321072,humidity,airSensors,TLM0102
,,10,2026-09-20T01:18:34Z,35.18014282899615,humidity,airSensors,TLM0102
,,10,2026-09-20T01:18:44Z,35.19710008261374,humidity,airSensors,TLM0102
,,10,2026-09-20T01:18:54Z,35.20740921526808,humidity,airSensors,TLM0102
,,10,2026-09-20T01:19:04Z,35.20793200190555,humidity,airSensors,TLM0102
,,10,2026-09-20T01:19:14Z,35.257847356054896,humidity,airSensors,TLM0102
,,10,2026-09-20T01:19:24Z,35.227221744465915,humidity,airSensors,TLM0102
,,10,2026-09-20T01:19:34Z,35.1920361196911,humidity,airSensors,TLM0102
,,10,2026-09-20T01:19:44Z,35.14303773546821,humidity,airSensors,TLM0102
,,10,2026-09-20T01:19:54Z,35.18075179108698,humidity,airSensors,TLM0102
,,10,2026-09-20T01:20:04Z,35.21323703230292,humidity,airSensors,TLM0102
,,10,2026-09-20T01:20:14Z,35.22676271356965,humidity,airSensors,TLM0102
,,10,2026-09-20T01:20:24Z,35.218192427556446,humidity,airSensors,TLM0102
,,10,2026-09-20T01:20:34Z,35.16980609093758,humidity,airSensors,TLM0102
,,10,2026-09-20T01:20:44Z,35.193689105458084,humidity,airSensors,TLM0102
,,10,2026-09-20T01:20:54Z,35.240376221162485,humidity,airSensors,TLM0102
,,10,2026-09-20T01:21:04Z,35.25974104799609,humidity,airSensors,TLM0102
,,10,2026-09-20T01:21:14Z,35.25128158456585,humidity,airSensors,TLM0102
,,10,2026-09-20T01:21:24Z,35.23305907535335,humidity,airSensors,TLM0102
,,10,2026-09-20T01:21:34Z,35.195130751177,humidity,airSensors,TLM0102
,,10,2026-09-20T01:21:44Z,35.23426298433252,humidity,airSensors,TLM0102
,,10,2026-09-20T01:21:54Z,35.19940283204323,humidity,airSensors,TLM0102
,,10,2026-09-20T01:22:04Z,35.15152004772488,humidity,airSensors,TLM0102
,,10,2026-09-20T01:22:14Z,35.14207640786678,humidity,airSensors,TLM0102
,,10,2026-09-20T01:22:24Z,35.097148114403616,humidity,airSensors,TLM0102
,,10,2026-09-20T01:22:34Z,35.096525591673824,humidity,airSensors,TLM0102
,,10,2026-09-20T01:22:44Z,35.133294990073004,humidity,airSensors,TLM0102
,,10,2026-09-20T01:22:54Z,35.14541487927414,humidity,airSensors,TLM0102
,,10,2026-09-20T01:23:04Z,35.114466520435506,humidity,airSensors,TLM0102
,,10,2026-09-20T01:23:14Z,35.162646534205784,humidity,airSensors,TLM0102
,,10,2026-09-20T01:23:24Z,35.137964056154495,humidity,airSensors,TLM0102
,,10,2026-09-20T01:23:34Z,35.15622902252195,humidity,airSensors,TLM0102
,,10,2026-09-20T01:23:44Z,35.12770288082526,humidity,airSensors,TLM0102
,,10,2026-09-20T01:23:54Z,35.11483770240748,humidity,airSensors,TLM0102
,,10,2026-09-20T01:24:04Z,35.157236103917356,humidity,airSensors,TLM0102
,,10,2026-09-20T01:24:14Z,35.15676813733151,humidity,airSensors,TLM0102
,,10,2026-09-20T01:24:24Z,35.13352688581934,humidity,airSensors,TLM0102
,,10,2026-09-20T01:24:34Z,35.15533093243982,humidity,airSensors,TLM0102
,,10,2026-09-20T01:24:44Z,35.13720960715994,humidity,airSensors,TLM0102
,,10,2026-09-20T01:24:54Z,35.18718592401654,humidity,airSensors,TLM0102
,,10,2026-09-20T01:25:04Z,35.188423169962846,humidity,airSensors,TLM0102
,,10,2026-09-20T01:25:14Z,35.21524435989254,humidity,airSensors,TLM0102
,,10,2026-09-20T01:25:24Z,35.192726952084556,humidity,airSensors,TLM0102
,,10,2026-09-20T01:25:34Z,35.22635746428095,humidity,airSensors,TLM0102
,,10,2026-09-20T01:25:44Z,35.18792605900799,humidity,airSensors,TLM0102
,,10,2026-09-20T01:25:54Z,35.14232979239617,humidity,airSensors,TLM0102
,,10,2026-09-20T01:26:04Z,35.16370850207125,humidity,airSensors,TLM0102
,,10,2026-09-20T01:26:14Z,35.16613273126183,humidity,airSensors,TLM0102
,,10,2026-09-20T01:26:24Z,35.15622908360114,humidity,airSensors,TLM0102
,,10,2026-09-20T01:26:34Z,35.141440303434145,humidity,airSensors,TLM0102
,,10,2026-09-20T01:26:44Z,35.13363779171933,humidity,airSensors,TLM0102
,,10,2026-09-20T01:26:54Z,35.096963531535486,humidity,airSensors,TLM0102
,,10,2026-09-20T01:27:04Z,35.088676747579555,humidity,airSensors,TLM0102
,,10,2026-09-20T01:27:14Z,35.09673442911195,humidity,airSensors,TLM0102
,,10,2026-09-20T01:27:24Z,35.14611723556964,humidity,airSensors,TLM0102
,,10,2026-09-20T01:27:34Z,35.12267559458729,humidity,airSensors,TLM0102
,,10,2026-09-20T01:27:44Z,35.14643038197433,humidity,airSensors,TLM0102
,,10,2026-09-20T01:27:54Z,35.15032900024625,humidity,airSensors,TLM0102
,,10,2026-09-20T01:28:04Z,35.197324308740995,humidity,airSensors,TLM0102
,,10,2026-09-20T01:28:14Z,35.17954931268216,humidity,airSensors,TLM0102
,,10,2026-09-20T01:28:24Z,35.22888868592361,humidity,airSensors,TLM0102
,,10,2026-09-20T01:28:34Z,35.186298461256094,humidity,airSensors,TLM0102
,,10,2026-09-20T01:28:44Z,35.15840554372171,humidity,airSensors,TLM0102
,,10,2026-09-20T01:28:54Z,35.19105596866994,humidity,airSensors,TLM0102
,,10,2026-09-20T01:29:04Z,35.1765222916767,humidity,airSensors,TLM0102
,,10,2026-09-20T01:29:14Z,35.21893417789169,humidity,airSensors,TLM0102
,,10,2026-09-20T01:29:24Z,35.23037136138405,humidity,airSensors,TLM0102
,,10,2026-09-20T01:29:34Z,35.218046100245346,humidity,airSensors,TLM0102
,,10,2026-09-20T01:29:44Z,35.227238388761826,humidity,airSensors,TLM0102
,,10,2026-09-20T01:29:54Z,35.26413860352786,humidity,airSensors,TLM0102
,,10,2026-09-20T01:30:04Z,35.29786847407092,humidity,airSensors,TLM0102
,,10,2026-09-20T01:30:14Z,35.33636313385162,humidity,airSensors,TLM0102
,,10,2026-09-20T01:30:24Z,35.29429020952459,humidity,airSensors,TLM0102
,,10,2026-09-20T01:30:34Z,35.33815546508376,humidity,airSensors,TLM0102
,,10,2026-09-20T01:30:44Z,35.37575152123163,humidity,airSensors,TLM0102
,,10,2026-09-20T01:30:54Z,35.392039478262205,humidity,airSensors,TLM0102
,,10,2026-09-20T01:31:04Z,35.4017512406576,humidity,airSensors,TLM0102
,,10,2026-09-20T01:31:14Z,35.42628246702034,humidity,airSensors,TLM0102
,,10,2026-09-20T01:31:24Z,35.41645808751135,humidity,airSensors,TLM0102
,,10,2026-09-20T01:31:34Z,35.422933830409285,humidity,airSensors,TLM0102
,,10,2026-09-20T01:31:44Z,35.399134510854914,humidity,airSensors,TLM0102
,,10,2026-09-20T01:31:54Z,35.403360417056,humidity,airSensors,TLM0102
,,10,2026-09-20T01:32:04Z,35.45167718098378,humidity,airSensors,TLM0102
,,10,2026-09-20T01:32:14Z,35.45239665230847,humidity,airSensors,TLM0102
,,10,2026-09-20T01:32:24Z,35.433658616722724,humidity,airSensors,TLM0102
,,10,2026-09-20T01:32:34Z,35.38762282645334,humidity,airSensors,TLM0102
,,10,2026-09-20T01:32:44Z,35.39088778091937,humidity,airSensors,TLM0102
,,10,2026-09-20T01:32:54Z,35.35083477574249,humidity,airSensors,TLM0102
,,10,2026-09-20T01:33:04Z,35.33240924546848,humidity,airSensors,TLM0102
,,10,2026-09-20T01:33:14Z,35.3232875382217,humidity,airSensors,TLM0102
,,10,2026-09-20T01:33:24Z,35.33888464461909,humidity,airSensors,TLM0102
,,10,2026-09-20T01:33:34Z,35.36447019507965,humidity,airSensors,TLM0102
,,10,2026-09-20T01:33:44Z,35.40961456533303,humidity,airSensors,TLM0102
,,10,2026-09-20T01:33:54Z,35.42060796389266,humidity,airSensors,TLM0102
,,10,2026-09-20T01:34:04Z,35.393990999941046,humidity,airSensors,TLM0102
,,10,2026-09-20T01:34:14Z,35.34637422301892,humidity,airSensors,TLM0102
,,10,2026-09-20T01:34:24Z,35.37324100039083,humidity,airSensors,TLM0102
,,10,2026-09-20T01:34:34Z,35.36261524568043,humidity,airSensors,TLM0102
,,10,2026-09-20T01:34:44Z,35.359803588933396,humidity,airSensors,TLM0102
,,10,2026-09-20T01:34:54Z,35.326365244508445,humidity,airSensors,TLM0102
,,10,2026-09-20T01:35:04Z,35.33851432481439,humidity,airSensors,TLM0102
,,10,2026-09-20T01:35:14Z,35.33917047478644,humidity,airSensors,TLM0102
,,10,2026-09-20T01:35:24Z,35.371884585685784,humidity,airSensors,TLM0102
,,10,2026-09-20T01:35:34Z,35.42081066428585,humidity,airSensors,TLM0102
,,10,2026-09-20T01:35:44Z,35.41061514045314,humidity,airSensors,TLM0102
,,10,2026-09-20T01:35:54Z,35.392856279844295,humidity,airSensors,TLM0102
,,10,2026-09-20T01:36:04Z,35.422133928999195,humidity,airSensors,TLM0102
,,10,2026-09-20T01:36:14Z,35.39283553669091,humidity,airSensors,TLM0102
,,10,2026-09-20T01:36:24Z,35.40236339091242,humidity,airSensors,TLM0102
,,10,2026-09-20T01:36:34Z,35.37025416732058,humidity,airSensors,TLM0102
,,10,2026-09-20T01:36:44Z,35.388884652562965,humidity,airSensors,TLM0102
,,10,2026-09-20T01:36:54Z,35.37243590007081,humidity,airSensors,TLM0102
,,10,2026-09-20T01:37:04Z,35.36110585411859,humidity,airSensors,TLM0102
,,10,2026-09-20T01:37:14Z,35.376129704284956,humidity,airSensors,TLM0102
,,10,2026-09-20T01:37:24Z,35.37060076753266,humidity,airSensors,TLM0102
,,10,2026-09-20T01:37:34Z,35.373667600891004,humidity,airSensors,TLM0102
,,10,2026-09-20T01:37:44Z,35.339153355784056,humidity,airSensors,TLM0102
,,10,2026-09-20T01:37:54Z,35.29774729383825,humidity,airSensors,TLM0102
,,10,2026-09-20T01:38:04Z,35.26983191028762,humidity,airSensors,TLM0102
,,10,2026-09-20T01:38:14Z,35.30916669362943,humidity,airSensors,TLM0102
,,10,2026-09-20T01:38:24Z,35.319333745839536,humidity,airSensors,TLM0102
,,10,2026-09-20T01:38:34Z,35.296640884341286,humidity,airSensors,TLM0102
,,10,2026-09-20T01:38:44Z,35.3221069054111,humidity,airSensors,TLM0102
,,10,2026-09-20T01:38:54Z,35.36193301048494,humidity,airSensors,TLM0102
,,10,2026-09-20T01:39:04Z,35.39730708962064,humidity,airSensors,TLM0102
,,10,2026-09-20T01:39:14Z,35.41059131301859,humidity,airSensors,TLM0102
,,10,2026-09-20T01:39:24Z,35.39609861422726,humidity,airSensors,TLM0102
,,10,2026-09-20T01:39:34Z,35.36193816914387,humidity,airSensors,TLM0102
,,10,2026-09-20T01:39:44Z,35.36034029369647,humidity,airSensors,TLM0102
,,10,2026-09-20T01:39:54Z,35.351297599883424,humidity,airSensors,TLM0102
,,11,2026-09-20T00:39:54Z,35.20389415887383,humidity,airSensors,TLM0103
,,11,2026-09-20T00:40:04Z,35.19080742976015,humidity,airSensors,TLM0103
,,11,2026-09-20T00:40:14Z,35.18464043676789,humidity,airSensors,TLM0103
,,11,2026-09-20T00:40:24Z,35.22146074763067,humidity,airSensors,TLM0103
,,11,2026-09-20T00:40:34Z,35.18909181198865,humidity,airSensors,TLM0103
,,11,2026-09-20T00:40:44Z,35.1801102644197,humidity,airSensors,TLM0103
,,11,2026-09-20T00:40:54Z,35.22178803703597,humidity,airSensors,TLM0103
,,11,2026-09-20T00:41:04Z,35.219754299209534,humidity,airSensors,TLM0103
,,11,2026-09-20T00:41:14Z,35.18679579886404,humidity,airSensors,TLM0103
,,11,2026-09-20T00:41:24Z,35.190743023294175,humidity,airSensors,TLM0103
,,11,2026-09-20T00:41:34Z,35.20328839465131,humidity,airSensors,TLM0103
,,11,2026-09-20T00:41:44Z,35.235206597719404,humidity,airSensors,TLM0103
,,11,2026-09-20T00:41:54Z,35.28517118182574,humidity,airSensors,TLM0103
,,11,2026-09-20T00:42:04Z,35.307409730160465,humidity,airSensors,TLM0103
,,11,2026-09-20T00:42:14Z,35.29544718785797,humidity,airSensors,TLM0103
,,11,2026-09-20T00:42:24Z,35.34377136643281,humidity,airSensors,TLM0103
,,11,2026-09-20T00:42:34Z,35.37837016852946,humidity,airSensors,TLM0103
,,11,2026-09-20T00:42:44Z,35.34257875828632,humidity,airSensors,TLM0103
,,11,2026-09-20T00:42:54Z,35.35140192254965,humidity,airSensors,TLM0103
,,11,2026-09-20T00:43:04Z,35.37462564028423,humidity,airSensors,TLM0103
,,11,2026-09-20T00:43:14Z,35.392795163037825,humidity,airSensors,TLM0103
,,11,2026-09-20T00:43:24Z,35.41126722825606,humidity,airSensors,TLM0103
,,11,2026-09-20T00:43:34Z,35.38078101221065,humidity,airSensors,TLM0103
,,11,2026-09-20T00:43:44Z,35.370086468584326,humidity,airSensors,TLM0103
,,11,2026-09-20T00:43:54Z,35.40395616690629,humidity,airSensors,TLM0103
,,11,2026-09-20T00:44:04Z,35.388242955474986,humidity,airSensors,TLM0103
,,11,2026-09-20T00:44:14Z,35.42019822535703,humidity,airSensors,TLM0103
,,11,2026-09-20T00:44:24Z,35.45249450512319,humidity,airSensors,TLM0103
,,11,2026-09-20T00:44:34Z,35.423049948983646,humidity,airSensors,TLM0103
,,11,2026-09-20T00:44:44Z,35.457236750131464,humidity,airSensors,TLM0103
,,11,2026-09-20T00:44:54Z,35.48314845375168,humidity,airSensors,TLM0103
,,11,2026-09-20T00:45:04Z,35.487419509275284,humidity,airSensors,TLM0103
,,11,2026-09-20T00:45:14Z,35.46308869425031,humidity,airSensors,TLM0103
,,11,2026-09-20T00:45:24Z,35.47241952600556,humidity,airSensors,TLM0103
,,11,2026-09-20T00:45:34Z,35.51588403621437,humidity,airSensors,TLM0103
,,11,2026-09-20T00:45:44Z,35.48529181906438,humidity,airSensors,TLM0103
,,11,2026-09-20T00:45:54Z,35.44921118081612,humidity,airSensors,TLM0103
,,11,2026-09-20T00:46:04Z,35.408043312936684,humidity,airSensors,TLM0103
,,11,2026-09-20T00:46:14Z,35.450102031882814,humidity,airSensors,TLM0103
,,11,2026-09-20T00:46:24Z,35.441509093081535,humidity,airSensors,TLM0103
,,11,2026-09-20T00:46:34Z,35.46946501872729,humidity,airSensors,TLM0103
,,11,2026-09-20T00:46:44Z,35.517132383297785,humidity,airSensors,TLM0103
,,11,2026-09-20T00:46:54Z,35.495628143424234,humidity,airSensors,TLM0103
,,11,2026-09-20T00:47:04Z,35.46874473138323,humidity,airSensors,TLM0103
,,11,2026-09-20T00:47:14Z,35.48904152401168,humidity,airSensors,TLM0103
,,11,2026-09-20T00:47:24Z,35.45340077790853,humidity,airSensors,TLM0103
,,11,2026-09-20T00:47:34Z,35.40781449132736,humidity,airSensors,TLM0103
,,11,2026-09-20T00:47:44Z,35.41983423944793,humidity,airSensors,TLM0103
,,11,2026-09-20T00:47:54Z,35.41546429983088,humidity,airSensors,TLM0103
,,11,2026-09-20T00:48:04Z,35.45298298712518,humidity,airSensors,TLM0103
,,11,2026-09-20T00:48:14Z,35.419182419924546,humidity,airSensors,TLM0103
,,11,2026-09-20T00:48:24Z,35.39649161060866,humidity,airSensors,TLM0103
,,11,2026-09-20T00:48:34Z,35.43686772958953,humidity,airSensors,TLM0103
,,11,2026-09-20T00:48:44Z,35.39367843460473,humidity,airSensors,TLM0103
,,11,2026-09-20T00:48:54Z,35.352672910473956,humidity,airSensors,TLM0103
,,11,2026-09-20T00:49:04Z,35.38005888823559,humidity,airSensors,TLM0103
,,11,2026-09-20T00:49:14Z,35.367026121284354,humidity,airSensors,TLM0103
,,11,2026-09-20T00:49:24Z,35.399252627668496,humidity,airSensors,TLM0103
,,11,2026-09-20T00:49:34Z,35.39048844356592,humidity,airSensors,TLM0103
,,11,2026-09-20T00:49:44Z,35.4019984905289,humidity,airSensors,TLM0103
,,11,2026-09-20T00:49:54Z,35.43631293842556,humidity,airSensors,TLM0103
,,11,2026-09-20T00:50:04Z,35.44160791288223,humidity,airSensors,TLM0103
,,11,2026-09-20T00:50:14Z,35.404500554754335,humidity,airSensors,TLM0103
,,11,2026-09-20T00:50:24Z,35.436160407693684,humidity,airSensors,TLM0103
,,11,2026-09-20T00:50:34Z,35.43681290988736,humidity,airSensors,TLM0103
,,11,2026-09-20T00:50:44Z,35.44097238834761,humidity,airSensors,TLM0103
,,11,2026-09-20T00:50:54Z,35.403674750554266,humidity,airSensors,TLM0103
,,11,2026-09-20T00:51:04Z,35.38071824536808,humidity,airSensors,TLM0103
,,11,2026-09-20T00:51:14Z,35.42358874148423,humidity,airSensors,TLM0103
,,11,2026-09-20T00:51:24Z,35.42958303542479,humidity,airSensors,TLM0103
,,11,2026-09-20T00:51:34Z,35.421932972860695,humidity,airSensors,TLM0103
,,11,2026-09-20T00:51:44Z,35.38353086638555,humidity,airSensors,TLM0103
,,11,2026-09-20T00:51:54Z,35.43047970572929,humidity,airSensors,TLM0103
,,11,2026-09-20T00:52:04Z,35.430324716271215,humidity,airSensors,TLM0103
,,11,2026-09-20T00:52:14Z,35.45073703983192,humidity,airSensors,TLM0103
,,11,2026-09-20T00:52:24Z,35.47560565901688,humidity,airSensors,TLM0103
,,11,2026-09-20T00:52:34Z,35.4271849904236,humidity,airSensors,TLM0103
,,11,2026-09-20T00:52:44Z,35.39518886621775,humidity,airSensors,TLM0103
,,11,2026-09-20T00:52:54Z,35.36418451924376,humidity,airSensors,TLM0103
,,11,2026-09-20T00:53:04Z,35.39948703045907,humidity,airSensors,TLM0103
,,11,2026-09-20T00:53:14Z,35.37012783683457,humidity,airSensors,TLM0103
,,11,2026-09-20T00:53:24Z,35.40780193267389,humidity,airSensors,TLM0103
,,11,2026-09-20T00:53:34Z,35.39885120424306,humidity,airSensors,TLM0103
,,11,2026-09-20T00:53:44Z,35.38502124698227,humidity,airSensors,TLM0103
,,11,2026-09-20T00:53:54Z,35.426983736119176,humidity,airSensors,TLM0103
,,11,2026-09-20T00:54:04Z,35.47099760560529,humidity,airSensors,TLM0103
,,11,2026-09-20T00:54:14Z,35.42861394148536,humidity,airSensors,TLM0103
,,11,2026-09-20T00:54:24Z,35.45119122961952,humidity,airSensors,TLM0103
,,11,2026-09-20T00:54:34Z,35.445291102047996,humidity,airSensors,TLM0103
,,11,2026-09-20T00:54:44Z,35.494774090908464,humidity,airSensors,TLM0103
,,11,2026-09-20T00:54:54Z,35.51674493879748,humidity,airSensors,TLM0103
,,11,2026-09-20T00:55:04Z,35.50197918547276,humidity,airSensors,TLM0103
,,11,2026-09-20T00:55:14Z,35.47123694633936,humidity,airSensors,TLM0103
,,11,2026-09-20T00:55:24Z,35.46412923671296,humidity,airSensors,TLM0103
,,11,2026-09-20T00:55:34Z,35.43856989648086,humidity,airSensors,TLM0103
,,11,2026-09-20T00:55:44Z,35.47518621593288,humidity,airSensors,TLM0103
,,11,2026-09-20T00:55:54Z,35.49739348790593,humidity,airSensors,TLM0103
,,11,2026-09-20T00:56:04Z,35.53272247184925,humidity,airSensors,TLM0103
,,11,2026-09-20T00:56:14Z,35.50799066655289,humidity,airSensors,TLM0103
,,11,2026-09-20T00:56:24Z,35.54089353159954,humidity,airSensors,TLM0103
,,11,2026-09-20T00:56:34Z,35.499920224198476,humidity,airSensors,TLM0103
,,11,2026-09-20T00:56:44Z,35.46926843780072,humidity,airSensors,TLM0103
,,11,2026-09-20T00:56:54Z,35.444934466493855,humidity,airSensors,TLM0103
,,11,2026-09-20T00:57:04Z,35.48509326103619,humidity,airSensors,TLM0103
,,11,2026-09-20T00:57:14Z,35.444718091891325,humidity,airSensors,TLM0103
,,11,2026-09-20T00:57:24Z,35.48740346036665,humidity,airSensors,TLM0103
,,11,2026-09-20T00:57:34Z,35.53643795720809,humidity,airSensors,TLM0103
,,11,2026-09-20T00:57:44Z,35.52957379032005,humidity,airSensors,TLM0103
,,11,2026-09-20T00:57:54Z,35.495325312706036,humidity,airSensors,TLM0103
,,11,2026-09-20T00:58:04Z,35.52482894015038,humidity,airSensors,TLM0103
,,11,2026-09-20T00:58:14Z,35.55715212896461,humidity,airSensors,TLM0103
,,11,2026-09-20T00:58:24Z,35.559974559317084,humidity,airSensors,TLM0103
,,11,2026-09-20T00:58:34Z,35.53038383399682,humidity,airSensors,TLM0103
,,11,2026-09-20T00:58:44Z,35.56154133265398,humidity,airSensors,TLM0103
,,11,2026-09-20T00:58:54Z,35.55599080700103,humidity,airSensors,TLM0103
,,11,2026-09-20T00:59:04Z,35.58363717576,humidity,airSensors,TLM0103
,,11,2026-09-20T00:59:14Z,35.63184494638383,humidity,airSensors,TLM0103
,,11,2026-09-20T00:59:24Z,35.64033316197463,humidity,airSensors,TLM0103
,,11,2026-09-20T00:59:34Z,35.596348444235765,humidity,airSensors,TLM0103
,,11,2026-09-20T00:59:44Z,35.61435250787513,humidity,airSensors,TLM0103
,,11,2026-09-20T00:59:54Z,35.566045401011756,humidity,airSensors,TLM0103
,,11,2026-09-20T01:00:04Z,35.55290762614652,humidity,airSensors,TLM0103
,,11,2026-09-20T01:00:14Z,35.51000609113051,humidity,airSensors,TLM0103
,,11,2026-09-20T01:00:24Z,35.553738258107686,humidity,airSensors,TLM0103
,,11,2026-09-20T01:00:34Z,35.53258972561036,humidity,airSensors,TLM0103
,,11,2026-09-20T01:00:44Z,35.58141382922595,humidity,airSensors,TLM0103
,,11,2026-09-20T01:00:54Z,35.537290637809576,humidity,airSensors,TLM0103
,,11,2026-09-20T01:01:04Z,35.54796638580309,humidity,airSensors,TLM0103
,,11,2026-09-20T01:01:14Z,35.55237060687514,humidity,airSensors,TLM0103
,,11,2026-09-20T01:01:24Z,35.57408261608989,humidity,airSensors,TLM0103
,,11,2026-09-20T01:01:34Z,35.53831988191107,humidity,airSensors,TLM0103
,,11,2026-09-20T01:01:44Z,35.493108656505854,humidity,airSensors,TLM0103
,,11,2026-09-20T01:01:54Z,35.50563649238064,humidity,airSensors,TLM0103
,,11,2026-09-20T01:02:04Z,35.525797373624734,humidity,airSensors,TLM0103
,,11,2026-09-20T01:02:14Z,35.48376713917915,humidity,airSensors,TLM0103
,,11,2026-09-20T01:02:24Z,35.453838592623505,humidity,airSensors,TLM0103
,,11,2026-09-20T01:02:34Z,35.452505806145304,humidity,airSensors,TLM0103
,,11,2026-09-20T01:02:44Z,35.42551766419917,humidity,airSensors,TLM0103
,,11,2026-09-20T01:02:54Z,35.45063431524506,humidity,airSensors,TLM0103
,,11,2026-09-20T01:03:04Z,35.44534009302927,humidity,airSensors,TLM0103
,,11,2026-09-20T01:03:14Z,35.48444345093213,humidity,airSensors,TLM0103
,,11,2026-09-20T01:03:24Z,35.483990937159,humidity,airSensors,TLM0103
,,11,2026-09-20T01:03:34Z,35.53063701440975,humidity,airSensors,TLM0103
,,11,2026-09-20T01:03:44Z,35.497168580679805,humidity,airSensors,TLM0103
,,11,2026-09-20T01:03:54Z,35.476384826207955,humidity,airSensors,TLM0103
,,11,2026-09-20T01:04:04Z,35.432932665285584,humidity,airSensors,TLM0103
,,11,2026-09-20T01:04:14Z,35.403324970913744,humidity,airSensors,TLM0103
,,11,2026-09-20T01:04:24Z,35.45329638638418,humidity,airSensors,TLM0103
,,11,2026-09-20T01:04:34Z,35.47654287746608,humidity,airSensors,TLM0103
,,11,2026-09-20T01:04:44Z,35.52041454621071,humidity,airSensors,TLM0103
,,11,2026-09-20T01:04:54Z,35.47175252941004,humidity,airSensors,TLM0103
,,11,2026-09-20T01:05:04Z,35.49489224519978,humidity,airSensors,TLM0103
,,11,2026-09-20T01:05:14Z,35.5076176207574,humidity,airSensors,TLM0103
,,11,2026-09-20T01:05:24Z,35.52072981020958,humidity,airSensors,TLM0103
,,11,2026-09-20T01:05:34Z,35.5659348098111,humidity,airSensors,TLM0103
,,11,2026-09-20T01:05:44Z,35.592783956076886,humidity,airSensors,TLM0103
,,11,2026-09-20T01:05:54Z,35.6166807097623,humidity,airSensors,TLM0103
,,11,2026-09-20T01:06:04Z,35.659269669372016,humidity,airSensors,TLM0103
,,11,2026-09-20T01:06:14Z,35.65905162993403,humidity,airSensors,TLM0103
,,11,2026-09-20T01:06:24Z,35.68107880942544,humidity,airSensors,TLM0103
,,11,2026-09-20T01:06:34Z,35.72658381090537,humidity,airSensors,TLM0103
,,11,2026-09-20T01:06:44Z,35.70180825279643,humidity,airSensors,TLM0103
,,11,2026-09-20T01:06:54Z,35.680330220522386,humidity,airSensors,TLM0103
,,11,2026-09-20T01:07:04Z,35.65879195744806,humidity,airSensors,TLM0103
,,11,2026-09-20T01:07:14Z,35.6512626418232,humidity,airSensors,TLM0103
,,11,2026-09-20T01:07:24Z,35.61936214027564,humidity,airSensors,TLM0103
,,11,2026-09-20T01:07:34Z,35.60675800836012,humidity,airSensors,TLM0103
,,11,2026-09-20T01:07:44Z,35.634433647055126,humidity,airSensors,TLM0103
,,11,2026-09-20T01:07:54Z,35.587525085597115,humidity,airSensors,TLM0103
,,11,2026-09-20T01:08:04Z,35.57327719293243,humidity,airSensors,TLM0103
,,11,2026-09-20T01:08:14Z,35.60148888891663,humidity,airSensors,TLM0103
,,11,2026-09-20T01:08:24Z,35.64003504477669,humidity,airSensors,TLM0103
,,11,2026-09-20T01:08:34Z,35.617768670597314,humidity,airSensors,TLM0103
,,11,2026-09-20T01:08:44Z,35.631884210029604,humidity,airSensors,TLM0103
,,11,2026-09-20T01:08:54Z,35.589741472192195,humidity,airSensors,TLM0103
,,11,2026-09-20T01:09:04Z,35.637906806322725,humidity,airSensors,TLM0103
,,11,2026-09-20T01:09:14Z,35.67281989352564,humidity,airSensors,TLM0103
,,11,2026-09-20T01:09:24Z,35.66198190389947,humidity,airSensors,TLM0103
,,11,2026-09-20T01:09:34Z,35.6156681630569,humidity,airSensors,TLM0103
,,11,2026-09-20T01:09:44Z,35.61022984804878,humidity,airSensors,TLM0103
,,11,2026-09-20T01:09:54Z,35.62153841947831,humidity,airSensors,TLM0103
,,11,2026-09-20T01:10:04Z,35.62198724381013,humidity,airSensors,TLM0103
,,11,2026-09-20T01:10:14Z,35.62471023686421,humidity,airSensors,TLM0103
,,11,2026-09-20T01:10:24Z,35.63986592172715,humidity,airSensors,TLM0103
,,11,2026-09-20T01:10:34Z,35.60065397149648,humidity,airSensors,TLM0103
,,11,2026-09-20T01:10:44Z,35.559780786410336,humidity,airSensors,TLM0103
,,11,2026-09-20T01:10:54Z,35.55027075253213,humidity,airSensors,TLM0103
,,11,2026-09-20T01:11:04Z,35.589487270191455,humidity,airSensors,TLM0103
,,11,2026-09-20T01:11:14Z,35.56567347127402,humidity,airSensors,TLM0103
,,11,2026-09-20T01:11:24Z,35.60353970548659,humidity,airSensors,TLM0103
,,11,2026-09-20T01:11:34Z,35.627362529038464,humidity,airSensors,TLM0103
,,11,2026-09-20T01:11:44Z,35.64115132733984,humidity,airSensors,TLM0103
,,11,2026-09-20T01:11:54Z,35.627978781025156,humidity,airSensors,TLM0103
,,11,2026-09-20T01:12:04Z,35.58752902970934,humidity,airSensors,TLM0103
,,11,2026-09-20T01:12:14Z,35.55243723338596,humidity,airSensors,TLM0103
,,11,2026-09-20T01:12:24Z,35.57720475284715,humidity,airSensors,TLM0103
,,11,2026-09-20T01:12:34Z,35.5337542727296,humidity,airSensors,TLM0103
,,11,2026-09-20T01:12:44Z,35.52132489660553,humidity,airSensors,TLM0103
,,11,2026-09-20T01:12:54Z,35.523300610844245,humidity,airSensors,TLM0103
,,11,2026-09-20T01:13:04Z,35.517707921453024,humidity,airSensors,TLM0103
,,11,2026-09-20T01:13:14Z,35.50772112592048,humidity,airSensors,TLM0103
,,11,2026-09-20T01:13:24Z,35.48285209661224,humidity,airSensors,TLM0103
,,11,2026-09-20T01:13:34Z,35.50735502267835,humidity,airSensors,TLM0103
,,11,2026-09-20T01:13:44Z,35.46807683776231,humidity,airSensors,TLM0103
,,11,2026-09-20T01:13:54Z,35.47054524516541,humidity,airSensors,TLM0103
,,11,2026-09-20T01:14:04Z,35.51702534776054,humidity,airSensors,TLM0103
,,11,2026-09-20T01:14:14Z,35.56424206568975,humidity,airSensors,TLM0103
,,11,2026-09-20T01:14:24Z,35.527195320592746,humidity,airSensors,TLM0103
,,11,2026-09-20T01:14:34Z,35.53988860023921,humidity,airSensors,TLM0103
,,11,2026-09-20T01:14:44Z,35.537472792755395,humidity,airSensors,TLM0103
,,11,2026-09-20T01:14:54Z,35.4946009378743,humidity,airSensors,TLM0103
,,11,2026-09-20T01:15:04Z,35.512404932564465,humidity,airSensors,TLM0103
,,11,2026-09-20T01:15:14Z,35.53169774174976,humidity,airSensors,TLM0103
,,11,2026-09-20T01:15:24Z,35.566822931069254,humidity,airSensors,TLM0103
,,11,2026-09-20T01:15:34Z,35.59318153534586,humidity,airSensors,TLM0103
,,11,2026-09-20T01:15:44Z,35.56632379149818,humidity,airSensors,TLM0103
,,11,2026-09-20T01:15:54Z,35.52811831510305,humidity,airSensors,TLM0103
,,11,2026-09-20T01:16:04Z,35.54655772079899,humidity,airSensors,TLM0103
,,11,2026-09-20T01:16:14Z,35.570922439928445,humidity,airSensors,TLM0103
,,11,2026-09-20T01:16:24Z,35.54658583452365,humidity,airSensors,TLM0103
,,11,2026-09-20T01:16:34Z,35.50920521469021,humidity,airSensors,TLM0103
,,11,2026-09-20T01:16:44Z,35.47650857257475,humidity,airSensors,TLM0103
,,11,2026-09-20T01:16:54Z,35.482560396945615,humidity,airSensors,TLM0103
,,11,2026-09-20T01:17:04Z,35.48270415796898,humidity,airSensors,TLM0103
,,11,2026-09-20T01:17:14Z,35.51650341666448,humidity,airSensors,TLM0103
,,11,2026-09-20T01:17:24Z,35.55262903107604,humidity,airSensors,TLM0103
,,11,2026-09-20T01:17:34Z,35.53948968346681,humidity,airSensors,TLM0103
,,11,2026-09-20T01:17:44Z,35.580709927170574,humidity,airSensors,TLM0103
,,11,2026-09-20T01:17:54Z,35.53937205596229,humidity,airSensors,TLM0103
,,11,2026-09-20T01:18:04Z,35.52082140105747,humidity,airSensors,TLM0103
,,11,2026-09-20T01:18:14Z,35.50528473048929,humidity,airSensors,TLM0103
,,11,2026-09-20T01:18:24Z,35.54956853143077,humidity,airSensors,TLM0103
,,11,2026-09-20T01:18:34Z,35.58578922228669,humidity,airSensors,TLM0103
,,11,2026-09-20T01:18:44Z,35.58885417642161,humidity,airSensors,TLM0103
,,11,2026-09-20T01:18:54Z,35.56727157162188,humidity,airSensors,TLM0103
,,11,2026-09-20T01:19:04Z,35.52614402821467,humidity,airSensors,TLM0103
,,11,2026-09-20T01:19:14Z,35.551067929420604,humidity,airSensors,TLM0103
,,11,2026-09-20T01:19:24Z,35.547630662575244,humidity,airSensors,TLM0103
,,11,2026-09-20T01:19:34Z,35.50746354322586,humidity,airSensors,TLM0103
,,11,2026-09-20T01:19:44Z,35.499788255386335,humidity,airSensors,TLM0103
,,11,2026-09-20T01:19:54Z,35.48144072959402,humidity,airSensors,TLM0103
,,11,2026-09-20T01:20:04Z,35.521929723328014,humidity,airSensors,TLM0103
,,11,2026-09-20T01:20:14Z,35.54744397335872,humidity,airSensors,TLM0103
,,11,2026-09-20T01:20:24Z,35.55876147210689,humidity,airSensors,TLM0103
,,11,2026-09-20T01:20:34Z,35.567970166012174,humidity,airSensors,TLM0103
,,11,2026-09-20T01:20:44Z,35.57883987760957,humidity,airSensors,TLM0103
,,11,2026-09-20T01:20:54Z,35.547373043115094,humidity,airSensors,TLM0103
,,11,2026-09-20T01:21:04Z,35.577707388424166,humidity,airSensors,TLM0103
,,11,2026-09-20T01:21:14Z,35.55827461727794,humidity,airSensors,TLM0103
,,11,2026-09-20T01:21:24Z,35.55581476554124,humidity,airSensors,TLM0103
,,11,2026-09-20T01:21:34Z,35.52987513282476,humidity,airSensors,TLM0103
,,11,2026-09-20T01:21:44Z,35.48918326893175,humidity,airSensors,TLM0103
,,11,2026-09-20T01:21:54Z,35.52167061453002,humidity,airSensors,TLM0103
,,11,2026-09-20T01:22:04Z,35.52606294540755,humidity,airSensors,TLM0103
,,11,2026-09-20T01:22:14Z,35.521917317813546,humidity,airSensors,TLM0103
,,11,2026-09-20T01:22:24Z,35.53844710977367,humidity,airSensors,TLM0103
,,11,2026-09-20T01:22:34Z,35.581368310257005,humidity,airSensors,TLM0103
,,11,2026-09-20T01:22:44Z,35.55898893058973,humidity,airSensors,TLM0103
,,11,2026-09-20T01:22:54Z,35.58878611036946,humidity,airSensors,TLM0103
,,11,2026-09-20T01:23:04Z,35.573026331894134,humidity,airSensors,TLM0103
,,11,2026-09-20T01:23:14Z,35.59926411014528,humidity,airSensors,TLM0103
,,11,2026-09-20T01:23:24Z,35.59988247764417,humidity,airSensors,TLM0103
,,11,2026-09-20T01:23:34Z,35.61007417041348,humidity,airSensors,TLM0103
,,11,2026-09-20T01:23:44Z,35.58371131243114,humidity,airSensors,TLM0103
,,11,2026-09-20T01:23:54Z,35.615215782633484,humidity,airSensors,TLM0103
,,11,2026-09-20T01:24:04Z,35.56799911939987,humidity,airSensors,TLM0103
,,11,2026-09-20T01:24:14Z,35.55335053625314,humidity,airSensors,TLM0103
,,11,2026-09-20T01:24:24Z,35.53339107703898,humidity,airSensors,TLM0103
,,11,2026-09-20T01:24:34Z,35.49289285822815,humidity,airSensors,TLM0103
,,11,2026-09-20T01:24:44Z,35.48002699928662,humidity,airSensors,TLM0103
,,11,2026-09-20T01:24:54Z,35.45474589993852,humidity,airSensors,TLM0103
,,11,2026-09-20T01:25:04Z,35.446470548855174,humidity,airSensors,TLM0103
,,11,2026-09-20T01:25:14Z,35.44971863869454,humidity,airSensors,TLM0103
,,11,2026-09-20T01:25:24Z,35.486993720491206,humidity,airSensors,TLM0103
,,11,2026-09-20T01:25:34Z,35.49269293031873,humidity,airSensors,TLM0103
,,11,2026-09-20T01:25:44Z,35.50130310350884,humidity,airSensors,TLM0103
,,11,2026-09-20T01:25:54Z,35.47894571399314,humidity,airSensors,TLM0103
,,11,2026-09-20T01:26:04Z,35.52003194759535,humidity,airSensors,TLM0103
,,11,2026-09-20T01:26:14Z,35.47726870579663,humidity,airSensors,TLM0103
,,11,2026-09-20T01:26:24Z,35.44226014078359,humidity,airSensors,TLM0103
,,11,2026-09-20T01:26:34Z,35.43072581499489,humidity,airSensors,TLM0103
,,11,2026-09-20T01:26:44Z,35.47560123975601,humidity,airSensors,TLM0103
,,11,2026-09-20T01:26:54Z,35.49268501860281,humidity,airSensors,TLM0103
,,11,2026-09-20T01:27:04Z,35.44950819164132,humidity,airSensors,TLM0103
,,11,2026-09-20T01:27:14Z,35.43079678906507,humidity,airSensors,TLM0103
,,11,2026-09-20T01:27:24Z,35.424587183385654,humidity,airSensors,TLM0103
,,11,2026-09-20T01:27:34Z,35.39421466127809,humidity,airSensors,TLM0103
,,11,2026-09-20T01:27:44Z,35.41888103837025,humidity,airSensors,TLM0103
,,11,2026-09-20T01:27:54Z,35.37173168617048,humidity,airSensors,TLM0103
,,11,2026-09-20T01:28:04Z,35.34909961860366,humidity,airSensors,TLM0103
,,11,2026-09-20T01:28:14Z,35.303000602780955,humidity,airSensors,TLM0103
,,11,2026-09-20T01:28:24Z,35.35169831900749,humidity,airSensors,TLM0103
,,11,2026-09-20T01:28:34Z,35.372325393144834,humidity,airSensors,TLM0103
,,11,2026-09-20T01:28:44Z,35.33514291575602,humidity,airSensors,TLM0103
,,11,2026-09-20T01:28:54Z,35.31328803381484,humidity,airSensors,TLM0103
,,11,2026-09-20T01:29:04Z,35.36280441402647,humidity,airSensors,TLM0103
,,11,2026-09-20T01:29:14Z,35.37919930444946,humidity,airSensors,TLM0103
,,11,2026-09-20T01:29:24Z,35.40686660725001,humidity,airSensors,TLM0103
,,11,2026-09-20T01:29:34Z,35.36773757606695,humidity,airSensors,TLM0103
,,11,2026-09-20T01:29:44Z,35.3313234553694,humidity,airSensors,TLM0103
,,11,2026-09-20T01:29:54Z,35.32099566117833,humidity,airSensors,TLM0103
,,11,2026-09-20T01:30:04Z,35.30579202578422,humidity,airSensors,TLM0103
,,11,2026-09-20T01:30:14Z,35.303834111341246,humidity,airSensors,TLM0103
,,11,2026-09-20T01:30:24Z,35.26523844367379,humidity,airSensors,TLM0103
,,11,2026-09-20T01:30:34Z,35.24516932947384,humidity,airSensors,TLM0103
,,11,2026-09-20T01:30:44Z,35.279964200908616,humidity,airSensors,TLM0103
,,11,2026-09-20T01:30:54Z,35.24116733116766,humidity,airSensors,TLM0103
,,11,2026-09-20T01:31:04Z,35.22772369013077,humidity,airSensors,TLM0103
,,11,2026-09-20T01:31:14Z,35.23147502619246,humidity,airSensors,TLM0103
,,11,2026-09-20T01:31:24Z,35.23083931758872,humidity,airSensors,TLM0103
,,11,2026-09-20T01:31:34Z,35.22364358500248,humidity,airSensors,TLM0103
,,11,2026-09-20T01:31:44Z,35.21061133361637,humidity,airSensors,TLM0103
,,11,2026-09-20T01:31:54Z,35.186476457887,humidity,airSensors,TLM0103
,,11,2026-09-20T01:32:04Z,35.21889855650811,humidity,airSensors,TLM0103
,,11,2026-09-20T01:32:14Z,35.24916225844341,humidity,airSensors,TLM0103
,,11,2026-09-20T01:32:24Z,35.28584305491236,humidity,airSensors,TLM0103
,,11,2026-09-20T01:32:34Z,35.328538759816105,humidity,airSensors,TLM0103
,,11,2026-09-20T01:32:44Z,35.34831954822292,humidity,airSensors,TLM0103
,,11,2026-09-20T01:32:54Z,35.356487290891145,humidity,airSensors,TLM0103
,,11,2026-09-20T01:33:04Z,35.36571624390808,humidity,airSensors,TLM0103
,,11,2026-09-20T01:33:14Z,35.373196242446,humidity,airSensors,TLM0103
,,11,2026-09-20T01:33:24Z,35.422131337191125,humidity,airSensors,TLM0103
,,11,2026-09-20T01:33:34Z,35.414478004140825,humidity,airSensors,TLM0103
,,11,2026-09-20T01:33:44Z,35.40676470471538,humidity,airSensors,TLM0103
,,11,2026-09-20T01:33:54Z,35.4453768747318,humidity,airSensors,TLM0103
,,11,2026-09-20T01:34:04Z,35.4411391041986,humidity,airSensors,TLM0103
,,11,2026-09-20T01:34:14Z,35.48568475432338,humidity,airSensors,TLM0103
,,11,2026-09-20T01:34:24Z,35.52603862818305,humidity,airSensors,TLM0103
,,11,2026-09-20T01:34:34Z,35.5287788846273,humidity,airSensors,TLM0103
,,11,2026-09-20T01:34:44Z,35.57173635715171,humidity,airSensors,TLM0103
,,11,2026-09-20T01:34:54Z,35.53124431744482,humidity,airSensors,TLM0103
,,11,2026-09-20T01:35:04Z,35.53541492747514,humidity,airSensors,TLM0103
,,11,2026-09-20T01:35:14Z,35.50900725480708,humidity,airSensors,TLM0103
,,11,2026-09-20T01:35:24Z,35.52846781196026,humidity,airSensors,TLM0103
,,11,2026-09-20T01:35:34Z,35.51377679640929,humidity,airSensors,TLM0103
,,11,2026-09-20T01:35:44Z,35.467257734972605,humidity,airSensors,TLM0103
,,11,2026-09-20T01:35:54Z,35.462715762149536,humidity,airSensors,TLM0103
,,11,2026-09-20T01:36:04Z,35.43006190639233,humidity,airSensors,TLM0103
,,11,2026-09-20T01:36:14Z,35.392970034451636,humidity,airSensors,TLM0103
,,11,2026-09-20T01:36:24Z,35.362751477805666,humidity,airSensors,TLM0103
,,11,2026-09-20T01:36:34Z,35.35809298835561,humidity,airSensors,TLM0103
,,11,2026-09-20T01:36:44Z,35.35841265429324,humidity,airSensors,TLM0103
,,11,2026-09-20T01:36:54Z,35.34391618963379,humidity,airSensors,TLM0103
,,11,2026-09-20T01:37:04Z,35.378808515565346,humidity,airSensors,TLM0103
,,11,2026-09-20T01:37:14Z,35.392867650645194,humidity,airSensors,TLM0103
,,11,2026-09-20T01:37:24Z,35.34752244389799,humidity,airSensors,TLM0103
,,11,2026-09-20T01:37:34Z,35.391982603404,humidity,airSensors,TLM0103
,,11,2026-09-20T01:37:44Z,35.39183277218874,humidity,airSensors,TLM0103
,,11,2026-09-20T01:37:54Z,35.36053482317766,humidity,airSensors,TLM0103
,,11,2026-09-20T01:38:04Z,35.32289870320919,humidity,airSensors,TLM0103
,,11,2026-09-20T01:38:14Z,35.31652668719428,humidity,airSensors,TLM0103
,,11,2026-09-20T01:38:24Z,35.358285638077106,humidity,airSensors,TLM0103
,,11,2026-09-20T01:38:34Z,35.3635538600792,humidity,airSensors,TLM0103
,,11,2026-09-20T01:38:44Z,35.41113875918019,humidity,airSensors,TLM0103
,,11,2026-09-20T01:38:54Z,35.43962031829809,humidity,airSensors,TLM0103
,,11,2026-09-20T01:39:04Z,35.472346160006694,humidity,airSensors,TLM0103
,,11,2026-09-20T01:39:14Z,35.4387291724259,humidity,airSensors,TLM0103
,,11,2026-09-20T01:39:24Z,35.43701164910173,humidity,airSensors,TLM0103
,,11,2026-09-20T01:39:34Z,35.45224882964881,humidity,airSensors,TLM0103
,,11,2026-09-20T01:39:44Z,35.42504630609381,humidity,airSensors,TLM0103
,,11,2026-09-20T01:39:54Z,35.42064722387193,humidity,airSensors,TLM0103
,,12,2026-09-20T00:39:54Z,35.81148493312762,humidity,airSensors,TLM0200
,,12,2026-09-20T00:40:04Z,35.789788498892115,humidity,airSensors,TLM0200
,,12,2026-09-20T00:40:14Z,35.82366965945141,humidity,airSensors,TLM0200
,,12,2026-09-20T00:40:24Z,35.77372818834581,humidity,airSensors,TLM0200
,,12,2026-09-20T00:40:34Z,35.79898315302536,humidity,airSensors,TLM0200
,,12,2026-09-20T00:40:44Z,35.80220959906665,humidity,airSensors,TLM0200
,,12,2026-09-20T00:40:54Z,35.834257576007495,humidity,airSensors,TLM0200
,,12,2026-09-20T00:41:04Z,35.86559143470621,humidity,airSensors,TLM0200
,,12,2026-09-20T00:41:14Z,35.81886204753532,humidity,airSensors,TLM0200
,,12,2026-09-20T00:41:24Z,35.80125430350961,humidity,airSensors,TLM0200
,,12,2026-09-20T00:41:34Z,35.83385038667391,humidity,airSensors,TLM0200
,,12,2026-09-20T00:41:44Z,35.82923073448598,humidity,airSensors,TLM0200
,,12,2026-09-20T00:41:54Z,35.84210785752161,humidity,airSensors,TLM0200
,,12,2026-09-20T00:42:04Z,35.88836892011694,humidity,airSensors,TLM0200
,,12,2026-09-20T00:42:14Z,35.89293114390737,humidity,airSensors,TLM0200
,,12,2026-09-20T00:42:24Z,35.91813695256782,humidity,airSensors,TLM0200
,,12,2026-09-20T00:42:34Z,35.90092333015418,humidity,airSensors,TLM0200
,,12,2026-09-20T00:42:44Z,35.95084285549163,humidity,airSensors,TLM0200
,,12,2026-09-20T00:42:54Z,35.95783524640566,humidity,airSensors,TLM0200
,,12,2026-09-20T00:43:04Z,35.94737958459675,humidity,airSensors,TLM0200
,,12,2026-09-20T00:43:14Z,35.98146272504403,humidity,airSensors,TLM0200
,,12,2026-09-20T00:43:24Z,35.9806082183257,humidity,airSensors,TLM0200
,,12,2026-09-20T00:43:34Z,35.94357451935185,humidity,airSensors,TLM0200
,,12,2026-09-20T00:43:44Z,35.898565226856434,humidity,airSensors,TLM0200
,,12,2026-09-20T00:43:54Z,35.9084767556939,humidity,airSensors,TLM0200
,,12,2026-09-20T00:44:04Z,35.905644691534356,humidity,airSensors,TLM0200
,,12,2026-09-20T00:44:14Z,35.94315088233157,humidity,airSensors,TLM0200
,,12,2026-09-20T00:44:24Z,35.989861502829285,humidity,airSensors,TLM0200
,,12,2026-09-20T00:44:34Z,36.03661032088434,humidity,airSensors,TLM0200
,,12,2026-09-20T00:44:44Z,36.038542932985024,humidity,airSensors,TLM0200
,,12,2026-09-20T00:44:54Z,35.989932125322845,humidity,airSensors,TLM0200
,,12,2026-09-20T00:45:04Z,36.010690090931554,humidity,airSensors,TLM0200
,,12,2026-09-20T00:45:14Z,36.0457422371061,humidity,airSensors,TLM0200
,,12,2026-09-20T00:45:24Z,36.08325761079691,humidity,airSensors,TLM0200
,,12,2026-09-20T00:45:34Z,36.1137600319348,humidity,airSensors,TLM0200
,,12,2026-09-20T00:45:44Z,36.096052277857225,humidity,airSensors,TLM0200
,,12,2026-09-20T00:45:54Z,36.064465414584376,humidity,airSensors,TLM0200
,,12,2026-09-20T00:46:04Z,36.05269047242325,humidity,airSensors,TLM0200
,,12,2026-09-20T00:46:14Z,36.0914668058275,humidity,airSensors,TLM0200
,,12,2026-09-20T00:46:24Z,36.13922277273379,humidity,airSensors,TLM0200
,,12,2026-09-20T00:46:34Z,36.14688786000396,humidity,airSensors,TLM0200
,,12,2026-09-20T00:46:44Z,36.140736887509895,humidity,airSensors,TLM0200
,,12,2026-09-20T00:46:54Z,36.18690139039189,humidity,airSensors,TLM0200
,,12,2026-09-20T00:47:04Z,36.172466021928756,humidity,airSensors,TLM0200
,,12,2026-09-20T00:47:14Z,36.157208396871916,humidity,airSensors,TLM0200
,,12,2026-09-20T00:47:24Z,36.198354944747784,humidity,airSensors,TLM0200
,,12,2026-09-20T00:47:34Z,36.164693237096515,humidity,airSensors,TLM0200
,,12,2026-09-20T00:47:44Z,36.123901932345355,humidity,airSensors,TLM0200
,,12,2026-09-20T00:47:54Z,36.11651868920813,humidity,airSensors,TLM0200
,,12,2026-09-20T00:48:04Z,36.14220803000217,humidity,airSensors,TLM0200
,,12,2026-09-20T00:48:14Z,36.100905555246044,humidity,airSensors,TLM0200
,,12,2026-09-20T00:48:24Z,36.11425471546353,humidity,airSensors,TLM0200
,,12,2026-09-20T00:48:34Z,36.07774947846715,humidity,airSensors,TLM0200
,,12,2026-09-20T00:48:44Z,36.106004834209266,humidity,airSensors,TLM0200
,,12,2026-09-20T00:48:54Z,36.115439730414735,humidity,airSensors,TLM0200
,,12,2026-09-20T00:49:04Z,36.118864366480395,humidity,airSensors,TLM0200
,,12,2026-09-20T00:49:14Z,36.15935082340797,humidity,airSensors,TLM0200
,,12,2026-09-20T00:49:24Z,36.192007090530126,humidity,airSensors,TLM0200
,,12,2026-09-20T00:49:34Z,36.1679287575671,humidity,airSensors,TLM0200
,,12,2026-09-20T00:49:44Z,36.16683349162948,humidity,airSensors,TLM0200
,,12,2026-09-20T00:49:54Z,36.15541575300803,humidity,airSensors,TLM0200
,,12,2026-09-20T00:50:04Z,36.19036801220848,humidity,airSensors,TLM0200
,,12,2026-09-20T00:50:14Z,36.15931774388228,humidity,airSensors,TLM0200
,,12,2026-09-20T00:50:24Z,36.183960240729,humidity,airSensors,TLM0200
,,12,2026-09-20T00:50:34Z,36.159009477163934,humidity,airSensors,TLM0200
,,12,2026-09-20T00:50:44Z,36.14367532669202,humidity,airSensors,TLM0200
,,12,2026-09-20T00:50:54Z,36.11823173947531,humidity,airSensors,TLM0200
,,12,2026-09-20T00:51:04Z,36.09097085016137,humidity,airSensors,TLM0200
,,12,2026-09-20T00:51:14Z,36.088200734907254,humidity,airSensors,TLM0200
,,12,2026-09-20T00:51:24Z,36.065650421569075,humidity,airSensors,TLM0200
,,12,2026-09-20T00:51:34Z,36.072422705662596,humidity,airSensors,TLM0200
,,12,2026-09-20T00:51:44Z,36.108563173081656,humidity,airSensors,TLM0200
,,12,2026-09-20T00:51:54Z,36.088054466933166,humidity,airSensors,TLM0200
,,12,2026-09-20T00:52:04Z,36.10803301887071,humidity,airSensors,TLM0200
,,12,2026-09-20T00:52:14Z,36.09663927635026,humidity,airSensors,TLM0200
,,12,2026-09-20T00:52:24Z,36.05535114556243,humidity,airSensors,TLM0200
,,12,2026-09-20T00:52:34Z,36.067411225712696,humidity,airSensors,TLM0200
,,12,2026-09-20T00:52:44Z,36.08676432538371,humidity,airSensors,TLM0200
,,12,2026-09-20T00:52:54Z,36.07845775702414,humidity,airSensors,TLM0200
,,12,2026-09-20T00:53:04Z,36.100083249971554,humidity,airSensors,TLM0200
,,12,2026-09-20T00:53:14Z,36.12725907075998,humidity,airSensors,TLM0200
,,12,2026-09-20T00:53:24Z,36.09381974069156,humidity,airSensors,TLM0200
,,12,2026-09-20T00:53:34Z,36.07940002586973,humidity,airSensors,TLM0200
,,12,2026-09-20T00:53:44Z,36.107674363437326,humidity,airSensors,TLM0200
,,12,2026-09-20T00:53:54Z,36.15552560236663,humidity,airSensors,TLM0200
,,12,2026-09-20T00:54:04Z,36.14464073818668,humidity,airSensors,TLM0200
,,12,2026-09-20T00:54:14Z,36.15503022238411,humidity,airSensors,TLM0200
,,12,2026-09-20T00:54:24Z,36.15288146267593,humidity,airSensors,TLM0200
,,12,2026-09-20T00:54:34Z,36.15929327026363,humidity,airSensors,TLM0200
,,12,2026-09-20T00:54:44Z,36.11259366501162,humidity,airSensors,TLM0200
,,12,2026-09-20T00:54:54Z,36.143515021814984,humidity,airSensors,TLM0200
,,12,2026-09-20T00:55:04Z,36.1393845557674,humidity,airSensors,TLM0200
,,12,2026-09-20T00:55:14Z,36.10218584047158,humidity,airSensors,TLM0200
,,12,2026-09-20T00:55:24Z,36.05981035067297,humidity,airSensors,TLM0200
,,12,2026-09-20T00:55:34Z,36.04431345139926,humidity,airSensors,TLM0200
,,12,2026-09-20T00:55:44Z,36.092204625243326,humidity,airSensors,TLM0200
,,12,2026-09-20T00:55:54Z,36.1294220140123,humidity,airSensors,TLM0200
,,12,2026-09-20T00:56:04Z,36.104341052679885,humidity,airSensors,TLM0200
,,12,2026-09-20T00:56:14Z,36.136215324486145,humidity,airSensors,TLM0200
,,12,2026-09-20T00:56:24Z,36.101756087053495,humidity,airSensors,TLM0200
,,12,2026-09-20T00:56:34Z,36.109628202656936,humidity,airSensors,TLM0200
,,12,2026-09-20T00:56:44Z,36.0912409052946,humidity,airSensors,TLM0200
,,12,2026-09-20T00:56:54Z,36.084598756582274,humidity,airSensors,TLM0200
,,12,2026-09-20T00:57:04Z,36.10104304488573,humidity,airSensors,TLM0200
,,12,2026-09-20T00:57:14Z,36.09497315943296,humidity,airSensors,TLM0200
,,12,2026-09-20T00:57:24Z,36.067039013231756,humidity,airSensors,TLM0200
,,12,2026-09-20T00:57:34Z,36.08199071714228,humidity,airSensors,TLM0200
,,12,2026-09-20T00:57:44Z,36.08239061292562,humidity,airSensors,TLM0200
,,12,2026-09-20T00:57:54Z,36.035490202261,humidity,airSensors,TLM0200
,,12,2026-09-20T00:58:04Z,36.07297591000701,humidity,airSensors,TLM0200
,,12,2026-09-20T00:58:14Z,36.092152853799476,humidity,airSensors,TLM0200
,,12,2026-09-20T00:58:24Z,36.09948148201261,humidity,airSensors,TLM0200
,,12,2026-09-20T00:58:34Z,36.080528993823734,humidity,airSensors,TLM0200
,,12,2026-09-20T00:58:44Z,36.09797619961961,humidity,airSensors,TLM0200
,,12,2026-09-20T00:58:54Z,36.07122687522003,humidity,airSensors,TLM0200
,,12,2026-09-20T00:59:04Z,36.09818286259551,humidity,airSensors,TLM0200
,,12,2026-09-20T00:59:14Z,36.09121413622434,humidity,airSensors,TLM0200
,,12,2026-09-20T00:59:24Z,36.09948584524362,humidity,airSensors,TLM0200
,,12,2026-09-20T00:59:34Z,36.108314180857754,humidity,airSensors,TLM0200
,,12,2026-09-20T00:59:44Z,36.09848889902106,humidity,airSensors,TLM0200
,,12,2026-09-20T00:59:54Z,36.095250036955214,humidity,airSensors,TLM0200
,,12,2026-09-20T01:00:04Z,36.102609636294936,humidity,airSensors,TLM0200
,,12,2026-09-20T01:00:14Z,36.07690494085717,humidity,airSensors,TLM0200
,,12,2026-09-20T01:00:24Z,36.09622726724073,humidity,airSensors,TLM0200
,,12,2026-09-20T01:00:34Z,36.1081460829318,humidity,airSensors,TLM0200
,,12,2026-09-20T01:00:44Z,36.079054894220576,humidity,airSensors,TLM0200
,,12,2026-09-20T01:00:54Z,36.12835012449422,humidity,airSensors,TLM0200
,,12,2026-09-20T01:01:04Z,36.135303967470165,humidity,airSensors,TLM0200
,,12,2026-09-20T01:01:14Z,36.09454120078483,humidity,airSensors,TLM0200
,,12,2026-09-20T01:01:24Z,36.05925380513815,humidity,airSensors,TLM0200
,,12,2026-09-20T01:01:34Z,36.019106914085214,humidity,airSensors,TLM0200
,,12,2026-09-20T01:01:44Z,36.03497754109901,humidity,airSensors,TLM0200
,,12,2026-09-20T01:01:54Z,36.025710182754835,humidity,airSensors,TLM0200
,,12,2026-09-20T01:02:04Z,36.04345388085589,humidity,airSensors,TLM0200
,,12,2026-09-20T01:02:14Z,36.01362262039948,humidity,airSensors,TLM0200
,,12,2026-09-20T01:02:24Z,36.03368568962016,humidity,airSensors,TLM0200
,,12,2026-09-20T01:02:34Z,36.01824760601423,humidity,airSensors,TLM0200
,,12,2026-09-20T01:02:44Z,36.02366475660984,humidity,airSensors,TLM0200
,,12,2026-09-20T01:02:54Z,36.06818688813304,humidity,airSensors,TLM0200
,,12,2026-09-20T01:03:04Z,36.082437132740765,humidity,airSensors,TLM0200
,,12,2026-09-20T01:03:14Z,36.05255039354547,humidity,airSensors,TLM0200
,,12,2026-09-20T01:03:24Z,36.09933594678188,humidity,airSensors,TLM0200
,,12,2026-09-20T01:03:34Z,36.09177724991939,humidity,airSensors,TLM0200
,,12,2026-09-20T01:03:44Z,36.06074735582864,humidity,airSensors,TLM0200
,,12,2026-09-20T01:03:54Z,36.02772604007171,humidity,airSensors,TLM0200
,,12,2026-09-20T01:04:04Z,36.0643485422638,humidity,airSensors,TLM0200
,,12,2026-09-20T01:04:14Z,36.03139706684389,humidity,airSensors,TLM0200
,,12,2026-09-20T01:04:24Z,35.98967519793572,humidity,airSensors,TLM0200
,,12,2026-09-20T01:04:34Z,35.96446555476347,humidity,airSensors,TLM0200
,,12,2026-09-20T01:04:44Z,35.91893816666942,humidity,airSensors,TLM0200
,,12,2026-09-20T01:04:54Z,35.90475668004881,humidity,airSensors,TLM0200
,,12,2026-09-20T01:05:04Z,35.92990760419308,humidity,airSensors,TLM0200
,,12,2026-09-20T01:05:14Z,35.91808297925598,humidity,airSensors,TLM0200
,,12,2026-09-20T01:05:24Z,35.8684448068295,humidity,airSensors,TLM0200
,,12,2026-09-20T01:05:34Z,35.89152751136316,humidity,airSensors,TLM0200
,,12,2026-09-20T01:05:44Z,35.892130423757585,humidity,airSensors,TLM0200
,,12,2026-09-20T01:05:54Z,35.92301222279149,humidity,airSensors,TLM0200
,,12,2026-09-20T01:06:04Z,35.94871005582184,humidity,airSensors,TLM0200
,,12,2026-09-20T01:06:14Z,35.932721544627874,humidity,airSensors,TLM0200
,,12,2026-09-20T01:06:24Z,35.89239312379045,humidity,airSensors,TLM0200
,,12,2026-09-20T01:06:34Z,35.90621817182191,humidity,airSensors,TLM0200
,,12,2026-09-20T01:06:44Z,35.9031055960813,humidity,airSensors,TLM0200
,,12,2026-09-20T01:06:54Z,35.91942941640954,humidity,airSensors,TLM0200
,,12,2026-09-20T01:07:04Z,35.87670053747851,humidity,airSensors,TLM0200
,,12,2026-09-20T01:07:14Z,35.858219295850766,humidity,airSensors,TLM0200
,,12,2026-09-20T01:07:24Z,35.901631327640835,humidity,airSensors,TLM0200
,,12,2026-09-20T01:07:34Z,35.85627117302234,humidity,airSensors,TLM0200
,,12,2026-09-20T01:07:44Z,35.875820011690394,humidity,airSensors,TLM0200
,,12,2026-09-20T01:07:54Z,35.916205366031924,humidity,airSensors,TLM0200
,,12,2026-09-20T01:08:04Z,35.87985602273842,humidity,airSensors,TLM0200
,,12,2026-09-20T01:08:14Z,35.916466136592526,humidity,airSensors,TLM0200
,,12,2026-09-20T01:08:24Z,35.880935808978414,humidity,airSensors,TLM0200
,,12,2026-09-20T01:08:34Z,35.89906500839886,humidity,airSensors,TLM0200
,,12,2026-09-20T01:08:44Z,35.85180356951508,humidity,airSensors,TLM0200
,,12,2026-09-20T01:08:54Z,35.809654282511964,humidity,airSensors,TLM0200
,,12,2026-09-20T01:09:04Z,35.84953748849519,humidity,airSensors,TLM0200
,,12,2026-09-20T01:09:14Z,35.81938103886677,humidity,airSensors,TLM0200
,,12,2026-09-20T01:09:24Z,35.8536838104263,humidity,airSensors,TLM0200
,,12,2026-09-20T01:09:34Z,35.827644397541604,humidity,airSensors,TLM0200
,,12,2026-09-20T01:09:44Z,35.86891931009127,humidity,airSensors,TLM0200
,,12,2026-09-20T01:09:54Z,35.879979065842456,humidity,airSensors,TLM0200
,,12,2026-09-20T01:10:04Z,35.90716026556006,humidity,airSensors,TLM0200
,,12,2026-09-20T01:10:14Z,35.95493909488119,humidity,airSensors,TLM0200
,,12,2026-09-20T01:10:24Z,35.94974371849259,humidity,airSensors,TLM0200
,,12,2026-09-20T01:10:34Z,35.96258374046266,humidity,airSensors,TLM0200
,,12,2026-09-20T01:10:44Z,36.01252231524291,humidity,airSensors,TLM0200
,,12,2026-09-20T01:10:54Z,36.04167020281743,humidity,airSensors,TLM0200
,,12,2026-09-20T01:11:04Z,36.02129074127767,humidity,airSensors,TLM0200
,,12,2026-09-20T01:11:14Z,36.03823094370457,humidity,airSensors,TLM0200
,,12,2026-09-20T01:11:24Z,36.05933566032768,humidity,airSensors,TLM0200
,,12,2026-09-20T01:11:34Z,36.066076524616776,humidity,airSensors,TLM0200
,,12,2026-09-20T01:11:44Z,36.025465448843505,humidity,airSensors,TLM0200
,,12,2026-09-20T01:11:54Z,36.06840681532242,humidity,airSensors,TLM0200
,,12,2026-09-20T01:12:04Z,36.04936434546921,humidity,airSensors,TLM0200
,,12,2026-09-20T01:12:14Z,36.09344194369547,humidity,airSensors,TLM0200
,,12,2026-09-20T01:12:24Z,36.11359396944155,humidity,airSensors,TLM0200
,,12,2026-09-20T01:12:34Z,36.15570714970509,humidity,airSensors,TLM0200
,,12,2026-09-20T01:12:44Z,36.12992611156356,humidity,airSensors,TLM0200
,,12,2026-09-20T01:12:54Z,36.137462033515696,humidity,airSensors,TLM0200
,,12,2026-09-20T01:13:04Z,36.09286280271385,humidity,airSensors,TLM0200
,,12,2026-09-20T01:13:14Z,36.0642234283028,humidity,airSensors,TLM0200
,,12,2026-09-20T01:13:24Z,36.04245131533132,humidity,airSensors,TLM0200
,,12,2026-09-20T01:13:34Z,36.031433634124646,humidity,airSensors,TLM0200
,,12,2026-09-20T01:13:44Z,36.00551367118647,humidity,airSensors,TLM0200
,,12,2026-09-20T01:13:54Z,36.027101334747435,humidity,airSensors,TLM0200
,,12,2026-09-20T01:14:04Z,36.00940915139085,humidity,airSensors,TLM0200
,,12,2026-09-20T01:14:14Z,35.98077206752729,humidity,airSensors,TLM0200
,,12,2026-09-20T01:14:24Z,35.98006253430437,humidity,airSensors,TLM0200
,,12,2026-09-20T01:14:34Z,36.009382493582606,humidity,airSensors,TLM0200
,,12,2026-09-20T01:14:44Z,36.05118882696883,humidity,airSensors,TLM0200
,,12,2026-09-20T01:14:54Z,36.07647391758993,humidity,airSensors,TLM0200
,,12,2026-09-20T01:15:04Z,36.070785783789574,humidity,airSensors,TLM0200
,,12,2026-09-20T01:15:14Z,36.09787404973836,humidity,airSensors,TLM0200
,,12,2026-09-20T01:15:24Z,36.122988952076575,humidity,airSensors,TLM0200
,,12,2026-09-20T01:15:34Z,36.09893308456539,humidity,airSensors,TLM0200
,,12,2026-09-20T01:15:44Z,36.08726501815832,humidity,airSensors,TLM0200
,,12,2026-09-20T01:15:54Z,36.07710071385731,humidity,airSensors,TLM0200
,,12,2026-09-20T01:16:04Z,36.120007499808594,humidity,airSensors,TLM0200
,,12,2026-09-20T01:16:14Z,36.125275059266606,humidity,airSensors,TLM0200
,,12,2026-09-20T01:16:24Z,36.07847745484237,humidity,airSensors,TLM0200
,,12,2026-09-20T01:16:34Z,36.05758905198869,humidity,airSensors,TLM0200
,,12,2026-09-20T01:16:44Z,36.01663441945903,humidity,airSensors,TLM0200
,,12,2026-09-20T01:16:54Z,36.066603885555004,humidity,airSensors,TLM0200
,,12,2026-09-20T01:17:04Z,36.07553370768083,humidity,airSensors,TLM0200
,,12,2026-09-20T01:17:14Z,36.08210658305298,humidity,airSensors,TLM0200
,,12,2026-09-20T01:17:24Z,36.06883396247913,humidity,airSensors,TLM0200
,,12,2026-09-20T01:17:34Z,36.096263209167326,humidity,airSensors,TLM0200
,,12,2026-09-20T01:17:44Z,36.10933418281229,humidity,airSensors,TLM0200
,,12,2026-09-20T01:17:54Z,36.119303940538465,humidity,airSensors,TLM0200
,,12,2026-09-20T01:18:04Z,36.151791695872824,humidity,airSensors,TLM0200
,,12,2026-09-20T01:18:14Z,36.14845563455644,humidity,airSensors,TLM0200
,,12,2026-09-20T01:18:24Z,36.13548060522758,humidity,airSensors,TLM0200
,,12,2026-09-20T01:18:34Z,36.14618012534183,humidity,airSensors,TLM0200
,,12,2026-09-20T01:18:44Z,36.13251469679822,humidity,airSensors,TLM0200
,,12,2026-09-20T01:18:54Z,36.112168643427964,humidity,airSensors,TLM0200
,,12,2026-09-20T01:19:04Z,36.14198825305053,humidity,airSensors,TLM0200
,,12,2026-09-20T01:19:14Z,36.134902687872845,humidity,airSensors,TLM0200
,,12,2026-09-20T01:19:24Z,36.13116496858152,humidity,airSensors,TLM0200
,,12,2026-09-20T01:19:34Z,36.115287908320234,humidity,airSensors,TLM0200
,,12,2026-09-20T01:19:44Z,36.143712169343644,humidity,airSensors,TLM0200
,,12,2026-09-20T01:19:54Z,36.19255964113958,humidity,airSensors,TLM0200
,,12,2026-09-20T01:20:04Z,36.22836245917407,humidity,airSensors,TLM0200
,,12,2026-09-20T01:20:14Z,36.2747095827129,humidity,airSensors,TLM0200
,,12,2026-09-20T01:20:24Z,36.241802555566935,humidity,airSensors,TLM0200
,,12,2026-09-20T01:20:34Z,36.21463100198636,humidity,airSensors,TLM0200
,,12,2026-09-20T01:20:44Z,36.181052077031936,humidity,airSensors,TLM0200
,,12,2026-09-20T01:20:54Z,36.18151619785005,humidity,airSensors,TLM0200
,,12,2026-09-20T01:21:04Z,36.150719427874,humidity,airSensors,TLM0200
,,12,2026-09-20T01:21:14Z,36.177917063421354,humidity,airSensors,TLM0200
,,12,2026-09-20T01:21:24Z,36.15277137670842,humidity,airSensors,TLM0200
,,12,2026-09-20T01:21:34Z,36.16844602502707,humidity,airSensors,TLM0200
,,12,2026-09-20T01:21:44Z,36.17855318722656,humidity,airSensors,TLM0200
,,12,2026-09-20T01:21:54Z,36.19824780867613,humidity,airSensors,TLM0200
,,12,2026-09-20T01:22:04Z,36.20853460240854,humidity,airSensors,TLM0200
,,12,2026-09-20T01:22:14Z,36.19756482876578,humidity,airSensors,TLM0200
,,12,2026-09-20T01:22:24Z,36.180745033862,humidity,airSensors,TLM0200
,,12,2026-09-20T01:22:34Z,36.226994176483544,humidity,airSensors,TLM0200
,,12,2026-09-20T01:22:44Z,36.26668587468655,humidity,airSensors,TLM0200
,,12,2026-09-20T01:22:54Z,36.25775431458355,humidity,airSensors,TLM0200
,,12,2026-09-20T01:23:04Z,36.24945476676502,humidity,airSensors,TLM0200
,,12,2026-09-20T01:23:14Z,36.20479257520478,humidity,airSensors,TLM0200
,,12,2026-09-20T01:23:24Z,36.16043623707142,humidity,airSensors,TLM0200
,,12,2026-09-20T01:23:34Z,36.13440755935043,humidity,airSensors,TLM0200
,,12,2026-09-20T01:23:44Z,36.10964031666111,humidity,airSensors,TLM0200
,,12,2026-09-20T01:23:54Z,36.072426495357796,humidity,airSensors,TLM0200
,,12,2026-09-20T01:24:04Z,36.05033662582243,humidity,airSensors,TLM0200
,,12,2026-09-20T01:24:14Z,36.079199868445734,humidity,airSensors,TLM0200
,,12,2026-09-20T01:24:24Z,36.063357487888446,humidity,airSensors,TLM0200
,,12,2026-09-20T01:24:34Z,36.0503304583952,humidity,airSensors,TLM0200
,,12,2026-09-20T01:24:44Z,36.001322025996046,humidity,airSensors,TLM0200
,,12,2026-09-20T01:24:54Z,36.044381395875476,humidity,airSensors,TLM0200
,,12,2026-09-20T01:25:04Z,36.0067707678714,humidity,airSensors,TLM0200
,,12,2026-09-20T01:25:14Z,35.96118973316366,humidity,airSensors,TLM0200
,,12,2026-09-20T01:25:24Z,36.00848947326507,humidity,airSensors,TLM0200
,,12,2026-09-20T01:25:34Z,35.95868865382015,humidity,airSensors,TLM0200
,,12,2026-09-20T01:25:44Z,35.97823908318975,humidity,airSensors,TLM0200
,,12,2026-09-20T01:25:54Z,36.01816053098304,humidity,airSensors,TLM0200
,,12,2026-09-20T01:26:04Z,35.97939696494111,humidity,airSensors,TLM0200
,,12,2026-09-20T01:26:14Z,35.960678402123136,humidity,airSensors,TLM0200
,,12,2026-09-20T01:26:24Z,36.0059319176364,humidity,airSensors,TLM0200
,,12,2026-09-20T01:26:34Z,36.01321547006323,humidity,airSensors,TLM0200
,,12,2026-09-20T01:26:44Z,35.99347189541216,humidity,airSensors,TLM0200
,,12,2026-09-20T01:26:54Z,35.9992336336306,humidity,airSensors,TLM0200
,,12,2026-09-20T01:27:04Z,35.97651102060028,humidity,airSensors,TLM0200
,,12,2026-09-20T01:27:14Z,36.00270307478891,humidity,airSensors,TLM0200
,,12,2026-09-20T01:27:24Z,35.99601811352638,humidity,airSensors,TLM0200
,,12,2026-09-20T01:27:34Z,36.00973309716966,humidity,airSensors,TLM0200
,,12,2026-09-20T01:27:44Z,35.975533423742526,humidity,airSensors,TLM0200
,,12,2026-09-20T01:27:54Z,35.98535957517688,humidity,airSensors,TLM0200
,,12,2026-09-20T01:28:04Z,35.96440421397546,humidity,airSensors,TLM0200
,,12,2026-09-20T01:28:14Z,35.92663230828564,humidity,airSensors,TLM0200
,,12,2026-09-20T01:28:24Z,35.93266916662797,humidity,airSensors,TLM0200
,,12,2026-09-20T01:28:34Z,35.963261492387495,humidity,airSensors,TLM0200
,,12,2026-09-20T01:28:44Z,35.96707073373383,humidity,airSensors,TLM0200
,,12,2026-09-20T01:28:54Z,36.012170295083706,humidity,airSensors,TLM0200
,,12,2026-09-20T01:29:04Z,35.97582938894313,humidity,airSensors,TLM0200
,,12,2026-09-20T01:29:14Z,35.997282463339246,humidity,airSensors,TLM0200
,,12,2026-09-20T01:29:24Z,35.949776101077944,humidity,airSensors,TLM0200
,,12,2026-09-20T01:29:34Z,35.9288221254659,humidity,airSensors,TLM0200
,,12,2026-09-20T01:29:44Z,35.961307959122024,humidity,airSensors,TLM0200
,,12,2026-09-20T01:29:54Z,35.96304873182018,humidity,airSensors,TLM0200
,,12,2026-09-20T01:30:04Z,35.97439955722331,humidity,airSensors,TLM0200
,,12,2026-09-20T01:30:14Z,35.94040903226848,humidity,airSensors,TLM0200
,,12,2026-09-20T01:30:24Z,35.953967213190644,humidity,airSensors,TLM0200
,,12,2026-09-20T01:30:34Z,35.99764432805533,humidity,airSensors,TLM0200
,,12,2026-09-20T01:30:44Z,36.01911715528177,humidity,airSensors,TLM0200
,,12,2026-09-20T01:30:54Z,36.054198236501385,humidity,airSensors,TLM0200
,,12,2026-09-20T01:31:04Z,36.09158373855197,humidity,airSensors,TLM0200
,,12,2026-09-20T01:31:14Z,36.10410047483005,humidity,airSensors,TLM0200
,,12,2026-09-20T01:31:24Z,36.09954236528302,humidity,airSensors,TLM0200
,,12,2026-09-20T01:31:34Z,36.10459656270755,humidity,airSensors,TLM0200
,,12,2026-09-20T01:31:44Z,36.14251455894817,humidity,airSensors,TLM0200
,,12,2026-09-20T01:31:54Z,36.12285925073253,humidity,airSensors,TLM0200
,,12,2026-09-20T01:32:04Z,36.14665040317812,humidity,airSensors,TLM0200
,,12,2026-09-20T01:32:14Z,36.15227540166141,humidity,airSensors,TLM0200
,,12,2026-09-20T01:32:24Z,36.13443134287033,humidity,airSensors,TLM0200
,,12,2026-09-20T01:32:34Z,36.08700309549231,humidity,airSensors,TLM0200
,,12,2026-09-20T01:32:44Z,36.11772111573667,humidity,airSensors,TLM0200
,,12,2026-09-20T01:32:54Z,36.09234805380241,humidity,airSensors,TLM0200
,,12,2026-09-20T01:33:04Z,36.09126175796044,humidity,airSensors,TLM0200
,,12,2026-09-20T01:33:14Z,36.10720843305266,humidity,airSensors,TLM0200
,,12,2026-09-20T01:33:24Z,36.08793291845054,humidity,airSensors,TLM0200
,,12,2026-09-20T01:33:34Z,36.0539611486315,humidity,airSensors,TLM0200
,,12,2026-09-20T01:33:44Z,36.04836403583386,humidity,airSensors,TLM0200
,,12,2026-09-20T01:33:54Z,36.055605225921454,humidity,airSensors,TLM0200
,,12,2026-09-20T01:34:04Z,36.07742167570361,humidity,airSensors,TLM0200
,,12,2026-09-20T01:34:14Z,36.118255699418015,humidity,airSensors,TLM0200
,,12,2026-09-20T01:34:24Z,36.10131035859095,humidity,airSensors,TLM0200
,,12,2026-09-20T01:34:34Z,36.08229809020439,humidity,airSensors,TLM0200
,,12,2026-09-20T01:34:44Z,36.08083730473729,humidity,airSensors,TLM0200
,,12,2026-09-20T01:34:54Z,36.129046300166024,humidity,airSensors,TLM0200
,,12,2026-09-20T01:35:04Z,36.11004230377298,humidity,airSensors,TLM0200
,,12,2026-09-20T01:35:14Z,36.071476561297494,humidity,airSensors,TLM0200
,,12,2026-09-20T01:35:24Z,36.09596684142085,humidity,airSensors,TLM0200
,,12,2026-09-20T01:35:34Z,36.13140687081193,humidity,airSensors,TLM0200
,,12,2026-09-20T01:35:44Z,36.13810127925351,humidity,airSensors,TLM0200
,,12,2026-09-20T01:35:54Z,36.11523251090089,humidity,airSensors,TLM0200
,,12,2026-09-20T01:36:04Z,36.10326269491853,humidity,airSensors,TLM0200
,,12,2026-09-20T01:36:14Z,36.114729596003436,humidity,airSensors,TLM0200
,,12,2026-09-20T01:36:24Z,36.125676630390146,humidity,airSensors,TLM0200
,,12,2026-09-20T01:36:34Z,36.09247280860303,humidity,airSensors,TLM0200
,,12,2026-09-20T01:36:44Z,36.115390002434175,humidity,airSensors,TLM0200
,,12,2026-09-20T01:36:54Z,36.078489356252305,humidity,airSensors,TLM0200
,,12,2026-09-20T01:37:04Z,36.06723952769179,humidity,airSensors,TLM0200
,,12,2026-09-20T01:37:14Z,36.026999399563856,humidity,airSensors,TLM0200
,,12,2026-09-20T01:37:24Z,36.06949260864217,humidity,airSensors,TLM0200
,,12,2026-09-20T01:37:34Z,36.07833021048632,humidity,airSensors,TLM0200
,,12,2026-09-20T01:37:44Z,36.09198038959383,humidity,airSensors,TLM0200
,,12,2026-09-20T01:37:54Z,36.13221195138144,humidity,airSensors,TLM0200
,,12,2026-09-20T01:38:04Z,36.17240567426483,humidity,airSensors,TLM0200
,,12,2026-09-20T01:38:14Z,36.18784034177624,humidity,airSensors,TLM0200
,,12,2026-09-20T01:38:24Z,36.195440760936066,humidity,airSensors,TLM0200
,,12,2026-09-20T01:38:34Z,36.16528402066886,humidity,airSensors,TLM0200
,,12,2026-09-20T01:38:44Z,36.15450251192433,humidity,airSensors,TLM0200
,,12,2026-09-20T01:38:54Z,36.15501646380441,humidity,airSensors,TLM0200
,,12,2026-09-20T01:39:04Z,36.19749510478595,humidity,airSensors,TLM0200
,,12,2026-09-20T01:39:14Z,36.20065526262558,humidity,airSensors,TLM0200
,,12,2026-09-20T01:39:24Z,36.168851012401355,humidity,airSensors,TLM0200
,,12,2026-09-20T01:39:34Z,36.1834744808612,humidity,airSensors,TLM0200
,,12,2026-09-20T01:39:44Z,36.14527098229307,humidity,airSensors,TLM0200
,,12,2026-09-20T01:39:54Z,36.19379116429425,humidity,airSensors,TLM0200
,,13,2026-09-20T00:39:54Z,35.17367444048337,humidity,airSensors,TLM0201
,,13,2026-09-20T00:40:04Z,35.125092895625976,humidity,airSensors,TLM0201
,,13,2026-09-20T00:40:14Z,35.16183760016884,humidity,airSensors,TLM0201
,,13,2026-09-20T00:40:24Z,35.13778426508118,humidity,airSensors,TLM0201
,,13,2026-09-20T00:40:34Z,35.155857101562404,humidity,airSensors,TLM0201
,,13,2026-09-20T00:40:44Z,35.144325758200495,humidity,airSensors,TLM0201
,,13,2026-09-20T00:40:54Z,35.14728199789819,humidity,airSensors,TLM0201
,,13,2026-09-20T00:41:04Z,35.156958180680384,humidity,airSensors,TLM0201
,,13,2026-09-20T00:41:14Z,35.13158567959471,humidity,airSensors,TLM0201
,,13,2026-09-20T00:41:24Z,35.17624276863142,humidity,airSensors,TLM0201
,,13,2026-09-20T00:41:34Z,35.1281454605228,humidity,airSensors,TLM0201
,,13,2026-09-20T00:41:44Z,35.10227735266612,humidity,airSensors,TLM0201
,,13,2026-09-20T00:41:54Z,35.13720154020213,humidity,airSensors,TLM0201
,,13,2026-09-20T00:42:04Z,35.1122975498528,humidity,airSensors,TLM0201
,,13,2026-09-20T00:42:14Z,35.1150660948869,humidity,airSensors,TLM0201
,,13,2026-09-20T00:42:24Z,35.104631307590864,humidity,airSensors,TLM0201
,,13,2026-09-20T00:42:34Z,35.09271546710664,humidity,airSensors,TLM0201
,,13,2026-09-20T00:42:44Z,35.124917393564274,humidity,airSensors,TLM0201
,,13,2026-09-20T00:42:54Z,35.14691390692944,humidity,airSensors,TLM0201
,,13,2026-09-20T00:43:04Z,35.19018649576074,humidity,airSensors,TLM0201
,,13,2026-09-20T00:43:14Z,35.21960037909607,humidity,airSensors,TLM0201
,,13,2026-09-20T00:43:24Z,35.19776158495782,humidity,airSensors,TLM0201
,,13,2026-09-20T00:43:34Z,35.24086250260538,humidity,airSensors,TLM0201
,,13,2026-09-20T00:43:44Z,35.22306307616077,humidity,airSensors,TLM0201
,,13,2026-09-20T00:43:54Z,35.229694542729355,humidity,airSensors,TLM0201
,,13,2026-09-20T00:44:04Z,35.25493079934465,humidity,airSensors,TLM0201
,,13,2026-09-20T00:44:14Z,35.24034549369498,humidity,airSensors,TLM0201
,,13,2026-09-20T00:44:24Z,35.258825725683906,humidity,airSensors,TLM0201
,,13,2026-09-20T00:44:34Z,35.26092109305107,humidity,airSensors,TLM0201
,,13,2026-09-20T00:44:44Z,35.26265232545372,humidity,airSensors,TLM0201
,,13,2026-09-20T00:44:54Z,35.24324645592917,humidity,airSensors,TLM0201
,,13,2026-09-20T00:45:04Z,35.213060288873905,humidity,airSensors,TLM0201
,,13,2026-09-20T00:45:14Z,35.24823782166861,humidity,airSensors,TLM0201
,,13,2026-09-20T00:45:24Z,35.25083991688871,humidity,airSensors,TLM0201
,,13,2026-09-20T00:45:34Z,35.24305077504777,humidity,airSensors,TLM0201
,,13,2026-09-20T00:45:44Z,35.19807843535086,humidity,airSensors,TLM0201
,,13,2026-09-20T00:45:54Z,35.17617369813444,humidity,airSensors,TLM0201
,,13,2026-09-20T00:46:04Z,35.18039461259201,humidity,airSensors,TLM0201
,,13,2026-09-20T00:46:14Z,35.22682735978505,humidity,airSensors,TLM0201
,,13,2026-09-20T00:46:24Z,35.18233357767864,humidity,airSensors,TLM0201
,,13,2026-09-20T00:46:34Z,35.217026033213834,humidity,airSensors,TLM0201
,,13,2026-09-20T00:46:44Z,35.200215350438164,humidity,airSensors,TLM0201
,,13,2026-09-20T00:46:54Z,35.222337210423404,humidity,airSensors,TLM0201
,,13,2026-09-20T00:47:04Z,35.237168905105065,humidity,airSensors,TLM0201
,,13,2026-09-20T00:47:14Z,35.201158925710075,humidity,airSensors,TLM0201
,,13,2026-09-20T00:47:24Z,35.18223606918032,humidity,airSensors,TLM0201
,,13,2026-09-20T00:47:34Z,35.210202911989946,humidity,airSensors,TLM0201
,,13,2026-09-20T00:47:44Z,35.218789157741426,humidity,airSensors,TLM0201
,,13,2026-09-20T00:47:54Z,35.225561174684906,humidity,airSensors,TLM0201
,,13,2026-09-20T00:48:04Z,35.25229413443987,humidity,airSensors,TLM0201
,,13,2026-09-20T00:48:14Z,35.24692154387244,humidity,airSensors,TLM0201
,,13,2026-09-20T00:48:24Z,35.291683069155496,humidity,airSensors,TLM0201
,,13,2026-09-20T00:48:34Z,35.29744810500792,humidity,airSensors,TLM0201
,,13,2026-09-20T00:48:44Z,35.30289254016982,humidity,airSensors,TLM0201
,,13,2026-09-20T00:48:54Z,35.308143121599635,humidity,airSensors,TLM0201
,,13,2026-09-20T00:49:04Z,35.302197351022805,humidity,airSensors,TLM0201
,,13,2026-09-20T00:49:14Z,35.349772475668686,humidity,airSensors,TLM0201
,,13,2026-09-20T00:49:24Z,35.39806876427332,humidity,airSensors,TLM0201
,,13,2026-09-20T00:49:34Z,35.42760461069126,humidity,airSensors,TLM0201
,,13,2026-09-20T00:49:44Z,35.47382260720413,humidity,airSensors,TLM0201
,,13,2026-09-20T00:49:54Z,35.46952064623568,humidity,airSensors,TLM0201
,,13,2026-09-20T00:50:04Z,35.50435013344611,humidity,airSensors,TLM0201
,,13,2026-09-20T00:50:14Z,35.532756859933286,humidity,airSensors,TLM0201
,,13,2026-09-20T00:50:24Z,35.548176062665036,humidity,airSensors,TLM0201
,,13,2026-09-20T00:50:34Z,35.50694938523503,humidity,airSensors,TLM0201
,,13,2026-09-20T00:50:44Z,35.508648517218724,humidity,airSensors,TLM0201
,,13,2026-09-20T00:50:54Z,35.45982774667764,humidity,airSensors,TLM0201
,,13,2026-09-20T00:51:04Z,35.47171772448423,humidity,airSensors,TLM0201
,,13,2026-09-20T00:51:14Z,35.50479424305481,humidity,airSensors,TLM0201
,,13,2026-09-20T00:51:24Z,35.49441932309658,humidity,airSensors,TLM0201
,,13,2026-09-20T00:51:34Z,35.53478006543342,humidity,airSensors,TLM0201
,,13,2026-09-20T00:51:44Z,35.525099792112016,humidity,airSensors,TLM0201
,,13,2026-09-20T00:51:54Z,35.56982527302544,humidity,airSensors,TLM0201
,,13,2026-09-20T00:52:04Z,35.6078510039031,humidity,airSensors,TLM0201
,,13,2026-09-20T00:52:14Z,35.65450379422526,humidity,airSensors,TLM0201
,,13,2026-09-20T00:52:24Z,35.65034375319812,humidity,airSensors,TLM0201
,,13,2026-09-20T00:52:34Z,35.65314662047758,humidity,airSensors,TLM0201
,,13,2026-09-20T00:52:44Z,35.67211132450244,humidity,airSensors,TLM0201
,,13,2026-09-20T00:52:54Z,35.69322699287628,humidity,airSensors,TLM0201
,,13,2026-09-20T00:53:04Z,35.66549884328526,humidity,airSensors,TLM0201
,,13,2026-09-20T00:53:14Z,35.70449745656427,humidity,airSensors,TLM0201
,,13,2026-09-20T00:53:24Z,35.724611931664874,humidity,airSensors,TLM0201
,,13,2026-09-20T00:53:34Z,35.741264925122415,humidity,airSensors,TLM0201
,,13,2026-09-20T00:53:44Z,35.76575028356986,humidity,airSensors,TLM0201
,,13,2026-09-20T00:53:54Z,35.74107392217384,humidity,airSensors,TLM0201
,,13,2026-09-20T00:54:04Z,35.770575841034464,humidity,airSensors,TLM0201
,,13,2026-09-20T00:54:14Z,35.770901548205465,humidity,airSensors,TLM0201
,,13,2026-09-20T00:54:24Z,35.760576693733434,humidity,airSensors,TLM0201
,,13,2026-09-20T00:54:34Z,35.78009128922226,humidity,airSensors,TLM0201
,,13,2026-09-20T00:54:44Z,35.82535649606535,humidity,airSensors,TLM0201
,,13,2026-09-20T00:54:54Z,35.86942137810816,humidity,airSensors,TLM0201
,,13,2026-09-20T00:55:04Z,35.82181289157026,humidity,airSensors,TLM0201
,,13,2026-09-20T00:55:14Z,35.8097968445745,humidity,airSensors,TLM0201
,,13,2026-09-20T00:55:24Z,35.816995492750735,humidity,airSensors,TLM0201
,,13,2026-09-20T00:55:34Z,35.826346554519304,humidity,airSensors,TLM0201
,,13,2026-09-20T00:55:44Z,35.859201550694465,humidity,airSensors,TLM0201
,,13,2026-09-20T00:55:54Z,35.86107395960867,humidity,airSensors,TLM0201
,,13,2026-09-20T00:56:04Z,35.88392521438554,humidity,airSensors,TLM0201
,,13,2026-09-20T00:56:14Z,35.92566571985983,humidity,airSensors,TLM0201
,,13,2026-09-20T00:56:24Z,35.93210176776128,humidity,airSensors,TLM0201
,,13,2026-09-20T00:56:34Z,35.93704042235915,humidity,airSensors,TLM0201
,,13,2026-09-20T00:56:44Z,35.91860309507103,humidity,airSensors,TLM0201
,,13,2026-09-20T00:56:54Z,35.934053460713045,humidity,airSensors,TLM0201
,,13,2026-09-20T00:57:04Z,35.88469224631476,humidity,airSensors,TLM0201
,,13,2026-09-20T00:57:14Z,35.84597653865192,humidity,airSensors,TLM0201
,,13,2026-09-20T00:57:24Z,35.84804278663392,humidity,airSensors,TLM0201
,,13,2026-09-20T00:57:34Z,35.840834082302706,humidity,airSensors,TLM0201
,,13,2026-09-20T00:57:44Z,35.79589462335244,humidity,airSensors,TLM0201
,,13,2026-09-20T00:57:54Z,35.7765906800845,humidity,airSensors,TLM0201
,,13,2026-09-20T00:58:04Z,35.74234623233014,humidity,airSensors,TLM0201
,,13,2026-09-20T00:58:14Z,35.70057586542374,humidity,airSensors,TLM0201
,,13,2026-09-20T00:58:24Z,35.749279282205585,humidity,airSensors,TLM0201
,,13,2026-09-20T00:58:34Z,35.799123404228126,humidity,airSensors,TLM0201
,,13,2026-09-20T00:58:44Z,35.82325563744388,humidity,airSensors,TLM0201
,,13,2026-09-20T00:58:54Z,35.837590604233085,humidity,airSensors,TLM0201
,,13,2026-09-20T00:59:04Z,35.80275367169303,humidity,airSensors,TLM0201
,,13,2026-09-20T00:59:14Z,35.7616183142774,humidity,airSensors,TLM0201
,,13,2026-09-20T00:59:24Z,35.73549784090379,humidity,airSensors,TLM0201
,,13,2026-09-20T00:59:34Z,35.763171394916114,humidity,airSensors,TLM0201
,,13,2026-09-20T00:59:44Z,35.759661540260716,humidity,airSensors,TLM0201
,,13,2026-09-20T00:59:54Z,35.73639029005122,humidity,airSensors,TLM0201
,,13,2026-09-20T01:00:04Z,35.744464248001,humidity,airSensors,TLM0201
,,13,2026-09-20T01:00:14Z,35.7700008544935,humidity,airSensors,TLM0201
,,13,2026-09-20T01:00:24Z,35.811634813138085,humidity,airSensors,TLM0201
,,13,2026-09-20T01:00:34Z,35.84993195112885,humidity,airSensors,TLM0201
,,13,2026-09-20T01:00:44Z,35.80484975256838,humidity,airSensors,TLM0201
,,13,2026-09-20T01:00:54Z,35.786448503240386,humidity,airSensors,TLM0201
,,13,2026-09-20T01:01:04Z,35.8363609174652,humidity,airSensors,TLM0201
,,13,2026-09-20T01:01:14Z,35.83033162113294,humidity,airSensors,TLM0201
,,13,2026-09-20T01:01:24Z,35.81964167065167,humidity,airSensors,TLM0201
,,13,2026-09-20T01:01:34Z,35.802119631323144,humidity,airSensors,TLM0201
,,13,2026-09-20T01:01:44Z,35.83541629841097,humidity,airSensors,TLM0201
,,13,2026-09-20T01:01:54Z,35.82927633667423,humidity,airSensors,TLM0201
,,13,2026-09-20T01:02:04Z,35.85604861276044,humidity,airSensors,TLM0201
,,13,2026-09-20T01:02:14Z,35.84870017497112,humidity,airSensors,TLM0201
,,13,2026-09-20T01:02:24Z,35.88341422250554,humidity,airSensors,TLM0201
,,13,2026-09-20T01:02:34Z,35.89387203868845,humidity,airSensors,TLM0201
,,13,2026-09-20T01:02:44Z,35.942072541319284,humidity,airSensors,TLM0201
,,13,2026-09-20T01:02:54Z,35.95955471112649,humidity,airSensors,TLM0201
,,13,2026-09-20T01:03:04Z,35.93524877033653,humidity,airSensors,TLM0201
,,13,2026-09-20T01:03:14Z,35.96607179109337,humidity,airSensors,TLM0201
,,13,2026-09-20T01:03:24Z,35.991902073716616,humidity,airSensors,TLM0201
,,13,2026-09-20T01:03:34Z,35.98923961536101,humidity,airSensors,TLM0201
,,13,2026-09-20T01:03:44Z,35.99471184930291,humidity,airSensors,TLM0201
,,13,2026-09-20T01:03:54Z,35.9893241632467,humidity,airSensors,TLM0201
,,13,2026-09-20T01:04:04Z,35.96700743697321,humidity,airSensors,TLM0201
,,13,2026-09-20T01:04:14Z,35.94516667399313,humidity,airSensors,TLM0201
,,13,2026-09-20T01:04:24Z,35.94364903151499,humidity,airSensors,TLM0201
,,13,2026-09-20T01:04:34Z,35.945788794989774,humidity,airSensors,TLM0201
,,13,2026-09-20T01:04:44Z,35.92139993804958,humidity,airSensors,TLM0201
,,13,2026-09-20T01:04:54Z,35.87384814185107,humidity,airSensors,TLM0201
,,13,2026-09-20T01:05:04Z,35.858518712054234,humidity,airSensors,TLM0201
,,13,2026-09-20T01:05:14Z,35.85087446644082,humidity,airSensors,TLM0201
,,13,2026-09-20T01:05:24Z,35.82662620567971,humidity,airSensors,TLM0201
,,13,2026-09-20T01:05:34Z,35.83789054551091,humidity,airSensors,TLM0201
,,13,2026-09-20T01:05:44Z,35.81058895118267,humidity,airSensors,TLM0201
,,13,2026-09-20T01:05:54Z,35.824451008078455,humidity,airSensors,TLM0201
,,13,2026-09-20T01:06:04Z,35.804869196658295,humidity,airSensors,TLM0201
,,13,2026-09-20T01:06:14Z,35.8500211188107,humidity,airSensors,TLM0201
,,13,2026-09-20T01:06:24Z,35.84899852812328,humidity,airSensors,TLM0201
,,13,2026-09-20T01:06:34Z,35.86716914962162,humidity,airSensors,TLM0201
,,13,2026-09-20T01:06:44Z,35.8969264760182,humidity,airSensors,TLM0201
,,13,2026-09-20T01:06:54Z,35.890159339353836,humidity,airSensors,TLM0201
,,13,2026-09-20T01:07:04Z,35.84214770745542,humidity,airSensors,TLM0201
,,13,2026-09-20T01:07:14Z,35.88906033280436,humidity,airSensors,TLM0201
,,13,2026-09-20T01:07:24Z,35.890207107344565,humidity,airSensors,TLM0201
,,13,2026-09-20T01:07:34Z,35.84934436596025,humidity,airSensors,TLM0201
,,13,2026-09-20T01:07:44Z,35.811509350197355,humidity,airSensors,TLM0201
,,13,2026-09-20T01:07:54Z,35.772209343387374,humidity,airSensors,TLM0201
,,13,2026-09-20T01:08:04Z,35.75166016094348,humidity,airSensors,TLM0201
,,13,2026-09-20T01:08:14Z,35.77242127616459,humidity,airSensors,TLM0201
,,13,2026-09-20T01:08:24Z,35.80979427273312,humidity,airSensors,TLM0201
,,13,2026-09-20T01:08:34Z,35.798006740875906,humidity,airSensors,TLM0201
,,13,2026-09-20T01:08:44Z,35.78886890589305,humidity,airSensors,TLM0201
,,13,2026-09-20T01:08:54Z,35.82438577433233,humidity,airSensors,TLM0201
,,13,2026-09-20T01:09:04Z,35.82266085560647,humidity,airSensors,TLM0201
,,13,2026-09-20T01:09:14Z,35.843354634208126,humidity,airSensors,TLM0201
,,13,2026-09-20T01:09:24Z,35.802957384995985,humidity,airSensors,TLM0201
,,13,2026-09-20T01:09:34Z,35.842242084353515,humidity,airSensors,TLM0201
,,13,2026-09-20T01:09:44Z,35.823774424851436,humidity,airSensors,TLM0201
,,13,2026-09-20T01:09:54Z,35.81303025263686,humidity,airSensors,TLM0201
,,13,2026-09-20T01:10:04Z,35.772017479507696,humidity,airSensors,TLM0201
,,13,2026-09-20T01:10:14Z,35.79838725305119,humidity,airSensors,TLM0201
,,13,2026-09-20T01:10:24Z,35.762437183131,humidity,airSensors,TLM0201
,,13,2026-09-20T01:10:34Z,35.749992946041424,humidity,airSensors,TLM0201
,,13,2026-09-20T01:10:44Z,35.790217671716036,humidity,airSensors,TLM0201
,,13,2026-09-20T01:10:54Z,35.78440092018409,humidity,airSensors,TLM0201
,,13,2026-09-20T01:11:04Z,35.76848829732508,humidity,airSensors,TLM0201
,,13,2026-09-20T01:11:14Z,35.76393106019732,humidity,airSensors,TLM0201
,,13,2026-09-20T01:11:24Z,35.7503500745905,humidity,airSensors,TLM0201
,,13,2026-09-20T01:11:34Z,35.72815517098908,humidity,airSensors,TLM0201
,,13,2026-09-20T01:11:44Z,35.767505785406016,humidity,airSensors,TLM0201
,,13,2026-09-20T01:11:54Z,35.76772744449769,humidity,airSensors,TLM0201
,,13,2026-09-20T01:12:04Z,35.81142640239338,humidity,airSensors,TLM0201
,,13,2026-09-20T01:12:14Z,35.80885783498887,humidity,airSensors,TLM0201
,,13,2026-09-20T01:12:24Z,35.76130384534218,humidity,airSensors,TLM0201
,,13,2026-09-20T01:12:34Z,35.80302087038956,humidity,airSensors,TLM0201
,,13,2026-09-20T01:12:44Z,35.793377922826636,humidity,airSensors,TLM0201
,,13,2026-09-20T01:12:54Z,35.83506734997558,humidity,airSensors,TLM0201
,,13,2026-09-20T01:13:04Z,35.82564111600235,humidity,airSensors,TLM0201
,,13,2026-09-20T01:13:14Z,35.801806937341155,humidity,airSensors,TLM0201
,,13,2026-09-20T01:13:24Z,35.78502062338621,humidity,airSensors,TLM0201
,,13,2026-09-20T01:13:34Z,35.76040938334217,humidity,airSensors,TLM0201
,,13,2026-09-20T01:13:44Z,35.73182874432243,humidity,airSensors,TLM0201
,,13,2026-09-20T01:13:54Z,35.711789564566544,humidity,airSensors,TLM0201
,,13,2026-09-20T01:14:04Z,35.66470316266892,humidity,airSensors,TLM0201
,,13,2026-09-20T01:14:14Z,35.64639906993868,humidity,airSensors,TLM0201
,,13,2026-09-20T01:14:24Z,35.66118915148173,humidity,airSensors,TLM0201
,,13,2026-09-20T01:14:34Z,35.694015764157534,humidity,airSensors,TLM0201
,,13,2026-09-20T01:14:44Z,35.64799026081017,humidity,airSensors,TLM0201
,,13,2026-09-20T01:14:54Z,35.683278481351955,humidity,airSensors,TLM0201
,,13,2026-09-20T01:15:04Z,35.66414556655976,humidity,airSensors,TLM0201
,,13,2026-09-20T01:15:14Z,35.677374580204486,humidity,airSensors,TLM0201
,,13,2026-09-20T01:15:24Z,35.65565143224395,humidity,airSensors,TLM0201
,,13,2026-09-20T01:15:34Z,35.607390699095305,humidity,airSensors,TLM0201
,,13,2026-09-20T01:15:44Z,35.631467784067546,humidity,airSensors,TLM0201
,,13,2026-09-20T01:15:54Z,35.677151359673644,humidity,airSensors,TLM0201
,,13,2026-09-20T01:16:04Z,35.67829196802341,humidity,airSensors,TLM0201
,,13,2026-09-20T01:16:14Z,35.64025278753626,humidity,airSensors,TLM0201
,,13,2026-09-20T01:16:24Z,35.615148552431435,humidity,airSensors,TLM0201
,,13,2026-09-20T01:16:34Z,35.60393126073733,humidity,airSensors,TLM0201
,,13,2026-09-20T01:16:44Z,35.63165947276983,humidity,airSensors,TLM0201
,,13,2026-09-20T01:16:54Z,35.61834108839953,humidity,airSensors,TLM0201
,,13,2026-09-20T01:17:04Z,35.585762389368455,humidity,airSensors,TLM0201
,,13,2026-09-20T01:17:14Z,35.570126020596994,humidity,airSensors,TLM0201
,,13,2026-09-20T01:17:24Z,35.537257739954185,humidity,airSensors,TLM0201
,,13,2026-09-20T01:17:34Z,35.50506347782253,humidity,airSensors,TLM0201
,,13,2026-09-20T01:17:44Z,35.53457020375712,humidity,airSensors,TLM0201
,,13,2026-09-20T01:17:54Z,35.54201152818701,humidity,airSensors,TLM0201
,,13,2026-09-20T01:18:04Z,35.57474229921858,humidity,airSensors,TLM0201
,,13,2026-09-20T01:18:14Z,35.52521527625622,humidity,airSensors,TLM0201
,,13,2026-09-20T01:18:24Z,35.57352748754023,humidity,airSensors,TLM0201
,,13,2026-09-20T01:18:34Z,35.61422467953149,humidity,airSensors,TLM0201
,,13,2026-09-20T01:18:44Z,35.6198718018158,humidity,airSensors,TLM0201
,,13,2026-09-20T01:18:54Z,35.624982931547834,humidity,airSensors,TLM0201
,,13,2026-09-20T01:19:04Z,35.60316257433045,humidity,airSensors,TLM0201
,,13,2026-09-20T01:19:14Z,35.616354104756134,humidity,airSensors,TLM0201
,,13,2026-09-20T01:19:24Z,35.63353452560961,humidity,airSensors,TLM0201
,,13,2026-09-20T01:19:34Z,35.68177851486313,humidity,airSensors,TLM0201
,,13,2026-09-20T01:19:44Z,35.698230721798446,humidity,airSensors,TLM0201
,,13,2026-09-20T01:19:54Z,35.73195227868513,humidity,airSensors,TLM0201
,,13,2026-09-20T01:20:04Z,35.69769315886804,humidity,airSensors,TLM0201
,,13,2026-09-20T01:20:14Z,35.69668888711385,humidity,airSensors,TLM0201
,,13,2026-09-20T01:20:24Z,35.64910115225838,humidity,airSensors,TLM0201
,,13,2026-09-20T01:20:34Z,35.60094033990836,humidity,airSensors,TLM0201
,,13,2026-09-20T01:20:44Z,35.57839651986381,humidity,airSensors,TLM0201
,,13,2026-09-20T01:20:54Z,35.54992785603454,humidity,airSensors,TLM0201
,,13,2026-09-20T01:21:04Z,35.508929768658184,humidity,airSensors,TLM0201
,,13,2026-09-20T01:21:14Z,35.49733408494797,humidity,airSensors,TLM0201
,,13,2026-09-20T01:21:24Z,35.50770652363072,humidity,airSensors,TLM0201
,,13,2026-09-20T01:21:34Z,35.4968109743149,humidity,airSensors,TLM0201
,,13,2026-09-20T01:21:44Z,35.50773875766729,humidity,airSensors,TLM0201
,,13,2026-09-20T01:21:54Z,35.502663009200134,humidity,airSensors,TLM0201
,,13,2026-09-20T01:22:04Z,35.471617429070236,humidity,airSensors,TLM0201
,,13,2026-09-20T01:22:14Z,35.44115300506736,humidity,airSensors,TLM0201
,,13,2026-09-20T01:22:24Z,35.404821137805044,humidity,airSensors,TLM0201
,,13,2026-09-20T01:22:34Z,35.45293317886817,humidity,airSensors,TLM0201
,,13,2026-09-20T01:22:44Z,35.48322161884451,humidity,airSensors,TLM0201
,,13,2026-09-20T01:22:54Z,35.46133229029406,humidity,airSensors,TLM0201
,,13,2026-09-20T01:23:04Z,35.43278240992663,humidity,airSensors,TLM0201
,,13,2026-09-20T01:23:14Z,35.44016178692453,humidity,airSensors,TLM0201
,,13,2026-09-20T01:23:24Z,35.4608282344007,humidity,airSensors,TLM0201
,,13,2026-09-20T01:23:34Z,35.43039971574691,humidity,airSensors,TLM0201
,,13,2026-09-20T01:23:44Z,35.39813098097173,humidity,airSensors,TLM0201
,,13,2026-09-20T01:23:54Z,35.38078692537325,humidity,airSensors,TLM0201
,,13,2026-09-20T01:24:04Z,35.331171527127196,humidity,airSensors,TLM0201
,,13,2026-09-20T01:24:14Z,35.33765946033036,humidity,airSensors,TLM0201
,,13,2026-09-20T01:24:24Z,35.33074565375574,humidity,airSensors,TLM0201
,,13,2026-09-20T01:24:34Z,35.3572024755806,humidity,airSensors,TLM0201
,,13,2026-09-20T01:24:44Z,35.34276108407383,humidity,airSensors,TLM0201
,,13,2026-09-20T01:24:54Z,35.368084996325315,humidity,airSensors,TLM0201
,,13,2026-09-20T01:25:04Z,35.37830166437664,humidity,airSensors,TLM0201
,,13,2026-09-20T01:25:14Z,35.37439580778157,humidity,airSensors,TLM0201
,,13,2026-09-20T01:25:24Z,35.33049737827733,humidity,airSensors,TLM0201
,,13,2026-09-20T01:25:34Z,35.347966180573344,humidity,airSensors,TLM0201
,,13,2026-09-20T01:25:44Z,35.39651011401678,humidity,airSensors,TLM0201
,,13,2026-09-20T01:25:54Z,35.35108778668514,humidity,airSensors,TLM0201
,,13,2026-09-20T01:26:04Z,35.394907462202085,humidity,airSensors,TLM0201
,,13,2026-09-20T01:26:14Z,35.350879171812636,humidity,airSensors,TLM0201
,,13,2026-09-20T01:26:24Z,35.393308347558886,humidity,airSensors,TLM0201
,,13,2026-09-20T01:26:34Z,35.385212918819555,humidity,airSensors,TLM0201
,,13,2026-09-20T01:26:44Z,35.340502996878136,humidity,airSensors,TLM0201
,,13,2026-09-20T01:26:54Z,35.3682553924794,humidity,airSensors,TLM0201
,,13,2026-09-20T01:27:04Z,35.33097449517943,humidity,airSensors,TLM0201
,,13,2026-09-20T01:27:14Z,35.368870391343094,humidity,airSensors,TLM0201
,,13,2026-09-20T01:27:24Z,35.36206457877067,humidity,airSensors,TLM0201
,,13,2026-09-20T01:27:34Z,35.40626587382304,humidity,airSensors,TLM0201
,,13,2026-09-20T01:27:44Z,35.387141006505175,humidity,airSensors,TLM0201
,,13,2026-09-20T01:27:54Z,35.40958838909579,humidity,airSensors,TLM0201
,,13,2026-09-20T01:28:04Z,35.37462312769877,humidity,airSensors,TLM0201
,,13,2026-09-20T01:28:14Z,35.4086946804688,humidity,airSensors,TLM0201
,,13,2026-09-20T01:28:24Z,35.36783229162849,humidity,airSensors,TLM0201
,,13,2026-09-20T01:28:34Z,35.37706209562173,humidity,airSensors,TLM0201
,,13,2026-09-20T01:28:44Z,35.411889514404564,humidity,airSensors,TLM0201
,,13,2026-09-20T01:28:54Z,35.40649044256979,humidity,airSensors,TLM0201
,,13,2026-09-20T01:29:04Z,35.37909028943358,humidity,airSensors,TLM0201
,,13,2026-09-20T01:29:14Z,35.41919093708144,humidity,airSensors,TLM0201
,,13,2026-09-20T01:29:24Z,35.40734999094538,humidity,airSensors,TLM0201
,,13,2026-09-20T01:29:34Z,35.4250926962865,humidity,airSensors,TLM0201
,,13,2026-09-20T01:29:44Z,35.41455474193186,humidity,airSensors,TLM0201
,,13,2026-09-20T01:29:54Z,35.42354999147418,humidity,airSensors,TLM0201
,,13,2026-09-20T01:30:04Z,35.41111332191835,humidity,airSensors,TLM0201
,,13,2026-09-20T01:30:14Z,35.391840427240574,humidity,airSensors,TLM0201
,,13,2026-09-20T01:30:24Z,35.43084020156176,humidity,airSensors,TLM0201
,,13,2026-09-20T01:30:34Z,35.45356034643957,humidity,airSensors,TLM0201
,,13,2026-09-20T01:30:44Z,35.404292213492404,humidity,airSensors,TLM0201
,,13,2026-09-20T01:30:54Z,35.38012575250441,humidity,airSensors,TLM0201
,,13,2026-09-20T01:31:04Z,35.420047840871845,humidity,airSensors,TLM0201
,,13,2026-09-20T01:31:14Z,35.41134606158118,humidity,airSensors,TLM0201
,,13,2026-09-20T01:31:24Z,35.37841442251226,humidity,airSensors,TLM0201
,,13,2026-09-20T01:31:34Z,35.40987937318767,humidity,airSensors,TLM0201
,,13,2026-09-20T01:31:44Z,35.38743091014434,humidity,airSensors,TLM0201
,,13,2026-09-20T01:31:54Z,35.41466068334635,humidity,airSensors,TLM0201
,,13,2026-09-20T01:32:04Z,35.406941213785764,humidity,airSensors,TLM0201
,,13,2026-09-20T01:32:14Z,35.37583422016515,humidity,airSensors,TLM0201
,,13,2026-09-20T01:32:24Z,35.37483960598699,humidity,airSensors,TLM0201
,,13,2026-09-20T01:32:34Z,35.32934208613631,humidity,airSensors,TLM0201
,,13,2026-09-20T01:32:44Z,35.31410060471899,humidity,airSensors,TLM0201
,,13,2026-09-20T01:32:54Z,35.301203930119016,humidity,airSensors,TLM0201
,,13,2026-09-20T01:33:04Z,35.33589809501175,humidity,airSensors,TLM0201
,,13,2026-09-20T01:33:14Z,35.34395632971596,humidity,airSensors,TLM0201
,,13,2026-09-20T01:33:24Z,35.362908648238715,humidity,airSensors,TLM0201
,,13,2026-09-20T01:33:34Z,35.38953742011998,humidity,airSensors,TLM0201
,,13,2026-09-20T01:33:44Z,35.40203148818468,humidity,airSensors,TLM0201
,,13,2026-09-20T01:33:54Z,35.36483821883837,humidity,airSensors,TLM0201
,,13,2026-09-20T01:34:04Z,35.31951429358673,humidity,airSensors,TLM0201
,,13,2026-09-20T01:34:14Z,35.28203254246036,humidity,airSensors,TLM0201
,,13,2026-09-20T01:34:24Z,35.24779537716599,humidity,airSensors,TLM0201
,,13,2026-09-20T01:34:34Z,35.224573479157115,humidity,airSensors,TLM0201
,,13,2026-09-20T01:34:44Z,35.243718343021854,humidity,airSensors,TLM0201
,,13,2026-09-20T01:34:54Z,35.21972278956043,humidity,airSensors,TLM0201
,,13,2026-09-20T01:35:04Z,35.210742747684804,humidity,airSensors,TLM0201
,,13,2026-09-20T01:35:14Z,35.16259228800936,humidity,airSensors,TLM0201
,,13,2026-09-20T01:35:24Z,35.12937839327038,humidity,airSensors,TLM0201
,,13,2026-09-20T01:35:34Z,35.15364975150673,humidity,airSensors,TLM0201
,,13,2026-09-20T01:35:44Z,35.14553336503745,humidity,airSensors,TLM0201
,,13,2026-09-20T01:35:54Z,35.104104553003516,humidity,airSensors,TLM0201
,,13,2026-09-20T01:36:04Z,35.06725927145055,humidity,airSensors,TLM0201
,,13,2026-09-20T01:36:14Z,35.09214871426915,humidity,airSensors,TLM0201
,,13,2026-09-20T01:36:24Z,35.136352510059055,humidity,airSensors,TLM0201
,,13,2026-09-20T01:36:34Z,35.09475897827179,humidity,airSensors,TLM0201
,,13,2026-09-20T01:36:44Z,35.05947553429489,humidity,airSensors,TLM0201
,,13,2026-09-20T01:36:54Z,35.023688014891405,humidity,airSensors,TLM0201
,,13,2026-09-20T01:37:04Z,34.9835449183371,humidity,airSensors,TLM0201
,,13,2026-09-20T01:37:14Z,34.984905988793216,humidity,airSensors,TLM0201
,,13,2026-09-20T01:37:24Z,34.95087024498508,humidity,airSensors,TLM0201
,,13,2026-09-20T01:37:34Z,34.95612534871849,humidity,airSensors,TLM0201
,,13,2026-09-20T01:37:44Z,34.950705936973094,humidity,airSensors,TLM0201
,,13,2026-09-20T01:37:54Z,34.99528385571466,humidity,airSensors,TLM0201
,,13,2026-09-20T01:38:04Z,35.02453870588407,humidity,airSensors,TLM0201
,,13,2026-09-20T01:38:14Z,34.9788399553957,humidity,airSensors,TLM0201
,,13,2026-09-20T01:38:24Z,34.979808816914066,humidity,airSensors,TLM0201
,,13,2026-09-20T01:38:34Z,35.013109034386815,humidity,airSensors,TLM0201
,,13,2026-09-20T01:38:44Z,35.05696597740652,humidity,airSensors,TLM0201
,,13,2026-09-20T01:38:54Z,35.04642382262075,humidity,airSensors,TLM0201
,,13,2026-09-20T01:39:04Z,35.07486540170602,humidity,airSensors,TLM0201
,,13,2026-09-20T01:39:14Z,35.06946209033398,humidity,airSensors,TLM0201
,,13,2026-09-20T01:39:24Z,35.0781867882649,humidity,airSensors,TLM0201
,,13,2026-09-20T01:39:34Z,35.104581789645486,humidity,airSensors,TLM0201
,,13,2026-09-20T01:39:44Z,35.13681699185214,humidity,airSensors,TLM0201
,,13,2026-09-20T01:39:54Z,35.08987761767114,humidity,airSensors,TLM0201
,,14,2026-09-20T00:39:54Z,35.72513070744271,humidity,airSensors,TLM0202
,,14,2026-09-20T00:40:04Z,35.69548683639635,humidity,airSensors,TLM0202
,,14,2026-09-20T00:40:14Z,35.682607887413404,humidity,airSensors,TLM0202
,,14,2026-09-20T00:40:24Z,35.683150050552705,humidity,airSensors,TLM0202
,,14,2026-09-20T00:40:34Z,35.64086796277172,humidity,airSensors,TLM0202
,,14,2026-09-20T00:40:44Z,35.602190179050574,humidity,airSensors,TLM0202
,,14,2026-09-20T00:40:54Z,35.5524245256663,humidity,airSensors,TLM0202
,,14,2026-09-20T00:41:04Z,35.56137471554718,humidity,airSensors,TLM0202
,,14,2026-09-20T00:41:14Z,35.51137485069164,humidity,airSensors,TLM0202
,,14,2026-09-20T00:41:24Z,35.54293744570369,humidity,airSensors,TLM0202
,,14,2026-09-20T00:41:34Z,35.49524492796781,humidity,airSensors,TLM0202
,,14,2026-09-20T00:41:44Z,35.46734330399091,humidity,airSensors,TLM0202
,,14,2026-09-20T00:41:54Z,35.45999592480075,humidity,airSensors,TLM0202
,,14,2026-09-20T00:42:04Z,35.43961353056071,humidity,airSensors,TLM0202
,,14,2026-09-20T00:42:14Z,35.404074035866294,humidity,airSensors,TLM0202
,,14,2026-09-20T00:42:24Z,35.43451057255573,humidity,airSensors,TLM0202
,,14,2026-09-20T00:42:34Z,35.45352992971738,humidity,airSensors,TLM0202
,,14,2026-09-20T00:42:44Z,35.44330829630759,humidity,airSensors,TLM0202
,,14,2026-09-20T00:42:54Z,35.41621718567667,humidity,airSensors,TLM0202
,,14,2026-09-20T00:43:04Z,35.38850215090065,humidity,airSensors,TLM0202
,,14,2026-09-20T00:43:14Z,35.379173473162055,humidity,airSensors,TLM0202
,,14,2026-09-20T00:43:24Z,35.388496674682514,humidity,airSensors,TLM0202
,,14,2026-09-20T00:43:34Z,35.406168866230445,humidity,airSensors,TLM0202
,,14,2026-09-20T00:43:44Z,35.434641063513226,humidity,airSensors,TLM0202
,,14,2026-09-20T00:43:54Z,35.46722350802199,humidity,airSensors,TLM0202
,,14,2026-09-20T00:44:04Z,35.42571120688633,humidity,airSensors,TLM0202
,,14,2026-09-20T00:44:14Z,35.45839646532332,humidity,airSensors,TLM0202
,,14,2026-09-20T00:44:24Z,35.48407135912789,humidity,airSensors,TLM0202
,,14,2026-09-20T00:44:34Z,35.48030018376675,humidity,airSensors,TLM0202
,,14,2026-09-20T00:44:44Z,35.48451297226025,humidity,airSensors,TLM0202
,,14,2026-09-20T00:44:54Z,35.51223687412991,humidity,airSensors,TLM0202
,,14,2026-09-20T00:45:04Z,35.46916522153017,humidity,airSensors,TLM0202
,,14,2026-09-20T00:45:14Z,35.42199316784999,humidity,airSensors,TLM0202
,,14,2026-09-20T00:45:24Z,35.43573261555225,humidity,airSensors,TLM0202
,,14,2026-09-20T00:45:34Z,35.43418405196632,humidity,airSensors,TLM0202
,,14,2026-09-20T00:45:44Z,35.419007526707595,humidity,airSensors,TLM0202
,,14,2026-09-20T00:45:54Z,35.40272593197655,humidity,airSensors,TLM0202
,,14,2026-09-20T00:46:04Z,35.38081467552169,humidity,airSensors,TLM0202
,,14,2026-09-20T00:46:14Z,35.42008434793316,humidity,airSensors,TLM0202
,,14,2026-09-20T00:46:24Z,35.39703472853307,humidity,airSensors,TLM0202
,,14,2026-09-20T00:46:34Z,35.415672228709674,humidity,airSensors,TLM0202
,,14,2026-09-20T00:46:44Z,35.44574475311893,humidity,airSensors,TLM0202
,,14,2026-09-20T00:46:54Z,35.44121620134574,humidity,airSensors,TLM0202
,,14,2026-09-20T00:47:04Z,35.47677476154411,humidity,airSensors,TLM0202
,,14,2026-09-20T00:47:14Z,35.51826280786613,humidity,airSensors,TLM0202
,,14,2026-09-20T00:47:24Z,35.563818747189615,humidity,airSensors,TLM0202
,,14,2026-09-20T00:47:34Z,35.54107946588694,humidity,airSensors,TLM0202
,,14,2026-09-20T00:47:44Z,35.58851435907686,humidity,airSensors,TLM0202
,,14,2026-09-20T00:47:54Z,35.58312510991873,humidity,airSensors,TLM0202
,,14,2026-09-20T00:48:04Z,35.6100148315876,humidity,airSensors,TLM0202
,,14,2026-09-20T00:48:14Z,35.63692082582307,humidity,airSensors,TLM0202
,,14,2026-09-20T00:48:24Z,35.636404348838546,humidity,airSensors,TLM0202
,,14,2026-09-20T00:48:34Z,35.64830836258149,humidity,airSensors,TLM0202
,,14,2026-09-20T00:48:44Z,35.65378612412526,humidity,airSensors,TLM0202
,,14,2026-09-20T00:48:54Z,35.65966999576407,humidity,airSensors,TLM0202
,,14,2026-09-20T00:49:04Z,35.705347175745324,humidity,airSensors,TLM0202
,,14,2026-09-20T00:49:14Z,35.751482166194634,humidity,airSensors,TLM0202
,,14,2026-09-20T00:49:24Z,35.77422723816776,humidity,airSensors,TLM0202
,,14,2026-09-20T00:49:34Z,35.74962159737358,humidity,airSensors,TLM0202
,,14,2026-09-20T00:49:44Z,35.78467167561776,humidity,airSensors,TLM0202
,,14,2026-09-20T00:49:54Z,35.81016130311215,humidity,airSensors,TLM0202
,,14,2026-09-20T00:50:04Z,35.85601384644071,humidity,airSensors,TLM0202
,,14,2026-09-20T00:50:14Z,35.83253158618277,humidity,airSensors,TLM0202
,,14,2026-09-20T00:50:24Z,35.88089798653582,humidity,airSensors,TLM0202
,,14,2026-09-20T00:50:34Z,35.87887956697834,humidity,airSensors,TLM0202
,,14,2026-09-20T00:50:44Z,35.85720642963597,humidity,airSensors,TLM0202
,,14,2026-09-20T00:50:54Z,35.87665841459248,humidity,airSensors,TLM0202
,,14,2026-09-20T00:51:04Z,35.87678270978172,humidity,airSensors,TLM0202
,,14,2026-09-20T00:51:14Z,35.84345038399007,humidity,airSensors,TLM0202
,,14,2026-09-20T00:51:24Z,35.88113695538579,humidity,airSensors,TLM0202
,,14,2026-09-20T00:51:34Z,35.875815478128196,humidity,airSensors,TLM0202
,,14,2026-09-20T00:51:44Z,35.893154717068626,humidity,airSensors,TLM0202
,,14,2026-09-20T00:51:54Z,35.85383008656267,humidity,airSensors,TLM0202
,,14,2026-09-20T00:52:04Z,35.860338316598764,humidity,airSensors,TLM0202
,,14,2026-09-20T00:52:14Z,35.857937835573146,humidity,airSensors,TLM0202
,,14,2026-09-20T00:52:24Z,35.83028809521213,humidity,airSensors,TLM0202
,,14,2026-09-20T00:52:34Z,35.81887463869285,humidity,airSensors,TLM0202
,,14,2026-09-20T00:52:44Z,35.803666890960685,humidity,airSensors,TLM0202
,,14,2026-09-20T00:52:54Z,35.83036648942818,humidity,airSensors,TLM0202
,,14,2026-09-20T00:53:04Z,35.869681480899494,humidity,airSensors,TLM0202
,,14,2026-09-20T00:53:14Z,35.82188665566992,humidity,airSensors,TLM0202
,,14,2026-09-20T00:53:24Z,35.86469575361067,humidity,airSensors,TLM0202
,,14,2026-09-20T00:53:34Z,35.824070439981924,humidity,airSensors,TLM0202
,,14,2026-09-20T00:53:44Z,35.79256246000307,humidity,airSensors,TLM0202
,,14,2026-09-20T00:53:54Z,35.82057956210705,humidity,airSensors,TLM0202
,,14,2026-09-20T00:54:04Z,35.8332505176673,humidity,airSensors,TLM0202
,,14,2026-09-20T00:54:14Z,35.85616187101858,humidity,airSensors,TLM0202
,,14,2026-09-20T00:54:24Z,35.83194511223046,humidity,airSensors,TLM0202
,,14,2026-09-20T00:54:34Z,35.8811458766333,humidity,airSensors,TLM0202
,,14,2026-09-20T00:54:44Z,35.87192257219635,humidity,airSensors,TLM0202
,,14,2026-09-20T00:54:54Z,35.91147099798481,humidity,airSensors,TLM0202
,,14,2026-09-20T00:55:04Z,35.882721139590714,humidity,airSensors,TLM0202
,,14,2026-09-20T00:55:14Z,35.92053159486691,humidity,airSensors,TLM0202
,,14,2026-09-20T00:55:24Z,35.906017626171455,humidity,airSensors,TLM0202
,,14,2026-09-20T00:55:34Z,35.87282861713202,humidity,airSensors,TLM0202
,,14,2026-09-20T00:55:44Z,35.87861714761132,humidity,airSensors,TLM0202
,,14,2026-09-20T00:55:54Z,35.854979517629346,humidity,airSensors,TLM0202
,,14,2026-09-20T00:56:04Z,35.80636975774562,humidity,airSensors,TLM0202
,,14,2026-09-20T00:56:14Z,35.84228230367158,humidity,airSensors,TLM0202
,,14,2026-09-20T00:56:24Z,35.83417614364705,humidity,airSensors,TLM0202
,,14,2026-09-20T00:56:34Z,35.875193404396434,humidity,airSensors,TLM0202
,,14,2026-09-20T00:56:44Z,35.862928750321764,humidity,airSensors,TLM0202
,,14,2026-09-20T00:56:54Z,35.838425785852245,humidity,airSensors,TLM0202
,,14,2026-09-20T00:57:04Z,35.801683006849274,humidity,airSensors,TLM0202
,,14,2026-09-20T00:57:14Z,35.77057548431576,humidity,airSensors,TLM0202
,,14,2026-09-20T00:57:24Z,35.804218668609316,humidity,airSensors,TLM0202
,,14,2026-09-20T00:57:34Z,35.830975306717534,humidity,airSensors,TLM0202
,,14,2026-09-20T00:57:44Z,35.87447084372683,humidity,airSensors,TLM0202
,,14,2026-09-20T00:57:54Z,35.83210785617345,humidity,airSensors,TLM0202
,,14,2026-09-20T00:58:04Z,35.82560891233238,humidity,airSensors,TLM0202
,,14,2026-09-20T00:58:14Z,35.86512888914239,humidity,airSensors,TLM0202
,,14,2026-09-20T00:58:24Z,35.90073181072216,humidity,airSensors,TLM0202
,,14,2026-09-20T00:58:34Z,35.86959132464867,humidity,airSensors,TLM0202
,,14,2026-09-20T00:58:44Z,35.85033645498428,humidity,airSensors,TLM0202
,,14,2026-09-20T00:58:54Z,35.86810933010034,humidity,airSensors,TLM0202
,,14,2026-09-20T00:59:04Z,35.912941110777325,humidity,airSensors,TLM0202
,,14,2026-09-20T00:59:14Z,35.88064399001523,humidity,airSensors,TLM0202
,,14,2026-09-20T00:59:24Z,35.88283694982112,humidity,airSensors,TLM0202
,,14,2026-09-20T00:59:34Z,35.854142712119824,humidity,airSensors,TLM0202
,,14,2026-09-20T00:59:44Z,35.848963540361744,humidity,airSensors,TLM0202
,,14,2026-09-20T00:59:54Z,35.88993747834301,humidity,airSensors,TLM0202
,,14,2026-09-20T01:00:04Z,35.93500166978193,humidity,airSensors,TLM0202
,,14,2026-09-20T01:00:14Z,35.9830058595745,humidity,airSensors,TLM0202
,,14,2026-09-20T01:00:24Z,35.95407719017095,humidity,airSensors,TLM0202
,,14,2026-09-20T01:00:34Z,35.93479167512712,humidity,airSensors,TLM0202
,,14,2026-09-20T01:00:44Z,35.9380014251341,humidity,airSensors,TLM0202
,,14,2026-09-20T01:00:54Z,35.905456774029346,humidity,airSensors,TLM0202
,,14,2026-09-20T01:01:04Z,35.90644853354012,humidity,airSensors,TLM0202
,,14,2026-09-20T01:01:14Z,35.88220140322787,humidity,airSensors,TLM0202
,,14,2026-09-20T01:01:24Z,35.90734017042479,humidity,airSensors,TLM0202
,,14,2026-09-20T01:01:34Z,35.88078890507344,humidity,airSensors,TLM0202
,,14,2026-09-20T01:01:44Z,35.84814318575802,humidity,airSensors,TLM0202
,,14,2026-09-20T01:01:54Z,35.85669700260778,humidity,airSensors,TLM0202
,,14,2026-09-20T01:02:04Z,35.859968002886575,humidity,airSensors,TLM0202
,,14,2026-09-20T01:02:14Z,35.8718561704992,humidity,airSensors,TLM0202
,,14,2026-09-20T01:02:24Z,35.8913586723312,humidity,airSensors,TLM0202
,,14,2026-09-20T01:02:34Z,35.88400102574279,humidity,airSensors,TLM0202
,,14,2026-09-20T01:02:44Z,35.88220103772353,humidity,airSensors,TLM0202
,,14,2026-09-20T01:02:54Z,35.87116852315371,humidity,airSensors,TLM0202
,,14,2026-09-20T01:03:04Z,35.86838887974377,humidity,airSensors,TLM0202
,,14,2026-09-20T01:03:14Z,35.863296852870164,humidity,airSensors,TLM0202
,,14,2026-09-20T01:03:24Z,35.858345434591534,humidity,airSensors,TLM0202
,,14,2026-09-20T01:03:34Z,35.83121933840836,humidity,airSensors,TLM0202
,,14,2026-09-20T01:03:44Z,35.79656634322872,humidity,airSensors,TLM0202
,,14,2026-09-20T01:03:54Z,35.8002754640104,humidity,airSensors,TLM0202
,,14,2026-09-20T01:04:04Z,35.78426521105207,humidity,airSensors,TLM0202
,,14,2026-09-20T01:04:14Z,35.76435951666039,humidity,airSensors,TLM0202
,,14,2026-09-20T01:04:24Z,35.74740256443149,humidity,airSensors,TLM0202
,,14,2026-09-20T01:04:34Z,35.75858971464588,humidity,airSensors,TLM0202
,,14,2026-09-20T01:04:44Z,35.78441384651305,humidity,airSensors,TLM0202
,,14,2026-09-20T01:04:54Z,35.80311001814735,humidity,airSensors,TLM0202
,,14,2026-09-20T01:05:04Z,35.78217781934281,humidity,airSensors,TLM0202
,,14,2026-09-20T01:05:14Z,35.778371147130095,humidity,airSensors,TLM0202
,,14,2026-09-20T01:05:24Z,35.78677013902841,humidity,airSensors,TLM0202
,,14,2026-09-20T01:05:34Z,35.81994791347991,humidity,airSensors,TLM0202
,,14,2026-09-20T01:05:44Z,35.78837348227774,humidity,airSensors,TLM0202
,,14,2026-09-20T01:05:54Z,35.77761864510803,humidity,airSensors,TLM0202
,,14,2026-09-20T01:06:04Z,35.81197951289654,humidity,airSensors,TLM0202
,,14,2026-09-20T01:06:14Z,35.77787360575012,humidity,airSensors,TLM0202
,,14,2026-09-20T01:06:24Z,35.788161273767216,humidity,airSensors,TLM0202
,,14,2026-09-20T01:06:34Z,35.78506206988263,humidity,airSensors,TLM0202
,,14,2026-09-20T01:06:44Z,35.77057359075764,humidity,airSensors,TLM0202
,,14,2026-09-20T01:06:54Z,35.81826781740866,humidity,airSensors,TLM0202
,,14,2026-09-20T01:07:04Z,35.77140623306759,humidity,airSensors,TLM0202
,,14,2026-09-20T01:07:14Z,35.763590384885326,humidity,airSensors,TLM0202
,,14,2026-09-20T01:07:24Z,35.80795891186511,humidity,airSensors,TLM0202
,,14,2026-09-20T01:07:34Z,35.78218947966408,humidity,airSensors,TLM0202
,,14,2026-09-20T01:07:44Z,35.815377191888395,humidity,airSensors,TLM0202
,,14,2026-09-20T01:07:54Z,35.801435236862915,humidity,airSensors,TLM0202
,,14,2026-09-20T01:08:04Z,35.78435069740223,humidity,airSensors,TLM0202
,,14,2026-09-20T01:08:14Z,35.741277446124975,humidity,airSensors,TLM0202
,,14,2026-09-20T01:08:24Z,35.7177520901807,humidity,airSensors,TLM0202
,,14,2026-09-20T01:08:34Z,35.717878397921865,humidity,airSensors,TLM0202
,,14,2026-09-20T01:08:44Z,35.7209439197885,humidity,airSensors,TLM0202
,,14,2026-09-20T01:08:54Z,35.710494633917726,humidity,airSensors,TLM0202
,,14,2026-09-20T01:09:04Z,35.719510589325196,humidity,airSensors,TLM0202
,,14,2026-09-20T01:09:14Z,35.67544505036888,humidity,airSensors,TLM0202
,,14,2026-09-20T01:09:24Z,35.70444642991475,humidity,airSensors,TLM0202
,,14,2026-09-20T01:09:34Z,35.705506214468706,humidity,airSensors,TLM0202
,,14,2026-09-20T01:09:44Z,35.6637739283285,humidity,airSensors,TLM0202
,,14,2026-09-20T01:09:54Z,35.61794333729029,humidity,airSensors,TLM0202
,,14,2026-09-20T01:10:04Z,35.66757268416661,humidity,airSensors,TLM0202
,,14,2026-09-20T01:10:14Z,35.64888371180439,humidity,airSensors,TLM0202
,,14,2026-09-20T01:10:24Z,35.61652150899274,humidity,airSensors,TLM0202
,,14,2026-09-20T01:10:34Z,35.60219431164179,humidity,airSensors,TLM0202
,,14,2026-09-20T01:10:44Z,35.59110342870158,humidity,airSensors,TLM0202
,,14,2026-09-20T01:10:54Z,35.60149427055214,humidity,airSensors,TLM0202
,,14,2026-09-20T01:11:04Z,35.6398825984232,humidity,airSensors,TLM0202
,,14,2026-09-20T01:11:14Z,35.612743298800076,humidity,airSensors,TLM0202
,,14,2026-09-20T01:11:24Z,35.64230682741218,humidity,airSensors,TLM0202
,,14,2026-09-20T01:11:34Z,35.64999917900894,humidity,airSensors,TLM0202
,,14,2026-09-20T01:11:44Z,35.63302142318543,humidity,airSensors,TLM0202
,,14,2026-09-20T01:11:54Z,35.64797617837295,humidity,airSensors,TLM0202
,,14,2026-09-20T01:12:04Z,35.68479118610511,humidity,airSensors,TLM0202
,,14,2026-09-20T01:12:14Z,35.64913627484162,humidity,airSensors,TLM0202
,,14,2026-09-20T01:12:24Z,35.64225099401983,humidity,airSensors,TLM0202
,,14,2026-09-20T01:12:34Z,35.5936191376386,humidity,airSensors,TLM0202
,,14,2026-09-20T01:12:44Z,35.54393900488879,humidity,airSensors,TLM0202
,,14,2026-09-20T01:12:54Z,35.589345419851774,humidity,airSensors,TLM0202
,,14,2026-09-20T01:13:04Z,35.61031834848569,humidity,airSensors,TLM0202
,,14,2026-09-20T01:13:14Z,35.6601338410794,humidity,airSensors,TLM0202
,,14,2026-09-20T01:13:24Z,35.63088607768472,humidity,airSensors,TLM0202
,,14,2026-09-20T01:13:34Z,35.63625567427626,humidity,airSensors,TLM0202
,,14,2026-09-20T01:13:44Z,35.617760676489866,humidity,airSensors,TLM0202
,,14,2026-09-20T01:13:54Z,35.61270043569895,humidity,airSensors,TLM0202
,,14,2026-09-20T01:14:04Z,35.651554685889394,humidity,airSensors,TLM0202
,,14,2026-09-20T01:14:14Z,35.64070891139797,humidity,airSensors,TLM0202
,,14,2026-09-20T01:14:24Z,35.5911452586408,humidity,airSensors,TLM0202
,,14,2026-09-20T01:14:34Z,35.62185529886932,humidity,airSensors,TLM0202
,,14,2026-09-20T01:14:44Z,35.64908313022395,humidity,airSensors,TLM0202
,,14,2026-09-20T01:14:54Z,35.60013736295416,humidity,airSensors,TLM0202
,,14,2026-09-20T01:15:04Z,35.637631085131325,humidity,airSensors,TLM0202
,,14,2026-09-20T01:15:14Z,35.64019003366995,humidity,airSensors,TLM0202
,,14,2026-09-20T01:15:24Z,35.67848011934993,humidity,airSensors,TLM0202
,,14,2026-09-20T01:15:34Z,35.63508273130176,humidity,airSensors,TLM0202
,,14,2026-09-20T01:15:44Z,35.66750276151896,humidity,airSensors,TLM0202
,,14,2026-09-20T01:15:54Z,35.682436686049904,humidity,airSensors,TLM0202
,,14,2026-09-20T01:16:04Z,35.654997203342,humidity,airSensors,TLM0202
,,14,2026-09-20T01:16:14Z,35.66455263422998,humidity,airSensors,TLM0202
,,14,2026-09-20T01:16:24Z,35.63275910183486,humidity,airSensors,TLM0202
,,14,2026-09-20T01:16:34Z,35.65562299035737,humidity,airSensors,TLM0202
,,14,2026-09-20T01:16:44Z,35.65814662677066,humidity,airSensors,TLM0202
,,14,2026-09-20T01:16:54Z,35.70065896134952,humidity,airSensors,TLM0202
,,14,2026-09-20T01:17:04Z,35.685507534364085,humidity,airSensors,TLM0202
,,14,2026-09-20T01:17:14Z,35.73189116368007,humidity,airSensors,TLM0202
,,14,2026-09-20T01:17:24Z,35.75029105716166,humidity,airSensors,TLM0202
,,14,2026-09-20T01:17:34Z,35.74532283340477,humidity,airSensors,TLM0202
,,14,2026-09-20T01:17:44Z,35.77424907221266,humidity,airSensors,TLM0202
,,14,2026-09-20T01:17:54Z,35.73600758492418,humidity,airSensors,TLM0202
,,14,2026-09-20T01:18:04Z,35.76370369141811,humidity,airSensors,TLM0202
,,14,2026-09-20T01:18:14Z,35.74637036095385,humidity,airSensors,TLM0202
,,14,2026-09-20T01:18:24Z,35.74115894450641,humidity,airSensors,TLM0202
,,14,2026-09-20T01:18:34Z,35.73718619871589,humidity,airSensors,TLM0202
,,14,2026-09-20T01:18:44Z,35.71594010685966,humidity,airSensors,TLM0202
,,14,2026-09-20T01:18:54Z,35.70979523263612,humidity,airSensors,TLM0202
,,14,2026-09-20T01:19:04Z,35.70574821341042,humidity,airSensors,TLM0202
,,14,2026-09-20T01:19:14Z,35.70375852259759,humidity,airSensors,TLM0202
,,14,2026-09-20T01:19:24Z,35.727020844081416,humidity,airSensors,TLM0202
,,14,2026-09-20T01:19:34Z,35.68825007079967,humidity,airSensors,TLM0202
,,14,2026-09-20T01:19:44Z,35.71692504285965,humidity,airSensors,TLM0202
,,14,2026-09-20T01:19:54Z,35.7166556265053,humidity,airSensors,TLM0202
,,14,2026-09-20T01:20:04Z,35.69046196096166,humidity,airSensors,TLM0202
,,14,2026-09-20T01:20:14Z,35.72093314680793,humidity,airSensors,TLM0202
,,14,2026-09-20T01:20:24Z,35.71582064650388,humidity,airSensors,TLM0202
,,14,2026-09-20T01:20:34Z,35.70577960229242,humidity,airSensors,TLM0202
,,14,2026-09-20T01:20:44Z,35.70803503223806,humidity,airSensors,TLM0202
,,14,2026-09-20T01:20:54Z,35.74538382323204,humidity,airSensors,TLM0202
,,14,2026-09-20T01:21:04Z,35.787483313978235,humidity,airSensors,TLM0202
,,14,2026-09-20T01:21:14Z,35.80504401059011,humidity,airSensors,TLM0202
,,14,2026-09-20T01:21:24Z,35.791508425311974,humidity,airSensors,TLM0202
,,14,2026-09-20T01:21:34Z,35.79077489459775,humidity,airSensors,TLM0202
,,14,2026-09-20T01:21:44Z,35.766715280882295,humidity,airSensors,TLM0202
,,14,2026-09-20T01:21:54Z,35.76610483382959,humidity,airSensors,TLM0202
,,14,2026-09-20T01:22:04Z,35.76555269181348,humidity,airSensors,TLM0202
,,14,2026-09-20T01:22:14Z,35.72639822618845,humidity,airSensors,TLM0202
,,14,2026-09-20T01:22:24Z,35.688358350884535,humidity,airSensors,TLM0202
,,14,2026-09-20T01:22:34Z,35.66086527297167,humidity,airSensors,TLM0202
,,14,2026-09-20T01:22:44Z,35.699153062463616,humidity,airSensors,TLM0202
,,14,2026-09-20T01:22:54Z,35.65531022777099,humidity,airSensors,TLM0202
,,14,2026-09-20T01:23:04Z,35.70518027069606,humidity,airSensors,TLM0202
,,14,2026-09-20T01:23:14Z,35.72925741413753,humidity,airSensors,TLM0202
,,14,2026-09-20T01:23:24Z,35.71740532006325,humidity,airSensors,TLM0202
,,14,2026-09-20T01:23:34Z,35.675299600504204,humidity,airSensors,TLM0202
,,14,2026-09-20T01:23:44Z,35.62841048946312,humidity,airSensors,TLM0202
,,14,2026-09-20T01:23:54Z,35.647631797128916,humidity,airSensors,TLM0202
,,14,2026-09-20T01:24:04Z,35.622940880731576,humidity,airSensors,TLM0202
,,14,2026-09-20T01:24:14Z,35.61602163355277,humidity,airSensors,TLM0202
,,14,2026-09-20T01:24:24Z,35.63735995529419,humidity,airSensors,TLM0202
,,14,2026-09-20T01:24:34Z,35.62270417209342,humidity,airSensors,TLM0202
,,14,2026-09-20T01:24:44Z,35.61202814346146,humidity,airSensors,TLM0202
,,14,2026-09-20T01:24:54Z,35.58987935911083,humidity,airSensors,TLM0202
,,14,2026-09-20T01:25:04Z,35.54010723203778,humidity,airSensors,TLM0202
,,14,2026-09-20T01:25:14Z,35.551891646711816,humidity,airSensors,TLM0202
,,14,2026-09-20T01:25:24Z,35.57033565383294,humidity,airSensors,TLM0202
,,14,2026-09-20T01:25:34Z,35.59864899920694,humidity,airSensors,TLM0202
,,14,2026-09-20T01:25:44Z,35.55759038611172,humidity,airSensors,TLM0202
,,14,2026-09-20T01:25:54Z,35.5594790871225,humidity,airSensors,TLM0202
,,14,2026-09-20T01:26:04Z,35.575019268699585,humidity,airSensors,TLM0202
,,14,2026-09-20T01:26:14Z,35.5866579974122,humidity,airSensors,TLM0202
,,14,2026-09-20T01:26:24Z,35.547942675847224,humidity,airSensors,TLM0202
,,14,2026-09-20T01:26:34Z,35.59561519299388,humidity,airSensors,TLM0202
,,14,2026-09-20T01:26:44Z,35.61053855363291,humidity,airSensors,TLM0202
,,14,2026-09-20T01:26:54Z,35.657174703461784,humidity,airSensors,TLM0202
,,14,2026-09-20T01:27:04Z,35.62723246279645,humidity,airSensors,TLM0202
,,14,2026-09-20T01:27:14Z,35.60900196937785,humidity,airSensors,TLM0202
,,14,2026-09-20T01:27:24Z,35.56154054665445,humidity,airSensors,TLM0202
,,14,2026-09-20T01:27:34Z,35.54488906504349,humidity,airSensors,TLM0202
,,14,2026-09-20T01:27:44Z,35.56382335291336,humidity,airSensors,TLM0202
,,14,2026-09-20T01:27:54Z,35.58671973971529,humidity,airSensors,TLM0202
,,14,2026-09-20T01:28:04Z,35.60949654235457,humidity,airSensors,TLM0202
,,14,2026-09-20T01:28:14Z,35.576574204900545,humidity,airSensors,TLM0202
,,14,2026-09-20T01:28:24Z,35.565390739127224,humidity,airSensors,TLM0202
,,14,2026-09-20T01:28:34Z,35.547446534715725,humidity,airSensors,TLM0202
,,14,2026-09-20T01:28:44Z,35.5734190545217,humidity,airSensors,TLM0202
,,14,2026-09-20T01:28:54Z,35.58706103777058,humidity,airSensors,TLM0202
,,14,2026-09-20T01:29:04Z,35.54695595890901,humidity,airSensors,TLM0202
,,14,2026-09-20T01:29:14Z,35.572411122739645,humidity,airSensors,TLM0202
,,14,2026-09-20T01:29:24Z,35.536225496495646,humidity,airSensors,TLM0202
,,14,2026-09-20T01:29:34Z,35.52772518413572,humidity,airSensors,TLM0202
,,14,2026-09-20T01:29:44Z,35.516401988552786,humidity,airSensors,TLM0202
,,14,2026-09-20T01:29:54Z,35.48373498385045,humidity,airSensors,TLM0202
,,14,2026-09-20T01:30:04Z,35.492553762144134,humidity,airSensors,TLM0202
,,14,2026-09-20T01:30:14Z,35.520403628337206,humidity,airSensors,TLM0202
,,14,2026-09-20T01:30:24Z,35.56063348548437,humidity,airSensors,TLM0202
,,14,2026-09-20T01:30:34Z,35.567880474047094,humidity,airSensors,TLM0202
,,14,2026-09-20T01:30:44Z,35.60717850997704,humidity,airSensors,TLM0202
,,14,2026-09-20T01:30:54Z,35.64888776998588,humidity,airSensors,TLM0202
,,14,2026-09-20T01:31:04Z,35.61965978312657,humidity,airSensors,TLM0202
,,14,2026-09-20T01:31:14Z,35.65580017123356,humidity,airSensors,TLM0202
,,14,2026-09-20T01:31:24Z,35.64461489403204,humidity,airSensors,TLM0202
,,14,2026-09-20T01:31:34Z,35.611521095028365,humidity,airSensors,TLM0202
,,14,2026-09-20T01:31:44Z,35.63570443485692,humidity,airSensors,TLM0202
,,14,2026-09-20T01:31:54Z,35.63142411940124,humidity,airSensors,TLM0202
,,14,2026-09-20T01:32:04Z,35.629310536617076,humidity,airSensors,TLM0202
,,14,2026-09-20T01:32:14Z,35.61661071548189,humidity,airSensors,TLM0202
,,14,2026-09-20T01:32:24Z,35.601054620549235,humidity,airSensors,TLM0202
,,14,2026-09-20T01:32:34Z,35.61823007771572,humidity,airSensors,TLM0202
,,14,2026-09-20T01:32:44Z,35.62270822103792,humidity,airSensors,TLM0202
,,14,2026-09-20T01:32:54Z,35.632294686130194,humidity,airSensors,TLM0202
,,14,2026-09-20T01:33:04Z,35.6137245524863,humidity,airSensors,TLM0202
,,14,2026-09-20T01:33:14Z,35.569890424903235,humidity,airSensors,TLM0202
,,14,2026-09-20T01:33:24Z,35.58067166137017,humidity,airSensors,TLM0202
,,14,2026-09-20T01:33:34Z,35.5800830978639,humidity,airSensors,TLM0202
,,14,2026-09-20T01:33:44Z,35.54624736601464,humidity,airSensors,TLM0202
,,14,2026-09-20T01:33:54Z,35.49752046810013,humidity,airSensors,TLM0202
,,14,2026-09-20T01:34:04Z,35.46715836142491,humidity,airSensors,TLM0202
,,14,2026-09-20T01:34:14Z,35.45091109531706,humidity,airSensors,TLM0202
,,14,2026-09-20T01:34:24Z,35.47593581114391,humidity,airSensors,TLM0202
,,14,2026-09-20T01:34:34Z,35.50745723633525,humidity,airSensors,TLM0202
,,14,2026-09-20T01:34:44Z,35.521563496924394,humidity,airSensors,TLM0202
,,14,2026-09-20T01:34:54Z,35.53548100974102,humidity,airSensors,TLM0202
,,14,2026-09-20T01:35:04Z,35.57006176759553,humidity,airSensors,TLM0202
,,14,2026-09-20T01:35:14Z,35.60318091582531,humidity,airSensors,TLM0202
,,14,2026-09-20T01:35:24Z,35.6066978014415,humidity,airSensors,TLM0202
,,14,2026-09-20T01:35:34Z,35.618090391688845,humidity,airSensors,TLM0202
,,14,2026-09-20T01:35:44Z,35.648893849953815,humidity,airSensors,TLM0202
,,14,2026-09-20T01:35:54Z,35.63087488164605,humidity,airSensors,TLM0202
,,14,2026-09-20T01:36:04Z,35.604472098357505,humidity,airSensors,TLM0202
,,14,2026-09-20T01:36:14Z,35.58376860541713,humidity,airSensors,TLM0202
,,14,2026-09-20T01:36:24Z,35.59340888915233,humidity,airSensors,TLM0202
,,14,2026-09-20T01:36:34Z,35.589548622890085,humidity,airSensors,TLM0202
,,14,2026-09-20T01:36:44Z,35.541082814351086,humidity,airSensors,TLM0202
,,14,2026-09-20T01:36:54Z,35.497401004795776,humidity,airSensors,TLM0202
,,14,2026-09-20T01:37:04Z,35.501678490872465,humidity,airSensors,TLM0202
,,14,2026-09-20T01:37:14Z,35.55074360729691,humidity,airSensors,TLM0202
,,14,2026-09-20T01:37:24Z,35.51552353250329,humidity,airSensors,TLM0202
,,14,2026-09-20T01:37:34Z,35.49705002903974,humidity,airSensors,TLM0202
,,14,2026-09-20T01:37:44Z,35.46198504189355,humidity,airSensors,TLM0202
,,14,2026-09-20T01:37:54Z,35.46587169326654,humidity,airSensors,TLM0202
,,14,2026-09-20T01:38:04Z,35.45123711688781,humidity,airSensors,TLM0202
,,14,2026-09-20T01:38:14Z,35.50011532572462,humidity,airSensors,TLM0202
,,14,2026-09-20T01:38:24Z,35.525638164014325,humidity,airSensors,TLM0202
,,14,2026-09-20T01:38:34Z,35.50902486315386,humidity,airSensors,TLM0202
,,14,2026-09-20T01:38:44Z,35.4996245917438,humidity,airSensors,TLM0202
,,14,2026-09-20T01:38:54Z,35.51937673717497,humidity,airSensors,TLM0202
,,14,2026-09-20T01:39:04Z,35.50691155764749,humidity,airSensors,TLM0202
,,14,2026-09-20T01:39:14Z,35.490805210414784,humidity,airSensors,TLM0202
,,14,2026-09-20T01:39:24Z,35.48468145294307,humidity,airSensors,TLM0202
,,14,2026-09-20T01:39:34Z,35.49631574415355,humidity,airSensors,TLM0202
,,14,2026-09-20T01:39:44Z,35.51238249013526,humidity,airSensors,TLM0202
,,14,2026-09-20T01:39:54Z,35.524863425269956,humidity,airSensors,TLM0202
,,15,2026-09-20T00:39:54Z,35.85056885424697,humidity,airSensors,TLM0203
,,15,2026-09-20T00:40:04Z,35.808445619844406,humidity,airSensors,TLM0203
,,15,2026-09-20T00:40:14Z,35.759289958790234,humidity,airSensors,TLM0203
,,15,2026-09-20T00:40:24Z,35.74263813519924,humidity,airSensors,TLM0203
,,15,2026-09-20T00:40:34Z,35.741262732984424,humidity,airSensors,TLM0203
,,15,2026-09-20T00:40:44Z,35.6937223284667,humidity,airSensors,TLM0203
,,15,2026-09-20T00:40:54Z,35.65538722661717,humidity,airSensors,TLM0203
,,15,2026-09-20T00:41:04Z,35.68072017533391,humidity,airSensors,TLM0203
,,15,2026-09-20T00:41:14Z,35.65168154769571,humidity,airSensors,TLM0203
,,15,2026-09-20T00:41:24Z,35.68208177447044,humidity,airSensors,TLM0203
,,15,2026-09-20T00:41:34Z,35.660241990115246,humidity,airSensors,TLM0203
,,15,2026-09-20T00:41:44Z,35.635431548670546,humidity,airSensors,TLM0203
,,15,2026-09-20T00:41:54Z,35.65592767929964,humidity,airSensors,TLM0203
,,15,2026-09-20T00:42:04Z,35.644261034032596,humidity,airSensors,TLM0203
,,15,2026-09-20T00:42:14Z,35.68972689057235,humidity,airSensors,TLM0203
,,15,2026-09-20T00:42:24Z,35.70161238466336,humidity,airSensors,TLM0203
,,15,2026-09-20T00:42:34Z,35.6885439902499,humidity,airSensors,TLM0203
,,15,2026-09-20T00:42:44Z,35.65951397536417,humidity,airSensors,TLM0203
,,15,2026-09-20T00:42:54Z,35.64445438170424,humidity,airSensors,TLM0203
,,15,2026-09-20T00:43:04Z,35.629945068844776,humidity,airSensors,TLM0203
,,15,2026-09-20T00:43:14Z,35.643357607421585,humidity,airSensors,TLM0203
,,15,2026-09-20T00:43:24Z,35.66950717533227,humidity,airSensors,TLM0203
,,15,2026-09-20T00:43:34Z,35.649372931322446,humidity,airSensors,TLM0203
,,15,2026-09-20T00:43:44Z,35.640976890670935,humidity,airSensors,TLM0203
,,15,2026-09-20T00:43:54Z,35.61027107200607,humidity,airSensors,TLM0203
,,15,2026-09-20T00:44:04Z,35.57928389878731,humidity,airSensors,TLM0203
,,15,2026-09-20T00:44:14Z,35.60876712887931,humidity,airSensors,TLM0203
,,15,2026-09-20T00:44:24Z,35.654104550104314,humidity,airSensors,TLM0203
,,15,2026-09-20T00:44:34Z,35.67172931778738,humidity,airSensors,TLM0203
,,15,2026-09-20T00:44:44Z,35.689915734794155,humidity,airSensors,TLM0203
,,15,2026-09-20T00:44:54Z,35.65345124642939,humidity,airSensors,TLM0203
,,15,2026-09-20T00:45:04Z,35.68471305204338,humidity,airSensors,TLM0203
,,15,2026-09-20T00:45:14Z,35.71071753322557,humidity,airSensors,TLM0203
,,15,2026-09-20T00:45:24Z,35.664318011863365,humidity,airSensors,TLM0203
,,15,2026-09-20T00:45:34Z,35.616987195204665,humidity,airSensors,TLM0203
,,15,2026-09-20T00:45:44Z,35.62737733547569,humidity,airSensors,TLM0203
,,15,2026-09-20T00:45:54Z,35.606988589180865,humidity,airSensors,TLM0203
,,15,2026-09-20T00:46:04Z,35.614168666231784,humidity,airSensors,TLM0203
,,15,2026-09-20T00:46:14Z,35.657346522775384,humidity,airSensors,TLM0203
,,15,2026-09-20T00:46:24Z,35.640946965402726,humidity,airSensors,TLM0203
,,15,2026-09-20T00:46:34Z,35.644878335222394,humidity,airSensors,TLM0203
,,15,2026-09-20T00:46:44Z,35.617568303825195,humidity,airSensors,TLM0203
,,15,2026-09-20T00:46:54Z,35.58362750417981,humidity,airSensors,TLM0203
,,15,2026-09-20T00:47:04Z,35.58562890614512,humidity,airSensors,TLM0203
,,15,2026-09-20T00:47:14Z,35.58511064613429,humidity,airSensors,TLM0203
,,15,2026-09-20T00:47:24Z,35.63230707031662,humidity,airSensors,TLM0203
,,15,2026-09-20T00:47:34Z,35.58747104326072,humidity,airSensors,TLM0203
,,15,2026-09-20T00:47:44Z,35.62048991171304,humidity,airSensors,TLM0203
,,15,2026-09-20T00:47:54Z,35.64958849630636,humidity,airSensors,TLM0203
,,15,2026-09-20T00:48:04Z,35.63152927100259,humidity,airSensors,TLM0203
,,15,2026-09-20T00:48:14Z,35.62298292653164,humidity,airSensors,TLM0203
,,15,2026-09-20T00:48:24Z,35.581689718218385,humidity,airSensors,TLM0203
,,15,2026-09-20T00:48:34Z,35.61397243503602,humidity,airSensors,TLM0203
,,15,2026-09-20T00:48:44Z,35.585291179483086,humidity,airSensors,TLM0203
,,15,2026-09-20T00:48:54Z,35.558650988509676,humidity,airSensors,TLM0203
,,15,2026-09-20T00:49:04Z,35.5675302796871,humidity,airSensors,TLM0203
,,15,2026-09-20T00:49:14Z,35.548934755627506,humidity,airSensors,TLM0203
,,15,2026-09-20T00:49:24Z,35.59749748964329,humidity,airSensors,TLM0203
,,15,2026-09-20T00:49:34Z,35.617203475618545,humidity,airSensors,TLM0203
,,15,2026-09-20T00:49:44Z,35.60445794830982,humidity,airSensors,TLM0203
,,15,2026-09-20T00:49:54Z,35.59705475768522,humidity,airSensors,TLM0203
,,15,2026-09-20T00:50:04Z,35.622063594547754,humidity,airSensors,TLM0203
,,15,2026-09-20T00:50:14Z,35.65046890309532,humidity,airSensors,TLM0203
,,15,2026-09-20T00:50:24Z,35.669291485869586,humidity,airSensors,TLM0203
,,15,2026-09-20T00:50:34Z,35.64208963719941,humidity,airSensors,TLM0203
,,15,2026-09-20T00:50:44Z,35.65267772943512,humidity,airSensors,TLM0203
,,15,2026-09-20T00:50:54Z,35.679769947450296,humidity,airSensors,TLM0203
,,15,2026-09-20T00:51:04Z,35.72236138080442,humidity,airSensors,TLM0203
,,15,2026-09-20T00:51:14Z,35.70228600849893,humidity,airSensors,TLM0203
,,15,2026-09-20T00:51:24Z,35.67436662719222,humidity,airSensors,TLM0203
,,15,2026-09-20T00:51:34Z,35.67063281594524,humidity,airSensors,TLM0203
,,15,2026-09-20T00:51:44Z,35.689661708732835,humidity,airSensors,TLM0203
,,15,2026-09-20T00:51:54Z,35.72828832755804,humidity,airSensors,TLM0203
,,15,2026-09-20T00:52:04Z,35.74676217321432,humidity,airSensors,TLM0203
,,15,2026-09-20T00:52:14Z,35.79043020385371,humidity,airSensors,TLM0203
,,15,2026-09-20T00:52:24Z,35.819901276766466,humidity,airSensors,TLM0203
,,15,2026-09-20T00:52:34Z,35.846549486567035,humidity,airSensors,TLM0203
,,15,2026-09-20T00:52:44Z,35.838323205628114,humidity,airSensors,TLM0203
,,15,2026-09-20T00:52:54Z,35.802157184925356,humidity,airSensors,TLM0203
,,15,2026-09-20T00:53:04Z,35.77784544209107,humidity,airSensors,TLM0203
,,15,2026-09-20T00:53:14Z,35.80774231592294,humidity,airSensors,TLM0203
,,15,2026-09-20T00:53:24Z,35.81022820035577,humidity,airSensors,TLM0203
,,15,2026-09-20T00:53:34Z,35.82508583792652,humidity,airSensors,TLM0203
,,15,2026-09-20T00:53:44Z,35.813031796561496,humidity,airSensors,TLM0203
,,15,2026-09-20T00:53:54Z,35.83749575310135,humidity,airSensors,TLM0203
,,15,2026-09-20T00:54:04Z,35.80245438451713,humidity,airSensors,TLM0203
,,15,2026-09-20T00:54:14Z,35.83358237161581,humidity,airSensors,TLM0203
,,15,2026-09-20T00:54:24Z,35.82496646004531,humidity,airSensors,TLM0203
,,15,2026-09-20T00:54:34Z,35.78907478602628,humidity,airSensors,TLM0203
,,15,2026-09-20T00:54:44Z,35.79231985797663,humidity,airSensors,TLM0203
,,15,2026-09-20T00:54:54Z,35.77176673142758,humidity,airSensors,TLM0203
,,15,2026-09-20T00:55:04Z,35.801032662084175,humidity,airSensors,TLM0203
,,15,2026-09-20T00:55:14Z,35.83487397807717,humidity,airSensors,TLM0203
,,15,2026-09-20T00:55:24Z,35.8095096645778,humidity,airSensors,TLM0203
,,15,2026-09-20T00:55:34Z,35.83032816754565,humidity,airSensors,TLM0203
,,15,2026-09-20T00:55:44Z,35.86445738986028,humidity,airSensors,TLM0203
,,15,2026-09-20T00:55:54Z,35.904996679665125,humidity,airSensors,TLM0203
,,15,2026-09-20T00:56:04Z,35.95086840250144,humidity,airSensors,TLM0203
,,15,2026-09-20T00:56:14Z,35.946068593438746,humidity,airSensors,TLM0203
,,15,2026-09-20T00:56:24Z,35.917978489771,humidity,airSensors,TLM0203
,,15,2026-09-20T00:56:34Z,35.9232051659018,humidity,airSensors,TLM0203
,,15,2026-09-20T00:56:44Z,35.9274954985888,humidity,airSensors,TLM0203
,,15,2026-09-20T00:56:54Z,35.92767348795417,humidity,airSensors,TLM0203
,,15,2026-09-20T00:57:04Z,35.966105488101284,humidity,airSensors,TLM0203
,,15,2026-09-20T00:57:14Z,35.9345235808452,humidity,airSensors,TLM0203
,,15,2026-09-20T00:57:24Z,35.936421469244245,humidity,airSensors,TLM0203
,,15,2026-09-20T00:57:34Z,35.9700114731296,humidity,airSensors,TLM0203
,,15,2026-09-20T00:57:44Z,35.97505250401737,humidity,airSensors,TLM0203
,,15,2026-09-20T00:57:54Z,36.02018913311835,humidity,airSensors,TLM0203
,,15,2026-09-20T00:58:04Z,36.03900776291837,humidity,airSensors,TLM0203
,,15,2026-09-20T00:58:14Z,36.08146838484969,humidity,airSensors,TLM0203
,,15,2026-09-20T00:58:24Z,36.07159943858753,humidity,airSensors,TLM0203
,,15,2026-09-20T00:58:34Z,36.07373059206298,humidity,airSensors,TLM0203
,,15,2026-09-20T00:58:44Z,36.029098917088014,humidity,airSensors,TLM0203
,,15,2026-09-20T00:58:54Z,36.06179701532593,humidity,airSensors,TLM0203
,,15,2026-09-20T00:59:04Z,36.08737617943327,humidity,airSensors,TLM0203
,,15,2026-09-20T00:59:14Z,36.10235168956671,humidity,airSensors,TLM0203
,,15,2026-09-20T00:59:24Z,36.1205678099659,humidity,airSensors,TLM0203
,,15,2026-09-20T00:59:34Z,36.11992285906355,humidity,airSensors,TLM0203
,,15,2026-09-20T00:59:44Z,36.14762133615835,humidity,airSensors,TLM0203
,,15,2026-09-20T00:59:54Z,36.11717025962078,humidity,airSensors,TLM0203
,,15,2026-09-20T01:00:04Z,36.08942234579063,humidity,airSensors,TLM0203
,,15,2026-09-20T01:00:14Z,36.13241172726575,humidity,airSensors,TLM0203
,,15,2026-09-20T01:00:24Z,36.131657507677,humidity,airSensors,TLM0203
,,15,2026-09-20T01:00:34Z,36.09538132047406,humidity,airSensors,TLM0203
,,15,2026-09-20T01:00:44Z,36.11851326812524,humidity,airSensors,TLM0203
,,15,2026-09-20T01:00:54Z,36.12106358858064,humidity,airSensors,TLM0203
,,15,2026-09-20T01:01:04Z,36.13692284284008,humidity,airSensors,TLM0203
,,15,2026-09-20T01:01:14Z,36.10102306589528,humidity,airSensors,TLM0203
,,15,2026-09-20T01:01:24Z,36.095691160571334,humidity,airSensors,TLM0203
,,15,2026-09-20T01:01:34Z,36.133468118406704,humidity,airSensors,TLM0203
,,15,2026-09-20T01:01:44Z,36.1018945870803,humidity,airSensors,TLM0203
,,15,2026-09-20T01:01:54Z,36.12138947853544,humidity,airSensors,TLM0203
,,15,2026-09-20T01:02:04Z,36.15704667038199,humidity,airSensors,TLM0203
,,15,2026-09-20T01:02:14Z,36.13965163901475,humidity,airSensors,TLM0203
,,15,2026-09-20T01:02:24Z,36.129748370028025,humidity,airSensors,TLM0203
,,15,2026-09-20T01:02:34Z,36.106214057532114,humidity,airSensors,TLM0203
,,15,2026-09-20T01:02:44Z,36.085113805296245,humidity,airSensors,TLM0203
,,15,2026-09-20T01:02:54Z,36.07570205091914,humidity,airSensors,TLM0203
,,15,2026-09-20T01:03:04Z,36.09913259791129,humidity,airSensors,TLM0203
,,15,2026-09-20T01:03:14Z,36.05061361796322,humidity,airSensors,TLM0203
,,15,2026-09-20T01:03:24Z,36.01454239819936,humidity,airSensors,TLM0203
,,15,2026-09-20T01:03:34Z,35.97130392143756,humidity,airSensors,TLM0203
,,15,2026-09-20T01:03:44Z,35.96630142501284,humidity,airSensors,TLM0203
,,15,2026-09-20T01:03:54Z,35.96551816515312,humidity,airSensors,TLM0203
,,15,2026-09-20T01:04:04Z,35.93471956359479,humidity,airSensors,TLM0203
,,15,2026-09-20T01:04:14Z,35.92926964145983,humidity,airSensors,TLM0203
,,15,2026-09-20T01:04:24Z,35.93617180837231,humidity,airSensors,TLM0203
,,15,2026-09-20T01:04:34Z,35.966368248385336,humidity,airSensors,TLM0203
,,15,2026-09-20T01:04:44Z,35.9906901582554,humidity,airSensors,TLM0203
,,15,2026-09-20T01:04:54Z,36.01039481894836,humidity,airSensors,TLM0203
,,15,2026-09-20T01:05:04Z,36.00399420330468,humidity,airSensors,TLM0203
,,15,2026-09-20T01:05:14Z,35.96419912315462,humidity,airSensors,TLM0203
,,15,2026-09-20T01:05:24Z,35.925036022783026,humidity,airSensors,TLM0203
,,15,2026-09-20T01:05:34Z,35.95962197568131,humidity,airSensors,TLM0203
,,15,2026-09-20T01:05:44Z,35.92357246323654,humidity,airSensors,TLM0203
,,15,2026-09-20T01:05:54Z,35.88376535907164,humidity,airSensors,TLM0203
,,15,2026-09-20T01:06:04Z,35.91641762722459,humidity,airSensors,TLM0203
,,15,2026-09-20T01:06:14Z,35.88607142946426,humidity,airSensors,TLM0203
,,15,2026-09-20T01:06:24Z,35.86823653961652,humidity,airSensors,TLM0203
,,15,2026-09-20T01:06:34Z,35.84136964629532,humidity,airSensors,TLM0203
,,15,2026-09-20T01:06:44Z,35.82272945924479,humidity,airSensors,TLM0203
,,15,2026-09-20T01:06:54Z,35.85708618566784,humidity,airSensors,TLM0203
,,15,2026-09-20T01:07:04Z,35.8257256179019,humidity,airSensors,TLM0203
,,15,2026-09-20T01:07:14Z,35.86552843530375,humidity,airSensors,TLM0203
,,15,2026-09-20T01:07:24Z,35.857223083863474,humidity,airSensors,TLM0203
,,15,2026-09-20T01:07:34Z,35.833669793360286,humidity,airSensors,TLM0203
,,15,2026-09-20T01:07:44Z,35.86143314571177,humidity,airSensors,TLM0203
,,15,2026-09-20T01:07:54Z,35.8284678078827,humidity,airSensors,TLM0203
,,15,2026-09-20T01:08:04Z,35.81313678360363,humidity,airSensors,TLM0203
,,15,2026-09-20T01:08:14Z,35.77605736171546,humidity,airSensors,TLM0203
,,15,2026-09-20T01:08:24Z,35.760862514223895,humidity,airSensors,TLM0203
,,15,2026-09-20T01:08:34Z,35.80867613181826,humidity,airSensors,TLM0203
,,15,2026-09-20T01:08:44Z,35.76927004068475,humidity,airSensors,TLM0203
,,15,2026-09-20T01:08:54Z,35.80180352778727,humidity,airSensors,TLM0203
,,15,2026-09-20T01:09:04Z,35.832872814098,humidity,airSensors,TLM0203
,,15,2026-09-20T01:09:14Z,35.787305921827176,humidity,airSensors,TLM0203
,,15,2026-09-20T01:09:24Z,35.763176225916794,humidity,airSensors,TLM0203
,,15,2026-09-20T01:09:34Z,35.747100791164904,humidity,airSensors,TLM0203
,,15,2026-09-20T01:09:44Z,35.79667095483353,humidity,airSensors,TLM0203
,,15,2026-09-20T01:09:54Z,35.81724390486905,humidity,airSensors,TLM0203
,,15,2026-09-20T01:10:04Z,35.78494073318783,humidity,airSensors,TLM0203
,,15,2026-09-20T01:10:14Z,35.76550921548399,humidity,airSensors,TLM0203
,,15,2026-09-20T01:10:24Z,35.75339746356317,humidity,airSensors,TLM0203
,,15,2026-09-20T01:10:34Z,35.741530681377505,humidity,airSensors,TLM0203
,,15,2026-09-20T01:10:44Z,35.71746632680477,humidity,airSensors,TLM0203
,,15,2026-09-20T01:10:54Z,35.699212562903234,humidity,airSensors,TLM0203
,,15,2026-09-20T01:11:04Z,35.694681592757654,humidity,airSensors,TLM0203
,,15,2026-09-20T01:11:14Z,35.73152259448693,humidity,airSensors,TLM0203
,,15,2026-09-20T01:11:24Z,35.73959751651692,humidity,airSensors,TLM0203
,,15,2026-09-20T01:11:34Z,35.72508942548435,humidity,airSensors,TLM0203
,,15,2026-09-20T01:11:44Z,35.71158331964135,humidity,airSensors,TLM0203
,,15,2026-09-20T01:11:54Z,35.671405494582466,humidity,airSensors,TLM0203
,,15,2026-09-20T01:12:04Z,35.627849124275805,humidity,airSensors,TLM0203
,,15,2026-09-20T01:12:14Z,35.62397726439887,humidity,airSensors,TLM0203
,,15,2026-09-20T01:12:24Z,35.61239676687732,humidity,airSensors,TLM0203
,,15,2026-09-20T01:12:34Z,35.56689647848282,humidity,airSensors,TLM0203
,,15,2026-09-20T01:12:44Z,35.568310268334145,humidity,airSensors,TLM0203
,,15,2026-09-20T01:12:54Z,35.59820720270332,humidity,airSensors,TLM0203
,,15,2026-09-20T01:13:04Z,35.592469836199186,humidity,airSensors,TLM0203
,,15,2026-09-20T01:13:14Z,35.63567476003656,humidity,airSensors,TLM0203
,,15,2026-09-20T01:13:24Z,35.59559324735296,humidity,airSensors,TLM0203
,,15,2026-09-20T01:13:34Z,35.61628770285808,humidity,airSensors,TLM0203
,,15,2026-09-20T01:13:44Z,35.60052092812702,humidity,airSensors,TLM0203
,,15,2026-09-20T01:13:54Z,35.551765634445275,humidity,airSensors,TLM0203
,,15,2026-09-20T01:14:04Z,35.59130122817953,humidity,airSensors,TLM0203
,,15,2026-09-20T01:14:14Z,35.56685419448462,humidity,airSensors,TLM0203
,,15,2026-09-20T01:14:24Z,35.543390979872186,humidity,airSensors,TLM0203
,,15,2026-09-20T01:14:34Z,35.500938035168545,humidity,airSensors,TLM0203
,,15,2026-09-20T01:14:44Z,35.46094211934254,humidity,airSensors,TLM0203
,,15,2026-09-20T01:14:54Z,35.48162004020741,humidity,airSensors,TLM0203
,,15,2026-09-20T01:15:04Z,35.5097960156796,humidity,airSensors,TLM0203
,,15,2026-09-20T01:15:14Z,35.50131026820281,humidity,airSensors,TLM0203
,,15,2026-09-20T01:15:24Z,35.52384344225643,humidity,airSensors,TLM0203
,,15,2026-09-20T01:15:34Z,35.54760814487625,humidity,airSensors,TLM0203
,,15,2026-09-20T01:15:44Z,35.540030653420246,humidity,airSensors,TLM0203
,,15,2026-09-20T01:15:54Z,35.56154547465462,humidity,airSensors,TLM0203
,,15,2026-09-20T01:16:04Z,35.59645204691354,humidity,airSensors,TLM0203
,,15,2026-09-20T01:16:14Z,35.59885971874187,humidity,airSensors,TLM0203
,,15,2026-09-20T01:16:24Z,35.620303726926934,humidity,airSensors,TLM0203
,,15,2026-09-20T01:16:34Z,35.57675263344972,humidity,airSensors,TLM0203
,,15,2026-09-20T01:16:44Z,35.553931988404365,humidity,airSensors,TLM0203
,,15,2026-09-20T01:16:54Z,35.528318115741236,humidity,airSensors,TLM0203
,,15,2026-09-20T01:17:04Z,35.526911074522694,humidity,airSensors,TLM0203
,,15,2026-09-20T01:17:14Z,35.55387784537449,humidity,airSensors,TLM0203
,,15,2026-09-20T01:17:24Z,35.56515124057749,humidity,airSensors,TLM0203
,,15,2026-09-20T01:17:34Z,35.53083401869364,humidity,airSensors,TLM0203
,,15,2026-09-20T01:17:44Z,35.487484212514325,humidity,airSensors,TLM0203
,,15,2026-09-20T01:17:54Z,35.53332282305867,humidity,airSensors,TLM0203
,,15,2026-09-20T01:18:04Z,35.5596066290507,humidity,airSensors,TLM0203
,,15,2026-09-20T01:18:14Z,35.545536420370155,humidity,airSensors,TLM0203
,,15,2026-09-20T01:18:24Z,35.558045190282925,humidity,airSensors,TLM0203
,,15,2026-09-20T01:18:34Z,35.57728670168051,humidity,airSensors,TLM0203
,,15,2026-09-20T01:18:44Z,35.535425370320766,humidity,airSensors,TLM0203
,,15,2026-09-20T01:18:54Z,35.51921334073726,humidity,airSensors,TLM0203
,,15,2026-09-20T01:19:04Z,35.50245041460077,humidity,airSensors,TLM0203
,,15,2026-09-20T01:19:14Z,35.543831034680345,humidity,airSensors,TLM0203
,,15,2026-09-20T01:19:24Z,35.561768692640385,humidity,airSensors,TLM0203
,,15,2026-09-20T01:19:34Z,35.59814996900009,humidity,airSensors,TLM0203
,,15,2026-09-20T01:19:44Z,35.642132525047266,humidity,airSensors,TLM0203
,,15,2026-09-20T01:19:54Z,35.61038591289136,humidity,airSensors,TLM0203
,,15,2026-09-20T01:20:04Z,35.65520465685884,humidity,airSensors,TLM0203
,,15,2026-09-20T01:20:14Z,35.62277615522346,humidity,airSensors,TLM0203
,,15,2026-09-20T01:20:24Z,35.59656426608428,humidity,airSensors,TLM0203
,,15,2026-09-20T01:20:34Z,35.623712183063176,humidity,airSensors,TLM0203
,,15,2026-09-20T01:20:44Z,35.6168124675234,humidity,airSensors,TLM0203
,,15,2026-09-20T01:20:54Z,35.651256688449465,humidity,airSensors,TLM0203
,,15,2026-09-20T01:21:04Z,35.67699964500842,humidity,airSensors,TLM0203
,,15,2026-09-20T01:21:14Z,35.67229051174958,humidity,airSensors,TLM0203
,,15,2026-09-20T01:21:24Z,35.68620366057431,humidity,airSensors,TLM0203
,,15,2026-09-20T01:21:34Z,35.67493463475905,humidity,airSensors,TLM0203
,,15,2026-09-20T01:21:44Z,35.70073996836148,humidity,airSensors,TLM0203
,,15,2026-09-20T01:21:54Z,35.67897945539397,humidity,airSensors,TLM0203
,,15,2026-09-20T01:22:04Z,35.716407384582716,humidity,airSensors,TLM0203
,,15,2026-09-20T01:22:14Z,35.74551179418029,humidity,airSensors,TLM0203
,,15,2026-09-20T01:22:24Z,35.705773641174716,humidity,airSensors,TLM0203
,,15,2026-09-20T01:22:34Z,35.75057655338253,humidity,airSensors,TLM0203
,,15,2026-09-20T01:22:44Z,35.77680867558394,humidity,airSensors,TLM0203
,,15,2026-09-20T01:22:54Z,35.79503792038203,humidity,airSensors,TLM0203
,,15,2026-09-20T01:23:04Z,35.77757561987472,humidity,airSensors,TLM0203
,,15,2026-09-20T01:23:14Z,35.78708717147831,humidity,airSensors,TLM0203
,,15,2026-09-20T01:23:24Z,35.821814829579395,humidity,airSensors,TLM0203
,,15,2026-09-20T01:23:34Z,35.86282354974921,humidity,airSensors,TLM0203
,,15,2026-09-20T01:23:44Z,35.8681379214011,humidity,airSensors,TLM0203
,,15,2026-09-20T01:23:54Z,35.886811267276684,humidity,airSensors,TLM0203
,,15,2026-09-20T01:24:04Z,35.8682989764371,humidity,airSensors,TLM0203
,,15,2026-09-20T01:24:14Z,35.83525833824643,humidity,airSensors,TLM0203
,,15,2026-09-20T01:24:24Z,35.81144157248434,humidity,airSensors,TLM0203
,,15,2026-09-20T01:24:34Z,35.838991144614994,humidity,airSensors,TLM0203
,,15,2026-09-20T01:24:44Z,35.80219852972533,humidity,airSensors,TLM0203
,,15,2026-09-20T01:24:54Z,35.802080705170006,humidity,airSensors,TLM0203
,,15,2026-09-20T01:25:04Z,35.836015837463016,humidity,airSensors,TLM0203
,,15,2026-09-20T01:25:14Z,35.78938057282516,humidity,airSensors,TLM0203
,,15,2026-09-20T01:25:24Z,35.766012636593466,humidity,airSensors,TLM0203
,,15,2026-09-20T01:25:34Z,35.803711394106195,humidity,airSensors,TLM0203
,,15,2026-09-20T01:25:44Z,35.768450563795476,humidity,airSensors,TLM0203
,,15,2026-09-20T01:25:54Z,35.734328977688996,humidity,airSensors,TLM0203
,,15,2026-09-20T01:26:04Z,35.69540803821165,humidity,airSensors,TLM0203
,,15,2026-09-20T01:26:14Z,35.714663761868565,humidity,airSensors,TLM0203
,,15,2026-09-20T01:26:24Z,35.666071589137196,humidity,airSensors,TLM0203
,,15,2026-09-20T01:26:34Z,35.62496361386603,humidity,airSensors,TLM0203
,,15,2026-09-20T01:26:44Z,35.57643765384618,humidity,airSensors,TLM0203
,,15,2026-09-20T01:26:54Z,35.58439357380226,humidity,airSensors,TLM0203
,,15,2026-09-20T01:27:04Z,35.56584187299054,humidity,airSensors,TLM0203
,,15,2026-09-20T01:27:14Z,35.53651077810582,humidity,airSensors,TLM0203
,,15,2026-09-20T01:27:24Z,35.539717943995285,humidity,airSensors,TLM0203
,,15,2026-09-20T01:27:34Z,35.51174376880426,humidity,airSensors,TLM0203
,,15,2026-09-20T01:27:44Z,35.510003048156015,humidity,airSensors,TLM0203
,,15,2026-09-20T01:27:54Z,35.547663081878525,humidity,airSensors,TLM0203
,,15,2026-09-20T01:28:04Z,35.593835363457664,humidity,airSensors,TLM0203
,,15,2026-09-20T01:28:14Z,35.612800970616526,humidity,airSensors,TLM0203
,,15,2026-09-20T01:28:24Z,35.60834281901232,humidity,airSensors,TLM0203
,,15,2026-09-20T01:28:34Z,35.58175254959362,humidity,airSensors,TLM0203
,,15,2026-09-20T01:28:44Z,35.56890853894135,humidity,airSensors,TLM0203
,,15,2026-09-20T01:28:54Z,35.5926669695597,humidity,airSensors,TLM0203
,,15,2026-09-20T01:29:04Z,35.571997864980055,humidity,airSensors,TLM0203
,,15,2026-09-20T01:29:14Z,35.52764402351188,humidity,airSensors,TLM0203
,,15,2026-09-20T01:29:24Z,35.56618010774562,humidity,airSensors,TLM0203
,,15,2026-09-20T01:29:34Z,35.603385041263685,humidity,airSensors,TLM0203
,,15,2026-09-20T01:29:44Z,35.561025039970595,humidity,airSensors,TLM0203
,,15,2026-09-20T01:29:54Z,35.58924921348402,humidity,airSensors,TLM0203
,,15,2026-09-20T01:30:04Z,35.63470592789786,humidity,airSensors,TLM0203
,,15,2026-09-20T01:30:14Z,35.61934033002907,humidity,airSensors,TLM0203
,,15,2026-09-20T01:30:24Z,35.66731839154854,humidity,airSensors,TLM0203
,,15,2026-09-20T01:30:34Z,35.67098973499327,humidity,airSensors,TLM0203
,,15,2026-09-20T01:30:44Z,35.677830944632994,humidity,airSensors,TLM0203
,,15,2026-09-20T01:30:54Z,35.63969574134186,humidity,airSensors,TLM0203
,,15,2026-09-20T01:31:04Z,35.65492123045631,humidity,airSensors,TLM0203
,,15,2026-09-20T01:31:14Z,35.66683710098581,humidity,airSensors,TLM0203
,,15,2026-09-20T01:31:24Z,35.66620182248762,humidity,airSensors,TLM0203
,,15,2026-09-20T01:31:34Z,35.67200260370174,humidity,airSensors,TLM0203
,,15,2026-09-20T01:31:44Z,35.686404463817055,humidity,airSensors,TLM0203
,,15,2026-09-20T01:31:54Z,35.71012067785334,humidity,airSensors,TLM0203
,,15,2026-09-20T01:32:04Z,35.70719911346307,humidity,airSensors,TLM0203
,,15,2026-09-20T01:32:14Z,35.68558327472854,humidity,airSensors,TLM0203
,,15,2026-09-20T01:32:24Z,35.701301236732775,humidity,airSensors,TLM0203
,,15,2026-09-20T01:32:34Z,35.7191717092656,humidity,airSensors,TLM0203
,,15,2026-09-20T01:32:44Z,35.740512800521934,humidity,airSensors,TLM0203
,,15,2026-09-20T01:32:54Z,35.742735137600924,humidity,airSensors,TLM0203
,,15,2026-09-20T01:33:04Z,35.78399778676989,humidity,airSensors,TLM0203
,,15,2026-09-20T01:33:14Z,35.788222141965306,humidity,airSensors,TLM0203
,,15,2026-09-20T01:33:24Z,35.79614220329379,humidity,airSensors,TLM0203
,,15,2026-09-20T01:33:34Z,35.762287220332155,humidity,airSensors,TLM0203
,,15,2026-09-20T01:33:44Z,35.76618766534491,humidity,airSensors,TLM0203
,,15,2026-09-20T01:33:54Z,35.717639875701785,humidity,airSensors,TLM0203
,,15,2026-09-20T01:34:04Z,35.723036402846574,humidity,airSensors,TLM0203
,,15,2026-09-20T01:34:14Z,35.687190245382695,humidity,airSensors,TLM0203
,,15,2026-09-20T01:34:24Z,35.67967116738482,humidity,airSensors,TLM0203
,,15,2026-09-20T01:34:34Z,35.664937637332486,humidity,airSensors,TLM0203
,,15,2026-09-20T01:34:44Z,35.672228416021696,humidity,airSensors,TLM0203
,,15,2026-09-20T01:34:54Z,35.631873355601456,humidity,airSensors,TLM0203
,,15,2026-09-20T01:35:04Z,35.583137072994546,humidity,airSensors,TLM0203
,,15,2026-09-20T01:35:14Z,35.6275141749972,humidity,airSensors,TLM0203
,,15,2026-09-20T01:35:24Z,35.63103685731061,humidity,airSensors,TLM0203
,,15,2026-09-20T01:35:34Z,35.65548403801529,humidity,airSensors,TLM0203
,,15,2026-09-20T01:35:44Z,35.697216398558005,humidity,airSensors,TLM0203
,,15,2026-09-20T01:35:54Z,35.71097242108866,humidity,airSensors,TLM0203
,,15,2026-09-20T01:36:04Z,35.67932042238589,humidity,airSensors,TLM0203
,,15,2026-09-20T01:36:14Z,35.71054569295329,humidity,airSensors,TLM0203
,,15,2026-09-20T01:36:24Z,35.669624456191535,humidity,airSensors,TLM0203
,,15,2026-09-20T01:36:34Z,35.70046180621052,humidity,airSensors,TLM0203
,,15,2026-09-20T01:36:44Z,35.71044570318012,humidity,airSensors,TLM0203
,,15,2026-09-20T01:36:54Z,35.67482679506645,humidity,airSensors,TLM0203
,,15,2026-09-20T01:37:04Z,35.6355661765918,humidity,airSensors,TLM0203
,,15,2026-09-20T01:37:14Z,35.59655048409843,humidity,airSensors,TLM0203
,,15,2026-09-20T01:37:24Z,35.55972495194445,humidity,airSensors,TLM0203
,,15,2026-09-20T01:37:34Z,35.56719374331503,humidity,airSensors,TLM0203
,,15,2026-09-20T01:37:44Z,35.573565206813164,humidity,airSensors,TLM0203
,,15,2026-09-20T01:37:54Z,35.59730454263261,humidity,airSensors,TLM0203
,,15,2026-09-20T01:38:04Z,35.58277961461205,humidity,airSensors,TLM0203
,,15,2026-09-20T01:38:14Z,35.53617799494117,humidity,airSensors,TLM0203
,,15,2026-09-20T01:38:24Z,35.5098062927251,humidity,airSensors,TLM0203
,,15,2026-09-20T01:38:34Z,35.482815431987234,humidity,airSensors,TLM0203
,,15,2026-09-20T01:38:44Z,35.49726146686452,humidity,airSensors,TLM0203
,,15,2026-09-20T01:38:54Z,35.49107570440649,humidity,airSensors,TLM0203
,,15,2026-09-20T01:39:04Z,35.53899954185582,humidity,airSensors,TLM0203
,,15,2026-09-20T01:39:14Z,35.54092839026836,humidity,airSensors,TLM0203
,,15,2026-09-20T01:39:24Z,35.58383016900652,humidity,airSensors,TLM0203
,,15,2026-09-20T01:39:34Z,35.61240046986295,humidity,airSensors,TLM0203
,,15,2026-09-20T01:39:44Z,35.57397630676357,humidity,airSensors,TLM0203
,,15,2026-09-20T01:39:54Z,35.5612327762251,humidity,airSensors,TLM0203
,,16,2026-09-20T00:39:54Z,71.17349609505985,temperature,airSensors,TLM0100
,,16,2026-09-20T00:40:04Z,71.14572415043175,temperature,airSensors,TLM0100
,,16,2026-09-20T00:40:14Z,71.18696282005033,temperature,airSensors,TLM0100
,,16,2026-09-20T00:40:24Z,71.20457062339604,temperature,airSensors,TLM0100
,,16,2026-09-20T00:40:34Z,71.23115899779165,temperature,airSensors,TLM0100
,,16,2026-09-20T00:40:44Z,71.24254961407564,temperature,airSensors,TLM0100
,,16,2026-09-20T00:40:54Z,71.20814358133208,temperature,airSensors,TLM0100
,,16,2026-09-20T00:41:04Z,71.24613467544222,temperature,airSensors,TLM0100
,,16,2026-09-20T00:41:14Z,71.19762825924599,temperature,airSensors,TLM0100
,,16,2026-09-20T00:41:24Z,71.17755333369753,temperature,airSensors,TLM0100
,,16,2026-09-20T00:41:34Z,71.20952646544394,temperature,airSensors,TLM0100
,,16,2026-09-20T00:41:44Z,71.19331430837146,temperature,airSensors,TLM0100
,,16,2026-09-20T00:41:54Z,71.16650247737167,temperature,airSensors,TLM0100
,,16,2026-09-20T00:42:04Z,71.19983189326419,temperature,airSensors,TLM0100
,,16,2026-09-20T00:42:14Z,71.21310479270447,temperature,airSensors,TLM0100
,,16,2026-09-20T00:42:24Z,71.23005862423027,temperature,airSensors,TLM0100
,,16,2026-09-20T00:42:34Z,71.23423289476887,temperature,airSensors,TLM0100
,,16,2026-09-20T00:42:44Z,71.27095590618794,temperature,airSensors,TLM0100
,,16,2026-09-20T00:42:54Z,71.288733154859,temperature,airSensors,TLM0100
,,16,2026-09-20T00:43:04Z,71.26263280102646,temperature,airSensors,TLM0100
,,16,2026-09-20T00:43:14Z,71.24472800141506,temperature,airSensors,TLM0100
,,16,2026-09-20T00:43:24Z,71.22592631778134,temperature,airSensors,TLM0100
,,16,2026-09-20T00:43:34Z,71.21787953740164,temperature,airSensors,TLM0100
,,16,2026-09-20T00:43:44Z,71.21765024097824,temperature,airSensors,TLM0100
,,16,2026-09-20T00:43:54Z,71.23805939946627,temperature,airSensors,TLM0100
,,16,2026-09-20T00:44:04Z,71.22729161944025,temperature,airSensors,TLM0100
,,16,2026-09-20T00:44:14Z,71.24052996508428,temperature,airSensors,TLM0100
,,16,2026-09-20T00:44:24Z,71.26542607400518,temperature,airSensors,TLM0100
,,16,2026-09-20T00:44:34Z,71.30609172258728,temperature,airSensors,TLM0100
,,16,2026-09-20T00:44:44Z,71.28375866144953,temperature,airSensors,TLM0100
,,16,2026-09-20T00:44:54Z,71.2758432116957,temperature,airSensors,TLM0100
,,16,2026-09-20T00:45:04Z,71.26449619255769,temperature,airSensors,TLM0100
,,16,2026-09-20T00:45:14Z,71.2218555034143,temperature,airSensors,TLM0100
,,16,2026-09-20T00:45:24Z,71.20250136572386,temperature,airSensors,TLM0100
,,16,2026-09-20T00:45:34Z,71.19612390734775,temperature,airSensors,TLM0100
,,16,2026-09-20T00:45:44Z,71.17258847728228,temperature,airSensors,TLM0100
,,16,2026-09-20T00:45:54Z,71.21985151495628,temperature,airSensors,TLM0100
,,16,2026-09-20T00:46:04Z,71.21956336081897,temperature,airSensors,TLM0100
,,16,2026-09-20T00:46:14Z,71.23154700426457,temperature,airSensors,TLM0100
,,16,2026-09-20T00:46:24Z,71.27646370780151,temperature,airSensors,TLM0100
,,16,2026-09-20T00:46:34Z,71.2505674172191,temperature,airSensors,TLM0100
,,16,2026-09-20T00:46:44Z,71.22658872137436,temperature,airSensors,TLM0100
,,16,2026-09-20T00:46:54Z,71.27055539295479,temperature,airSensors,TLM0100
,,16,2026-09-20T00:47:04Z,71.3032666881407,temperature,airSensors,TLM0100
,,16,2026-09-20T00:47:14Z,71.2901283400444,temperature,airSensors,TLM0100
,,16,2026-09-20T00:47:24Z,71.33106742614267,temperature,airSensors,TLM0100
,,16,2026-09-20T00:47:34Z,71.34698060112197,temperature,airSensors,TLM0100
,,16,2026-09-20T00:47:44Z,71.3911032873709,temperature,airSensors,TLM0100
,,16,2026-09-20T00:47:54Z,71.42235980476507,temperature,airSensors,TLM0100
,,16,2026-09-20T00:48:04Z,71.40272307017054,temperature,airSensors,TLM0100
,,16,2026-09-20T00:48:14Z,71.41603974383533,temperature,airSensors,TLM0100
,,16,2026-09-20T00:48:24Z,71.39634663207097,temperature,airSensors,TLM0100
,,16,2026-09-20T00:48:34Z,71.41764059436264,temperature,airSensors,TLM0100
,,16,2026-09-20T00:48:44Z,71.40130111178698,temperature,airSensors,TLM0100
,,16,2026-09-20T00:48:54Z,71.40492609416798,temperature,airSensors,TLM0100
,,16,2026-09-20T00:49:04Z,71.45464404435867,temperature,airSensors,TLM0100
,,16,2026-09-20T00:49:14Z,71.42946400119132,temperature,airSensors,TLM0100
,,16,2026-09-20T00:49:24Z,71.44547575554806,temperature,airSensors,TLM0100
,,16,2026-09-20T00:49:34Z,71.47204754445441,temperature,airSensors,TLM0100
,,16,2026-09-20T00:49:44Z,71.43188337232675,temperature,airSensors,TLM0100
,,16,2026-09-20T00:49:54Z,71.4497729262578,temperature,airSensors,TLM0100
,,16,2026-09-20T00:50:04Z,71.49536471561001,temperature,airSensors,TLM0100
,,16,2026-09-20T00:50:14Z,71.52348153135613,temperature,airSensors,TLM0100
,,16,2026-09-20T00:50:24Z,71.53154906293388,temperature,airSensors,TLM0100
,,16,2026-09-20T00:50:34Z,71.51003515959789,temperature,airSensors,TLM0100
,,16,2026-09-20T00:50:44Z,71.48506622585799,temperature,airSensors,TLM0100
,,16,2026-09-20T00:50:54Z,71.46112699731222,temperature,airSensors,TLM0100
,,16,2026-09-20T00:51:04Z,71.43240895159106,temperature,airSensors,TLM0100
,,16,2026-09-20T00:51:14Z,71.45404353376286,temperature,airSensors,TLM0100
,,16,2026-09-20T00:51:24Z,71.46986106353421,temperature,airSensors,TLM0100
,,16,2026-09-20T00:51:34Z,71.42736407530442,temperature,airSensors,TLM0100
,,16,2026-09-20T00:51:44Z,71.4626561896036,temperature,airSensors,TLM0100
,,16,2026-09-20T00:51:54Z,71.50292775895387,temperature,airSensors,TLM0100
,,16,2026-09-20T00:52:04Z,71.55139151477945,temperature,airSensors,TLM0100
,,16,2026-09-20T00:52:14Z,71.58389521126993,temperature,airSensors,TLM0100
,,16,2026-09-20T00:52:24Z,71.60435127730328,temperature,airSensors,TLM0100
,,16,2026-09-20T00:52:34Z,71.57669204594916,temperature,airSensors,TLM0100
,,16,2026-09-20T00:52:44Z,71.5974654381614,temperature,airSensors,TLM0100
,,16,2026-09-20T00:52:54Z,71.5584996414325,temperature,airSensors,TLM0100
,,16,2026-09-20T00:53:04Z,71.60551339936093,temperature,airSensors,TLM0100
,,16,2026-09-20T00:53:14Z,71.57055467360154,temperature,airSensors,TLM0100
,,16,2026-09-20T00:53:24Z,71.58891329020672,temperature,airSensors,TLM0100
,,16,2026-09-20T00:53:34Z,71.55347267681401,temperature,airSensors,TLM0100
,,16,2026-09-20T00:53:44Z,71.56889323894546,temperature,airSensors,TLM0100
,,16,2026-09-20T00:53:54Z,71.5716683915037,temperature,airSensors,TLM0100
,,16,2026-09-20T00:54:04Z,71.54278271194836,temperature,airSensors,TLM0100
,,16,2026-09-20T00:54:14Z,71.55960189542515,temperature,airSensors,TLM0100
,,16,2026-09-20T00:54:24Z,71.52638079888787,temperature,airSensors,TLM0100
,,16,2026-09-20T00:54:34Z,71.5216466695772,temperature,airSensors,TLM0100
,,16,2026-09-20T00:54:44Z,71.52020966555901,temperature,airSensors,TLM0100
,,16,2026-09-20T00:54:54Z,71.50609378733328,temperature,airSensors,TLM0100
,,16,2026-09-20T00:55:04Z,71.47112264374627,temperature,airSensors,TLM0100
,,16,2026-09-20T00:55:14Z,71.49288814807741,temperature,airSensors,TLM0100
,,16,2026-09-20T00:55:24Z,71.48948541858593,temperature,airSensors,TLM0100
,,16,2026-09-20T00:55:34Z,71.46025199021,temperature,airSensors,TLM0100
,,16,2026-09-20T00:55:44Z,71.45434103098873,temperature,airSensors,TLM0100
,,16,2026-09-20T00:55:54Z,71.4469806567542,temperature,airSensors,TLM0100
,,16,2026-09-20T00:56:04Z,71.43907388568879,temperature,airSensors,TLM0100
,,16,2026-09-20T00:56:14Z,71.46149837726924,temperature,airSensors,TLM0100
,,16,2026-09-20T00:56:24Z,71.4381298028889,temperature,airSensors,TLM0100
,,16,2026-09-20T00:56:34Z,71.48414322534327,temperature,airSensors,TLM0100
,,16,2026-09-20T00:56:44Z,71.48764014283884,temperature,airSensors,TLM0100
,,16,2026-09-20T00:56:54Z,71.52958726674561,temperature,airSensors,TLM0100
,,16,2026-09-20T00:57:04Z,71.53632816761056,temperature,airSensors,TLM0100
,,16,2026-09-20T00:57:14Z,71.58403443817048,temperature,airSensors,TLM0100
,,16,2026-09-20T00:57:24Z,71.55352513297292,temperature,airSensors,TLM0100
,,16,2026-09-20T00:57:34Z,71.54131007073921,temperature,airSensors,TLM0100
,,16,2026-09-20T00:57:44Z,71.53275250385518,temperature,airSensors,TLM0100
,,16,2026-09-20T00:57:54Z,71.54705427415418,temperature,airSensors,TLM0100
,,16,2026-09-20T00:58:04Z,71.57649687374428,temperature,airSensors,TLM0100
,,16,2026-09-20T00:58:14Z,71.55308102399098,temperature,airSensors,TLM0100
,,16,2026-09-20T00:58:24Z,71.60206347830623,temperature,airSensors,TLM0100
,,16,2026-09-20T00:58:34Z,71.58924516932387,temperature,airSensors,TLM0100
,,16,2026-09-20T00:58:44Z,71.54709589233723,temperature,airSensors,TLM0100
,,16,2026-09-20T00:58:54Z,71.54574724917289,temperature,airSensors,TLM0100
,,16,2026-09-20T00:59:04Z,71.53878530446914,temperature,airSensors,TLM0100
,,16,2026-09-20T00:59:14Z,71.54284659646213,temperature,airSensors,TLM0100
,,16,2026-09-20T00:59:24Z,71.52238842247486,temperature,airSensors,TLM0100
,,16,2026-09-20T00:59:34Z,71.50394132937258,temperature,airSensors,TLM0100
,,16,2026-09-20T00:59:44Z,71.5271910349201,temperature,airSensors,TLM0100
,,16,2026-09-20T00:59:54Z,71.57342627018507,temperature,airSensors,TLM0100
,,16,2026-09-20T01:00:04Z,71.58933214840874,temperature,airSensors,TLM0100
,,16,2026-09-20T01:00:14Z,71.55273916381053,temperature,airSensors,TLM0100
,,16,2026-09-20T01:00:24Z,71.52163012153059,temperature,airSensors,TLM0100
,,16,2026-09-20T01:00:34Z,71.50259429121749,temperature,airSensors,TLM0100
,,16,2026-09-20T01:00:44Z,71.50949183344122,temperature,airSensors,TLM0100
,,16,2026-09-20T01:00:54Z,71.49803187975014,temperature,airSensors,TLM0100
,,16,2026-09-20T01:01:04Z,71.53511949067382,temperature,airSensors,TLM0100
,,16,2026-09-20T01:01:14Z,71.50914783990413,temperature,airSensors,TLM0100
,,16,2026-09-20T01:01:24Z,71.46356078039486,temperature,airSensors,TLM0100
,,16,2026-09-20T01:01:34Z,71.45012198786527,temperature,airSensors,TLM0100
,,16,2026-09-20T01:01:44Z,71.4323932996196,temperature,airSensors,TLM0100
,,16,2026-09-20T01:01:54Z,71.43516932283165,temperature,airSensors,TLM0100
,,16,2026-09-20T01:02:04Z,71.44770286855757,temperature,airSensors,TLM0100
,,16,2026-09-20T01:02:14Z,71.45638386370152,temperature,airSensors,TLM0100
,,16,2026-09-20T01:02:24Z,71.48883529994106,temperature,airSensors,TLM0100
,,16,2026-09-20T01:02:34Z,71.44203819392699,temperature,airSensors,TLM0100
,,16,2026-09-20T01:02:44Z,71.3984280388633,temperature,airSensors,TLM0100
,,16,2026-09-20T01:02:54Z,71.34952679812729,temperature,airSensors,TLM0100
,,16,2026-09-20T01:03:04Z,71.31806963769236,temperature,airSensors,TLM0100
,,16,2026-09-20T01:03:14Z,71.36606585751963,temperature,airSensors,TLM0100
,,16,2026-09-20T01:03:24Z,71.3484729461328,temperature,airSensors,TLM0100
,,16,2026-09-20T01:03:34Z,71.38179962219118,temperature,airSensors,TLM0100
,,16,2026-09-20T01:03:44Z,71.42022573911696,temperature,airSensors,TLM0100
,,16,2026-09-20T01:03:54Z,71.41103235117436,temperature,airSensors,TLM0100
,,16,2026-09-20T01:04:04Z,71.415603287132,temperature,airSensors,TLM0100
,,16,2026-09-20T01:04:14Z,71.3692931006551,temperature,airSensors,TLM0100
,,16,2026-09-20T01:04:24Z,71.37449690346227,temperature,airSensors,TLM0100
,,16,2026-09-20T01:04:34Z,71.36401254601267,temperature,airSensors,TLM0100
,,16,2026-09-20T01:04:44Z,71.3676981751159,temperature,airSensors,TLM0100
,,16,2026-09-20T01:04:54Z,71.38992675302427,temperature,airSensors,TLM0100
,,16,2026-09-20T01:05:04Z,71.43366670537137,temperature,airSensors,TLM0100
,,16,2026-09-20T01:05:14Z,71.44349105245932,temperature,airSensors,TLM0100
,,16,2026-09-20T01:05:24Z,71.49319823980905,temperature,airSensors,TLM0100
,,16,2026-09-20T01:05:34Z,71.51146813096902,temperature,airSensors,TLM0100
,,16,2026-09-20T01:05:44Z,71.50730912240459,temperature,airSensors,TLM0100
,,16,2026-09-20T01:05:54Z,71.54526367704418,temperature,airSensors,TLM0100
,,16,2026-09-20T01:06:04Z,71.5350962456036,temperature,airSensors,TLM0100
,,16,2026-09-20T01:06:14Z,71.56862984624148,temperature,airSensors,TLM0100
,,16,2026-09-20T01:06:24Z,71.59445700432583,temperature,airSensors,TLM0100
,,16,2026-09-20T01:06:34Z,71.62188260521938,temperature,airSensors,TLM0100
,,16,2026-09-20T01:06:44Z,71.6558995038233,temperature,airSensors,TLM0100
,,16,2026-09-20T01:06:54Z,71.68648302205165,temperature,airSensors,TLM0100
,,16,2026-09-20T01:07:04Z,71.71279235103789,temperature,airSensors,TLM0100
,,16,2026-09-20T01:07:14Z,71.67584454366936,temperature,airSensors,TLM0100
,,16,2026-09-20T01:07:24Z,71.72356378267888,temperature,airSensors,TLM0100
,,16,2026-09-20T01:07:34Z,71.72882931410568,temperature,airSensors,TLM0100
,,16,2026-09-20T01:07:44Z,71.75691404925364,temperature,airSensors,TLM0100
,,16,2026-09-20T01:07:54Z,71.70710044936457,temperature,airSensors,TLM0100
,,16,2026-09-20T01:08:04Z,71.74725219523329,temperature,airSensors,TLM0100
,,16,2026-09-20T01:08:14Z,71.72763138210506,temperature,airSensors,TLM0100
,,16,2026-09-20T01:08:24Z,71.76056438329833,temperature,airSensors,TLM0100
,,16,2026-09-20T01:08:34Z,71.79007334300375,temperature,airSensors,TLM0100
,,16,2026-09-20T01:08:44Z,71.82389371560721,temperature,airSensors,TLM0100
,,16,2026-09-20T01:08:54Z,71.79159480519324,temperature,airSensors,TLM0100
,,16,2026-09-20T01:09:04Z,71.79094620150632,temperature,airSensors,TLM0100
,,16,2026-09-20T01:09:14Z,71.78919748934406,temperature,airSensors,TLM0100
,,16,2026-09-20T01:09:24Z,71.83703213598407,temperature,airSensors,TLM0100
,,16,2026-09-20T01:09:34Z,71.87874950276309,temperature,airSensors,TLM0100
,,16,2026-09-20T01:09:44Z,71.89322465617136,temperature,airSensors,TLM0100
,,16,2026-09-20T01:09:54Z,71.90412699815248,temperature,airSensors,TLM0100
,,16,2026-09-20T01:10:04Z,71.85796267281951,temperature,airSensors,TLM0100
,,16,2026-09-20T01:10:14Z,71.86939293322946,temperature,airSensors,TLM0100
,,16,2026-09-20T01:10:24Z,71.86060692215287,temperature,airSensors,TLM0100
,,16,2026-09-20T01:10:34Z,71.84282772032628,temperature,airSensors,TLM0100
,,16,2026-09-20T01:10:44Z,71.80794582065265,temperature,airSensors,TLM0100
,,16,2026-09-20T01:10:54Z,71.78750512986382,temperature,airSensors,TLM0100
,,16,2026-09-20T01:11:04Z,71.7607765128619,temperature,airSensors,TLM0100
,,16,2026-09-20T01:11:14Z,71.80961170592887,temperature,airSensors,TLM0100
,,16,2026-09-20T01:11:24Z,71.7750179356279,temperature,airSensors,TLM0100
,,16,2026-09-20T01:11:34Z,71.72735868166174,temperature,airSensors,TLM0100
,,16,2026-09-20T01:11:44Z,71.72967062989298,temperature,airSensors,TLM0100
,,16,2026-09-20T01:11:54Z,71.71235259484585,temperature,airSensors,TLM0100
,,16,2026-09-20T01:12:04Z,71.66635614409563,temperature,airSensors,TLM0100
,,16,2026-09-20T01:12:14Z,71.64024302492497,temperature,airSensors,TLM0100
,,16,2026-09-20T01:12:24Z,71.6599391122301,temperature,airSensors,TLM0100
,,16,2026-09-20T01:12:34Z,71.66645692473574,temperature,airSensors,TLM0100
,,16,2026-09-20T01:12:44Z,71.66078377480076,temperature,airSensors,TLM0100
,,16,2026-09-20T01:12:54Z,71.67208624127753,temperature,airSensors,TLM0100
,,16,2026-09-20T01:13:04Z,71.67823230628932,temperature,airSensors,TLM0100
,,16,2026-09-20T01:13:14Z,71.6681396915237,temperature,airSensors,TLM0100
,,16,2026-09-20T01:13:24Z,71.66905032928567,temperature,airSensors,TLM0100
,,16,2026-09-20T01:13:34Z,71.7052581605907,temperature,airSensors,TLM0100
,,16,2026-09-20T01:13:44Z,71.69729578639583,temperature,airSensors,TLM0100
,,16,2026-09-20T01:13:54Z,71.73451205853907,temperature,airSensors,TLM0100
,,16,2026-09-20T01:14:04Z,71.71241065710167,temperature,airSensors,TLM0100
,,16,2026-09-20T01:14:14Z,71.74466754926571,temperature,airSensors,TLM0100
,,16,2026-09-20T01:14:24Z,71.75122667236856,temperature,airSensors,TLM0100
,,16,2026-09-20T01:14:34Z,71.77447350037265,temperature,airSensors,TLM0100
,,16,2026-09-20T01:14:44Z,71.81327186980347,temperature,airSensors,TLM0100
,,16,2026-09-20T01:14:54Z,71.85962951641845,temperature,airSensors,TLM0100
,,16,2026-09-20T01:15:04Z,71.88871345090914,temperature,airSensors,TLM0100
,,16,2026-09-20T01:15:14Z,71.90828149824847,temperature,airSensors,TLM0100
,,16,2026-09-20T01:15:24Z,71.87237545503885,temperature,airSensors,TLM0100
,,16,2026-09-20T01:15:34Z,71.9024516191636,temperature,airSensors,TLM0100
,,16,2026-09-20T01:15:44Z,71.92193102812601,temperature,airSensors,TLM0100
,,16,2026-09-20T01:15:54Z,71.94245628494922,temperature,airSensors,TLM0100
,,16,2026-09-20T01:16:04Z,71.92900149478204,temperature,airSensors,TLM0100
,,16,2026-09-20T01:16:14Z,71.88894748442863,temperature,airSensors,TLM0100
,,16,2026-09-20T01:16:24Z,71.93270172068956,temperature,airSensors,TLM0100
,,16,2026-09-20T01:16:34Z,71.95322553513151,temperature,airSensors,TLM0100
,,16,2026-09-20T01:16:44Z,71.96200949990333,temperature,airSensors,TLM0100
,,16,2026-09-20T01:16:54Z,71.96941395584756,temperature,airSensors,TLM0100
,,16,2026-09-20T01:17:04Z,71.93180239786484,temperature,airSensors,TLM0100
,,16,2026-09-20T01:17:14Z,71.92045137880451,temperature,airSensors,TLM0100
,,16,2026-09-20T01:17:24Z,71.91191007569924,temperature,airSensors,TLM0100
,,16,2026-09-20T01:17:34Z,71.92435166040339,temperature,airSensors,TLM0100
,,16,2026-09-20T01:17:44Z,71.9043226227347,temperature,airSensors,TLM0100
,,16,2026-09-20T01:17:54Z,71.87224001732116,temperature,airSensors,TLM0100
,,16,2026-09-20T01:18:04Z,71.9003872797957,temperature,airSensors,TLM0100
,,16,2026-09-20T01:18:14Z,71.87385622153958,temperature,airSensors,TLM0100
,,16,2026-09-20T01:18:24Z,71.84334937525537,temperature,airSensors,TLM0100
,,16,2026-09-20T01:18:34Z,71.8836325492622,temperature,airSensors,TLM0100
,,16,2026-09-20T01:18:44Z,71.91870202285686,temperature,airSensors,TLM0100
,,16,2026-09-20T01:18:54Z,71.95539551138211,temperature,airSensors,TLM0100
,,16,2026-09-20T01:19:04Z,71.96085418518133,temperature,airSensors,TLM0100
,,16,2026-09-20T01:19:14Z,71.94667404143907,temperature,airSensors,TLM0100
,,16,2026-09-20T01:19:24Z,71.91350851347269,temperature,airSensors,TLM0100
,,16,2026-09-20T01:19:34Z,71.8695805820565,temperature,airSensors,TLM0100
,,16,2026-09-20T01:19:44Z,71.8433946176691,temperature,airSensors,TLM0100
,,16,2026-09-20T01:19:54Z,71.85647875479661,temperature,airSensors,TLM0100
,,16,2026-09-20T01:20:04Z,71.85251563168332,temperature,airSensors,TLM0100
,,16,2026-09-20T01:20:14Z,71.85525974790698,temperature,airSensors,TLM0100
,,16,2026-09-20T01:20:24Z,71.89286322629874,temperature,airSensors,TLM0100
,,16,2026-09-20T01:20:34Z,71.91630715651397,temperature,airSensors,TLM0100
,,16,2026-09-20T01:20:44Z,71.87635119998404,temperature,airSensors,TLM0100
,,16,2026-09-20T01:20:54Z,71.86014761417081,temperature,airSensors,TLM0100
,,16,2026-09-20T01:21:04Z,71.87537959940047,temperature,airSensors,TLM0100
,,16,2026-09-20T01:21:14Z,71.86785006962386,temperature,airSensors,TLM0100
,,16,2026-09-20T01:21:24Z,71.85111356359815,temperature,airSensors,TLM0100
,,16,2026-09-20T01:21:34Z,71.86591764219841,temperature,airSensors,TLM0100
,,16,2026-09-20T01:21:44Z,71.83709441647616,temperature,airSensors,TLM0100
,,16,2026-09-20T01:21:54Z,71.80470815455101,temperature,airSensors,TLM0100
,,16,2026-09-20T01:22:04Z,71.84766397915695,temperature,airSensors,TLM0100
,,16,2026-09-20T01:22:14Z,71.8693165662752,temperature,airSensors,TLM0100
,,16,2026-09-20T01:22:24Z,71.90145970797742,temperature,airSensors,TLM0100
,,16,2026-09-20T01:22:34Z,71.95049210139246,temperature,airSensors,TLM0100
,,16,2026-09-20T01:22:44Z,71.92225122731595,temperature,airSensors,TLM0100
,,16,2026-09-20T01:22:54Z,71.91837688561458,temperature,airSensors,TLM0100
,,16,2026-09-20T01:23:04Z,71.90403751738417,temperature,airSensors,TLM0100
,,16,2026-09-20T01:23:14Z,71.86262287291137,temperature,airSensors,TLM0100
,,16,2026-09-20T01:23:24Z,71.89250001152831,temperature,airSensors,TLM0100
,,16,2026-09-20T01:23:34Z,71.92792242636037,temperature,airSensors,TLM0100
,,16,2026-09-20T01:23:44Z,71.9387935552728,temperature,airSensors,TLM0100
,,16,2026-09-20T01:23:54Z,71.9565404175453,temperature,airSensors,TLM0100
,,16,2026-09-20T01:24:04Z,72.00054028022659,temperature,airSensors,TLM0100
,,16,2026-09-20T01:24:14Z,71.98223252183111,temperature,airSensors,TLM0100
,,16,2026-09-20T01:24:24Z,71.95028458797458,temperature,airSensors,TLM0100
,,16,2026-09-20T01:24:34Z,71.97134860369755,temperature,airSensors,TLM0100
,,16,2026-09-20T01:24:44Z,71.96709816408767,temperature,airSensors,TLM0100
,,16,2026-09-20T01:24:54Z,71.94647514125121,temperature,airSensors,TLM0100
,,16,2026-09-20T01:25:04Z,71.97610200888087,temperature,airSensors,TLM0100
,,16,2026-09-20T01:25:14Z,72.01632163579231,temperature,airSensors,TLM0100
,,16,2026-09-20T01:25:24Z,72.05854551659505,temperature,airSensors,TLM0100
,,16,2026-09-20T01:25:34Z,72.04601465905509,temperature,airSensors,TLM0100
,,16,2026-09-20T01:25:44Z,72.09586241693657,temperature,airSensors,TLM0100
,,16,2026-09-20T01:25:54Z,72.10759838886136,temperature,airSensors,TLM0100
,,16,2026-09-20T01:26:04Z,72.1346060002093,temperature,airSensors,TLM0100
,,16,2026-09-20T01:26:14Z,72.11682903010053,temperature,airSensors,TLM0100
,,16,2026-09-20T01:26:24Z,72.14434279467571,temperature,airSensors,TLM0100
,,16,2026-09-20T01:26:34Z,72.13097377047288,temperature,airSensors,TLM0100
,,16,2026-09-20T01:26:44Z,72.1626729516133,temperature,airSensors,TLM0100
,,16,2026-09-20T01:26:54Z,72.18751523444874,temperature,airSensors,TLM0100
,,16,2026-09-20T01:27:04Z,72.23410292765303,temperature,airSensors,TLM0100
,,16,2026-09-20T01:27:14Z,72.18690938037159,temperature,airSensors,TLM0100
,,16,2026-09-20T01:27:24Z,72.22215727915126,temperature,airSensors,TLM0100
,,16,2026-09-20T01:27:34Z,72.22432930877716,temperature,airSensors,TLM0100
,,16,2026-09-20T01:27:44Z,72.20679616805874,temperature,airSensors,TLM0100
,,16,2026-09-20T01:27:54Z,72.18935960215465,temperature,airSensors,TLM0100
,,16,2026-09-20T01:28:04Z,72.217009584917,temperature,airSensors,TLM0100
,,16,2026-09-20T01:28:14Z,72.20027404792155,temperature,airSensors,TLM0100
,,16,2026-09-20T01:28:24Z,72.23476639422594,temperature,airSensors,TLM0100
,,16,2026-09-20T01:28:34Z,72.25640701177768,temperature,airSensors,TLM0100
,,16,2026-09-20T01:28:44Z,72.251505976607,temperature,airSensors,TLM0100
,,16,2026-09-20T01:28:54Z,72.25890437356375,temperature,airSensors,TLM0100
,,16,2026-09-20T01:29:04Z,72.28828990138331,temperature,airSensors,TLM0100
,,16,2026-09-20T01:29:14Z,72.26321922086092,temperature,airSensors,TLM0100
,,16,2026-09-20T01:29:24Z,72.28485238750649,temperature,airSensors,TLM0100
,,16,2026-09-20T01:29:34Z,72.24430509527379,temperature,airSensors,TLM0100
,,16,2026-09-20T01:29:44Z,72.28780112138402,temperature,airSensors,TLM0100
,,16,2026-09-20T01:29:54Z,72.31557974766903,temperature,airSensors,TLM0100
,,16,2026-09-20T01:30:04Z,72.34725625735787,temperature,airSensors,TLM0100
,,16,2026-09-20T01:30:14Z,72.30288011256084,temperature,airSensors,TLM0100
,,16,2026-09-20T01:30:24Z,72.3340228585267,temperature,airSensors,TLM0100
,,16,2026-09-20T01:30:34Z,72.33018791226948,temperature,airSensors,TLM0100
,,16,2026-09-20T01:30:44Z,72.33420215678667,temperature,airSensors,TLM0100
,,16,2026-09-20T01:30:54Z,72.38271018163309,temperature,airSensors,TLM0100
,,16,2026-09-20T01:31:04Z,72.35075813203183,temperature,airSensors,TLM0100
,,16,2026-09-20T01:31:14Z,72.33049839981994,temperature,airSensors,TLM0100
,,16,2026-09-20T01:31:24Z,72.35450100010625,temperature,airSensors,TLM0100
,,16,2026-09-20T01:31:34Z,72.37489363162965,temperature,airSensors,TLM0100
,,16,2026-09-20T01:31:44Z,72.42395741034846,temperature,airSensors,TLM0100
,,16,2026-09-20T01:31:54Z,72.39309939557015,temperature,airSensors,TLM0100
,,16,2026-09-20T01:32:04Z,72.43572916407315,temperature,airSensors,TLM0100
,,16,2026-09-20T01:32:14Z,72.46041737830052,temperature,airSensors,TLM0100
,,16,2026-09-20T01:32:24Z,72.42319128533713,temperature,airSensors,TLM0100
,,16,2026-09-20T01:32:34Z,72.46489374390143,temperature,airSensors,TLM0100
,,16,2026-09-20T01:32:44Z,72.41977665450959,temperature,airSensors,TLM0100
,,16,2026-09-20T01:32:54Z,72.41400412876219,temperature,airSensors,TLM0100
,,16,2026-09-20T01:33:04Z,72.45826801608023,temperature,airSensors,TLM0100
,,16,2026-09-20T01:33:14Z,72.47393046998104,temperature,airSensors,TLM0100
,,16,2026-09-20T01:33:24Z,72.45847947435,temperature,airSensors,TLM0100
,,16,2026-09-20T01:33:34Z,72.49111612996956,temperature,airSensors,TLM0100
,,16,2026-09-20T01:33:44Z,72.44613088633362,temperature,airSensors,TLM0100
,,16,2026-09-20T01:33:54Z,72.45044669609949,temperature,airSensors,TLM0100
,,16,2026-09-20T01:34:04Z,72.42630956424264,temperature,airSensors,TLM0100
,,16,2026-09-20T01:34:14Z,72.46208628456596,temperature,airSensors,TLM0100
,,16,2026-09-20T01:34:24Z,72.49647898917054,temperature,airSensors,TLM0100
,,16,2026-09-20T01:34:34Z,72.47028231102828,temperature,airSensors,TLM0100
,,16,2026-09-20T01:34:44Z,72.50149168900262,temperature,airSensors,TLM0100
,,16,2026-09-20T01:34:54Z,72.45594555403767,temperature,airSensors,TLM0100
,,16,2026-09-20T01:35:04Z,72.46498176810115,temperature,airSensors,TLM0100
,,16,2026-09-20T01:35:14Z,72.42657652243079,temperature,airSensors,TLM0100
,,16,2026-09-20T01:35:24Z,72.45602968457159,temperature,airSensors,TLM0100
,,16,2026-09-20T01:35:34Z,72.42650114283768,temperature,airSensors,TLM0100
,,16,2026-09-20T01:35:44Z,72.44676075394011,temperature,airSensors,TLM0100
,,16,2026-09-20T01:35:54Z,72.47928732947533,temperature,airSensors,TLM0100
,,16,2026-09-20T01:36:04Z,72.47314499522768,temperature,airSensors,TLM0100
,,16,2026-09-20T01:36:14Z,72.50273189492955,temperature,airSensors,TLM0100
,,16,2026-09-20T01:36:24Z,72.52500706889305,temperature,airSensors,TLM0100
,,16,2026-09-20T01:36:34Z,72.54163398211428,temperature,airSensors,TLM0100
,,16,2026-09-20T01:36:44Z,72.50587956591282,temperature,airSensors,TLM0100
,,16,2026-09-20T01:36:54Z,72.55173734869385,temperature,airSensors,TLM0100
,,16,2026-09-20T01:37:04Z,72.56703323753366,temperature,airSensors,TLM0100
,,16,2026-09-20T01:37:14Z,72.59509471119458,temperature,airSensors,TLM0100
,,16,2026-09-20T01:37:24Z,72.57704568514168,temperature,airSensors,TLM0100
,,16,2026-09-20T01:37:34Z,72.62637440222275,temperature,airSensors,TLM0100
,,16,2026-09-20T01:37:44Z,72.58776339516443,temperature,airSensors,TLM0100
,,16,2026-09-20T01:37:54Z,72.62386703392764,temperature,airSensors,TLM0100
,,16,2026-09-20T01:38:04Z,72.64257485032863,temperature,airSensors,TLM0100
,,16,2026-09-20T01:38:14Z,72.66555588180799,temperature,airSensors,TLM0100
,,16,2026-09-20T01:38:24Z,72.6188346696306,temperature,airSensors,TLM0100
,,16,2026-09-20T01:38:34Z,72.6489851256097,temperature,airSensors,TLM0100
,,16,2026-09-20T01:38:44Z,72.61760946829625,temperature,airSensors,TLM0100
,,16,2026-09-20T01:38:54Z,72.58048076237387,temperature,airSensors,TLM0100
,,16,2026-09-20T01:39:04Z,72.59322547857428,temperature,airSensors,TLM0100
,,16,2026-09-20T01:39:14Z,72.55896022040507,temperature,airSensors,TLM0100
,,16,2026-09-20T01:39:24Z,72.52562519695942,temperature,airSensors,TLM0100
,,16,2026-09-20T01:39:34Z,72.51464536686603,temperature,airSensors,TLM0100
,,16,2026-09-20T01:39:44Z,72.47755610148306,temperature,airSensors,TLM0100
,,16,2026-09-20T01:39:54Z,72.50143870607322,temperature,airSensors,TLM0100
,,17,2026-09-20T00:39:54Z,71.84223797862093,temperature,airSensors,TLM0101
,,17,2026-09-20T00:40:04Z,71.86681015385176,temperature,airSensors,TLM0101
,,17,2026-09-20T00:40:14Z,71.876974471327,temperature,airSensors,TLM0101
,,17,2026-09-20T00:40:24Z,71.90826071443963,temperature,airSensors,TLM0101
,,17,2026-09-20T00:40:34Z,71.9386863555192,temperature,airSensors,TLM0101
,,17,2026-09-20T00:40:44Z,71.94276715641226,temperature,airSensors,TLM0101
,,17,2026-09-20T00:40:54Z,71.92918311322937,temperature,airSensors,TLM0101
,,17,2026-09-20T00:41:04Z,71.90039015534859,temperature,airSensors,TLM0101
,,17,2026-09-20T00:41:14Z,71.91600955631415,temperature,airSensors,TLM0101
,,17,2026-09-20T00:41:24Z,71.95529273554236,temperature,airSensors,TLM0101
,,17,2026-09-20T00:41:34Z,71.97208374855839,temperature,airSensors,TLM0101
,,17,2026-09-20T00:41:44Z,71.93410641658873,temperature,airSensors,TLM0101
,,17,2026-09-20T00:41:54Z,71.89511977631206,temperature,airSensors,TLM0101
,,17,2026-09-20T00:42:04Z,71.90570731801076,temperature,airSensors,TLM0101
,,17,2026-09-20T00:42:14Z,71.91117948088055,temperature,airSensors,TLM0101
,,17,2026-09-20T00:42:24Z,71.93527344594327,temperature,airSensors,TLM0101
,,17,2026-09-20T00:42:34Z,71.9188443184244,temperature,airSensors,TLM0101
,,17,2026-09-20T00:42:44Z,71.89886740145485,temperature,airSensors,TLM0101
,,17,2026-09-20T00:42:54Z,71.88008242599813,temperature,airSensors,TLM0101
,,17,2026-09-20T00:43:04Z,71.86914395284697,temperature,airSensors,TLM0101
,,17,2026-09-20T00:43:14Z,71.82946122003004,temperature,airSensors,TLM0101
,,17,2026-09-20T00:43:24Z,71.79022382193166,temperature,airSensors,TLM0101
,,17,2026-09-20T00:43:34Z,71.78850587882233,temperature,airSensors,TLM0101
,,17,2026-09-20T00:43:44Z,71.79161797698002,temperature,airSensors,TLM0101
,,17,2026-09-20T00:43:54Z,71.80595213250851,temperature,airSensors,TLM0101
,,17,2026-09-20T00:44:04Z,71.80352329612224,temperature,airSensors,TLM0101
,,17,2026-09-20T00:44:14Z,71.82086444694256,temperature,airSensors,TLM0101
,,17,2026-09-20T00:44:24Z,71.80565776906937,temperature,airSensors,TLM0101
,,17,2026-09-20T00:44:34Z,71.78243142185009,temperature,airSensors,TLM0101
,,17,2026-09-20T00:44:44Z,71.81248063469485,temperature,airSensors,TLM0101
,,17,2026-09-20T00:44:54Z,71.81326129270012,temperature,airSensors,TLM0101
,,17,2026-09-20T00:45:04Z,71.76848405900655,temperature,airSensors,TLM0101
,,17,2026-09-20T00:45:14Z,71.73423511613488,temperature,airSensors,TLM0101
,,17,2026-09-20T00:45:24Z,71.71208578615239,temperature,airSensors,TLM0101
,,17,2026-09-20T00:45:34Z,71.68192444847584,temperature,airSensors,TLM0101
,,17,2026-09-20T00:45:44Z,71.69977582056005,temperature,airSensors,TLM0101
,,17,2026-09-20T00:45:54Z,71.70869245631593,temperature,airSensors,TLM0101
,,17,2026-09-20T00:46:04Z,71.65997705785577,temperature,airSensors,TLM0101
,,17,2026-09-20T00:46:14Z,71.67677437664763,temperature,airSensors,TLM0101
,,17,2026-09-20T00:46:24Z,71.69786454426175,temperature,airSensors,TLM0101
,,17,2026-09-20T00:46:34Z,71.69609466381428,temperature,airSensors,TLM0101
,,17,2026-09-20T00:46:44Z,71.70046593862155,temperature,airSensors,TLM0101
,,17,2026-09-20T00:46:54Z,71.72691834854604,temperature,airSensors,TLM0101
,,17,2026-09-20T00:47:04Z,71.73679613945222,temperature,airSensors,TLM0101
,,17,2026-09-20T00:47:14Z,71.70975553021859,temperature,airSensors,TLM0101
,,17,2026-09-20T00:47:24Z,71.67198678478826,temperature,airSensors,TLM0101
,,17,2026-09-20T00:47:34Z,71.6836210466638,temperature,airSensors,TLM0101
,,17,2026-09-20T00:47:44Z,71.66958542305986,temperature,airSensors,TLM0101
,,17,2026-09-20T00:47:54Z,71.71575742731558,temperature,airSensors,TLM0101
,,17,2026-09-20T00:48:04Z,71.72102869987323,temperature,airSensors,TLM0101
,,17,2026-09-20T00:48:14Z,71.70730274636026,temperature,airSensors,TLM0101
,,17,2026-09-20T00:48:24Z,71.74052717936195,temperature,airSensors,TLM0101
,,17,2026-09-20T00:48:34Z,71.70403636939704,temperature,airSensors,TLM0101
,,17,2026-09-20T00:48:44Z,71.721093629705,temperature,airSensors,TLM0101
,,17,2026-09-20T00:48:54Z,71.72958244819034,temperature,airSensors,TLM0101
,,17,2026-09-20T00:49:04Z,71.69491049751615,temperature,airSensors,TLM0101
,,17,2026-09-20T00:49:14Z,71.6781148154125,temperature,airSensors,TLM0101
,,17,2026-09-20T00:49:24Z,71.64565880938248,temperature,airSensors,TLM0101
,,17,2026-09-20T00:49:34Z,71.66771863386509,temperature,airSensors,TLM0101
,,17,2026-09-20T00:49:44Z,71.62035724267008,temperature,airSensors,TLM0101
,,17,2026-09-20T00:49:54Z,71.5911667728093,temperature,airSensors,TLM0101
,,17,2026-09-20T00:50:04Z,71.62424731207255,temperature,airSensors,TLM0101
,,17,2026-09-20T00:50:14Z,71.57671207206091,temperature,airSensors,TLM0101
,,17,2026-09-20T00:50:24Z,71.56834668647784,temperature,airSensors,TLM0101
,,17,2026-09-20T00:50:34Z,71.55907741236854,temperature,airSensors,TLM0101
,,17,2026-09-20T00:50:44Z,71.57799290224429,temperature,airSensors,TLM0101
,,17,2026-09-20T00:50:54Z,71.56427941222118,temperature,airSensors,TLM0101
,,17,2026-09-20T00:51:04Z,71.54574001534955,temperature,airSensors,TLM0101
,,17,2026-09-20T00:51:14Z,71.5354470812308,temperature,airSensors,TLM0101
,,17,2026-09-20T00:51:24Z,71.55118942847683,temperature,airSensors,TLM0101
,,17,2026-09-20T00:51:34Z,71.5875533360069,temperature,airSensors,TLM0101
,,17,2026-09-20T00:51:44Z,71.55074224363497,temperature,airSensors,TLM0101
,,17,2026-09-20T00:51:54Z,71.5206249092537,temperature,airSensors,TLM0101
,,17,2026-09-20T00:52:04Z,71.51131821090655,temperature,airSensors,TLM0101
,,17,2026-09-20T00:52:14Z,71.5476450664085,temperature,airSensors,TLM0101
,,17,2026-09-20T00:52:24Z,71.53965074734322,temperature,airSensors,TLM0101
,,17,2026-09-20T00:52:34Z,71.49679712091026,temperature,airSensors,TLM0101
,,17,2026-09-20T00:52:44Z,71.48104993809712,temperature,airSensors,TLM0101
,,17,2026-09-20T00:52:54Z,71.44679967556,temperature,airSensors,TLM0101
,,17,2026-09-20T00:53:04Z,71.45287039106282,temperature,airSensors,TLM0101
,,17,2026-09-20T00:53:14Z,71.40322411318725,temperature,airSensors,TLM0101
,,17,2026-09-20T00:53:24Z,71.38387675043526,temperature,airSensors,TLM0101
,,17,2026-09-20T00:53:34Z,71.3933117549517,temperature,airSensors,TLM0101
,,17,2026-09-20T00:53:44Z,71.3612264936219,temperature,airSensors,TLM0101
,,17,2026-09-20T00:53:54Z,71.37783462465022,temperature,airSensors,TLM0101
,,17,2026-09-20T00:54:04Z,71.3739767131481,temperature,airSensors,TLM0101
,,17,2026-09-20T00:54:14Z,71.39305615852061,temperature,airSensors,TLM0101
,,17,2026-09-20T00:54:24Z,71.42617418696562,temperature,airSensors,TLM0101
,,17,2026-09-20T00:54:34Z,71.41289085597528,temperature,airSensors,TLM0101
,,17,2026-09-20T00:54:44Z,71.37487397306379,temperature,airSensors,TLM0101
,,17,2026-09-20T00:54:54Z,71.42214117143615,temperature,airSensors,TLM0101
,,17,2026-09-20T00:55:04Z,71.41963674538927,temperature,airSensors,TLM0101
,,17,2026-09-20T00:55:14Z,71.41439507447421,temperature,airSensors,TLM0101
,,17,2026-09-20T00:55:24Z,71.4513278919405,temperature,airSensors,TLM0101
,,17,2026-09-20T00:55:34Z,71.45631857082697,temperature,airSensors,TLM0101
,,17,2026-09-20T00:55:44Z,71.48376458724466,temperature,airSensors,TLM0101
,,17,2026-09-20T00:55:54Z,71.47346523850035,temperature,airSensors,TLM0101
,,17,2026-09-20T00:56:04Z,71.50925514813714,temperature,airSensors,TLM0101
,,17,2026-09-20T00:56:14Z,71.53229798417996,temperature,airSensors,TLM0101
,,17,2026-09-20T00:56:24Z,71.5311212652964,temperature,airSensors,TLM0101
,,17,2026-09-20T00:56:34Z,71.570723650812,temperature,airSensors,TLM0101
,,17,2026-09-20T00:56:44Z,71.53743818420637,temperature,airSensors,TLM0101
,,17,2026-09-20T00:56:54Z,71.54431191264932,temperature,airSensors,TLM0101
,,17,2026-09-20T00:57:04Z,71.5306568144526,temperature,airSensors,TLM0101
,,17,2026-09-20T00:57:14Z,71.51257335414478,temperature,airSensors,TLM0101
,,17,2026-09-20T00:57:24Z,71.51138048172697,temperature,airSensors,TLM0101
,,17,2026-09-20T00:57:34Z,71.53348808813655,temperature,airSensors,TLM0101
,,17,2026-09-20T00:57:44Z,71.51649984328034,temperature,airSensors,TLM0101
,,17,2026-09-20T00:57:54Z,71.4870382328047,temperature,airSensors,TLM0101
,,17,2026-09-20T00:58:04Z,71.45908029927449,temperature,airSensors,TLM0101
,,17,2026-09-20T00:58:14Z,71.46585722659542,temperature,airSensors,TLM0101
,,17,2026-09-20T00:58:24Z,71.42011318909523,temperature,airSensors,TLM0101
,,17,2026-09-20T00:58:34Z,71.46833320694714,temperature,airSensors,TLM0101
,,17,2026-09-20T00:58:44Z,71.44394578040674,temperature,airSensors,TLM0101
,,17,2026-09-20T00:58:54Z,71.43615897679291,temperature,airSensors,TLM0101
,,17,2026-09-20T00:59:04Z,71.40352560750742,temperature,airSensors,TLM0101
,,17,2026-09-20T00:59:14Z,71.42953473728244,temperature,airSensors,TLM0101
,,17,2026-09-20T00:59:24Z,71.4778431079395,temperature,airSensors,TLM0101
,,17,2026-09-20T00:59:34Z,71.47754430729326,temperature,airSensors,TLM0101
,,17,2026-09-20T00:59:44Z,71.52099177890462,temperature,airSensors,TLM0101
,,17,2026-09-20T00:59:54Z,71.53787685035455,temperature,airSensors,TLM0101
,,17,2026-09-20T01:00:04Z,71.55132339532808,temperature,airSensors,TLM0101
,,17,2026-09-20T01:00:14Z,71.52961083540467,temperature,airSensors,TLM0101
,,17,2026-09-20T01:00:24Z,71.50820914073799,temperature,airSensors,TLM0101
,,17,2026-09-20T01:00:34Z,71.53702507953746,temperature,airSensors,TLM0101
,,17,2026-09-20T01:00:44Z,71.54604929188895,temperature,airSensors,TLM0101
,,17,2026-09-20T01:00:54Z,71.55767744202387,temperature,airSensors,TLM0101
,,17,2026-09-20T01:01:04Z,71.52236535694378,temperature,airSensors,TLM0101
,,17,2026-09-20T01:01:14Z,71.51654531288682,temperature,airSensors,TLM0101
,,17,2026-09-20T01:01:24Z,71.51399987683072,temperature,airSensors,TLM0101
,,17,2026-09-20T01:01:34Z,71.4767779859039,temperature,airSensors,TLM0101
,,17,2026-09-20T01:01:44Z,71.45479977991786,temperature,airSensors,TLM0101
,,17,2026-09-20T01:01:54Z,71.40752198905138,temperature,airSensors,TLM0101
,,17,2026-09-20T01:02:04Z,71.36234567733491,temperature,airSensors,TLM0101
,,17,2026-09-20T01:02:14Z,71.32025531701909,temperature,airSensors,TLM0101
,,17,2026-09-20T01:02:24Z,71.33673994595243,temperature,airSensors,TLM0101
,,17,2026-09-20T01:02:34Z,71.34586806922512,temperature,airSensors,TLM0101
,,17,2026-09-20T01:02:44Z,71.36887518187594,temperature,airSensors,TLM0101
,,17,2026-09-20T01:02:54Z,71.40207710195406,temperature,airSensors,TLM0101
,,17,2026-09-20T01:03:04Z,71.4276207586608,temperature,airSensors,TLM0101
,,17,2026-09-20T01:03:14Z,71.44035217429074,temperature,airSensors,TLM0101
,,17,2026-09-20T01:03:24Z,71.47570121107722,temperature,airSensors,TLM0101
,,17,2026-09-20T01:03:34Z,71.47820301330168,temperature,airSensors,TLM0101
,,17,2026-09-20T01:03:44Z,71.47999727287998,temperature,airSensors,TLM0101
,,17,2026-09-20T01:03:54Z,71.46963079962991,temperature,airSensors,TLM0101
,,17,2026-09-20T01:04:04Z,71.51692928080902,temperature,airSensors,TLM0101
,,17,2026-09-20T01:04:14Z,71.50882060851418,temperature,airSensors,TLM0101
,,17,2026-09-20T01:04:24Z,71.48290814437532,temperature,airSensors,TLM0101
,,17,2026-09-20T01:04:34Z,71.49624821431519,temperature,airSensors,TLM0101
,,17,2026-09-20T01:04:44Z,71.5361350244971,temperature,airSensors,TLM0101
,,17,2026-09-20T01:04:54Z,71.53144986324361,temperature,airSensors,TLM0101
,,17,2026-09-20T01:05:04Z,71.5388766520966,temperature,airSensors,TLM0101
,,17,2026-09-20T01:05:14Z,71.54074924591546,temperature,airSensors,TLM0101
,,17,2026-09-20T01:05:24Z,71.50355384405877,temperature,airSensors,TLM0101
,,17,2026-09-20T01:05:34Z,71.52710150147738,temperature,airSensors,TLM0101
,,17,2026-09-20T01:05:44Z,71.5566249039711,temperature,airSensors,TLM0101
,,17,2026-09-20T01:05:54Z,71.58065267889239,temperature,airSensors,TLM0101
,,17,2026-09-20T01:06:04Z,71.61589087778191,temperature,airSensors,TLM0101
,,17,2026-09-20T01:06:14Z,71.63474836425848,temperature,airSensors,TLM0101
,,17,2026-09-20T01:06:24Z,71.65717927544681,temperature,airSensors,TLM0101
,,17,2026-09-20T01:06:34Z,71.63255345388744,temperature,airSensors,TLM0101
,,17,2026-09-20T01:06:44Z,71.62117059364495,temperature,airSensors,TLM0101
,,17,2026-09-20T01:06:54Z,71.59274018507027,temperature,airSensors,TLM0101
,,17,2026-09-20T01:07:04Z,71.62454117732459,temperature,airSensors,TLM0101
,,17,2026-09-20T01:07:14Z,71.66512959048686,temperature,airSensors,TLM0101
,,17,2026-09-20T01:07:24Z,71.63901804298382,temperature,airSensors,TLM0101
,,17,2026-09-20T01:07:34Z,71.66600116148538,temperature,airSensors,TLM0101
,,17,2026-09-20T01:07:44Z,71.70217225892432,temperature,airSensors,TLM0101
,,17,2026-09-20T01:07:54Z,71.72441100246819,temperature,airSensors,TLM0101
,,17,2026-09-20T01:08:04Z,71.76665591006861,temperature,airSensors,TLM0101
,,17,2026-09-20T01:08:14Z,71.7963889858825,temperature,airSensors,TLM0101
,,17,2026-09-20T01:08:24Z,71.77933739728735,temperature,airSensors,TLM0101
,,17,2026-09-20T01:08:34Z,71.80758171686563,temperature,airSensors,TLM0101
,,17,2026-09-20T01:08:44Z,71.78472544013074,temperature,airSensors,TLM0101
,,17,2026-09-20T01:08:54Z,71.8125826153284,temperature,airSensors,TLM0101
,,17,2026-09-20T01:09:04Z,71.82222982803407,temperature,airSensors,TLM0101
,,17,2026-09-20T01:09:14Z,71.85962362630458,temperature,airSensors,TLM0101
,,17,2026-09-20T01:09:24Z,71.81562590900938,temperature,airSensors,TLM0101
,,17,2026-09-20T01:09:34Z,71.77602460598133,temperature,airSensors,TLM0101
,,17,2026-09-20T01:09:44Z,71.72882626873954,temperature,airSensors,TLM0101
,,17,2026-09-20T01:09:54Z,71.70960208630046,temperature,airSensors,TLM0101
,,17,2026-09-20T01:10:04Z,71.66818804225753,temperature,airSensors,TLM0101
,,17,2026-09-20T01:10:14Z,71.63603590952178,temperature,airSensors,TLM0101
,,17,2026-09-20T01:10:24Z,71.63413295642245,temperature,airSensors,TLM0101
,,17,2026-09-20T01:10:34Z,71.67841294085149,temperature,airSensors,TLM0101
,,17,2026-09-20T01:10:44Z,71.6489441571461,temperature,airSensors,TLM0101
,,17,2026-09-20T01:10:54Z,71.61638421015876,temperature,airSensors,TLM0101
,,17,2026-09-20T01:11:04Z,71.58766613851346,temperature,airSensors,TLM0101
,,17,2026-09-20T01:11:14Z,71.56631915820034,temperature,airSensors,TLM0101
,,17,2026-09-20T01:11:24Z,71.54390775258541,temperature,airSensors,TLM0101
,,17,2026-09-20T01:11:34Z,71.56456443061407,temperature,airSensors,TLM0101
,,17,2026-09-20T01:11:44Z,71.55319341540769,temperature,airSensors,TLM0101
,,17,2026-09-20T01:11:54Z,71.52170568152793,temperature,airSensors,TLM0101
,,17,2026-09-20T01:12:04Z,71.5132254933744,temperature,airSensors,TLM0101
,,17,2026-09-20T01:12:14Z,71.54161549441729,temperature,airSensors,TLM0101
,,17,2026-09-20T01:12:24Z,71.52376485042326,temperature,airSensors,TLM0101
,,17,2026-09-20T01:12:34Z,71.56591670845948,temperature,airSensors,TLM0101
,,17,2026-09-20T01:12:44Z,71.59835535065514,temperature,airSensors,TLM0101
,,17,2026-09-20T01:12:54Z,71.61019169043365,temperature,airSensors,TLM0101
,,17,2026-09-20T01:13:04Z,71.64101816728301,temperature,airSensors,TLM0101
,,17,2026-09-20T01:13:14Z,71.61739104131112,temperature,airSensors,TLM0101
,,17,2026-09-20T01:13:24Z,71.59264688945512,temperature,airSensors,TLM0101
,,17,2026-09-20T01:13:34Z,71.56584986933801,temperature,airSensors,TLM0101
,,17,2026-09-20T01:13:44Z,71.54400435728607,temperature,airSensors,TLM0101
,,17,2026-09-20T01:13:54Z,71.50144405846247,temperature,airSensors,TLM0101
,,17,2026-09-20T01:14:04Z,71.49414119603776,temperature,airSensors,TLM0101
,,17,2026-09-20T01:14:14Z,71.44869550607639,temperature,airSensors,TLM0101
,,17,2026-09-20T01:14:24Z,71.46139405550338,temperature,airSensors,TLM0101
,,17,2026-09-20T01:14:34Z,71.4247864254534,temperature,airSensors,TLM0101
,,17,2026-09-20T01:14:44Z,71.41533438250218,temperature,airSensors,TLM0101
,,17,2026-09-20T01:14:54Z,71.42231729131625,temperature,airSensors,TLM0101
,,17,2026-09-20T01:15:04Z,71.40617168393274,temperature,airSensors,TLM0101
,,17,2026-09-20T01:15:14Z,71.38160136181708,temperature,airSensors,TLM0101
,,17,2026-09-20T01:15:24Z,71.37420709291277,temperature,airSensors,TLM0101
,,17,2026-09-20T01:15:34Z,71.40592730646621,temperature,airSensors,TLM0101
,,17,2026-09-20T01:15:44Z,71.39767322264885,temperature,airSensors,TLM0101
,,17,2026-09-20T01:15:54Z,71.39909526318436,temperature,airSensors,TLM0101
,,17,2026-09-20T01:16:04Z,71.43961042875432,temperature,airSensors,TLM0101
,,17,2026-09-20T01:16:14Z,71.40292054809807,temperature,airSensors,TLM0101
,,17,2026-09-20T01:16:24Z,71.37766045764393,temperature,airSensors,TLM0101
,,17,2026-09-20T01:16:34Z,71.33367148216874,temperature,airSensors,TLM0101
,,17,2026-09-20T01:16:44Z,71.31820936096217,temperature,airSensors,TLM0101
,,17,2026-09-20T01:16:54Z,71.32357763008899,temperature,airSensors,TLM0101
,,17,2026-09-20T01:17:04Z,71.31088603117296,temperature,airSensors,TLM0101
,,17,2026-09-20T01:17:14Z,71.2931484404246,temperature,airSensors,TLM0101
,,17,2026-09-20T01:17:24Z,71.30952296028894,temperature,airSensors,TLM0101
,,17,2026-09-20T01:17:34Z,71.29659178241928,temperature,airSensors,TLM0101
,,17,2026-09-20T01:17:44Z,71.32221374890095,temperature,airSensors,TLM0101
,,17,2026-09-20T01:17:54Z,71.30070143502157,temperature,airSensors,TLM0101
,,17,2026-09-20T01:18:04Z,71.26943209517601,temperature,airSensors,TLM0101
,,17,2026-09-20T01:18:14Z,71.294767584498,temperature,airSensors,TLM0101
,,17,2026-09-20T01:18:24Z,71.25834969204554,temperature,airSensors,TLM0101
,,17,2026-09-20T01:18:34Z,71.22639434162954,temperature,airSensors,TLM0101
,,17,2026-09-20T01:18:44Z,71.22553031894348,temperature,airSensors,TLM0101
,,17,2026-09-20T01:18:54Z,71.20554628258871,temperature,airSensors,TLM0101
,,17,2026-09-20T01:19:04Z,71.21051341927479,temperature,airSensors,TLM0101
,,17,2026-09-20T01:19:14Z,71.22805214835371,temperature,airSensors,TLM0101
,,17,2026-09-20T01:19:24Z,71.20315264939086,temperature,airSensors,TLM0101
,,17,2026-09-20T01:19:34Z,71.19291484796639,temperature,airSensors,TLM0101
,,17,2026-09-20T01:19:44Z,71.21923720593645,temperature,airSensors,TLM0101
,,17,2026-09-20T01:19:54Z,71.24183983327812,temperature,airSensors,TLM0101
,,17,2026-09-20T01:20:04Z,71.27805868399906,temperature,airSensors,TLM0101
,,17,2026-09-20T01:20:14Z,71.32253110867944,temperature,airSensors,TLM0101
,,17,2026-09-20T01:20:24Z,71.3561614617679,temperature,airSensors,TLM0101
,,17,2026-09-20T01:20:34Z,71.32329491954947,temperature,airSensors,TLM0101
,,17,2026-09-20T01:20:44Z,71.32045420311125,temperature,airSensors,TLM0101
,,17,2026-09-20T01:20:54Z,71.27799184321769,temperature,airSensors,TLM0101
,,17,2026-09-20T01:21:04Z,71.2567662162652,temperature,airSensors,TLM0101
,,17,2026-09-20T01:21:14Z,71.24393705891775,temperature,airSensors,TLM0101
,,17,2026-09-20T01:21:24Z,71.22099544642464,temperature,airSensors,TLM0101
,,17,2026-09-20T01:21:34Z,71.24903643457158,temperature,airSensors,TLM0101
,,17,2026-09-20T01:21:44Z,71.21548904182163,temperature,airSensors,TLM0101
,,17,2026-09-20T01:21:54Z,71.2384344098385,temperature,airSensors,TLM0101
,,17,2026-09-20T01:22:04Z,71.27610159597441,temperature,airSensors,TLM0101
,,17,2026-09-20T01:22:14Z,71.22940230858688,temperature,airSensors,TLM0101
,,17,2026-09-20T01:22:24Z,71.22895698064391,temperature,airSensors,TLM0101
,,17,2026-09-20T01:22:34Z,71.21318596163682,temperature,airSensors,TLM0101
,,17,2026-09-20T01:22:44Z,71.25559007937461,temperature,airSensors,TLM0101
,,17,2026-09-20T01:22:54Z,71.23503600208713,temperature,airSensors,TLM0101
,,17,2026-09-20T01:23:04Z,71.26904777953597,temperature,airSensors,TLM0101
,,17,2026-09-20T01:23:14Z,71.28207123516763,temperature,airSensors,TLM0101
,,17,2026-09-20T01:23:24Z,71.24567592336437,temperature,airSensors,TLM0101
,,17,2026-09-20T01:23:34Z,71.20895314152797,temperature,airSensors,TLM0101
,,17,2026-09-20T01:23:44Z,71.19796585111452,temperature,airSensors,TLM0101
,,17,2026-09-20T01:23:54Z,71.24212859923865,temperature,airSensors,TLM0101
,,17,2026-09-20T01:24:04Z,71.28378227127075,temperature,airSensors,TLM0101
,,17,2026-09-20T01:24:14Z,71.29145314326456,temperature,airSensors,TLM0101
,,17,2026-09-20T01:24:24Z,71.2414592341807,temperature,airSensors,TLM0101
,,17,2026-09-20T01:24:34Z,71.27989018561345,temperature,airSensors,TLM0101
,,17,2026-09-20T01:24:44Z,71.32365054005058,temperature,airSensors,TLM0101
,,17,2026-09-20T01:24:54Z,71.3137895450415,temperature,airSensors,TLM0101
,,17,2026-09-20T01:25:04Z,71.26543747321448,temperature,airSensors,TLM0101
,,17,2026-09-20T01:25:14Z,71.30555155416509,temperature,airSensors,TLM0101
,,17,2026-09-20T01:25:24Z,71.34899213418635,temperature,airSensors,TLM0101
,,17,2026-09-20T01:25:34Z,71.37433166003119,temperature,airSensors,TLM0101
,,17,2026-09-20T01:25:44Z,71.33954801479632,temperature,airSensors,TLM0101
,,17,2026-09-20T01:25:54Z,71.29456813732413,temperature,airSensors,TLM0101
,,17,2026-09-20T01:26:04Z,71.2904353581243,temperature,airSensors,TLM0101
,,17,2026-09-20T01:26:14Z,71.3375794131426,temperature,airSensors,TLM0101
,,17,2026-09-20T01:26:24Z,71.37076437206169,temperature,airSensors,TLM0101
,,17,2026-09-20T01:26:34Z,71.37063426081868,temperature,airSensors,TLM0101
,,17,2026-09-20T01:26:44Z,71.37596072257931,temperature,airSensors,TLM0101
,,17,2026-09-20T01:26:54Z,71.38206566318549,temperature,airSensors,TLM0101
,,17,2026-09-20T01:27:04Z,71.4112692964386,temperature,airSensors,TLM0101
,,17,2026-09-20T01:27:14Z,71.41238609101778,temperature,airSensors,TLM0101
,,17,2026-09-20T01:27:24Z,71.40996781907498,temperature,airSensors,TLM0101
,,17,2026-09-20T01:27:34Z,71.41205265133199,temperature,airSensors,TLM0101
,,17,2026-09-20T01:27:44Z,71.44886502534227,temperature,airSensors,TLM0101
,,17,2026-09-20T01:27:54Z,71.42430755074999,temperature,airSensors,TLM0101
,,17,2026-09-20T01:28:04Z,71.38656832843361,temperature,airSensors,TLM0101
,,17,2026-09-20T01:28:14Z,71.40705385677599,temperature,airSensors,TLM0101
,,17,2026-09-20T01:28:24Z,71.41709883073202,temperature,airSensors,TLM0101
,,17,2026-09-20T01:28:34Z,71.41081541434465,temperature,airSensors,TLM0101
,,17,2026-09-20T01:28:44Z,71.41128848223528,temperature,airSensors,TLM0101
,,17,2026-09-20T01:28:54Z,71.44709285980107,temperature,airSensors,TLM0101
,,17,2026-09-20T01:29:04Z,71.40009714012866,temperature,airSensors,TLM0101
,,17,2026-09-20T01:29:14Z,71.38280322943785,temperature,airSensors,TLM0101
,,17,2026-09-20T01:29:24Z,71.39708281377824,temperature,airSensors,TLM0101
,,17,2026-09-20T01:29:34Z,71.39374050852221,temperature,airSensors,TLM0101
,,17,2026-09-20T01:29:44Z,71.42499806788815,temperature,airSensors,TLM0101
,,17,2026-09-20T01:29:54Z,71.4114652589322,temperature,airSensors,TLM0101
,,17,2026-09-20T01:30:04Z,71.38764578685351,temperature,airSensors,TLM0101
,,17,2026-09-20T01:30:14Z,71.35874239493373,temperature,airSensors,TLM0101
,,17,2026-09-20T01:30:24Z,71.35957853880916,temperature,airSensors,TLM0101
,,17,2026-09-20T01:30:34Z,71.32350430515417,temperature,airSensors,TLM0101
,,17,2026-09-20T01:30:44Z,71.35214326587236,temperature,airSensors,TLM0101
,,17,2026-09-20T01:30:54Z,71.3261209902398,temperature,airSensors,TLM0101
,,17,2026-09-20T01:31:04Z,71.34075270477393,temperature,airSensors,TLM0101
,,17,2026-09-20T01:31:14Z,71.3608273952894,temperature,airSensors,TLM0101
,,17,2026-09-20T01:31:24Z,71.33315176686459,temperature,airSensors,TLM0101
,,17,2026-09-20T01:31:34Z,71.3798078496222,temperature,airSensors,TLM0101
,,17,2026-09-20T01:31:44Z,71.35042610676807,temperature,airSensors,TLM0101
,,17,2026-09-20T01:31:54Z,71.39557594841887,temperature,airSensors,TLM0101
,,17,2026-09-20T01:32:04Z,71.41322452769762,temperature,airSensors,TLM0101
,,17,2026-09-20T01:32:14Z,71.38141712335013,temperature,airSensors,TLM0101
,,17,2026-09-20T01:32:24Z,71.41934534804456,temperature,airSensors,TLM0101
,,17,2026-09-20T01:32:34Z,71.43006604566574,temperature,airSensors,TLM0101
,,17,2026-09-20T01:32:44Z,71.38534963975484,temperature,airSensors,TLM0101
,,17,2026-09-20T01:32:54Z,71.4267749502868,temperature,airSensors,TLM0101
,,17,2026-09-20T01:33:04Z,71.43010606960794,temperature,airSensors,TLM0101
,,17,2026-09-20T01:33:14Z,71.42085071759297,temperature,airSensors,TLM0101
,,17,2026-09-20T01:33:24Z,71.45194568313623,temperature,airSensors,TLM0101
,,17,2026-09-20T01:33:34Z,71.45712716002888,temperature,airSensors,TLM0101
,,17,2026-09-20T01:33:44Z,71.42722685801184,temperature,airSensors,TLM0101
,,17,2026-09-20T01:33:54Z,71.40182816634396,temperature,airSensors,TLM0101
,,17,2026-09-20T01:34:04Z,71.39613637012643,temperature,airSensors,TLM0101
,,17,2026-09-20T01:34:14Z,71.35923976286324,temperature,airSensors,TLM0101
,,17,2026-09-20T01:34:24Z,71.33771450357949,temperature,airSensors,TLM0101
,,17,2026-09-20T01:34:34Z,71.38259335810703,temperature,airSensors,TLM0101
,,17,2026-09-20T01:34:44Z,71.35774765828896,temperature,airSensors,TLM0101
,,17,2026-09-20T01:34:54Z,71.33931063864392,temperature,airSensors,TLM0101
,,17,2026-09-20T01:35:04Z,71.37077375531925,temperature,airSensors,TLM0101
,,17,2026-09-20T01:35:14Z,71.3517360358949,temperature,airSensors,TLM0101
,,17,2026-09-20T01:35:24Z,71.3120149092354,temperature,airSensors,TLM0101
,,17,2026-09-20T01:35:34Z,71.32886727978483,temperature,airSensors,TLM0101
,,17,2026-09-20T01:35:44Z,71.30204832821639,temperature,airSensors,TLM0101
,,17,2026-09-20T01:35:54Z,71.26990232711358,temperature,airSensors,TLM0101
,,17,2026-09-20T01:36:04Z,71.30054464445159,temperature,airSensors,TLM0101
,,17,2026-09-20T01:36:14Z,71.29442180253271,temperature,airSensors,TLM0101
,,17,2026-09-20T01:36:24Z,71.33718980242158,temperature,airSensors,TLM0101
,,17,2026-09-20T01:36:34Z,71.37621572873718,temperature,airSensors,TLM0101
,,17,2026-09-20T01:36:44Z,71.38173468881241,temperature,airSensors,TLM0101
,,17,2026-09-20T01:36:54Z,71.38451466396859,temperature,airSensors,TLM0101
,,17,2026-09-20T01:37:04Z,71.3852094204437,temperature,airSensors,TLM0101
,,17,2026-09-20T01:37:14Z,71.4033095983562,temperature,airSensors,TLM0101
,,17,2026-09-20T01:37:24Z,71.3917487446866,temperature,airSensors,TLM0101
,,17,2026-09-20T01:37:34Z,71.3772918159695,temperature,airSensors,TLM0101
,,17,2026-09-20T01:37:44Z,71.41240882211943,temperature,airSensors,TLM0101
,,17,2026-09-20T01:37:54Z,71.38731876054865,temperature,airSensors,TLM0101
,,17,2026-09-20T01:38:04Z,71.36020545017729,temperature,airSensors,TLM0101
,,17,2026-09-20T01:38:14Z,71.34206068857688,temperature,airSensors,TLM0101
,,17,2026-09-20T01:38:24Z,71.3741933173505,temperature,airSensors,TLM0101
,,17,2026-09-20T01:38:34Z,71.36669583885111,temperature,airSensors,TLM0101
,,17,2026-09-20T01:38:44Z,71.33482023233239,temperature,airSensors,TLM0101
,,17,2026-09-20T01:38:54Z,71.36982780433833,temperature,airSensors,TLM0101
,,17,2026-09-20T01:39:04Z,71.38865699308744,temperature,airSensors,TLM0101
,,17,2026-09-20T01:39:14Z,71.42537945960687,temperature,airSensors,TLM0101
,,17,2026-09-20T01:39:24Z,71.40302849372038,temperature,airSensors,TLM0101
,,17,2026-09-20T01:39:34Z,71.371201762034,temperature,airSensors,TLM0101
,,17,2026-09-20T01:39:44Z,71.38260979110943,temperature,airSensors,TLM0101
,,17,2026-09-20T01:39:54Z,71.42430429405654,temperature,airSensors,TLM0101
,,18,2026-09-20T00:39:54Z,71.96795839848784,temperature,airSensors,TLM0102
,,18,2026-09-20T00:40:04Z,71.94736411706128,temperature,airSensors,TLM0102
,,18,2026-09-20T00:40:14Z,71.90446429078816,temperature,airSensors,TLM0102
,,18,2026-09-20T00:40:24Z,71.93473204562169,temperature,airSensors,TLM0102
,,18,2026-09-20T00:40:34Z,71.89097860152842,temperature,airSensors,TLM0102
,,18,2026-09-20T00:40:44Z,71.85881341387883,temperature,airSensors,TLM0102
,,18,2026-09-20T00:40:54Z,71.83964077218235,temperature,airSensors,TLM0102
,,18,2026-09-20T00:41:04Z,71.79520577120684,temperature,airSensors,TLM0102
,,18,2026-09-20T00:41:14Z,71.81620281254156,temperature,airSensors,TLM0102
,,18,2026-09-20T00:41:24Z,71.84797302361576,temperature,airSensors,TLM0102
,,18,2026-09-20T00:41:34Z,71.80954484243982,temperature,airSensors,TLM0102
,,18,2026-09-20T00:41:44Z,71.79576897333182,temperature,airSensors,TLM0102
,,18,2026-09-20T00:41:54Z,71.75968864076057,temperature,airSensors,TLM0102
,,18,2026-09-20T00:42:04Z,71.77509326919822,temperature,airSensors,TLM0102
,,18,2026-09-20T00:42:14Z,71.7624327392124,temperature,airSensors,TLM0102
,,18,2026-09-20T00:42:24Z,71.73877168378353,temperature,airSensors,TLM0102
,,18,2026-09-20T00:42:34Z,71.71780128833241,temperature,airSensors,TLM0102
,,18,2026-09-20T00:42:44Z,71.74441962832084,temperature,airSensors,TLM0102
,,18,2026-09-20T00:42:54Z,71.76779317749495,temperature,airSensors,TLM0102
,,18,2026-09-20T00:43:04Z,71.81421730203002,temperature,airSensors,TLM0102
,,18,2026-09-20T00:43:14Z,71.85815009190901,temperature,airSensors,TLM0102
,,18,2026-09-20T00:43:24Z,71.85345491447463,temperature,airSensors,TLM0102
,,18,2026-09-20T00:43:34Z,71.84246382786172,temperature,airSensors,TLM0102
,,18,2026-09-20T00:43:44Z,71.83074456868295,temperature,airSensors,TLM0102
,,18,2026-09-20T00:43:54Z,71.85526286597238,temperature,airSensors,TLM0102
,,18,2026-09-20T00:44:04Z,71.85286532194763,temperature,airSensors,TLM0102
,,18,2026-09-20T00:44:14Z,71.80897462217361,temperature,airSensors,TLM0102
,,18,2026-09-20T00:44:24Z,71.77874808570867,temperature,airSensors,TLM0102
,,18,2026-09-20T00:44:34Z,71.79269673390199,temperature,airSensors,TLM0102
,,18,2026-09-20T00:44:44Z,71.7593299155675,temperature,airSensors,TLM0102
,,18,2026-09-20T00:44:54Z,71.77034478921166,temperature,airSensors,TLM0102
,,18,2026-09-20T00:45:04Z,71.79504009530298,temperature,airSensors,TLM0102
,,18,2026-09-20T00:45:14Z,71.76565690143173,temperature,airSensors,TLM0102
,,18,2026-09-20T00:45:24Z,71.78902625925313,temperature,airSensors,TLM0102
,,18,2026-09-20T00:45:34Z,71.74493348704759,temperature,airSensors,TLM0102
,,18,2026-09-20T00:45:44Z,71.78710003133114,temperature,airSensors,TLM0102
,,18,2026-09-20T00:45:54Z,71.79145656530699,temperature,airSensors,TLM0102
,,18,2026-09-20T00:46:04Z,71.81271119292043,temperature,airSensors,TLM0102
,,18,2026-09-20T00:46:14Z,71.85735154373242,temperature,airSensors,TLM0102
,,18,2026-09-20T00:46:24Z,71.8730709981581,temperature,airSensors,TLM0102
,,18,2026-09-20T00:46:34Z,71.91322517989111,temperature,airSensors,TLM0102
,,18,2026-09-20T00:46:44Z,71.88624567975442,temperature,airSensors,TLM0102
,,18,2026-09-20T00:46:54Z,71.85898650192962,temperature,airSensors,TLM0102
,,18,2026-09-20T00:47:04Z,71.89021706369655,temperature,airSensors,TLM0102
,,18,2026-09-20T00:47:14Z,71.89963375008819,temperature,airSensors,TLM0102
,,18,2026-09-20T00:47:24Z,71.9352048500099,temperature,airSensors,TLM0102
,,18,2026-09-20T00:47:34Z,71.95739131259054,temperature,airSensors,TLM0102
,,18,2026-09-20T00:47:44Z,71.96783979470109,temperature,airSensors,TLM0102
,,18,2026-09-20T00:47:54Z,71.97452303779667,temperature,airSensors,TLM0102
,,18,2026-09-20T00:48:04Z,71.97587315691308,temperature,airSensors,TLM0102
,,18,2026-09-20T00:48:14Z,72.00554735633602,temperature,airSensors,TLM0102
,,18,2026-09-20T00:48:24Z,72.01551207066579,temperature,airSensors,TLM0102
,,18,2026-09-20T00:48:34Z,71.99076834006478,temperature,airSensors,TLM0102
,,18,2026-09-20T00:48:44Z,72.0192507652065,temperature,airSensors,TLM0102
,,18,2026-09-20T00:48:54Z,72.05332964652797,temperature,airSensors,TLM0102
,,18,2026-09-20T00:49:04Z,72.0296629409452,temperature,airSensors,TLM0102
,,18,2026-09-20T00:49:14Z,72.0346078038123,temperature,airSensors,TLM0102
,,18,2026-09-20T00:49:24Z,71.99141013205058,temperature,airSensors,TLM0102
,,18,2026-09-20T00:49:34Z,71.97578749046114,temperature,airSensors,TLM0102
,,18,2026-09-20T00:49:44Z,71.9857827007934,temperature,airSensors,TLM0102
,,18,2026-09-20T00:49:54Z,71.98066922386222,temperature,airSensors,TLM0102
,,18,2026-09-20T00:50:04Z,72.02629647072963,temperature,airSensors,TLM0102
,,18,2026-09-20T00:50:14Z,72.06356171091835,temperature,airSensors,TLM0102
,,18,2026-09-20T00:50:24Z,72.01890720599242,temperature,airSensors,TLM0102
,,18,2026-09-20T00:50:34Z,72.04081081038377,temperature,airSensors,TLM0102
,,18,2026-09-20T00:50:44Z,71.9987932154687,temperature,airSensors,TLM0102
,,18,2026-09-20T00:50:54Z,72.02992192806173,temperature,airSensors,TLM0102
,,18,2026-09-20T00:51:04Z,72.03203842682127,temperature,airSensors,TLM0102
,,18,2026-09-20T00:51:14Z,71.99666851626512,temperature,airSensors,TLM0102
,,18,2026-09-20T00:51:24Z,72.04353970971182,temperature,airSensors,TLM0102
,,18,2026-09-20T00:51:34Z,72.01993530780008,temperature,airSensors,TLM0102
,,18,2026-09-20T00:51:44Z,72.01558190160735,temperature,airSensors,TLM0102
,,18,2026-09-20T00:51:54Z,72.06362103238725,temperature,airSensors,TLM0102
,,18,2026-09-20T00:52:04Z,72.06028227817039,temperature,airSensors,TLM0102
,,18,2026-09-20T00:52:14Z,72.06185811271938,temperature,airSensors,TLM0102
,,18,2026-09-20T00:52:24Z,72.03271054473215,temperature,airSensors,TLM0102
,,18,2026-09-20T00:52:34Z,72.06552898824754,temperature,airSensors,TLM0102
,,18,2026-09-20T00:52:44Z,72.02784602192382,temperature,airSensors,TLM0102
,,18,2026-09-20T00:52:54Z,72.07439682248176,temperature,airSensors,TLM0102
,,18,2026-09-20T00:53:04Z,72.09492453299086,temperature,airSensors,TLM0102
,,18,2026-09-20T00:53:14Z,72.12675372235984,temperature,airSensors,TLM0102
,,18,2026-09-20T00:53:24Z,72.14905382713879,temperature,airSensors,TLM0102
,,18,2026-09-20T00:53:34Z,72.1266537319733,temperature,airSensors,TLM0102
,,18,2026-09-20T00:53:44Z,72.08465898412011,temperature,airSensors,TLM0102
,,18,2026-09-20T00:53:54Z,72.03647180273458,temperature,airSensors,TLM0102
,,18,2026-09-20T00:54:04Z,72.07377133615044,temperature,airSensors,TLM0102
,,18,2026-09-20T00:54:14Z,72.05113154490158,temperature,airSensors,TLM0102
,,18,2026-09-20T00:54:24Z,72.03362229704571,temperature,airSensors,TLM0102
,,18,2026-09-20T00:54:34Z,72.02408364045625,temperature,airSensors,TLM0102
,,18,2026-09-20T00:54:44Z,72.0182760066086,temperature,airSensors,TLM0102
,,18,2026-09-20T00:54:54Z,72.05277492662793,temperature,airSensors,TLM0102
,,18,2026-09-20T00:55:04Z,72.04020125088293,temperature,airSensors,TLM0102
,,18,2026-09-20T00:55:14Z,72.08462306540365,temperature,airSensors,TLM0102
,,18,2026-09-20T00:55:24Z,72.11111252752663,temperature,airSensors,TLM0102
,,18,2026-09-20T00:55:34Z,72.0941020378475,temperature,airSensors,TLM0102
,,18,2026-09-20T00:55:44Z,72.0820814607314,temperature,airSensors,TLM0102
,,18,2026-09-20T00:55:54Z,72.03924984407227,temperature,airSensors,TLM0102
,,18,2026-09-20T00:56:04Z,72.0664798363844,temperature,airSensors,TLM0102
,,18,2026-09-20T00:56:14Z,72.07967042642062,temperature,airSensors,TLM0102
,,18,2026-09-20T00:56:24Z,72.07887634143943,temperature,airSensors,TLM0102
,,18,2026-09-20T00:56:34Z,72.09827142444006,temperature,airSensors,TLM0102
,,18,2026-09-20T00:56:44Z,72.05111604243363,temperature,airSensors,TLM0102
,,18,2026-09-20T00:56:54Z,72.09428149068258,temperature,airSensors,TLM0102
,,18,2026-09-20T00:57:04Z,72.07197330637919,temperature,airSensors,TLM0102
,,18,2026-09-20T00:57:14Z,72.06267551148831,temperature,airSensors,TLM0102
,,18,2026-09-20T00:57:24Z,72.08810842202908,temperature,airSensors,TLM0102
,,18,2026-09-20T00:57:34Z,72.1056856934933,temperature,airSensors,TLM0102
,,18,2026-09-20T00:57:44Z,72.05573843470562,temperature,airSensors,TLM0102
,,18,2026-09-20T00:57:54Z,72.05751454623525,temperature,airSensors,TLM0102
,,18,2026-09-20T00:58:04Z,72.01859784073561,temperature,airSensors,TLM0102
,,18,2026-09-20T00:58:14Z,72.04236782587247,temperature,airSensors,TLM0102
,,18,2026-09-20T00:58:24Z,72.06199273918025,temperature,airSensors,TLM0102
,,18,2026-09-20T00:58:34Z,72.06312561799126,temperature,airSensors,TLM0102
,,18,2026-09-20T00:58:44Z,72.09426910490023,temperature,airSensors,TLM0102
,,18,2026-09-20T00:58:54Z,72.06874088540694,temperature,airSensors,TLM0102
,,18,2026-09-20T00:59:04Z,72.01904561054315,temperature,airSensors,TLM0102
,,18,2026-09-20T00:59:14Z,71.9919231012712,temperature,airSensors,TLM0102
,,18,2026-09-20T00:59:24Z,72.00355509169432,temperature,airSensors,TLM0102
,,18,2026-09-20T00:59:34Z,72.00910178901448,temperature,airSensors,TLM0102
,,18,2026-09-20T00:59:44Z,71.96682126127142,temperature,airSensors,TLM0102
,,18,2026-09-20T00:59:54Z,71.91810212377872,temperature,airSensors,TLM0102
,,18,2026-09-20T01:00:04Z,71.93094629382283,temperature,airSensors,TLM0102
,,18,2026-09-20T01:00:14Z,71.95608148794493,temperature,airSensors,TLM0102
,,18,2026-09-20T01:00:24Z,71.92760571153241,temperature,airSensors,TLM0102
,,18,2026-09-20T01:00:34Z,71.95144746952444,temperature,airSensors,TLM0102
,,18,2026-09-20T01:00:44Z,71.99312864491696,temperature,airSensors,TLM0102
,,18,2026-09-20T01:00:54Z,72.02964217064628,temperature,airSensors,TLM0102
,,18,2026-09-20T01:01:04Z,72.00291305879429,temperature,airSensors,TLM0102
,,18,2026-09-20T01:01:14Z,71.96611660011236,temperature,airSensors,TLM0102
,,18,2026-09-20T01:01:24Z,71.93579592841019,temperature,airSensors,TLM0102
,,18,2026-09-20T01:01:34Z,71.9104201597248,temperature,airSensors,TLM0102
,,18,2026-09-20T01:01:44Z,71.94493032600438,temperature,airSensors,TLM0102
,,18,2026-09-20T01:01:54Z,71.94222917227005,temperature,airSensors,TLM0102
,,18,2026-09-20T01:02:04Z,71.91775862650056,temperature,airSensors,TLM0102
,,18,2026-09-20T01:02:14Z,71.91841665579835,temperature,airSensors,TLM0102
,,18,2026-09-20T01:02:24Z,71.93147389385362,temperature,airSensors,TLM0102
,,18,2026-09-20T01:02:34Z,71.9118398689011,temperature,airSensors,TLM0102
,,18,2026-09-20T01:02:44Z,71.90726452635208,temperature,airSensors,TLM0102
,,18,2026-09-20T01:02:54Z,71.91706833842619,temperature,airSensors,TLM0102
,,18,2026-09-20T01:03:04Z,71.88553372609034,temperature,airSensors,TLM0102
,,18,2026-09-20T01:03:14Z,71.9021109971746,temperature,airSensors,TLM0102
,,18,2026-09-20T01:03:24Z,71.92836519686144,temperature,airSensors,TLM0102
,,18,2026-09-20T01:03:34Z,71.93717695365187,temperature,airSensors,TLM0102
,,18,2026-09-20T01:03:44Z,71.96910014660176,temperature,airSensors,TLM0102
,,18,2026-09-20T01:03:54Z,71.9529431198082,temperature,airSensors,TLM0102
,,18,2026-09-20T01:04:04Z,71.97044390546253,temperature,airSensors,TLM0102
,,18,2026-09-20T01:04:14Z,71.92561144625698,temperature,airSensors,TLM0102
,,18,2026-09-20T01:04:24Z,71.87817069091255,temperature,airSensors,TLM0102
,,18,2026-09-20T01:04:34Z,71.86653448143278,temperature,airSensors,TLM0102
,,18,2026-09-20T01:04:44Z,71.89298388241914,temperature,airSensors,TLM0102
,,18,2026-09-20T01:04:54Z,71.9021085067117,temperature,airSensors,TLM0102
,,18,2026-09-20T01:05:04Z,71.91685679326828,temperature,airSensors,TLM0102
,,18,2026-09-20T01:05:14Z,71.96203072508293,temperature,airSensors,TLM0102
,,18,2026-09-20T01:05:24Z,71.96194893003079,temperature,airSensors,TLM0102
,,18,2026-09-20T01:05:34Z,71.98081722195579,temperature,airSensors,TLM0102
,,18,2026-09-20T01:05:44Z,71.93360583450578,temperature,airSensors,TLM0102
,,18,2026-09-20T01:05:54Z,71.96519874170217,temperature,airSensors,TLM0102
,,18,2026-09-20T01:06:04Z,71.93935464184834,temperature,airSensors,TLM0102
,,18,2026-09-20T01:06:14Z,71.92348574520638,temperature,airSensors,TLM0102
,,18,2026-09-20T01:06:24Z,71.91459137918227,temperature,airSensors,TLM0102
,,18,2026-09-20T01:06:34Z,71.94271337665852,temperature,airSensors,TLM0102
,,18,2026-09-20T01:06:44Z,71.95473813672801,temperature,airSensors,TLM0102
,,18,2026-09-20T01:06:54Z,71.9692311913392,temperature,airSensors,TLM0102
,,18,2026-09-20T01:07:04Z,71.9480414888928,temperature,airSensors,TLM0102
,,18,2026-09-20T01:07:14Z,71.98139338242439,temperature,airSensors,TLM0102
,,18,2026-09-20T01:07:24Z,71.94892263204872,temperature,airSensors,TLM0102
,,18,2026-09-20T01:07:34Z,71.98128578080888,temperature,airSensors,TLM0102
,,18,2026-09-20T01:07:44Z,71.9511530801014,temperature,airSensors,TLM0102
,,18,2026-09-20T01:07:54Z,71.94373074112039,temperature,airSensors,TLM0102
,,18,2026-09-20T01:08:04Z,71.94271393727337,temperature,airSensors,TLM0102
,,18,2026-09-20T01:08:14Z,71.98333229332914,temperature,airSensors,TLM0102
,,18,2026-09-20T01:08:24Z,71.98637073669538,temperature,airSensors,TLM0102
,,18,2026-09-20T01:08:34Z,72.03232734609206,temperature,airSensors,TLM0102
,,18,2026-09-20T01:08:44Z,72.02111668110182,temperature,airSensors,TLM0102
,,18,2026-09-20T01:08:54Z,71.98990106432716,temperature,airSensors,TLM0102
,,18,2026-09-20T01:09:04Z,72.03898029810453,temperature,airSensors,TLM0102
,,18,2026-09-20T01:09:14Z,72.07693795911244,temperature,airSensors,TLM0102
,,18,2026-09-20T01:09:24Z,72.11999072408997,temperature,airSensors,TLM0102
,,18,2026-09-20T01:09:34Z,72.1536018673727,temperature,airSensors,TLM0102
,,18,2026-09-20T01:09:44Z,72.19814659315986,temperature,airSensors,TLM0102
,,18,2026-09-20T01:09:54Z,72.18639988752663,temperature,airSensors,TLM0102
,,18,2026-09-20T01:10:04Z,72.20392704851353,temperature,airSensors,TLM0102
,,18,2026-09-20T01:10:14Z,72.2061808805324,temperature,airSensors,TLM0102
,,18,2026-09-20T01:10:24Z,72.1676468632303,temperature,airSensors,TLM0102
,,18,2026-09-20T01:10:34Z,72.18530614701588,temperature,airSensors,TLM0102
,,18,2026-09-20T01:10:44Z,72.17202393808866,temperature,airSensors,TLM0102
,,18,2026-09-20T01:10:54Z,72.13350844430977,temperature,airSensors,TLM0102
,,18,2026-09-20T01:11:04Z,72.11513961143767,temperature,airSensors,TLM0102
,,18,2026-09-20T01:11:14Z,72.11305322766279,temperature,airSensors,TLM0102
,,18,2026-09-20T01:11:24Z,72.07730464245198,temperature,airSensors,TLM0102
,,18,2026-09-20T01:11:34Z,72.04662882732097,temperature,airSensors,TLM0102
,,18,2026-09-20T01:11:44Z,72.0811832145562,temperature,airSensors,TLM0102
,,18,2026-09-20T01:11:54Z,72.12687206550072,temperature,airSensors,TLM0102
,,18,2026-09-20T01:12:04Z,72.09654959835241,temperature,airSensors,TLM0102
,,18,2026-09-20T01:12:14Z,72.10412817970594,temperature,airSensors,TLM0102
,,18,2026-09-20T01:12:24Z,72.05547175984415,temperature,airSensors,TLM0102
,,18,2026-09-20T01:12:34Z,72.00717310198706,temperature,airSensors,TLM0102
,,18,2026-09-20T01:12:44Z,71.97189381362935,temperature,airSensors,TLM0102
,,18,2026-09-20T01:12:54Z,71.97130001530347,temperature,airSensors,TLM0102
,,18,2026-09-20T01:13:04Z,71.99228835964132,temperature,airSensors,TLM0102
,,18,2026-09-20T01:13:14Z,71.98809630271417,temperature,airSensors,TLM0102
,,18,2026-09-20T01:13:24Z,72.03799179178672,temperature,airSensors,TLM0102
,,18,2026-09-20T01:13:34Z,72.03945334916652,temperature,airSensors,TLM0102
,,18,2026-09-20T01:13:44Z,72.07299279046158,temperature,airSensors,TLM0102
,,18,2026-09-20T01:13:54Z,72.08857972113921,temperature,airSensors,TLM0102
,,18,2026-09-20T01:14:04Z,72.09217343038637,temperature,airSensors,TLM0102
,,18,2026-09-20T01:14:14Z,72.1143388961861,temperature,airSensors,TLM0102
,,18,2026-09-20T01:14:24Z,72.15507598105005,temperature,airSensors,TLM0102
,,18,2026-09-20T01:14:34Z,72.11332565294347,temperature,airSensors,TLM0102
,,18,2026-09-20T01:14:44Z,72.09145378675206,temperature,airSensors,TLM0102
,,18,2026-09-20T01:14:54Z,72.06105060473763,temperature,airSensors,TLM0102
,,18,2026-09-20T01:15:04Z,72.07274268202333,temperature,airSensors,TLM0102
,,18,2026-09-20T01:15:14Z,72.04559189342338,temperature,airSensors,TLM0102
,,18,2026-09-20T01:15:24Z,72.01359478243162,temperature,airSensors,TLM0102
,,18,2026-09-20T01:15:34Z,72.00277231640621,temperature,airSensors,TLM0102
,,18,2026-09-20T01:15:44Z,72.03433134057741,temperature,airSensors,TLM0102
,,18,2026-09-20T01:15:54Z,72.06391640380163,temperature,airSensors,TLM0102
,,18,2026-09-20T01:16:04Z,72.02047130939339,temperature,airSensors,TLM0102
,,18,2026-09-20T01:16:14Z,71.97432000624255,temperature,airSensors,TLM0102
,,18,2026-09-20T01:16:24Z,71.98344881282756,temperature,airSensors,TLM0102
,,18,2026-09-20T01:16:34Z,71.9515117185627,temperature,airSensors,TLM0102
,,18,2026-09-20T01:16:44Z,71.94989050607504,temperature,airSensors,TLM0102
,,18,2026-09-20T01:16:54Z,71.95666096868827,temperature,airSensors,TLM0102
,,18,2026-09-20T01:17:04Z,71.916977042913,temperature,airSensors,TLM0102
,,18,2026-09-20T01:17:14Z,71.93767121055825,temperature,airSensors,TLM0102
,,18,2026-09-20T01:17:24Z,71.92972370329475,temperature,airSensors,TLM0102
,,18,2026-09-20T01:17:34Z,71.95100940386865,temperature,airSensors,TLM0102
,,18,2026-09-20T01:17:44Z,71.93508736442118,temperature,airSensors,TLM0102
,,18,2026-09-20T01:17:54Z,71.9433566343051,temperature,airSensors,TLM0102
,,18,2026-09-20T01:18:04Z,71.91422700329939,temperature,airSensors,TLM0102
,,18,2026-09-20T01:18:14Z,71.92022778865994,temperature,airSensors,TLM0102
,,18,2026-09-20T01:18:24Z,71.89786722148565,temperature,airSensors,TLM0102
,,18,2026-09-20T01:18:34Z,71.93736580161236,temperature,airSensors,TLM0102
,,18,2026-09-20T01:18:44Z,71.97494765623281,temperature,airSensors,TLM0102
,,18,2026-09-20T01:18:54Z,71.98725331383402,temperature,airSensors,TLM0102
,,18,2026-09-20T01:19:04Z,71.97561449794094,temperature,airSensors,TLM0102
,,18,2026-09-20T01:19:14Z,72.02272481959189,temperature,airSensors,TLM0102
,,18,2026-09-20T01:19:24Z,72.01908503777295,temperature,airSensors,TLM0102
,,18,2026-09-20T01:19:34Z,72.04849264229125,temperature,airSensors,TLM0102
,,18,2026-09-20T01:19:44Z,72.08415565426465,temperature,airSensors,TLM0102
,,18,2026-09-20T01:19:54Z,72.12523969209064,temperature,airSensors,TLM0102
,,18,2026-09-20T01:20:04Z,72.09249387367646,temperature,airSensors,TLM0102
,,18,2026-09-20T01:20:14Z,72.09189740819644,temperature,airSensors,TLM0102
,,18,2026-09-20T01:20:24Z,72.11142467753722,temperature,airSensors,TLM0102
,,18,2026-09-20T01:20:34Z,72.07677667045584,temperature,airSensors,TLM0102
,,18,2026-09-20T01:20:44Z,72.10580053745456,temperature,airSensors,TLM0102
,,18,2026-09-20T01:20:54Z,72.15113750021521,temperature,airSensors,TLM0102
,,18,2026-09-20T01:21:04Z,72.12413882212508,temperature,airSensors,TLM0102
,,18,2026-09-20T01:21:14Z,72.09560489108588,temperature,airSensors,TLM0102
,,18,2026-09-20T01:21:24Z,72.05595181414954,temperature,airSensors,TLM0102
,,18,2026-09-20T01:21:34Z,72.07040899754273,temperature,airSensors,TLM0102
,,18,2026-09-20T01:21:44Z,72.07214551622143,temperature,airSensors,TLM0102
,,18,2026-09-20T01:21:54Z,72.11018252640166,temperature,airSensors,TLM0102
,,18,2026-09-20T01:22:04Z,72.15312231142492,temperature,airSensors,TLM0102
,,18,2026-09-20T01:22:14Z,72.11267669350929,temperature,airSensors,TLM0102
,,18,2026-09-20T01:22:24Z,72.1504518239988,temperature,airSensors,TLM0102
,,18,2026-09-20T01:22:34Z,72.16472478172975,temperature,airSensors,TLM0102
,,18,2026-09-20T01:22:44Z,72.16913978958709,temperature,airSensors,TLM0102
,,18,2026-09-20T01:22:54Z,72.18470527620306,temperature,airSensors,TLM0102
,,18,2026-09-20T01:23:04Z,72.16243889276292,temperature,airSensors,TLM0102
,,18,2026-09-20T01:23:14Z,72.18025571742217,temperature,airSensors,TLM0102
,,18,2026-09-20T01:23:24Z,72.13770033690716,temperature,airSensors,TLM0102
,,18,2026-09-20T01:23:34Z,72.08873798701867,temperature,airSensors,TLM0102
,,18,2026-09-20T01:23:44Z,72.09236970177213,temperature,airSensors,TLM0102
,,18,2026-09-20T01:23:54Z,72.07464932028317,temperature,airSensors,TLM0102
,,18,2026-09-20T01:24:04Z,72.02898228128318,temperature,airSensors,TLM0102
,,18,2026-09-20T01:24:14Z,72.04390050282949,temperature,airSensors,TLM0102
,,18,2026-09-20T01:24:24Z,72.01905882411302,temperature,airSensors,TLM0102
,,18,2026-09-20T01:24:34Z,72.04897110849575,temperature,airSensors,TLM0102
,,18,2026-09-20T01:24:44Z,72.02175351329834,temperature,airSensors,TLM0102
,,18,2026-09-20T01:24:54Z,72.03481588452003,temperature,airSensors,TLM0102
,,18,2026-09-20T01:25:04Z,72.08227759011876,temperature,airSensors,TLM0102
,,18,2026-09-20T01:25:14Z,72.03645383287409,temperature,airSensors,TLM0102
,,18,2026-09-20T01:25:24Z,72.03570496727852,temperature,airSensors,TLM0102
,,18,2026-09-20T01:25:34Z,72.03985153230039,temperature,airSensors,TLM0102
,,18,2026-09-20T01:25:44Z,72.02045034765119,temperature,airSensors,TLM0102
,,18,2026-09-20T01:25:54Z,71.99801597923191,temperature,airSensors,TLM0102
,,18,2026-09-20T01:26:04Z,72.01250226379634,temperature,airSensors,TLM0102
,,18,2026-09-20T01:26:14Z,71.96297288686712,temperature,airSensors,TLM0102
,,18,2026-09-20T01:26:24Z,71.99230528166689,temperature,airSensors,TLM0102
,,18,2026-09-20T01:26:34Z,72.00168482859115,temperature,airSensors,TLM0102
,,18,2026-09-20T01:26:44Z,71.98447938711527,temperature,airSensors,TLM0102
,,18,2026-09-20T01:26:54Z,71.94136790088801,temperature,airSensors,TLM0102
,,18,2026-09-20T01:27:04Z,71.98732619380253,temperature,airSensors,TLM0102
,,18,2026-09-20T01:27:14Z,71.95009008999469,temperature,airSensors,TLM0102
,,18,2026-09-20T01:27:24Z,71.95036595605302,temperature,airSensors,TLM0102
,,18,2026-09-20T01:27:34Z,71.90712735410675,temperature,airSensors,TLM0102
,,18,2026-09-20T01:27:44Z,71.86879426393143,temperature,airSensors,TLM0102
,,18,2026-09-20T01:27:54Z,71.88295798657423,temperature,airSensors,TLM0102
,,18,2026-09-20T01:28:04Z,71.87883094534578,temperature,airSensors,TLM0102
,,18,2026-09-20T01:28:14Z,71.8446572032418,temperature,airSensors,TLM0102
,,18,2026-09-20T01:28:24Z,71.81066800151511,temperature,airSensors,TLM0102
,,18,2026-09-20T01:28:34Z,71.80698653482425,temperature,airSensors,TLM0102
,,18,2026-09-20T01:28:44Z,71.84195258961957,temperature,airSensors,TLM0102
,,18,2026-09-20T01:28:54Z,71.8015482946144,temperature,airSensors,TLM0102
,,18,2026-09-20T01:29:04Z,71.81468269035136,temperature,airSensors,TLM0102
,,18,2026-09-20T01:29:14Z,71.81243182125138,temperature,airSensors,TLM0102
,,18,2026-09-20T01:29:24Z,71.76397387075082,temperature,airSensors,TLM0102
,,18,2026-09-20T01:29:34Z,71.74660391915451,temperature,airSensors,TLM0102
,,18,2026-09-20T01:29:44Z,71.71744337615044,temperature,airSensors,TLM0102
,,18,2026-09-20T01:29:54Z,71.71615148192224,temperature,airSensors,TLM0102
,,18,2026-09-20T01:30:04Z,71.71086306245222,temperature,airSensors,TLM0102
,,18,2026-09-20T01:30:14Z,71.71982866204704,temperature,airSensors,TLM0102
,,18,2026-09-20T01:30:24Z,71.70328932200715,temperature,airSensors,TLM0102
,,18,2026-09-20T01:30:34Z,71.74953044877766,temperature,airSensors,TLM0102
,,18,2026-09-20T01:30:44Z,71.7865627514321,temperature,airSensors,TLM0102
,,18,2026-09-20T01:30:54Z,71.7739519847416,temperature,airSensors,TLM0102
,,18,2026-09-20T01:31:04Z,71.7512549422729,temperature,airSensors,TLM0102
,,18,2026-09-20T01:31:14Z,71.71899785710859,temperature,airSensors,TLM0102
,,18,2026-09-20T01:31:24Z,71.74748834984977,temperature,airSensors,TLM0102
,,18,2026-09-20T01:31:34Z,71.77847716468412,temperature,airSensors,TLM0102
,,18,2026-09-20T01:31:44Z,71.74461939170634,temperature,airSensors,TLM0102
,,18,2026-09-20T01:31:54Z,71.72603724255288,temperature,airSensors,TLM0102
,,18,2026-09-20T01:32:04Z,71.76724699289791,temperature,airSensors,TLM0102
,,18,2026-09-20T01:32:14Z,71.74489916501045,temperature,airSensors,TLM0102
,,18,2026-09-20T01:32:24Z,71.73000561518522,temperature,airSensors,TLM0102
,,18,2026-09-20T01:32:34Z,71.76769017672879,temperature,airSensors,TLM0102
,,18,2026-09-20T01:32:44Z,71.77380606807051,temperature,airSensors,TLM0102
,,18,2026-09-20T01:32:54Z,71.7527349153221,temperature,airSensors,TLM0102
,,18,2026-09-20T01:33:04Z,71.71999850605157,temperature,airSensors,TLM0102
,,18,2026-09-20T01:33:14Z,71.6755752417665,temperature,airSensors,TLM0102
,,18,2026-09-20T01:33:24Z,71.70300753416382,temperature,airSensors,TLM0102
,,18,2026-09-20T01:33:34Z,71.70745532638594,temperature,airSensors,TLM0102
,,18,2026-09-20T01:33:44Z,71.7360128031589,temperature,airSensors,TLM0102
,,18,2026-09-20T01:33:54Z,71.76393733358874,temperature,airSensors,TLM0102
,,18,2026-09-20T01:34:04Z,71.73442441306322,temperature,airSensors,TLM0102
,,18,2026-09-20T01:34:14Z,71.70625564254857,temperature,airSensors,TLM0102
,,18,2026-09-20T01:34:24Z,71.71732064369004,temperature,airSensors,TLM0102
,,18,2026-09-20T01:34:34Z,71.76211317046136,temperature,airSensors,TLM0102
,,18,2026-09-20T01:34:44Z,71.76164339831882,temperature,airSensors,TLM0102
,,18,2026-09-20T01:34:54Z,71.77295017338112,temperature,airSensors,TLM0102
,,18,2026-09-20T01:35:04Z,71.81926852251172,temperature,airSensors,TLM0102
,,18,2026-09-20T01:35:14Z,71.85643050419324,temperature,airSensors,TLM0102
,,18,2026-09-20T01:35:24Z,71.87586357571455,temperature,airSensors,TLM0102
,,18,2026-09-20T01:35:34Z,71.8570764914621,temperature,airSensors,TLM0102
,,18,2026-09-20T01:35:44Z,71.89386060654351,temperature,airSensors,TLM0102
,,18,2026-09-20T01:35:54Z,71.84557002626775,temperature,airSensors,TLM0102
,,18,2026-09-20T01:36:04Z,71.86755111055167,temperature,airSensors,TLM0102
,,18,2026-09-20T01:36:14Z,71.84851238540104,temperature,airSensors,TLM0102
,,18,2026-09-20T01:36:24Z,71.87683244978608,temperature,airSensors,TLM0102
,,18,2026-09-20T01:36:34Z,71.91154552206908,temperature,airSensors,TLM0102
,,18,2026-09-20T01:36:44Z,71.95229014598499,temperature,airSensors,TLM0102
,,18,2026-09-20T01:36:54Z,71.93305062028632,temperature,airSensors,TLM0102
,,18,2026-09-20T01:37:04Z,71.92737327773258,temperature,airSensors,TLM0102
,,18,2026-09-20T01:37:14Z,71.95555758878496,temperature,airSensors,TLM0102
,,18,2026-09-20T01:37:24Z,71.93174336027269,temperature,airSensors,TLM0102
,,18,2026-09-20T01:37:34Z,71.9339041420955,temperature,airSensors,TLM0102
,,18,2026-09-20T01:37:44Z,71.96062292965617,temperature,airSensors,TLM0102
,,18,2026-09-20T01:37:54Z,71.96506151737894,temperature,airSensors,TLM0102
,,18,2026-09-20T01:38:04Z,71.97904765256428,temperature,airSensors,TLM0102
,,18,2026-09-20T01:38:14Z,71.98345964421662,temperature,airSensors,TLM0102
,,18,2026-09-20T01:38:24Z,71.99813496592395,temperature,airSensors,TLM0102
,,18,2026-09-20T01:38:34Z,71.95892577074834,temperature,airSensors,TLM0102
,,18,2026-09-20T01:38:44Z,71.95753831693189,temperature,airSensors,TLM0102
,,18,2026-09-20T01:38:54Z,72.00279293295996,temperature,airSensors,TLM0102
,,18,2026-09-20T01:39:04Z,72.00535269062134,temperature,airSensors,TLM0102
,,18,2026-09-20T01:39:14Z,71.98995327939107,temperature,airSensors,TLM0102
,,18,2026-09-20T01:39:24Z,71.99578509257934,temperature,airSensors,TLM0102
,,18,2026-09-20T01:39:34Z,71.98501824861542,temperature,airSensors,TLM0102
,,18,2026-09-20T01:39:44Z,72.0282387781383,temperature,airSensors,TLM0102
,,18,2026-09-20T01:39:54Z,72.03113421500795,temperature,airSensors,TLM0102
,,19,2026-09-20T00:39:54Z,71.32642496193982,temperature,airSensors,TLM0103
,,19,2026-09-20T00:40:04Z,71.36671692858906,temperature,airSensors,TLM0103
,,19,2026-09-20T00:40:14Z,71.39137892469773,temperature,airSensors,TLM0103
,,19,2026-09-20T00:40:24Z,71.4345034757972,temperature,airSensors,TLM0103
,,19,2026-09-20T00:40:34Z,71.40878807956791,temperature,airSensors,TLM0103
,,19,2026-09-20T00:40:44Z,71.41605982236618,temperature,airSensors,TLM0103
,,19,2026-09-20T00:40:54Z,71.46163546832601,temperature,airSensors,TLM0103
,,19,2026-09-20T00:41:04Z,71.4385918994057,temperature,airSensors,TLM0103
,,19,2026-09-20T00:41:14Z,71.41507238911859,temperature,airSensors,TLM0103
,,19,2026-09-20T00:41:24Z,71.46318802509458,temperature,airSensors,TLM0103
,,19,2026-09-20T00:41:34Z,71.43673306233352,temperature,airSensors,TLM0103
,,19,2026-09-20T00:41:44Z,71.39305420559434,temperature,airSensors,TLM0103
,,19,2026-09-20T00:41:54Z,71.39690779412784,temperature,airSensors,TLM0103
,,19,2026-09-20T00:42:04Z,71.36633303142855,temperature,airSensors,TLM0103
,,19,2026-09-20T00:42:14Z,71.3710398555513,temperature,airSensors,TLM0103
,,19,2026-09-20T00:42:24Z,71.35469890325069,temperature,airSensors,TLM0103
,,19,2026-09-20T00:42:34Z,71.39565802495315,temperature,airSensors,TLM0103
,,19,2026-09-20T00:42:44Z,71.36204040387695,temperature,airSensors,TLM0103
,,19,2026-09-20T00:42:54Z,71.34630323254781,temperature,airSensors,TLM0103
,,19,2026-09-20T00:43:04Z,71.30033617837421,temperature,airSensors,TLM0103
,,19,2026-09-20T00:43:14Z,71.31228450311427,temperature,airSensors,TLM0103
,,19,2026-09-20T00:43:24Z,71.34552254508202,temperature,airSensors,TLM0103
,,19,2026-09-20T00:43:34Z,71.33972754280897,temperature,airSensors,TLM0103
,,19,2026-09-20T00:43:44Z,71.32925119628135,temperature,airSensors,TLM0103
,,19,2026-09-20T00:43:54Z,71.34724151029599,temperature,airSensors,TLM0103
,,19,2026-09-20T00:44:04Z,71.37991975001341,temperature,airSensors,TLM0103
,,19,2026-09-20T00:44:14Z,71.36270962271188,temperature,airSensors,TLM0103
,,19,2026-09-20T00:44:24Z,71.38792289373005,temperature,airSensors,TLM0103
,,19,2026-09-20T00:44:34Z,71.40999608633452,temperature,airSensors,TLM0103
,,19,2026-09-20T00:44:44Z,71.44896660564008,temperature,airSensors,TLM0103
,,19,2026-09-20T00:44:54Z,71.4534087861488,temperature,airSensors,TLM0103
,,19,2026-09-20T00:45:04Z,71.41206152542428,temperature,airSensors,TLM0103
,,19,2026-09-20T00:45:14Z,71.43483074005675,temperature,airSensors,TLM0103
,,19,2026-09-20T00:45:24Z,71.46397843589239,temperature,airSensors,TLM0103
,,19,2026-09-20T00:45:34Z,71.46903184672107,temperature,airSensors,TLM0103
,,19,2026-09-20T00:45:44Z,71.4391205643297,temperature,airSensors,TLM0103
,,19,2026-09-20T00:45:54Z,71.4557802222424,temperature,airSensors,TLM0103
,,19,2026-09-20T00:46:04Z,71.45812078509144,temperature,airSensors,TLM0103
,,19,2026-09-20T00:46:14Z,71.44279526924903,temperature,airSensors,TLM0103
,,19,2026-09-20T00:46:24Z,71.48351785851291,temperature,airSensors,TLM0103
,,19,2026-09-20T00:46:34Z,71.50366301934899,temperature,airSensors,TLM0103
,,19,2026-09-20T00:46:44Z,71.54261684402005,temperature,airSensors,TLM0103
,,19,2026-09-20T00:46:54Z,71.51139853830811,temperature,airSensors,TLM0103
,,19,2026-09-20T00:47:04Z,71.47899868358718,temperature,airSensors,TLM0103
,,19,2026-09-20T00:47:14Z,71.46353702539623,temperature,airSensors,TLM0103
,,19,2026-09-20T00:47:24Z,71.43142910070614,temperature,airSensors,TLM0103
,,19,2026-09-20T00:47:34Z,71.44137381824002,temperature,airSensors,TLM0103
,,19,2026-09-20T00:47:44Z,71.39400599551935,temperature,airSensors,TLM0103
,,19,2026-09-20T00:47:54Z,71.39999643543415,temperature,airSensors,TLM0103
,,19,2026-09-20T00:48:04Z,71.42260506111256,temperature,airSensors,TLM0103
,,19,2026-09-20T00:48:14Z,71.44980847324581,temperature,airSensors,TLM0103
,,19,2026-09-20T00:48:24Z,71.47207104213705,temperature,airSensors,TLM0103
,,19,2026-09-20T00:48:34Z,71.48831015124993,temperature,airSensors,TLM0103
,,19,2026-09-20T00:48:44Z,71.49388852064808,temperature,airSensors,TLM0103
,,19,2026-09-20T00:48:54Z,71.46717119168419,temperature,airSensors,TLM0103
,,19,2026-09-20T00:49:04Z,71.47962210389478,temperature,airSensors,TLM0103
,,19,2026-09-20T00:49:14Z,71.43177745016628,temperature,airSensors,TLM0103
,,19,2026-09-20T00:49:24Z,71.4161776520823,temperature,airSensors,TLM0103
,,19,2026-09-20T00:49:34Z,71.38689311532914,temperature,airSensors,TLM0103
,,19,2026-09-20T00:49:44Z,71.37795405756074,temperature,airSensors,TLM0103
,,19,2026-09-20T00:49:54Z,71.37678940119248,temperature,airSensors,TLM0103
,,19,2026-09-20T00:50:04Z,71.40933445398858,temperature,airSensors,TLM0103
,,19,2026-09-20T00:50:14Z,71.42566452377893,temperature,airSensors,TLM0103
,,19,2026-09-20T00:50:24Z,71.4152941263245,temperature,airSensors,TLM0103
,,19,2026-09-20T00:50:34Z,71.4059605841081,temperature,airSensors,TLM0103
,,19,2026-09-20T00:50:44Z,71.36231127499497,temperature,airSensors,TLM0103
,,19,2026-09-20T00:50:54Z,71.31841352637899,temperature,airSensors,TLM0103
,,19,2026-09-20T00:51:04Z,71.36740430208971,temperature,airSensors,TLM0103
,,19,2026-09-20T00:51:14Z,71.35528896960228,temperature,airSensors,TLM0103
,,19,2026-09-20T00:51:24Z,71.38837006113656,temperature,airSensors,TLM0103
,,19,2026-09-20T00:51:34Z,71.38048790156228,temperature,airSensors,TLM0103
,,19,2026-09-20T00:51:44Z,71.42406443615727,temperature,airSensors,TLM0103
,,19,2026-09-20T00:51:54Z,71.42208953357583,temperature,airSensors,TLM0103
,,19,2026-09-20T00:52:04Z,71.3747361588543,temperature,airSensors,TLM0103
,,19,2026-09-20T00:52:14Z,71.35525824603165,temperature,airSensors,TLM0103
,,19,2026-09-20T00:52:24Z,71.39623616144043,temperature,airSensors,TLM0103
,,19,2026-09-20T00:52:34Z,71.40574079359664,temperature,airSensors,TLM0103
,,19,2026-09-20T00:52:44Z,71.41442262437161,temperature,airSensors,TLM0103
,,19,2026-09-20T00:52:54Z,71.42659554298586,temperature,airSensors,TLM0103
,,19,2026-09-20T00:53:04Z,71.4151569789835,temperature,airSensors,TLM0103
,,19,2026-09-20T00:53:14Z,71.44893778222958,temperature,airSensors,TLM0103
,,19,2026-09-20T00:53:24Z,71.45832711547891,temperature,airSensors,TLM0103
,,19,2026-09-20T00:53:34Z,71.43320851832954,temperature,airSensors,TLM0103
,,19,2026-09-20T00:53:44Z,71.44603532158354,temperature,airSensors,TLM0103
,,19,2026-09-20T00:53:54Z,71.43338310341099,temperature,airSensors,TLM0103
,,19,2026-09-20T00:54:04Z,71.43103179655617,temperature,airSensors,TLM0103
,,19,2026-09-20T00:54:14Z,71.4568495723651,temperature,airSensors,TLM0103
,,19,2026-09-20T00:54:24Z,71.42186346424555,temperature,airSensors,TLM0103
,,19,2026-09-20T00:54:34Z,71.41358554342678,temperature,airSensors,TLM0103
,,19,2026-09-20T00:54:44Z,71.41656673455222,temperature,airSensors,TLM0103
,,19,2026-09-20T00:54:54Z,71.44813415456035,temperature,airSensors,TLM0103
,,19,2026-09-20T00:55:04Z,71.4207982838568,temperature,airSensors,TLM0103
,,19,2026-09-20T00:55:14Z,71.45728274531506,temperature,airSensors,TLM0103
,,19,2026-09-20T00:55:24Z,71.49309968376853,temperature,airSensors,TLM0103
,,19,2026-09-20T00:55:34Z,71.49898661048799,temperature,airSensors,TLM0103
,,19,2026-09-20T00:55:44Z,71.51718803204841,temperature,airSensors,TLM0103
,,19,2026-09-20T00:55:54Z,71.49717757645743,temperature,airSensors,TLM0103
,,19,2026-09-20T00:56:04Z,71.51198910473897,temperature,airSensors,TLM0103
,,19,2026-09-20T00:56:14Z,71.51298494392283,temperature,airSensors,TLM0103
,,19,2026-09-20T00:56:24Z,71.53054842425223,temperature,airSensors,TLM0103
,,19,2026-09-20T00:56:34Z,71.51726693046733,temperature,airSensors,TLM0103
,,19,2026-09-20T00:56:44Z,71.50461302570108,temperature,airSensors,TLM0103
,,19,2026-09-20T00:56:54Z,71.54156141578993,temperature,airSensors,TLM0103
,,19,2026-09-20T00:57:04Z,71.52914190290383,temperature,airSensors,TLM0103
,,19,2026-09-20T00:57:14Z,71.57857525812629,temperature,airSensors,TLM0103
,,19,2026-09-20T00:57:24Z,71.56379133928311,temperature,airSensors,TLM0103
,,19,2026-09-20T00:57:34Z,71.5840826562752,temperature,airSensors,TLM0103
,,19,2026-09-20T00:57:44Z,71.57401615253143,temperature,airSensors,TLM0103
,,19,2026-09-20T00:57:54Z,71.60911408050451,temperature,airSensors,TLM0103
,,19,2026-09-20T00:58:04Z,71.58051275655855,temperature,airSensors,TLM0103
,,19,2026-09-20T00:58:14Z,71.56450171992127,temperature,airSensors,TLM0103
,,19,2026-09-20T00:58:24Z,71.59541803080702,temperature,airSensors,TLM0103
,,19,2026-09-20T00:58:34Z,71.5543861783013,temperature,airSensors,TLM0103
,,19,2026-09-20T00:58:44Z,71.56115239561427,temperature,airSensors,TLM0103
,,19,2026-09-20T00:58:54Z,71.57223493664776,temperature,airSensors,TLM0103
,,19,2026-09-20T00:59:04Z,71.526516460664,temperature,airSensors,TLM0103
,,19,2026-09-20T00:59:14Z,71.53685038352332,temperature,airSensors,TLM0103
,,19,2026-09-20T00:59:24Z,71.5833335754194,temperature,airSensors,TLM0103
,,19,2026-09-20T00:59:34Z,71.61937075460425,temperature,airSensors,TLM0103
,,19,2026-09-20T00:59:44Z,71.62420515258776,temperature,airSensors,TLM0103
,,19,2026-09-20T00:59:54Z,71.65428431743645,temperature,airSensors,TLM0103
,,19,2026-09-20T01:00:04Z,71.62419740371828,temperature,airSensors,TLM0103
,,19,2026-09-20T01:00:14Z,71.59616569384067,temperature,airSensors,TLM0103
,,19,2026-09-20T01:00:24Z,71.62274349841037,temperature,airSensors,TLM0103
,,19,2026-09-20T01:00:34Z,71.63321199339147,temperature,airSensors,TLM0103
,,19,2026-09-20T01:00:44Z,71.66397957639715,temperature,airSensors,TLM0103
,,19,2026-09-20T01:00:54Z,71.69717035566457,temperature,airSensors,TLM0103
,,19,2026-09-20T01:01:04Z,71.69027827641703,temperature,airSensors,TLM0103
,,19,2026-09-20T01:01:14Z,71.70661242072673,temperature,airSensors,TLM0103
,,19,2026-09-20T01:01:24Z,71.68010807054074,temperature,airSensors,TLM0103
,,19,2026-09-20T01:01:34Z,71.70789743072692,temperature,airSensors,TLM0103
,,19,2026-09-20T01:01:44Z,71.68518657929643,temperature,airSensors,TLM0103
,,19,2026-09-20T01:01:54Z,71.71175869887935,temperature,airSensors,TLM0103
,,19,2026-09-20T01:02:04Z,71.74421609826128,temperature,airSensors,TLM0103
,,19,2026-09-20T01:02:14Z,71.71983849986793,temperature,airSensors,TLM0103
,,19,2026-09-20T01:02:24Z,71.76977607463516,temperature,airSensors,TLM0103
,,19,2026-09-20T01:02:34Z,71.79766341421507,temperature,airSensors,TLM0103
,,19,2026-09-20T01:02:44Z,71.75686498431283,temperature,airSensors,TLM0103
,,19,2026-09-20T01:02:54Z,71.78397959888348,temperature,airSensors,TLM0103
,,19,2026-09-20T01:03:04Z,71.75015418716396,temperature,airSensors,TLM0103
,,19,2026-09-20T01:03:14Z,71.77569214464457,temperature,airSensors,TLM0103
,,19,2026-09-20T01:03:24Z,71.82128900477858,temperature,airSensors,TLM0103
,,19,2026-09-20T01:03:34Z,71.85133999627826,temperature,airSensors,TLM0103
,,19,2026-09-20T01:03:44Z,71.82165099692669,temperature,airSensors,TLM0103
,,19,2026-09-20T01:03:54Z,71.80175192263064,temperature,airSensors,TLM0103
,,19,2026-09-20T01:04:04Z,71.80178128917272,temperature,airSensors,TLM0103
,,19,2026-09-20T01:04:14Z,71.77923493125662,temperature,airSensors,TLM0103
,,19,2026-09-20T01:04:24Z,71.81753238346674,temperature,airSensors,TLM0103
,,19,2026-09-20T01:04:34Z,71.82017297130307,temperature,airSensors,TLM0103
,,19,2026-09-20T01:04:44Z,71.84822882052305,temperature,airSensors,TLM0103
,,19,2026-09-20T01:04:54Z,71.8976686703269,temperature,airSensors,TLM0103
,,19,2026-09-20T01:05:04Z,71.90020266207914,temperature,airSensors,TLM0103
,,19,2026-09-20T01:05:14Z,71.89040788184491,temperature,airSensors,TLM0103
,,19,2026-09-20T01:05:24Z,71.90179963898672,temperature,airSensors,TLM0103
,,19,2026-09-20T01:05:34Z,71.88851526941401,temperature,airSensors,TLM0103
,,19,2026-09-20T01:05:44Z,71.8404135459033,temperature,airSensors,TLM0103
,,19,2026-09-20T01:05:54Z,71.80052390784874,temperature,airSensors,TLM0103
,,19,2026-09-20T01:06:04Z,71.80021115526536,temperature,airSensors,TLM0103
,,19,2026-09-20T01:06:14Z,71.82830386218576,temperature,airSensors,TLM0103
,,19,2026-09-20T01:06:24Z,71.82048504265731,temperature,airSensors,TLM0103
,,19,2026-09-20T01:06:34Z,71.80536066978742,temperature,airSensors,TLM0103
,,19,2026-09-20T01:06:44Z,71.83568821612799,temperature,airSensors,TLM0103
,,19,2026-09-20T01:06:54Z,71.80647125889716,temperature,airSensors,TLM0103
,,19,2026-09-20T01:07:04Z,71.83985248626352,temperature,airSensors,TLM0103
,,19,2026-09-20T01:07:14Z,71.86824192523513,temperature,airSensors,TLM0103
,,19,2026-09-20T01:07:24Z,71.8374063271342,temperature,airSensors,TLM0103
,,19,2026-09-20T01:07:34Z,71.83029686919043,temperature,airSensors,TLM0103
,,19,2026-09-20T01:07:44Z,71.80419868754653,temperature,airSensors,TLM0103
,,19,2026-09-20T01:07:54Z,71.84196230143898,temperature,airSensors,TLM0103
,,19,2026-09-20T01:08:04Z,71.80075499806672,temperature,airSensors,TLM0103
,,19,2026-09-20T01:08:14Z,71.83033438503494,temperature,airSensors,TLM0103
,,19,2026-09-20T01:08:24Z,71.80430552780872,temperature,airSensors,TLM0103
,,19,2026-09-20T01:08:34Z,71.81763578489863,temperature,airSensors,TLM0103
,,19,2026-09-20T01:08:44Z,71.85921166954078,temperature,airSensors,TLM0103
,,19,2026-09-20T01:08:54Z,71.82442769595413,temperature,airSensors,TLM0103
,,19,2026-09-20T01:09:04Z,71.86061926133037,temperature,airSensors,TLM0103
,,19,2026-09-20T01:09:14Z,71.8573811946952,temperature,airSensors,TLM0103
,,19,2026-09-20T01:09:24Z,71.83782733794031,temperature,airSensors,TLM0103
,,19,2026-09-20T01:09:34Z,71.8223662688588,temperature,airSensors,TLM0103
,,19,2026-09-20T01:09:44Z,71.77496885502468,temperature,airSensors,TLM0103
,,19,2026-09-20T01:09:54Z,71.81768151421531,temperature,airSensors,TLM0103
,,19,2026-09-20T01:10:04Z,71.81087238550998,temperature,airSensors,TLM0103
,,19,2026-09-20T01:10:14Z,71.80590753123518,temperature,airSensors,TLM0103
,,19,2026-09-20T01:10:24Z,71.7613436468537,temperature,airSensors,TLM0103
,,19,2026-09-20T01:10:34Z,71.74291566226815,temperature,airSensors,TLM0103
,,19,2026-09-20T01:10:44Z,71.78582564605999,temperature,airSensors,TLM0103
,,19,2026-09-20T01:10:54Z,71.82802333482034,temperature,airSensors,TLM0103
,,19,2026-09-20T01:11:04Z,71.83446359485535,temperature,airSensors,TLM0103
,,19,2026-09-20T01:11:14Z,71.8321249787203,temperature,airSensors,TLM0103
,,19,2026-09-20T01:11:24Z,71.81615791130925,temperature,airSensors,TLM0103
,,19,2026-09-20T01:11:34Z,71.85282983969668,temperature,airSensors,TLM0103
,,19,2026-09-20T01:11:44Z,71.88087868304109,temperature,airSensors,TLM0103
,,19,2026-09-20T01:11:54Z,71.92855328982537,temperature,airSensors,TLM0103
,,19,2026-09-20T01:12:04Z,71.916677861814,temperature,airSensors,TLM0103
,,19,2026-09-20T01:12:14Z,71.87320767700477,temperature,airSensors,TLM0103
,,19,2026-09-20T01:12:24Z,71.87066803510326,temperature,airSensors,TLM0103
,,19,2026-09-20T01:12:34Z,71.88160349488342,temperature,airSensors,TLM0103
,,19,2026-09-20T01:12:44Z,71.83413672540351,temperature,airSensors,TLM0103
,,19,2026-09-20T01:12:54Z,71.81217294716174,temperature,airSensors,TLM0103
,,19,2026-09-20T01:13:04Z,71.77071501772441,temperature,airSensors,TLM0103
,,19,2026-09-20T01:13:14Z,71.81451579835164,temperature,airSensors,TLM0103
,,19,2026-09-20T01:13:24Z,71.85684977927447,temperature,airSensors,TLM0103
,,19,2026-09-20T01:13:34Z,71.81024099819251,temperature,airSensors,TLM0103
,,19,2026-09-20T01:13:44Z,71.80862376653828,temperature,airSensors,TLM0103
,,19,2026-09-20T01:13:54Z,71.7903001902809,temperature,airSensors,TLM0103
,,19,2026-09-20T01:14:04Z,71.78960889011178,temperature,airSensors,TLM0103
,,19,2026-09-20T01:14:14Z,71.79304493615042,temperature,airSensors,TLM0103
,,19,2026-09-20T01:14:24Z,71.80317563137157,temperature,airSensors,TLM0103
,,19,2026-09-20T01:14:34Z,71.75496977205309,temperature,airSensors,TLM0103
,,19,2026-09-20T01:14:44Z,71.7441072356064,temperature,airSensors,TLM0103
,,19,2026-09-20T01:14:54Z,71.71555147493287,temperature,airSensors,TLM0103
,,19,2026-09-20T01:15:04Z,71.71778966347469,temperature,airSensors,TLM0103
,,19,2026-09-20T01:15:14Z,71.69469630115215,temperature,airSensors,TLM0103
,,19,2026-09-20T01:15:24Z,71.69638256372565,temperature,airSensors,TLM0103
,,19,2026-09-20T01:15:34Z,71.732790827538,temperature,airSensors,TLM0103
,,19,2026-09-20T01:15:44Z,71.76823743413938,temperature,airSensors,TLM0103
,,19,2026-09-20T01:15:54Z,71.81694291893876,temperature,airSensors,TLM0103
,,19,2026-09-20T01:16:04Z,71.79383849284932,temperature,airSensors,TLM0103
,,19,2026-09-20T01:16:14Z,71.84374231455139,temperature,airSensors,TLM0103
,,19,2026-09-20T01:16:24Z,71.86784409689382,temperature,airSensors,TLM0103
,,19,2026-09-20T01:16:34Z,71.82923914606059,temperature,airSensors,TLM0103
,,19,2026-09-20T01:16:44Z,71.8073323494197,temperature,airSensors,TLM0103
,,19,2026-09-20T01:16:54Z,71.76014924415345,temperature,airSensors,TLM0103
,,19,2026-09-20T01:17:04Z,71.75484704734711,temperature,airSensors,TLM0103
,,19,2026-09-20T01:17:14Z,71.73205720994724,temperature,airSensors,TLM0103
,,19,2026-09-20T01:17:24Z,71.76166929286111,temperature,airSensors,TLM0103
,,19,2026-09-20T01:17:34Z,71.76295011918178,temperature,airSensors,TLM0103
,,19,2026-09-20T01:17:44Z,71.72848061480522,temperature,airSensors,TLM0103
,,19,2026-09-20T01:17:54Z,71.77205916350917,temperature,airSensors,TLM0103
,,19,2026-09-20T01:18:04Z,71.7858401212945,temperature,airSensors,TLM0103
,,19,2026-09-20T01:18:14Z,71.7766062078061,temperature,airSensors,TLM0103
,,19,2026-09-20T01:18:24Z,71.76017407765288,temperature,airSensors,TLM0103
,,19,2026-09-20T01:18:34Z,71.73616288073656,temperature,airSensors,TLM0103
,,19,2026-09-20T01:18:44Z,71.75353819165547,temperature,airSensors,TLM0103
,,19,2026-09-20T01:18:54Z,71.77679992647184,temperature,airSensors,TLM0103
,,19,2026-09-20T01:19:04Z,71.79966305105813,temperature,airSensors,TLM0103
,,19,2026-09-20T01:19:14Z,71.80873522137297,temperature,airSensors,TLM0103
,,19,2026-09-20T01:19:24Z,71.77917326822816,temperature,airSensors,TLM0103
,,19,2026-09-20T01:19:34Z,71.74217110018549,temperature,airSensors,TLM0103
,,19,2026-09-20T01:19:44Z,71.78792521173285,temperature,airSensors,TLM0103
,,19,2026-09-20T01:19:54Z,71.83203585248638,temperature,airSensors,TLM0103
,,19,2026-09-20T01:20:04Z,71.79845571437806,temperature,airSensors,TLM0103
,,19,2026-09-20T01:20:14Z,71.80454883489199,temperature,airSensors,TLM0103
,,19,2026-09-20T01:20:24Z,71.82628065244367,temperature,airSensors,TLM0103
,,19,2026-09-20T01:20:34Z,71.77708020992766,temperature,airSensors,TLM0103
,,19,2026-09-20T01:20:44Z,71.7946676881041,temperature,airSensors,TLM0103
,,19,2026-09-20T01:20:54Z,71.75879661964538,temperature,airSensors,TLM0103
,,19,2026-09-20T01:21:04Z,71.74965013872773,temperature,airSensors,TLM0103
,,19,2026-09-20T01:21:14Z,71.73076686657622,temperature,airSensors,TLM0103
,,19,2026-09-20T01:21:24Z,71.72479701919005,temperature,airSensors,TLM0103
,,19,2026-09-20T01:21:34Z,71.75762800590518,temperature,airSensors,TLM0103
,,19,2026-09-20T01:21:44Z,71.78475535568948,temperature,airSensors,TLM0103
,,19,2026-09-20T01:21:54Z,71.76507162930193,temperature,airSensors,TLM0103
,,19,2026-09-20T01:22:04Z,71.7512355069995,temperature,airSensors,TLM0103
,,19,2026-09-20T01:22:14Z,71.75456544315732,temperature,airSensors,TLM0103
,,19,2026-09-20T01:22:24Z,71.77238027999019,temperature,airSensors,TLM0103
,,19,2026-09-20T01:22:34Z,71.72604519243525,temperature,airSensors,TLM0103
,,19,2026-09-20T01:22:44Z,71.70726185640783,temperature,airSensors,TLM0103
,,19,2026-09-20T01:22:54Z,71.73922766961992,temperature,airSensors,TLM0103
,,19,2026-09-20T01:23:04Z,71.70666215290842,temperature,airSensors,TLM0103
,,19,2026-09-20T01:23:14Z,71.73566134914196,temperature,airSensors,TLM0103
,,19,2026-09-20T01:23:24Z,71.76440086808847,temperature,airSensors,TLM0103
,,19,2026-09-20T01:23:34Z,71.78375501086788,temperature,airSensors,TLM0103
,,19,2026-09-20T01:23:44Z,71.77245194496467,temperature,airSensors,TLM0103
,,19,2026-09-20T01:23:54Z,71.75545364383589,temperature,airSensors,TLM0103
,,19,2026-09-20T01:24:04Z,71.7093992796238,temperature,airSensors,TLM0103
,,19,2026-09-20T01:24:14Z,71.69087068448712,temperature,airSensors,TLM0103
,,19,2026-09-20T01:24:24Z,71.70132918191507,temperature,airSensors,TLM0103
,,19,2026-09-20T01:24:34Z,71.70006088141251,temperature,airSensors,TLM0103
,,19,2026-09-20T01:24:44Z,71.7069664227677,temperature,airSensors,TLM0103
,,19,2026-09-20T01:24:54Z,71.74776269693419,temperature,airSensors,TLM0103
,,19,2026-09-20T01:25:04Z,71.72943275875824,temperature,airSensors,TLM0103
,,19,2026-09-20T01:25:14Z,71.76031444753255,temperature,airSensors,TLM0103
,,19,2026-09-20T01:25:24Z,71.78427899162301,temperature,airSensors,TLM0103
,,19,2026-09-20T01:25:34Z,71.77042898077096,temperature,airSensors,TLM0103
,,19,2026-09-20T01:25:44Z,71.74296533892293,temperature,airSensors,TLM0103
,,19,2026-09-20T01:25:54Z,71.69464902953128,temperature,airSensors,TLM0103
,,19,2026-09-20T01:26:04Z,71.73288646056318,temperature,airSensors,TLM0103
,,19,2026-09-20T01:26:14Z,71.7142454058278,temperature,airSensors,TLM0103
,,19,2026-09-20T01:26:24Z,71.74736004706737,temperature,airSensors,TLM0103
,,19,2026-09-20T01:26:34Z,71.73931842129572,temperature,airSensors,TLM0103
,,19,2026-09-20T01:26:44Z,71.71192490078057,temperature,airSensors,TLM0103
,,19,2026-09-20T01:26:54Z,71.73784818877857,temperature,airSensors,TLM0103
,,19,2026-09-20T01:27:04Z,71.75481818270492,temperature,airSensors,TLM0103
,,19,2026-09-20T01:27:14Z,71.74902711726796,temperature,airSensors,TLM0103
,,19,2026-09-20T01:27:24Z,71.76951851183419,temperature,airSensors,TLM0103
,,19,2026-09-20T01:27:34Z,71.80580308973063,temperature,airSensors,TLM0103
,,19,2026-09-20T01:27:44Z,71.82795308364459,temperature,airSensors,TLM0103
,,19,2026-09-20T01:27:54Z,71.82687368800569,temperature,airSensors,TLM0103
,,19,2026-09-20T01:28:04Z,71.86576410966403,temperature,airSensors,TLM0103
,,19,2026-09-20T01:28:14Z,71.86912136305183,temperature,airSensors,TLM0103
,,19,2026-09-20T01:28:24Z,71.87937282200616,temperature,airSensors,TLM0103
,,19,2026-09-20T01:28:34Z,71.87423087479095,temperature,airSensors,TLM0103
,,19,2026-09-20T01:28:44Z,71.88012158619397,temperature,airSensors,TLM0103
,,19,2026-09-20T01:28:54Z,71.83292741870076,temperature,airSensors,TLM0103
,,19,2026-09-20T01:29:04Z,71.787605993997,temperature,airSensors,TLM0103
,,19,2026-09-20T01:29:14Z,71.76019051622151,temperature,airSensors,TLM0103
,,19,2026-09-20T01:29:24Z,71.71980437556326,temperature,airSensors,TLM0103
,,19,2026-09-20T01:29:34Z,71.76482553963953,temperature,airSensors,TLM0103
,,19,2026-09-20T01:29:44Z,71.74467846010852,temperature,airSensors,TLM0103
,,19,2026-09-20T01:29:54Z,71.77531972942765,temperature,airSensors,TLM0103
,,19,2026-09-20T01:30:04Z,71.82209075262482,temperature,airSensors,TLM0103
,,19,2026-09-20T01:30:14Z,71.77285597068105,temperature,airSensors,TLM0103
,,19,2026-09-20T01:30:24Z,71.78361641961554,temperature,airSensors,TLM0103
,,19,2026-09-20T01:30:34Z,71.78612288707536,temperature,airSensors,TLM0103
,,19,2026-09-20T01:30:44Z,71.80729767620461,temperature,airSensors,TLM0103
,,19,2026-09-20T01:30:54Z,71.80090139836925,temperature,airSensors,TLM0103
,,19,2026-09-20T01:31:04Z,71.83321362251786,temperature,airSensors,TLM0103
,,19,2026-09-20T01:31:14Z,71.78924051028821,temperature,airSensors,TLM0103
,,19,2026-09-20T01:31:24Z,71.76969942034086,temperature,airSensors,TLM0103
,,19,2026-09-20T01:31:34Z,71.79591884643477,temperature,airSensors,TLM0103
,,19,2026-09-20T01:31:44Z,71.75858094235718,temperature,airSensors,TLM0103
,,19,2026-09-20T01:31:54Z,71.79771157000503,temperature,airSensors,TLM0103
,,19,2026-09-20T01:32:04Z,71.80923650411174,temperature,airSensors,TLM0103
,,19,2026-09-20T01:32:14Z,71.77681492871992,temperature,airSensors,TLM0103
,,19,2026-09-20T01:32:24Z,71.74200733153891,temperature,airSensors,TLM0103
,,19,2026-09-20T01:32:34Z,71.75273916138894,temperature,airSensors,TLM0103
,,19,2026-09-20T01:32:44Z,71.79136315117144,temperature,airSensors,TLM0103
,,19,2026-09-20T01:32:54Z,71.7449760944061,temperature,airSensors,TLM0103
,,19,2026-09-20T01:33:04Z,71.73514217027804,temperature,airSensors,TLM0103
,,19,2026-09-20T01:33:14Z,71.78134901127152,temperature,airSensors,TLM0103
,,19,2026-09-20T01:33:24Z,71.74197297144103,temperature,airSensors,TLM0103
,,19,2026-09-20T01:33:34Z,71.7285982322342,temperature,airSensors,TLM0103
,,19,2026-09-20T01:33:44Z,71.67887721227507,temperature,airSensors,TLM0103
,,19,2026-09-20T01:33:54Z,71.71651293848505,temperature,airSensors,TLM0103
,,19,2026-09-20T01:34:04Z,71.71688838381144,temperature,airSensors,TLM0103
,,19,2026-09-20T01:34:14Z,71.75288715780418,temperature,airSensors,TLM0103
,,19,2026-09-20T01:34:24Z,71.79427784139294,temperature,airSensors,TLM0103
,,19,2026-09-20T01:34:34Z,71.84133839247436,temperature,airSensors,TLM0103
,,19,2026-09-20T01:34:44Z,71.84036674890132,temperature,airSensors,TLM0103
,,19,2026-09-20T01:34:54Z,71.84092304983052,temperature,airSensors,TLM0103
,,19,2026-09-20T01:35:04Z,71.79638054409877,temperature,airSensors,TLM0103
,,19,2026-09-20T01:35:14Z,71.8229457033235,temperature,airSensors,TLM0103
,,19,2026-09-20T01:35:24Z,71.78303164854061,temperature,airSensors,TLM0103
,,19,2026-09-20T01:35:34Z,71.76194270397714,temperature,airSensors,TLM0103
,,19,2026-09-20T01:35:44Z,71.78829187571557,temperature,airSensors,TLM0103
,,19,2026-09-20T01:35:54Z,71.81638098703802,temperature,airSensors,TLM0103
,,19,2026-09-20T01:36:04Z,71.76753152011845,temperature,airSensors,TLM0103
,,19,2026-09-20T01:36:14Z,71.81040788371565,temperature,airSensors,TLM0103
,,19,2026-09-20T01:36:24Z,71.76744057492564,temperature,airSensors,TLM0103
,,19,2026-09-20T01:36:34Z,71.79775854625143,temperature,airSensors,TLM0103
,,19,2026-09-20T01:36:44Z,71.82366425915764,temperature,airSensors,TLM0103
,,19,2026-09-20T01:36:54Z,71.84796881640807,temperature,airSensors,TLM0103
,,19,2026-09-20T01:37:04Z,71.87705749752247,temperature,airSensors,TLM0103
,,19,2026-09-20T01:37:14Z,71.86244365491228,temperature,airSensors,TLM0103
,,19,2026-09-20T01:37:24Z,71.83208790647488,temperature,airSensors,TLM0103
,,19,2026-09-20T01:37:34Z,71.83950138302144,temperature,airSensors,TLM0103
,,19,2026-09-20T01:37:44Z,71.83963285937531,temperature,airSensors,TLM0103
,,19,2026-09-20T01:37:54Z,71.823186904487,temperature,airSensors,TLM0103
,,19,2026-09-20T01:38:04Z,71.80838641975164,temperature,airSensors,TLM0103
,,19,2026-09-20T01:38:14Z,71.80905204801124,temperature,airSensors,TLM0103
,,19,2026-09-20T01:38:24Z,71.84653166592682,temperature,airSensors,TLM0103
,,19,2026-09-20T01:38:34Z,71.86267088351069,temperature,airSensors,TLM0103
,,19,2026-09-20T01:38:44Z,71.90249023889615,temperature,airSensors,TLM0103
,,19,2026-09-20T01:38:54Z,71.8787117601435,temperature,airSensors,TLM0103
,,19,2026-09-20T01:39:04Z,71.88977897597452,temperature,airSensors,TLM0103
,,19,2026-09-20T01:39:14Z,71.86923927489983,temperature,airSensors,TLM0103
,,19,2026-09-20T01:39:24Z,71.83986381570375,temperature,airSensors,TLM0103
,,19,2026-09-20T01:39:34Z,71.86127462013555,temperature,airSensors,TLM0103
,,19,2026-09-20T01:39:44Z,71.8361899713142,temperature,airSensors,TLM0103
,,19,2026-09-20T01:39:54Z,71.84518821152611,temperature,airSensors,TLM0103
,,20,2026-09-20T00:39:54Z,73.60112551702325,temperature,airSensors,TLM0200
,,20,2026-09-20T00:40:04Z,73.63932105543536,temperature,airSensors,TLM0200
,,20,2026-09-20T00:40:14Z,73.6686187364835,temperature,airSensors,TLM0200
,,20,2026-09-20T00:40:24Z,73.62217232328194,temperature,airSensors,TLM0200
,,20,2026-09-20T00:40:34Z,73.66347935876648,temperature,airSensors,TLM0200
,,20,2026-09-20T00:40:44Z,73.65223847807317,temperature,airSensors,TLM0200
,,20,2026-09-20T00:40:54Z,73.67278599498167,temperature,airSensors,TLM0200
,,20,2026-09-20T00:41:04Z,73.6649440145769,temperature,airSensors,TLM0200
,,20,2026-09-20T00:41:14Z,73.66186621623892,temperature,airSensors,TLM0200
,,20,2026-09-20T00:41:24Z,73.64898539204042,temperature,airSensors,TLM0200
,,20,2026-09-20T00:41:34Z,73.63424990219488,temperature,airSensors,TLM0200
,,20,2026-09-20T00:41:44Z,73.5992679039794,temperature,airSensors,TLM0200
,,20,2026-09-20T00:41:54Z,73.64862186449541,temperature,airSensors,TLM0200
,,20,2026-09-20T00:42:04Z,73.68982974805114,temperature,airSensors,TLM0200
,,20,2026-09-20T00:42:14Z,73.73881338356783,temperature,airSensors,TLM0200
,,20,2026-09-20T00:42:24Z,73.69675195911263,temperature,airSensors,TLM0200
,,20,2026-09-20T00:42:34Z,73.66134842130761,temperature,airSensors,TLM0200
,,20,2026-09-20T00:42:44Z,73.700948123227,temperature,airSensors,TLM0200
,,20,2026-09-20T00:42:54Z,73.7267814140433,temperature,airSensors,TLM0200
,,20,2026-09-20T00:43:04Z,73.71557406332715,temperature,airSensors,TLM0200
,,20,2026-09-20T00:43:14Z,73.69211464628772,temperature,airSensors,TLM0200
,,20,2026-09-20T00:43:24Z,73.69653007496062,temperature,airSensors,TLM0200
,,20,2026-09-20T00:43:34Z,73.67305973658657,temperature,airSensors,TLM0200
,,20,2026-09-20T00:43:44Z,73.63399769313726,temperature,airSensors,TLM0200
,,20,2026-09-20T00:43:54Z,73.62726242059773,temperature,airSensors,TLM0200
,,20,2026-09-20T00:44:04Z,73.59670455990229,temperature,airSensors,TLM0200
,,20,2026-09-20T00:44:14Z,73.6209091794683,temperature,airSensors,TLM0200
,,20,2026-09-20T00:44:24Z,73.6659360507826,temperature,airSensors,TLM0200
,,20,2026-09-20T00:44:34Z,73.71000595554437,temperature,airSensors,TLM0200
,,20,2026-09-20T00:44:44Z,73.75555347263027,temperature,airSensors,TLM0200
,,20,2026-09-20T00:44:54Z,73.72291507774993,temperature,airSensors,TLM0200
,,20,2026-09-20T00:45:04Z,73.7092901015495,temperature,airSensors,TLM0200
,,20,2026-09-20T00:45:14Z,73.68659041121438,temperature,airSensors,TLM0200
,,20,2026-09-20T00:45:24Z,73.68572407473856,temperature,airSensors,TLM0200
,,20,2026-09-20T00:45:34Z,73.7315786931133,temperature,airSensors,TLM0200
,,20,2026-09-20T00:45:44Z,73.70536415021195,temperature,airSensors,TLM0200
,,20,2026-09-20T00:45:54Z,73.74558115224097,temperature,airSensors,TLM0200
,,20,2026-09-20T00:46:04Z,73.79334082399016,temperature,airSensors,TLM0200
,,20,2026-09-20T00:46:14Z,73.82890675840663,temperature,airSensors,TLM0200
,,20,2026-09-20T00:46:24Z,73.8597130486268,temperature,airSensors,TLM0200
,,20,2026-09-20T00:46:34Z,73.87743396794339,temperature,airSensors,TLM0200
,,20,2026-09-20T00:46:44Z,73.90732359950113,temperature,airSensors,TLM0200
,,20,2026-09-20T00:46:54Z,73.86711172948996,temperature,airSensors,TLM0200
,,20,2026-09-20T00:47:04Z,73.83936653315288,temperature,airSensors,TLM0200
,,20,2026-09-20T00:47:14Z,73.79630159998031,temperature,airSensors,TLM0200
,,20,2026-09-20T00:47:24Z,73.76539465319462,temperature,airSensors,TLM0200
,,20,2026-09-20T00:47:34Z,73.73318637135532,temperature,airSensors,TLM0200
,,20,2026-09-20T00:47:44Z,73.73276244063722,temperature,airSensors,TLM0200
,,20,2026-09-20T00:47:54Z,73.74089743611665,temperature,airSensors,TLM0200
,,20,2026-09-20T00:48:04Z,73.761475137874,temperature,airSensors,TLM0200
,,20,2026-09-20T00:48:14Z,73.75713733912762,temperature,airSensors,TLM0200
,,20,2026-09-20T00:48:24Z,73.80563868093014,temperature,airSensors,TLM0200
,,20,2026-09-20T00:48:34Z,73.82625527866638,temperature,airSensors,TLM0200
,,20,2026-09-20T00:48:44Z,73.8597857184413,temperature,airSensors,TLM0200
,,20,2026-09-20T00:48:54Z,73.90713426910625,temperature,airSensors,TLM0200
,,20,2026-09-20T00:49:04Z,73.86588678608065,temperature,airSensors,TLM0200
,,20,2026-09-20T00:49:14Z,73.85897980881742,temperature,airSensors,TLM0200
,,20,2026-09-20T00:49:24Z,73.89413048272979,temperature,airSensors,TLM0200
,,20,2026-09-20T00:49:34Z,73.85980055236537,temperature,airSensors,TLM0200
,,20,2026-09-20T00:49:44Z,73.90041359651903,temperature,airSensors,TLM0200
,,20,2026-09-20T00:49:54Z,73.91511142895706,temperature,airSensors,TLM0200
,,20,2026-09-20T00:50:04Z,73.93040053443973,temperature,airSensors,TLM0200
,,20,2026-09-20T00:50:14Z,73.92520539746249,temperature,airSensors,TLM0200
,,20,2026-09-20T00:50:24Z,73.9001942969176,temperature,airSensors,TLM0200
,,20,2026-09-20T00:50:34Z,73.87608006267232,temperature,airSensors,TLM0200
,,20,2026-09-20T00:50:44Z,73.89885887413155,temperature,airSensors,TLM0200
,,20,2026-09-20T00:50:54Z,73.89202598662948,temperature,airSensors,TLM0200
,,20,2026-09-20T00:51:04Z,73.93679907594003,temperature,airSensors,TLM0200
,,20,2026-09-20T00:51:14Z,73.90392249633952,temperature,airSensors,TLM0200
,,20,2026-09-20T00:51:24Z,73.94799368468182,temperature,airSensors,TLM0200
,,20,2026-09-20T00:51:34Z,73.9810825619781,temperature,airSensors,TLM0200
,,20,2026-09-20T00:51:44Z,74.02687880522075,temperature,airSensors,TLM0200
,,20,2026-09-20T00:51:54Z,74.05364161640851,temperature,airSensors,TLM0200
,,20,2026-09-20T00:52:04Z,74.02799839778878,temperature,airSensors,TLM0200
,,20,2026-09-20T00:52:14Z,74.04734121698962,temperature,airSensors,TLM0200
,,20,2026-09-20T00:52:24Z,74.00766706388347,temperature,airSensors,TLM0200
,,20,2026-09-20T00:52:34Z,74.01579519912363,temperature,airSensors,TLM0200
,,20,2026-09-20T00:52:44Z,74.00974542765668,temperature,airSensors,TLM0200
,,20,2026-09-20T00:52:54Z,73.96774706854292,temperature,airSensors,TLM0200
,,20,2026-09-20T00:53:04Z,73.96769602052072,temperature,airSensors,TLM0200
,,20,2026-09-20T00:53:14Z,73.94940232970728,temperature,airSensors,TLM0200
,,20,2026-09-20T00:53:24Z,73.9892804332973,temperature,airSensors,TLM0200
,,20,2026-09-20T00:53:34Z,73.95049717627113,temperature,airSensors,TLM0200
,,20,2026-09-20T00:53:44Z,73.95671788351912,temperature,airSensors,TLM0200
,,20,2026-09-20T00:53:54Z,73.9102058851267,temperature,airSensors,TLM0200
,,20,2026-09-20T00:54:04Z,73.89116951679817,temperature,airSensors,TLM0200
,,20,2026-09-20T00:54:14Z,73.93157295194595,temperature,airSensors,TLM0200
,,20,2026-09-20T00:54:24Z,73.98130767378852,temperature,airSensors,TLM0200
,,20,2026-09-20T00:54:34Z,73.95877917172298,temperature,airSensors,TLM0200
,,20,2026-09-20T00:54:44Z,73.97944374615273,temperature,airSensors,TLM0200
,,20,2026-09-20T00:54:54Z,73.95881005833809,temperature,airSensors,TLM0200
,,20,2026-09-20T00:55:04Z,73.97696130655437,temperature,airSensors,TLM0200
,,20,2026-09-20T00:55:14Z,73.98756190057657,temperature,airSensors,TLM0200
,,20,2026-09-20T00:55:24Z,73.9599760756976,temperature,airSensors,TLM0200
,,20,2026-09-20T00:55:34Z,73.95030945559309,temperature,airSensors,TLM0200
,,20,2026-09-20T00:55:44Z,73.96837261537799,temperature,airSensors,TLM0200
,,20,2026-09-20T00:55:54Z,73.97873239251699,temperature,airSensors,TLM0200
,,20,2026-09-20T00:56:04Z,73.94513247286503,temperature,airSensors,TLM0200
,,20,2026-09-20T00:56:14Z,73.90316356510675,temperature,airSensors,TLM0200
,,20,2026-09-20T00:56:24Z,73.93776556069842,temperature,airSensors,TLM0200
,,20,2026-09-20T00:56:34Z,73.910703575059,temperature,airSensors,TLM0200
,,20,2026-09-20T00:56:44Z,73.9222765187902,temperature,airSensors,TLM0200
,,20,2026-09-20T00:56:54Z,73.90955597434616,temperature,airSensors,TLM0200
,,20,2026-09-20T00:57:04Z,73.91057426808749,temperature,airSensors,TLM0200
,,20,2026-09-20T00:57:14Z,73.93112118444245,temperature,airSensors,TLM0200
,,20,2026-09-20T00:57:24Z,73.9661413271037,temperature,airSensors,TLM0200
,,20,2026-09-20T00:57:34Z,73.93501994664614,temperature,airSensors,TLM0200
,,20,2026-09-20T00:57:44Z,73.97369838810684,temperature,airSensors,TLM0200
,,20,2026-09-20T00:57:54Z,73.97229869274763,temperature,airSensors,TLM0200
,,20,2026-09-20T00:58:04Z,73.92325606890554,temperature,airSensors,TLM0200
,,20,2026-09-20T00:58:14Z,73.908344274566,temperature,airSensors,TLM0200
,,20,2026-09-20T00:58:24Z,73.87112248736572,temperature,airSensors,TLM0200
,,20,2026-09-20T00:58:34Z,73.90408360636313,temperature,airSensors,TLM0200
,,20,2026-09-20T00:58:44Z,73.9456724718814,temperature,airSensors,TLM0200
,,20,2026-09-20T00:58:54Z,73.90687286698687,temperature,airSensors,TLM0200
,,20,2026-09-20T00:59:04Z,73.94706220103876,temperature,airSensors,TLM0200
,,20,2026-09-20T00:59:14Z,73.98170431489314,temperature,airSensors,TLM0200
,,20,2026-09-20T00:59:24Z,73.9481591462723,temperature,airSensors,TLM0200
,,20,2026-09-20T00:59:34Z,73.940528817525,temperature,airSensors,TLM0200
,,20,2026-09-20T00:59:44Z,73.9618683096016,temperature,airSensors,TLM0200
,,20,2026-09-20T00:59:54Z,73.93686771533338,temperature,airSensors,TLM0200
,,20,2026-09-20T01:00:04Z,73.97170485015475,temperature,airSensors,TLM0200
,,20,2026-09-20T01:00:14Z,73.96046026852639,temperature,airSensors,TLM0200
,,20,2026-09-20T01:00:24Z,73.97519129668258,temperature,airSensors,TLM0200
,,20,2026-09-20T01:00:34Z,74.00741450109903,temperature,airSensors,TLM0200
,,20,2026-09-20T01:00:44Z,74.00576224390296,temperature,airSensors,TLM0200
,,20,2026-09-20T01:00:54Z,74.03967471011538,temperature,airSensors,TLM0200
,,20,2026-09-20T01:01:04Z,74.0668365902495,temperature,airSensors,TLM0200
,,20,2026-09-20T01:01:14Z,74.04541399164903,temperature,airSensors,TLM0200
,,20,2026-09-20T01:01:24Z,74.00536437701626,temperature,airSensors,TLM0200
,,20,2026-09-20T01:01:34Z,74.03881326211153,temperature,airSensors,TLM0200
,,20,2026-09-20T01:01:44Z,74.04154307043676,temperature,airSensors,TLM0200
,,20,2026-09-20T01:01:54Z,74.01768621705331,temperature,airSensors,TLM0200
,,20,2026-09-20T01:02:04Z,73.97891514677494,temperature,airSensors,TLM0200
,,20,2026-09-20T01:02:14Z,73.97751073884685,temperature,airSensors,TLM0200
,,20,2026-09-20T01:02:24Z,74.00235197059676,temperature,airSensors,TLM0200
,,20,2026-09-20T01:02:34Z,73.98107644328515,temperature,airSensors,TLM0200
,,20,2026-09-20T01:02:44Z,74.00274087246893,temperature,airSensors,TLM0200
,,20,2026-09-20T01:02:54Z,74.04597178381586,temperature,airSensors,TLM0200
,,20,2026-09-20T01:03:04Z,74.04511534399512,temperature,airSensors,TLM0200
,,20,2026-09-20T01:03:14Z,74.06815420690093,temperature,airSensors,TLM0200
,,20,2026-09-20T01:03:24Z,74.03156616875232,temperature,airSensors,TLM0200
,,20,2026-09-20T01:03:34Z,74.06053399099811,temperature,airSensors,TLM0200
,,20,2026-09-20T01:03:44Z,74.05324139409771,temperature,airSensors,TLM0200
,,20,2026-09-20T01:03:54Z,74.07033737673397,temperature,airSensors,TLM0200
,,20,2026-09-20T01:04:04Z,74.02050406579771,temperature,airSensors,TLM0200
,,20,2026-09-20T01:04:14Z,73.98413866655633,temperature,airSensors,TLM0200
,,20,2026-09-20T01:04:24Z,73.99263609606298,temperature,airSensors,TLM0200
,,20,2026-09-20T01:04:34Z,74.04178919453788,temperature,airSensors,TLM0200
,,20,2026-09-20T01:04:44Z,74.01503680994229,temperature,airSensors,TLM0200
,,20,2026-09-20T01:04:54Z,74.03283354458608,temperature,airSensors,TLM0200
,,20,2026-09-20T01:05:04Z,74.06188373273991,temperature,airSensors,TLM0200
,,20,2026-09-20T01:05:14Z,74.01326368018478,temperature,airSensors,TLM0200
,,20,2026-09-20T01:05:24Z,74.00130082316755,temperature,airSensors,TLM0200
,,20,2026-09-20T01:05:34Z,74.04602738585214,temperature,airSensors,TLM0200
,,20,2026-09-20T01:05:44Z,74.05266762985859,temperature,airSensors,TLM0200
,,20,2026-09-20T01:05:54Z,74.06114462555486,temperature,airSensors,TLM0200
,,20,2026-09-20T01:06:04Z,74.10145208194808,temperature,airSensors,TLM0200
,,20,2026-09-20T01:06:14Z,74.12952269185638,temperature,airSensors,TLM0200
,,20,2026-09-20T01:06:24Z,74.17152229825439,temperature,airSensors,TLM0200
,,20,2026-09-20T01:06:34Z,74.18377844273596,temperature,airSensors,TLM0200
,,20,2026-09-20T01:06:44Z,74.14265767718304,temperature,airSensors,TLM0200
,,20,2026-09-20T01:06:54Z,74.13259083732038,temperature,airSensors,TLM0200
,,20,2026-09-20T01:07:04Z,74.1603057436731,temperature,airSensors,TLM0200
,,20,2026-09-20T01:07:14Z,74.17838266688612,temperature,airSensors,TLM0200
,,20,2026-09-20T01:07:24Z,74.2157060150553,temperature,airSensors,TLM0200
,,20,2026-09-20T01:07:34Z,74.20367852111157,temperature,airSensors,TLM0200
,,20,2026-09-20T01:07:44Z,74.23824816044656,temperature,airSensors,TLM0200
,,20,2026-09-20T01:07:54Z,74.19343318521722,temperature,airSensors,TLM0200
,,20,2026-09-20T01:08:04Z,74.21258687037393,temperature,airSensors,TLM0200
,,20,2026-09-20T01:08:14Z,74.24323088563264,temperature,airSensors,TLM0200
,,20,2026-09-20T01:08:24Z,74.24330850120847,temperature,airSensors,TLM0200
,,20,2026-09-20T01:08:34Z,74.21705669245853,temperature,airSensors,TLM0200
,,20,2026-09-20T01:08:44Z,74.19463684840689,temperature,airSensors,TLM0200
,,20,2026-09-20T01:08:54Z,74.23713277423408,temperature,airSensors,TLM0200
,,20,2026-09-20T01:09:04Z,74.2441461612894,temperature,airSensors,TLM0200
,,20,2026-09-20T01:09:14Z,74.26824038981505,temperature,airSensors,TLM0200
,,20,2026-09-20T01:09:24Z,74.2910365906917,temperature,airSensors,TLM0200
,,20,2026-09-20T01:09:34Z,74.24110366749957,temperature,airSensors,TLM0200
,,20,2026-09-20T01:09:44Z,74.24833308681737,temperature,airSensors,TLM0200
,,20,2026-09-20T01:09:54Z,74.21003215698326,temperature,airSensors,TLM0200
,,20,2026-09-20T01:10:04Z,74.24815672602925,temperature,airSensors,TLM0200
,,20,2026-09-20T01:10:14Z,74.29053515972167,temperature,airSensors,TLM0200
,,20,2026-09-20T01:10:24Z,74.32257321321049,temperature,airSensors,TLM0200
,,20,2026-09-20T01:10:34Z,74.32607877412914,temperature,airSensors,TLM0200
,,20,2026-09-20T01:10:44Z,74.3668488069482,temperature,airSensors,TLM0200
,,20,2026-09-20T01:10:54Z,74.38812594065003,temperature,airSensors,TLM0200
,,20,2026-09-20T01:11:04Z,74.3475866132959,temperature,airSensors,TLM0200
,,20,2026-09-20T01:11:14Z,74.30447036705,temperature,airSensors,TLM0200
,,20,2026-09-20T01:11:24Z,74.31683341425793,temperature,airSensors,TLM0200
,,20,2026-09-20T01:11:34Z,74.33919085492467,temperature,airSensors,TLM0200
,,20,2026-09-20T01:11:44Z,74.29154427808982,temperature,airSensors,TLM0200
,,20,2026-09-20T01:11:54Z,74.28429686117227,temperature,airSensors,TLM0200
,,20,2026-09-20T01:12:04Z,74.2953561440825,temperature,airSensors,TLM0200
,,20,2026-09-20T01:12:14Z,74.2689788937701,temperature,airSensors,TLM0200
,,20,2026-09-20T01:12:24Z,74.28351940358235,temperature,airSensors,TLM0200
,,20,2026-09-20T01:12:34Z,74.27791187696079,temperature,airSensors,TLM0200
,,20,2026-09-20T01:12:44Z,74.27584380471814,temperature,airSensors,TLM0200
,,20,2026-09-20T01:12:54Z,74.30850176952161,temperature,airSensors,TLM0200
,,20,2026-09-20T01:13:04Z,74.35198952005555,temperature,airSensors,TLM0200
,,20,2026-09-20T01:13:14Z,74.34022299175119,temperature,airSensors,TLM0200
,,20,2026-09-20T01:13:24Z,74.32493093583456,temperature,airSensors,TLM0200
,,20,2026-09-20T01:13:34Z,74.35912233449282,temperature,airSensors,TLM0200
,,20,2026-09-20T01:13:44Z,74.36200754850418,temperature,airSensors,TLM0200
,,20,2026-09-20T01:13:54Z,74.37028963167097,temperature,airSensors,TLM0200
,,20,2026-09-20T01:14:04Z,74.3685373755286,temperature,airSensors,TLM0200
,,20,2026-09-20T01:14:14Z,74.38979535445927,temperature,airSensors,TLM0200
,,20,2026-09-20T01:14:24Z,74.4070397045453,temperature,airSensors,TLM0200
,,20,2026-09-20T01:14:34Z,74.41045692515014,temperature,airSensors,TLM0200
,,20,2026-09-20T01:14:44Z,74.37811763389809,temperature,airSensors,TLM0200
,,20,2026-09-20T01:14:54Z,74.42705078863739,temperature,airSensors,TLM0200
,,20,2026-09-20T01:15:04Z,74.41137949196708,temperature,airSensors,TLM0200
,,20,2026-09-20T01:15:14Z,74.44257569685915,temperature,airSensors,TLM0200
,,20,2026-09-20T01:15:24Z,74.48932811895122,temperature,airSensors,TLM0200
,,20,2026-09-20T01:15:34Z,74.46937469029753,temperature,airSensors,TLM0200
,,20,2026-09-20T01:15:44Z,74.42290384007785,temperature,airSensors,TLM0200
,,20,2026-09-20T01:15:54Z,74.3990466816769,temperature,airSensors,TLM0200
,,20,2026-09-20T01:16:04Z,74.44535258774683,temperature,airSensors,TLM0200
,,20,2026-09-20T01:16:14Z,74.41474679196634,temperature,airSensors,TLM0200
,,20,2026-09-20T01:16:24Z,74.42524204191591,temperature,airSensors,TLM0200
,,20,2026-09-20T01:16:34Z,74.40532261718782,temperature,airSensors,TLM0200
,,20,2026-09-20T01:16:44Z,74.39149740190486,temperature,airSensors,TLM0200
,,20,2026-09-20T01:16:54Z,74.37724977877956,temperature,airSensors,TLM0200
,,20,2026-09-20T01:17:04Z,74.41798457749522,temperature,airSensors,TLM0200
,,20,2026-09-20T01:17:14Z,74.46739970441685,temperature,airSensors,TLM0200
,,20,2026-09-20T01:17:24Z,74.5091742243642,temperature,airSensors,TLM0200
,,20,2026-09-20T01:17:34Z,74.55553554823443,temperature,airSensors,TLM0200
,,20,2026-09-20T01:17:44Z,74.59205491363444,temperature,airSensors,TLM0200
,,20,2026-09-20T01:17:54Z,74.61201968029143,temperature,airSensors,TLM0200
,,20,2026-09-20T01:18:04Z,74.5715484635673,temperature,airSensors,TLM0200
,,20,2026-09-20T01:18:14Z,74.61641622916326,temperature,airSensors,TLM0200
,,20,2026-09-20T01:18:24Z,74.60498790068281,temperature,airSensors,TLM0200
,,20,2026-09-20T01:18:34Z,74.58405931288618,temperature,airSensors,TLM0200
,,20,2026-09-20T01:18:44Z,74.58751892611869,temperature,airSensors,TLM0200
,,20,2026-09-20T01:18:54Z,74.62766258260966,temperature,airSensors,TLM0200
,,20,2026-09-20T01:19:04Z,74.63807913683814,temperature,airSensors,TLM0200
,,20,2026-09-20T01:19:14Z,74.6230030486874,temperature,airSensors,TLM0200
,,20,2026-09-20T01:19:24Z,74.60721056808022,temperature,airSensors,TLM0200
,,20,2026-09-20T01:19:34Z,74.65333311444344,temperature,airSensors,TLM0200
,,20,2026-09-20T01:19:44Z,74.63105597381065,temperature,airSensors,TLM0200
,,20,2026-09-20T01:19:54Z,74.68050314164584,temperature,airSensors,TLM0200
,,20,2026-09-20T01:20:04Z,74.70024273895721,temperature,airSensors,TLM0200
,,20,2026-09-20T01:20:14Z,74.73055725537687,temperature,airSensors,TLM0200
,,20,2026-09-20T01:20:24Z,74.73153647402638,temperature,airSensors,TLM0200
,,20,2026-09-20T01:20:34Z,74.76129721374355,temperature,airSensors,TLM0200
,,20,2026-09-20T01:20:44Z,74.73695886779241,temperature,airSensors,TLM0200
,,20,2026-09-20T01:20:54Z,74.71459293976505,temperature,airSensors,TLM0200
,,20,2026-09-20T01:21:04Z,74.69074347470635,temperature,airSensors,TLM0200
,,20,2026-09-20T01:21:14Z,74.69760798814244,temperature,airSensors,TLM0200
,,20,2026-09-20T01:21:24Z,74.66693711672904,temperature,airSensors,TLM0200
,,20,2026-09-20T01:21:34Z,74.65267493106145,temperature,airSensors,TLM0200
,,20,2026-09-20T01:21:44Z,74.60472164960555,temperature,airSensors,TLM0200
,,20,2026-09-20T01:21:54Z,74.6482133874959,temperature,airSensors,TLM0200
,,20,2026-09-20T01:22:04Z,74.62756520616809,temperature,airSensors,TLM0200
,,20,2026-09-20T01:22:14Z,74.59627951772187,temperature,airSensors,TLM0200
,,20,2026-09-20T01:22:24Z,74.614732122183,temperature,airSensors,TLM0200
,,20,2026-09-20T01:22:34Z,74.58999862399163,temperature,airSensors,TLM0200
,,20,2026-09-20T01:22:44Z,74.63691133512371,temperature,airSensors,TLM0200
,,20,2026-09-20T01:22:54Z,74.64338322871264,temperature,airSensors,TLM0200
,,20,2026-09-20T01:23:04Z,74.67236899868885,temperature,airSensors,TLM0200
,,20,2026-09-20T01:23:14Z,74.7165669844547,temperature,airSensors,TLM0200
,,20,2026-09-20T01:23:24Z,74.75053006136561,temperature,airSensors,TLM0200
,,20,2026-09-20T01:23:34Z,74.72387577541039,temperature,airSensors,TLM0200
,,20,2026-09-20T01:23:44Z,74.72911031944537,temperature,airSensors,TLM0200
,,20,2026-09-20T01:23:54Z,74.74857740924854,temperature,airSensors,TLM0200
,,20,2026-09-20T01:24:04Z,74.71729479140883,temperature,airSensors,TLM0200
,,20,2026-09-20T01:24:14Z,74.68249712774079,temperature,airSensors,TLM0200
,,20,2026-09-20T01:24:24Z,74.71786626745686,temperature,airSensors,TLM0200
,,20,2026-09-20T01:24:34Z,74.68971092303111,temperature,airSensors,TLM0200
,,20,2026-09-20T01:24:44Z,74.65058796756159,temperature,airSensors,TLM0200
,,20,2026-09-20T01:24:54Z,74.6252325296283,temperature,airSensors,TLM0200
,,20,2026-09-20T01:25:04Z,74.5838058301233,temperature,airSensors,TLM0200
,,20,2026-09-20T01:25:14Z,74.60335799732698,temperature,airSensors,TLM0200
,,20,2026-09-20T01:25:24Z,74.62897878327755,temperature,airSensors,TLM0200
,,20,2026-09-20T01:25:34Z,74.62841359135686,temperature,airSensors,TLM0200
,,20,2026-09-20T01:25:44Z,74.60668661845244,temperature,airSensors,TLM0200
,,20,2026-09-20T01:25:54Z,74.63754661290068,temperature,airSensors,TLM0200
,,20,2026-09-20T01:26:04Z,74.68745080851738,temperature,airSensors,TLM0200
,,20,2026-09-20T01:26:14Z,74.66907236884458,temperature,airSensors,TLM0200
,,20,2026-09-20T01:26:24Z,74.62705706722856,temperature,airSensors,TLM0200
,,20,2026-09-20T01:26:34Z,74.59980965897846,temperature,airSensors,TLM0200
,,20,2026-09-20T01:26:44Z,74.62182606212146,temperature,airSensors,TLM0200
,,20,2026-09-20T01:26:54Z,74.59467736698147,temperature,airSensors,TLM0200
,,20,2026-09-20T01:27:04Z,74.54783177772669,temperature,airSensors,TLM0200
,,20,2026-09-20T01:27:14Z,74.5498745573202,temperature,airSensors,TLM0200
,,20,2026-09-20T01:27:24Z,74.56652123024216,temperature,airSensors,TLM0200
,,20,2026-09-20T01:27:34Z,74.56886602424285,temperature,airSensors,TLM0200
,,20,2026-09-20T01:27:44Z,74.60987232988951,temperature,airSensors,TLM0200
,,20,2026-09-20T01:27:54Z,74.64686424103134,temperature,airSensors,TLM0200
,,20,2026-09-20T01:28:04Z,74.69584119206468,temperature,airSensors,TLM0200
,,20,2026-09-20T01:28:14Z,74.72492541050333,temperature,airSensors,TLM0200
,,20,2026-09-20T01:28:24Z,74.71682482599203,temperature,airSensors,TLM0200
,,20,2026-09-20T01:28:34Z,74.74147133989243,temperature,airSensors,TLM0200
,,20,2026-09-20T01:28:44Z,74.69867266579585,temperature,airSensors,TLM0200
,,20,2026-09-20T01:28:54Z,74.74531979042743,temperature,airSensors,TLM0200
,,20,2026-09-20T01:29:04Z,74.7151400498262,temperature,airSensors,TLM0200
,,20,2026-09-20T01:29:14Z,74.75757330488197,temperature,airSensors,TLM0200
,,20,2026-09-20T01:29:24Z,74.77754663273367,temperature,airSensors,TLM0200
,,20,2026-09-20T01:29:34Z,74.82236430450705,temperature,airSensors,TLM0200
,,20,2026-09-20T01:29:44Z,74.87089190125253,temperature,airSensors,TLM0200
,,20,2026-09-20T01:29:54Z,74.919734659941,temperature,airSensors,TLM0200
,,20,2026-09-20T01:30:04Z,74.96705516619497,temperature,airSensors,TLM0200
,,20,2026-09-20T01:30:14Z,74.94061781924809,temperature,airSensors,TLM0200
,,20,2026-09-20T01:30:24Z,74.93627803833101,temperature,airSensors,TLM0200
,,20,2026-09-20T01:30:34Z,74.90529353620741,temperature,airSensors,TLM0200
,,20,2026-09-20T01:30:44Z,74.88253914080151,temperature,airSensors,TLM0200
,,20,2026-09-20T01:30:54Z,74.87947460415985,temperature,airSensors,TLM0200
,,20,2026-09-20T01:31:04Z,74.84025807378491,temperature,airSensors,TLM0200
,,20,2026-09-20T01:31:14Z,74.81217877578621,temperature,airSensors,TLM0200
,,20,2026-09-20T01:31:24Z,74.77455594590869,temperature,airSensors,TLM0200
,,20,2026-09-20T01:31:34Z,74.78724710657089,temperature,airSensors,TLM0200
,,20,2026-09-20T01:31:44Z,74.77179710794968,temperature,airSensors,TLM0200
,,20,2026-09-20T01:31:54Z,74.76254662510007,temperature,airSensors,TLM0200
,,20,2026-09-20T01:32:04Z,74.74267680553308,temperature,airSensors,TLM0200
,,20,2026-09-20T01:32:14Z,74.77156686899302,temperature,airSensors,TLM0200
,,20,2026-09-20T01:32:24Z,74.7815323565614,temperature,airSensors,TLM0200
,,20,2026-09-20T01:32:34Z,74.74076835959512,temperature,airSensors,TLM0200
,,20,2026-09-20T01:32:44Z,74.76309260554942,temperature,airSensors,TLM0200
,,20,2026-09-20T01:32:54Z,74.8019918559885,temperature,airSensors,TLM0200
,,20,2026-09-20T01:33:04Z,74.80353168603233,temperature,airSensors,TLM0200
,,20,2026-09-20T01:33:14Z,74.78453138815063,temperature,airSensors,TLM0200
,,20,2026-09-20T01:33:24Z,74.76122115545652,temperature,airSensors,TLM0200
,,20,2026-09-20T01:33:34Z,74.73139613956494,temperature,airSensors,TLM0200
,,20,2026-09-20T01:33:44Z,74.7171984800905,temperature,airSensors,TLM0200
,,20,2026-09-20T01:33:54Z,74.76145724207815,temperature,airSensors,TLM0200
,,20,2026-09-20T01:34:04Z,74.73246197633036,temperature,airSensors,TLM0200
,,20,2026-09-20T01:34:14Z,74.74117412539144,temperature,airSensors,TLM0200
,,20,2026-09-20T01:34:24Z,74.73181087109877,temperature,airSensors,TLM0200
,,20,2026-09-20T01:34:34Z,74.69629716026289,temperature,airSensors,TLM0200
,,20,2026-09-20T01:34:44Z,74.74499445927489,temperature,airSensors,TLM0200
,,20,2026-09-20T01:34:54Z,74.74802978221662,temperature,airSensors,TLM0200
,,20,2026-09-20T01:35:04Z,74.73847366465884,temperature,airSensors,TLM0200
,,20,2026-09-20T01:35:14Z,74.73148855689446,temperature,airSensors,TLM0200
,,20,2026-09-20T01:35:24Z,74.75145935629033,temperature,airSensors,TLM0200
,,20,2026-09-20T01:35:34Z,74.74864928411547,temperature,airSensors,TLM0200
,,20,2026-09-20T01:35:44Z,74.7589493101627,temperature,airSensors,TLM0200
,,20,2026-09-20T01:35:54Z,74.76541078154557,temperature,airSensors,TLM0200
,,20,2026-09-20T01:36:04Z,74.73640966558403,temperature,airSensors,TLM0200
,,20,2026-09-20T01:36:14Z,74.7503670856073,temperature,airSensors,TLM0200
,,20,2026-09-20T01:36:24Z,74.73292621498642,temperature,airSensors,TLM0200
,,20,2026-09-20T01:36:34Z,74.75089761594428,temperature,airSensors,TLM0200
,,20,2026-09-20T01:36:44Z,74.77034298499255,temperature,airSensors,TLM0200
,,20,2026-09-20T01:36:54Z,74.81920116703452,temperature,airSensors,TLM0200
,,20,2026-09-20T01:37:04Z,74.85504411045683,temperature,airSensors,TLM0200
,,20,2026-09-20T01:37:14Z,74.8689764189152,temperature,airSensors,TLM0200
,,20,2026-09-20T01:37:24Z,74.8697956052402,temperature,airSensors,TLM0200
,,20,2026-09-20T01:37:34Z,74.90087508685563,temperature,airSensors,TLM0200
,,20,2026-09-20T01:37:44Z,74.91714853788608,temperature,airSensors,TLM0200
,,20,2026-09-20T01:37:54Z,74.87696013887971,temperature,airSensors,TLM0200
,,20,2026-09-20T01:38:04Z,74.89811427167876,temperature,airSensors,TLM0200
,,20,2026-09-20T01:38:14Z,74.92766284950518,temperature,airSensors,TLM0200
,,20,2026-09-20T01:38:24Z,74.97481812146631,temperature,airSensors,TLM0200
,,20,2026-09-20T01:38:34Z,74.95565762958658,temperature,airSensors,TLM0200
,,20,2026-09-20T01:38:44Z,74.91903431594132,temperature,airSensors,TLM0200
,,20,2026-09-20T01:38:54Z,74.93686408668714,temperature,airSensors,TLM0200
,,20,2026-09-20T01:39:04Z,74.91935730142322,temperature,airSensors,TLM0200
,,20,2026-09-20T01:39:14Z,74.8715349215031,temperature,airSensors,TLM0200
,,20,2026-09-20T01:39:24Z,74.862876237613,temperature,airSensors,TLM0200
,,20,2026-09-20T01:39:34Z,74.88796190068453,temperature,airSensors,TLM0200
,,20,2026-09-20T01:39:44Z,74.92431455906403,temperature,airSensors,TLM0200
,,20,2026-09-20T01:39:54Z,74.89775333961923,temperature,airSensors,TLM0200
,,21,2026-09-20T00:39:54Z,74.03410334023363,temperature,airSensors,TLM0201
,,21,2026-09-20T00:40:04Z,74.0666801215435,temperature,airSensors,TLM0201
,,21,2026-09-20T00:40:14Z,74.03490329128407,temperature,airSensors,TLM0201
,,21,2026-09-20T00:40:24Z,74.0553109701392,temperature,airSensors,TLM0201
,,21,2026-09-20T00:40:34Z,74.07856215517025,temperature,airSensors,TLM0201
,,21,2026-09-20T00:40:44Z,74.0478737886066,temperature,airSensors,TLM0201
,,21,2026-09-20T00:40:54Z,74.07869371802413,temperature,airSensors,TLM0201
,,21,2026-09-20T00:41:04Z,74.09183606204529,temperature,airSensors,TLM0201
,,21,2026-09-20T00:41:14Z,74.08511201615634,temperature,airSensors,TLM0201
,,21,2026-09-20T00:41:24Z,74.0931937212154,temperature,airSensors,TLM0201
,,21,2026-09-20T00:41:34Z,74.04476520048094,temperature,airSensors,TLM0201
,,21,2026-09-20T00:41:44Z,74.07053922646894,temperature,airSensors,TLM0201
,,21,2026-09-20T00:41:54Z,74.0534593343424,temperature,airSensors,TLM0201
,,21,2026-09-20T00:42:04Z,74.08192127174749,temperature,airSensors,TLM0201
,,21,2026-09-20T00:42:14Z,74.0974426413012,temperature,airSensors,TLM0201
,,21,2026-09-20T00:42:24Z,74.06214540439726,temperature,airSensors,TLM0201
,,21,2026-09-20T00:42:34Z,74.10826417490193,temperature,airSensors,TLM0201
,,21,2026-09-20T00:42:44Z,74.10195026450586,temperature,airSensors,TLM0201
,,21,2026-09-20T00:42:54Z,74.0980152781646,temperature,airSensors,TLM0201
,,21,2026-09-20T00:43:04Z,74.13576459573318,temperature,airSensors,TLM0201
,,21,2026-09-20T00:43:14Z,74.15503645112521,temperature,airSensors,TLM0201
,,21,2026-09-20T00:43:24Z,74.20166215693474,temperature,airSensors,TLM0201
,,21,2026-09-20T00:43:34Z,74.22841421674048,temperature,airSensors,TLM0201
,,21,2026-09-20T00:43:44Z,74.25865260288775,temperature,airSensors,TLM0201
,,21,2026-09-20T00:43:54Z,74.23788474118295,temperature,airSensors,TLM0201
,,21,2026-09-20T00:44:04Z,74.2646754948834,temperature,airSensors,TLM0201
,,21,2026-09-20T00:44:14Z,74.23558414862664,temperature,airSensors,TLM0201
,,21,2026-09-20T00:44:24Z,74.25524950060182,temperature,airSensors,TLM0201
,,21,2026-09-20T00:44:34Z,74.26935235892655,temperature,airSensors,TLM0201
,,21,2026-09-20T00:44:44Z,74.25019901062755,temperature,airSensors,TLM0201
,,21,2026-09-20T00:44:54Z,74.2572063030385,temperature,airSensors,TLM0201
,,21,2026-09-20T00:45:04Z,74.23159461355912,temperature,airSensors,TLM0201
,,21,2026-09-20T00:45:14Z,74.25499408982651,temperature,airSensors,TLM0201
,,21,2026-09-20T00:45:24Z,74.29032278752092,temperature,airSensors,TLM0201
,,21,2026-09-20T00:45:34Z,74.24553143141263,temperature,airSensors,TLM0201
,,21,2026-09-20T00:45:44Z,74.26412588379624,temperature,airSensors,TLM0201
,,21,2026-09-20T00:45:54Z,74.26249490354574,temperature,airSensors,TLM0201
,,21,2026-09-20T00:46:04Z,74.24057066210302,temperature,airSensors,TLM0201
,,21,2026-09-20T00:46:14Z,74.26155124266378,temperature,airSensors,TLM0201
,,21,2026-09-20T00:46:24Z,74.22580084897001,temperature,airSensors,TLM0201
,,21,2026-09-20T00:46:34Z,74.17581858557624,temperature,airSensors,TLM0201
,,21,2026-09-20T00:46:44Z,74.18716963206029,temperature,airSensors,TLM0201
,,21,2026-09-20T00:46:54Z,74.19228247131123,temperature,airSensors,TLM0201
,,21,2026-09-20T00:47:04Z,74.20903973043204,temperature,airSensors,TLM0201
,,21,2026-09-20T00:47:14Z,74.23636259350096,temperature,airSensors,TLM0201
,,21,2026-09-20T00:47:24Z,74.21642073221878,temperature,airSensors,TLM0201
,,21,2026-09-20T00:47:34Z,74.22121367256685,temperature,airSensors,TLM0201
,,21,2026-09-20T00:47:44Z,74.24326316471145,temperature,airSensors,TLM0201
,,21,2026-09-20T00:47:54Z,74.21275142643943,temperature,airSensors,TLM0201
,,21,2026-09-20T00:48:04Z,74.17133586517366,temperature,airSensors,TLM0201
,,21,2026-09-20T00:48:14Z,74.20771272831523,temperature,airSensors,TLM0201
,,21,2026-09-20T00:48:24Z,74.246002350198,temperature,airSensors,TLM0201
,,21,2026-09-20T00:48:34Z,74.29539045140278,temperature,airSensors,TLM0201
,,21,2026-09-20T00:48:44Z,74.3103430299559,temperature,airSensors,TLM0201
,,21,2026-09-20T00:48:54Z,74.26736884302814,temperature,airSensors,TLM0201
,,21,2026-09-20T00:49:04Z,74.2838060464964,temperature,airSensors,TLM0201
,,21,2026-09-20T00:49:14Z,74.25224645172116,temperature,airSensors,TLM0201
,,21,2026-09-20T00:49:24Z,74.26779214982334,temperature,airSensors,TLM0201
,,21,2026-09-20T00:49:34Z,74.25013261181816,temperature,airSensors,TLM0201
,,21,2026-09-20T00:49:44Z,74.22093392999216,temperature,airSensors,TLM0201
,,21,2026-09-20T00:49:54Z,74.18767851882433,temperature,airSensors,TLM0201
,,21,2026-09-20T00:50:04Z,74.16770563692346,temperature,airSensors,TLM0201
,,21,2026-09-20T00:50:14Z,74.1855975850669,temperature,airSensors,TLM0201
,,21,2026-09-20T00:50:24Z,74.19743088245876,temperature,airSensors,TLM0201
,,21,2026-09-20T00:50:34Z,74.21325267733619,temperature,airSensors,TLM0201
,,21,2026-09-20T00:50:44Z,74.23484366539732,temperature,airSensors,TLM0201
,,21,2026-09-20T00:50:54Z,74.21851648357443,temperature,airSensors,TLM0201
,,21,2026-09-20T00:51:04Z,74.2661431623091,temperature,airSensors,TLM0201
,,21,2026-09-20T00:51:14Z,74.23837714661063,temperature,airSensors,TLM0201
,,21,2026-09-20T00:51:24Z,74.24527201590816,temperature,airSensors,TLM0201
,,21,2026-09-20T00:51:34Z,74.24039281503651,temperature,airSensors,TLM0201
,,21,2026-09-20T00:51:44Z,74.2390918128172,temperature,airSensors,TLM0201
,,21,2026-09-20T00:51:54Z,74.26013817212417,temperature,airSensors,TLM0201
,,21,2026-09-20T00:52:04Z,74.30697899010886,temperature,airSensors,TLM0201
,,21,2026-09-20T00:52:14Z,74.34230336367797,temperature,airSensors,TLM0201
,,21,2026-09-20T00:52:24Z,74.29796152154236,temperature,airSensors,TLM0201
,,21,2026-09-20T00:52:34Z,74.33348618493142,temperature,airSensors,TLM0201
,,21,2026-09-20T00:52:44Z,74.33875676677668,temperature,airSensors,TLM0201
,,21,2026-09-20T00:52:54Z,74.36319248093272,temperature,airSensors,TLM0201
,,21,2026-09-20T00:53:04Z,74.35765396950752,temperature,airSensors,TLM0201
,,21,2026-09-20T00:53:14Z,74.32275136448433,temperature,airSensors,TLM0201
,,21,2026-09-20T00:53:24Z,74.3585829734953,temperature,airSensors,TLM0201
,,21,2026-09-20T00:53:34Z,74.38456632739219,temperature,airSensors,TLM0201
,,21,2026-09-20T00:53:44Z,74.40015827841553,temperature,airSensors,TLM0201
,,21,2026-09-20T00:53:54Z,74.37667551582628,temperature,airSensors,TLM0201
,,21,2026-09-20T00:54:04Z,74.35924225104439,temperature,airSensors,TLM0201
,,21,2026-09-20T00:54:14Z,74.31616975464367,temperature,airSensors,TLM0201
,,21,2026-09-20T00:54:24Z,74.33010961823284,temperature,airSensors,TLM0201
,,21,2026-09-20T00:54:34Z,74.32598754513307,temperature,airSensors,TLM0201
,,21,2026-09-20T00:54:44Z,74.36518304292828,temperature,airSensors,TLM0201
,,21,2026-09-20T00:54:54Z,74.33970578999691,temperature,airSensors,TLM0201
,,21,2026-09-20T00:55:04Z,74.31289647825874,temperature,airSensors,TLM0201
,,21,2026-09-20T00:55:14Z,74.30893672454022,temperature,airSensors,TLM0201
,,21,2026-09-20T00:55:24Z,74.35886037995022,temperature,airSensors,TLM0201
,,21,2026-09-20T00:55:34Z,74.3980957909928,temperature,airSensors,TLM0201
,,21,2026-09-20T00:55:44Z,74.40392452464552,temperature,airSensors,TLM0201
,,21,2026-09-20T00:55:54Z,74.4365630459682,temperature,airSensors,TLM0201
,,21,2026-09-20T00:56:04Z,74.40291666264142,temperature,airSensors,TLM0201
,,21,2026-09-20T00:56:14Z,74.39338949639505,temperature,airSensors,TLM0201
,,21,2026-09-20T00:56:24Z,74.36163478778148,temperature,airSensors,TLM0201
,,21,2026-09-20T00:56:34Z,74.37746863876468,temperature,airSensors,TLM0201
,,21,2026-09-20T00:56:44Z,74.39400544714152,temperature,airSensors,TLM0201
,,21,2026-09-20T00:56:54Z,74.39371218200965,temperature,airSensors,TLM0201
,,21,2026-09-20T00:57:04Z,74.35864253804237,temperature,airSensors,TLM0201
,,21,2026-09-20T00:57:14Z,74.3483825550861,temperature,airSensors,TLM0201
,,21,2026-09-20T00:57:24Z,74.34685612006908,temperature,airSensors,TLM0201
,,21,2026-09-20T00:57:34Z,74.35938095539476,temperature,airSensors,TLM0201
,,21,2026-09-20T00:57:44Z,74.35957733600549,temperature,airSensors,TLM0201
,,21,2026-09-20T00:57:54Z,74.36595243191734,temperature,airSensors,TLM0201
,,21,2026-09-20T00:58:04Z,74.40554690854869,temperature,airSensors,TLM0201
,,21,2026-09-20T00:58:14Z,74.36999729696885,temperature,airSensors,TLM0201
,,21,2026-09-20T00:58:24Z,74.35501575467255,temperature,airSensors,TLM0201
,,21,2026-09-20T00:58:34Z,74.3587695478082,temperature,airSensors,TLM0201
,,21,2026-09-20T00:58:44Z,74.35493304742086,temperature,airSensors,TLM0201
,,21,2026-09-20T00:58:54Z,74.39947193167976,temperature,airSensors,TLM0201
,,21,2026-09-20T00:59:04Z,74.43636386361734,temperature,airSensors,TLM0201
,,21,2026-09-20T00:59:14Z,74.42041214901502,temperature,airSensors,TLM0201
,,21,2026-09-20T00:59:24Z,74.46911321256854,temperature,airSensors,TLM0201
,,21,2026-09-20T00:59:34Z,74.5017306982332,temperature,airSensors,TLM0201
,,21,2026-09-20T00:59:44Z,74.4680654142424,temperature,airSensors,TLM0201
,,21,2026-09-20T00:59:54Z,74.48809100253912,temperature,airSensors,TLM0201
,,21,2026-09-20T01:00:04Z,74.48447489317925,temperature,airSensors,TLM0201
,,21,2026-09-20T01:00:14Z,74.53220512702046,temperature,airSensors,TLM0201
,,21,2026-09-20T01:00:24Z,74.55586486682404,temperature,airSensors,TLM0201
,,21,2026-09-20T01:00:34Z,74.60386268789226,temperature,airSensors,TLM0201
,,21,2026-09-20T01:00:44Z,74.58688097485918,temperature,airSensors,TLM0201
,,21,2026-09-20T01:00:54Z,74.62427543525783,temperature,airSensors,TLM0201
,,21,2026-09-20T01:01:04Z,74.6641341369748,temperature,airSensors,TLM0201
,,21,2026-09-20T01:01:14Z,74.65650739620196,temperature,airSensors,TLM0201
,,21,2026-09-20T01:01:24Z,74.61430141278721,temperature,airSensors,TLM0201
,,21,2026-09-20T01:01:34Z,74.64664469924287,temperature,airSensors,TLM0201
,,21,2026-09-20T01:01:44Z,74.63266536719902,temperature,airSensors,TLM0201
,,21,2026-09-20T01:01:54Z,74.60741216826293,temperature,airSensors,TLM0201
,,21,2026-09-20T01:02:04Z,74.60891459146453,temperature,airSensors,TLM0201
,,21,2026-09-20T01:02:14Z,74.60004917589603,temperature,airSensors,TLM0201
,,21,2026-09-20T01:02:24Z,74.57813095112736,temperature,airSensors,TLM0201
,,21,2026-09-20T01:02:34Z,74.60977553454084,temperature,airSensors,TLM0201
,,21,2026-09-20T01:02:44Z,74.59804113512473,temperature,airSensors,TLM0201
,,21,2026-09-20T01:02:54Z,74.61303904296605,temperature,airSensors,TLM0201
,,21,2026-09-20T01:03:04Z,74.60653148137783,temperature,airSensors,TLM0201
,,21,2026-09-20T01:03:14Z,74.56905705234007,temperature,airSensors,TLM0201
,,21,2026-09-20T01:03:24Z,74.56037365913838,temperature,airSensors,TLM0201
,,21,2026-09-20T01:03:34Z,74.58438160890893,temperature,airSensors,TLM0201
,,21,2026-09-20T01:03:44Z,74.59192081595405,temperature,airSensors,TLM0201
,,21,2026-09-20T01:03:54Z,74.60963637934366,temperature,airSensors,TLM0201
,,21,2026-09-20T01:04:04Z,74.60047562830924,temperature,airSensors,TLM0201
,,21,2026-09-20T01:04:14Z,74.6038222597439,temperature,airSensors,TLM0201
,,21,2026-09-20T01:04:24Z,74.63098263176587,temperature,airSensors,TLM0201
,,21,2026-09-20T01:04:34Z,74.67741339761814,temperature,airSensors,TLM0201
,,21,2026-09-20T01:04:44Z,74.68973833042946,temperature,airSensors,TLM0201
,,21,2026-09-20T01:04:54Z,74.73420517402974,temperature,airSensors,TLM0201
,,21,2026-09-20T01:05:04Z,74.76519159636939,temperature,airSensors,TLM0201
,,21,2026-09-20T01:05:14Z,74.76745398535441,temperature,airSensors,TLM0201
,,21,2026-09-20T01:05:24Z,74.81197340664758,temperature,airSensors,TLM0201
,,21,2026-09-20T01:05:34Z,74.83431323844091,temperature,airSensors,TLM0201
,,21,2026-09-20T01:05:44Z,74.81911957524161,temperature,airSensors,TLM0201
,,21,2026-09-20T01:05:54Z,74.83847895052047,temperature,airSensors,TLM0201
,,21,2026-09-20T01:06:04Z,74.87101693525646,temperature,airSensors,TLM0201
,,21,2026-09-20T01:06:14Z,74.89210685070363,temperature,airSensors,TLM0201
,,21,2026-09-20T01:06:24Z,74.86413388191652,temperature,airSensors,TLM0201
,,21,2026-09-20T01:06:34Z,74.83043504043815,temperature,airSensors,TLM0201
,,21,2026-09-20T01:06:44Z,74.86228336518184,temperature,airSensors,TLM0201
,,21,2026-09-20T01:06:54Z,74.85330889559746,temperature,airSensors,TLM0201
,,21,2026-09-20T01:07:04Z,74.87008480726544,temperature,airSensors,TLM0201
,,21,2026-09-20T01:07:14Z,74.91877041624231,temperature,airSensors,TLM0201
,,21,2026-09-20T01:07:24Z,74.94051345242299,temperature,airSensors,TLM0201
,,21,2026-09-20T01:07:34Z,74.9264343234604,temperature,airSensors,TLM0201
,,21,2026-09-20T01:07:44Z,74.95701232134056,temperature,airSensors,TLM0201
,,21,2026-09-20T01:07:54Z,74.97335275871548,temperature,airSensors,TLM0201
,,21,2026-09-20T01:08:04Z,74.99228804461632,temperature,airSensors,TLM0201
,,21,2026-09-20T01:08:14Z,74.94904858807953,temperature,airSensors,TLM0201
,,21,2026-09-20T01:08:24Z,74.91535044489672,temperature,airSensors,TLM0201
,,21,2026-09-20T01:08:34Z,74.89595246788085,temperature,airSensors,TLM0201
,,21,2026-09-20T01:08:44Z,74.8539442739108,temperature,airSensors,TLM0201
,,21,2026-09-20T01:08:54Z,74.83556209444414,temperature,airSensors,TLM0201
,,21,2026-09-20T01:09:04Z,74.83772339485992,temperature,airSensors,TLM0201
,,21,2026-09-20T01:09:14Z,74.8527584952267,temperature,airSensors,TLM0201
,,21,2026-09-20T01:09:24Z,74.83319391205771,temperature,airSensors,TLM0201
,,21,2026-09-20T01:09:34Z,74.83627017055296,temperature,airSensors,TLM0201
,,21,2026-09-20T01:09:44Z,74.846124157453,temperature,airSensors,TLM0201
,,21,2026-09-20T01:09:54Z,74.802338253936,temperature,airSensors,TLM0201
,,21,2026-09-20T01:10:04Z,74.79984432292565,temperature,airSensors,TLM0201
,,21,2026-09-20T01:10:14Z,74.8160778324399,temperature,airSensors,TLM0201
,,21,2026-09-20T01:10:24Z,74.8087266005205,temperature,airSensors,TLM0201
,,21,2026-09-20T01:10:34Z,74.77709687818141,temperature,airSensors,TLM0201
,,21,2026-09-20T01:10:44Z,74.80682060425586,temperature,airSensors,TLM0201
,,21,2026-09-20T01:10:54Z,74.77274469439021,temperature,airSensors,TLM0201
,,21,2026-09-20T01:11:04Z,74.74324908730732,temperature,airSensors,TLM0201
,,21,2026-09-20T01:11:14Z,74.72894399786824,temperature,airSensors,TLM0201
,,21,2026-09-20T01:11:24Z,74.729981242782,temperature,airSensors,TLM0201
,,21,2026-09-20T01:11:34Z,74.77607038797069,temperature,airSensors,TLM0201
,,21,2026-09-20T01:11:44Z,74.75454588018165,temperature,airSensors,TLM0201
,,21,2026-09-20T01:11:54Z,74.70582287154086,temperature,airSensors,TLM0201
,,21,2026-09-20T01:12:04Z,74.74649754289601,temperature,airSensors,TLM0201
,,21,2026-09-20T01:12:14Z,74.79086653389497,temperature,airSensors,TLM0201
,,21,2026-09-20T01:12:24Z,74.77955569735904,temperature,airSensors,TLM0201
,,21,2026-09-20T01:12:34Z,74.76383510185727,temperature,airSensors,TLM0201
,,21,2026-09-20T01:12:44Z,74.81074896379407,temperature,airSensors,TLM0201
,,21,2026-09-20T01:12:54Z,74.78354448233755,temperature,airSensors,TLM0201
,,21,2026-09-20T01:13:04Z,74.77959502205503,temperature,airSensors,TLM0201
,,21,2026-09-20T01:13:14Z,74.75744298417192,temperature,airSensors,TLM0201
,,21,2026-09-20T01:13:24Z,74.73375281629643,temperature,airSensors,TLM0201
,,21,2026-09-20T01:13:34Z,74.76004217786793,temperature,airSensors,TLM0201
,,21,2026-09-20T01:13:44Z,74.71119947526243,temperature,airSensors,TLM0201
,,21,2026-09-20T01:13:54Z,74.71994889926577,temperature,airSensors,TLM0201
,,21,2026-09-20T01:14:04Z,74.7405234543239,temperature,airSensors,TLM0201
,,21,2026-09-20T01:14:14Z,74.69439721627369,temperature,airSensors,TLM0201
,,21,2026-09-20T01:14:24Z,74.69266544336905,temperature,airSensors,TLM0201
,,21,2026-09-20T01:14:34Z,74.6718241618276,temperature,airSensors,TLM0201
,,21,2026-09-20T01:14:44Z,74.64513092128836,temperature,airSensors,TLM0201
,,21,2026-09-20T01:14:54Z,74.67259959898931,temperature,airSensors,TLM0201
,,21,2026-09-20T01:15:04Z,74.62430859083125,temperature,airSensors,TLM0201
,,21,2026-09-20T01:15:14Z,74.59785321228819,temperature,airSensors,TLM0201
,,21,2026-09-20T01:15:24Z,74.60241663125632,temperature,airSensors,TLM0201
,,21,2026-09-20T01:15:34Z,74.64003219703685,temperature,airSensors,TLM0201
,,21,2026-09-20T01:15:44Z,74.66726363697214,temperature,airSensors,TLM0201
,,21,2026-09-20T01:15:54Z,74.67827140826046,temperature,airSensors,TLM0201
,,21,2026-09-20T01:16:04Z,74.71866530302287,temperature,airSensors,TLM0201
,,21,2026-09-20T01:16:14Z,74.76538214487798,temperature,airSensors,TLM0201
,,21,2026-09-20T01:16:24Z,74.73327222746391,temperature,airSensors,TLM0201
,,21,2026-09-20T01:16:34Z,74.76585204079397,temperature,airSensors,TLM0201
,,21,2026-09-20T01:16:44Z,74.7587091478497,temperature,airSensors,TLM0201
,,21,2026-09-20T01:16:54Z,74.76113085475315,temperature,airSensors,TLM0201
,,21,2026-09-20T01:17:04Z,74.74554177629275,temperature,airSensors,TLM0201
,,21,2026-09-20T01:17:14Z,74.74629823488438,temperature,airSensors,TLM0201
,,21,2026-09-20T01:17:24Z,74.77837464781868,temperature,airSensors,TLM0201
,,21,2026-09-20T01:17:34Z,74.73088642954343,temperature,airSensors,TLM0201
,,21,2026-09-20T01:17:44Z,74.70293298932393,temperature,airSensors,TLM0201
,,21,2026-09-20T01:17:54Z,74.72436061417376,temperature,airSensors,TLM0201
,,21,2026-09-20T01:18:04Z,74.75798562910254,temperature,airSensors,TLM0201
,,21,2026-09-20T01:18:14Z,74.7325612750483,temperature,airSensors,TLM0201
,,21,2026-09-20T01:18:24Z,74.74088469632375,temperature,airSensors,TLM0201
,,21,2026-09-20T01:18:34Z,74.71528295973845,temperature,airSensors,TLM0201
,,21,2026-09-20T01:18:44Z,74.66641211871678,temperature,airSensors,TLM0201
,,21,2026-09-20T01:18:54Z,74.69399395970532,temperature,airSensors,TLM0201
,,21,2026-09-20T01:19:04Z,74.72770812101734,temperature,airSensors,TLM0201
,,21,2026-09-20T01:19:14Z,74.69584941144201,temperature,airSensors,TLM0201
,,21,2026-09-20T01:19:24Z,74.73488758948481,temperature,airSensors,TLM0201
,,21,2026-09-20T01:19:34Z,74.68840013629155,temperature,airSensors,TLM0201
,,21,2026-09-20T01:19:44Z,74.7299769061983,temperature,airSensors,TLM0201
,,21,2026-09-20T01:19:54Z,74.6939028856656,temperature,airSensors,TLM0201
,,21,2026-09-20T01:20:04Z,74.69395462454371,temperature,airSensors,TLM0201
,,21,2026-09-20T01:20:14Z,74.73302239711897,temperature,airSensors,TLM0201
,,21,2026-09-20T01:20:24Z,74.75163137378073,temperature,airSensors,TLM0201
,,21,2026-09-20T01:20:34Z,74.73991343337924,temperature,airSensors,TLM0201
,,21,2026-09-20T01:20:44Z,74.70466670476203,temperature,airSensors,TLM0201
,,21,2026-09-20T01:20:54Z,74.69730755648015,temperature,airSensors,TLM0201
,,21,2026-09-20T01:21:04Z,74.71277410944873,temperature,airSensors,TLM0201
,,21,2026-09-20T01:21:14Z,74.74956934784855,temperature,airSensors,TLM0201
,,21,2026-09-20T01:21:24Z,74.74762732532542,temperature,airSensors,TLM0201
,,21,2026-09-20T01:21:34Z,74.75519285092196,temperature,airSensors,TLM0201
,,21,2026-09-20T01:21:44Z,74.706749849822,temperature,airSensors,TLM0201
,,21,2026-09-20T01:21:54Z,74.74726751597747,temperature,airSensors,TLM0201
,,21,2026-09-20T01:22:04Z,74.71574139606552,temperature,airSensors,TLM0201
,,21,2026-09-20T01:22:14Z,74.72122816336643,temperature,airSensors,TLM0201
,,21,2026-09-20T01:22:24Z,74.76664535936567,temperature,airSensors,TLM0201
,,21,2026-09-20T01:22:34Z,74.8083974691165,temperature,airSensors,TLM0201
,,21,2026-09-20T01:22:44Z,74.79065893626615,temperature,airSensors,TLM0201
,,21,2026-09-20T01:22:54Z,74.76591795078153,temperature,airSensors,TLM0201
,,21,2026-09-20T01:23:04Z,74.81558975556166,temperature,airSensors,TLM0201
,,21,2026-09-20T01:23:14Z,74.8422886598487,temperature,airSensors,TLM0201
,,21,2026-09-20T01:23:24Z,74.87223313057896,temperature,airSensors,TLM0201
,,21,2026-09-20T01:23:34Z,74.87238352495083,temperature,airSensors,TLM0201
,,21,2026-09-20T01:23:44Z,74.84007804376797,temperature,airSensors,TLM0201
,,21,2026-09-20T01:23:54Z,74.82298432177393,temperature,airSensors,TLM0201
,,21,2026-09-20T01:24:04Z,74.8462110881569,temperature,airSensors,TLM0201
,,21,2026-09-20T01:24:14Z,74.819621815255,temperature,airSensors,TLM0201
,,21,2026-09-20T01:24:24Z,74.80119910171592,temperature,airSensors,TLM0201
,,21,2026-09-20T01:24:34Z,74.83296101327036,temperature,airSensors,TLM0201
,,21,2026-09-20T01:24:44Z,74.81863494620697,temperature,airSensors,TLM0201
,,21,2026-09-20T01:24:54Z,74.83441769867956,temperature,airSensors,TLM0201
,,21,2026-09-20T01:25:04Z,74.88295663837782,temperature,airSensors,TLM0201
,,21,2026-09-20T01:25:14Z,74.84055840560664,temperature,airSensors,TLM0201
,,21,2026-09-20T01:25:24Z,74.85313552896905,temperature,airSensors,TLM0201
,,21,2026-09-20T01:25:34Z,74.86857390994156,temperature,airSensors,TLM0201
,,21,2026-09-20T01:25:44Z,74.84635944249465,temperature,airSensors,TLM0201
,,21,2026-09-20T01:25:54Z,74.84558043704658,temperature,airSensors,TLM0201
,,21,2026-09-20T01:26:04Z,74.88179875376754,temperature,airSensors,TLM0201
,,21,2026-09-20T01:26:14Z,74.90753278936839,temperature,airSensors,TLM0201
,,21,2026-09-20T01:26:24Z,74.86558072401485,temperature,airSensors,TLM0201
,,21,2026-09-20T01:26:34Z,74.829716652726,temperature,airSensors,TLM0201
,,21,2026-09-20T01:26:44Z,74.85434778942471,temperature,airSensors,TLM0201
,,21,2026-09-20T01:26:54Z,74.81261946881071,temperature,airSensors,TLM0201
,,21,2026-09-20T01:27:04Z,74.77048559621635,temperature,airSensors,TLM0201
,,21,2026-09-20T01:27:14Z,74.76585250702331,temperature,airSensors,TLM0201
,,21,2026-09-20T01:27:24Z,74.81427090416094,temperature,airSensors,TLM0201
,,21,2026-09-20T01:27:34Z,74.84072004195856,temperature,airSensors,TLM0201
,,21,2026-09-20T01:27:44Z,74.87620687099326,temperature,airSensors,TLM0201
,,21,2026-09-20T01:27:54Z,74.92336912864424,temperature,airSensors,TLM0201
,,21,2026-09-20T01:28:04Z,74.90309000925528,temperature,airSensors,TLM0201
,,21,2026-09-20T01:28:14Z,74.89578137627656,temperature,airSensors,TLM0201
,,21,2026-09-20T01:28:24Z,74.91903699569562,temperature,airSensors,TLM0201
,,21,2026-09-20T01:28:34Z,74.93692741766498,temperature,airSensors,TLM0201
,,21,2026-09-20T01:28:44Z,74.92302696822173,temperature,airSensors,TLM0201
,,21,2026-09-20T01:28:54Z,74.8816929723521,temperature,airSensors,TLM0201
,,21,2026-09-20T01:29:04Z,74.90175748334775,temperature,airSensors,TLM0201
,,21,2026-09-20T01:29:14Z,74.93535990231861,temperature,airSensors,TLM0201
,,21,2026-09-20T01:29:24Z,74.90864023603812,temperature,airSensors,TLM0201
,,21,2026-09-20T01:29:34Z,74.86557682123858,temperature,airSensors,TLM0201
,,21,2026-09-20T01:29:44Z,74.82788900474371,temperature,airSensors,TLM0201
,,21,2026-09-20T01:29:54Z,74.8310346984236,temperature,airSensors,TLM0201
,,21,2026-09-20T01:30:04Z,74.85191309145722,temperature,airSensors,TLM0201
,,21,2026-09-20T01:30:14Z,74.80343320919725,temperature,airSensors,TLM0201
,,21,2026-09-20T01:30:24Z,74.78867852019438,temperature,airSensors,TLM0201
,,21,2026-09-20T01:30:34Z,74.82686412532301,temperature,airSensors,TLM0201
,,21,2026-09-20T01:30:44Z,74.80718480348848,temperature,airSensors,TLM0201
,,21,2026-09-20T01:30:54Z,74.79601211107665,temperature,airSensors,TLM0201
,,21,2026-09-20T01:31:04Z,74.76662820351028,temperature,airSensors,TLM0201
,,21,2026-09-20T01:31:14Z,74.80819696456396,temperature,airSensors,TLM0201
,,21,2026-09-20T01:31:24Z,74.75911076529053,temperature,airSensors,TLM0201
,,21,2026-09-20T01:31:34Z,74.71652629650744,temperature,airSensors,TLM0201
,,21,2026-09-20T01:31:44Z,74.74793094157111,temperature,airSensors,TLM0201
,,21,2026-09-20T01:31:54Z,74.78087771444407,temperature,airSensors,TLM0201
,,21,2026-09-20T01:32:04Z,74.82177401844574,temperature,airSensors,TLM0201
,,21,2026-09-20T01:32:14Z,74.78849014016279,temperature,airSensors,TLM0201
,,21,2026-09-20T01:32:24Z,74.74404519660784,temperature,airSensors,TLM0201
,,21,2026-09-20T01:32:34Z,74.75580662492482,temperature,airSensors,TLM0201
,,21,2026-09-20T01:32:44Z,74.76936858304794,temperature,airSensors,TLM0201
,,21,2026-09-20T01:32:54Z,74.73079052242447,temperature,airSensors,TLM0201
,,21,2026-09-20T01:33:04Z,74.68448118874012,temperature,airSensors,TLM0201
,,21,2026-09-20T01:33:14Z,74.71349805658282,temperature,airSensors,TLM0201
,,21,2026-09-20T01:33:24Z,74.75053479531012,temperature,airSensors,TLM0201
,,21,2026-09-20T01:33:34Z,74.73743824689427,temperature,airSensors,TLM0201
,,21,2026-09-20T01:33:44Z,74.7162774736628,temperature,airSensors,TLM0201
,,21,2026-09-20T01:33:54Z,74.69728804463169,temperature,airSensors,TLM0201
,,21,2026-09-20T01:34:04Z,74.723537459108,temperature,airSensors,TLM0201
,,21,2026-09-20T01:34:14Z,74.72345245676337,temperature,airSensors,TLM0201
,,21,2026-09-20T01:34:24Z,74.71362957219698,temperature,airSensors,TLM0201
,,21,2026-09-20T01:34:34Z,74.69799706823233,temperature,airSensors,TLM0201
,,21,2026-09-20T01:34:44Z,74.68795062580178,temperature,airSensors,TLM0201
,,21,2026-09-20T01:34:54Z,74.72246147698552,temperature,airSensors,TLM0201
,,21,2026-09-20T01:35:04Z,74.70435201560467,temperature,airSensors,TLM0201
,,21,2026-09-20T01:35:14Z,74.74435182556579,temperature,airSensors,TLM0201
,,21,2026-09-20T01:35:24Z,74.7780050691407,temperature,airSensors,TLM0201
,,21,2026-09-20T01:35:34Z,74.81969190700313,temperature,airSensors,TLM0201
,,21,2026-09-20T01:35:44Z,74.85771020002728,temperature,airSensors,TLM0201
,,21,2026-09-20T01:35:54Z,74.88246686884243,temperature,airSensors,TLM0201
,,21,2026-09-20T01:36:04Z,74.89678105738703,temperature,airSensors,TLM0201
,,21,2026-09-20T01:36:14Z,74.88198561874715,temperature,airSensors,TLM0201
,,21,2026-09-20T01:36:24Z,74.87471834084978,temperature,airSensors,TLM0201
,,21,2026-09-20T01:36:34Z,74.88376038367859,temperature,airSensors,TLM0201
,,21,2026-09-20T01:36:44Z,74.92983455738413,temperature,airSensors,TLM0201
,,21,2026-09-20T01:36:54Z,74.88901087609254,temperature,airSensors,TLM0201
,,21,2026-09-20T01:37:04Z,74.91375200210956,temperature,airSensors,TLM0201
,,21,2026-09-20T01:37:14Z,74.88494715819925,temperature,airSensors,TLM0201
,,21,2026-09-20T01:37:24Z,74.84444156366081,temperature,airSensors,TLM0201
,,21,2026-09-20T01:37:34Z,74.81789421488092,temperature,airSensors,TLM0201
,,21,2026-09-20T01:37:44Z,74.77546157393132,temperature,airSensors,TLM0201
,,21,2026-09-20T01:37:54Z,74.76616436029569,temperature,airSensors,TLM0201
,,21,2026-09-20T01:38:04Z,74.80812101911903,temperature,airSensors,TLM0201
,,21,2026-09-20T01:38:14Z,74.77137569328315,temperature,airSensors,TLM0201
,,21,2026-09-20T01:38:24Z,74.72893990242977,temperature,airSensors,TLM0201
,,21,2026-09-20T01:38:34Z,74.77213223692101,temperature,airSensors,TLM0201
,,21,2026-09-20T01:38:44Z,74.77440204138357,temperature,airSensors,TLM0201
,,21,2026-09-20T01:38:54Z,74.81938293632433,temperature,airSensors,TLM0201
,,21,2026-09-20T01:39:04Z,74.8550552713794,temperature,airSensors,TLM0201
,,21,2026-09-20T01:39:14Z,74.81017519336389,temperature,airSensors,TLM0201
,,21,2026-09-20T01:39:24Z,74.78315485167236,temperature,airSensors,TLM0201
,,21,2026-09-20T01:39:34Z,74.74622890047891,temperature,airSensors,TLM0201
,,21,2026-09-20T01:39:44Z,74.76304094080625,temperature,airSensors,TLM0201
,,21,2026-09-20T01:39:54Z,74.79759716178322,temperature,airSensors,TLM0201
,,22,2026-09-20T00:39:54Z,75.27297477772296,temperature,airSensors,TLM0202
,,22,2026-09-20T00:40:04Z,75.2651057490436,temperature,airSensors,TLM0202
,,22,2026-09-20T00:40:14Z,75.27457726269122,temperature,airSensors,TLM0202
,,22,2026-09-20T00:40:24Z,75.27966979474506,temperature,airSensors,TLM0202
,,22,2026-09-20T00:40:34Z,75.31752995364272,temperature,airSensors,TLM0202
,,22,2026-09-20T00:40:44Z,75.28533100795266,temperature,airSensors,TLM0202
,,22,2026-09-20T00:40:54Z,75.29390571869301,temperature,airSensors,TLM0202
,,22,2026-09-20T00:41:04Z,75.28942957035221,temperature,airSensors,TLM0202
,,22,2026-09-20T00:41:14Z,75.2457431135177,temperature,airSensors,TLM0202
,,22,2026-09-20T00:41:24Z,75.2345877383674,temperature,airSensors,TLM0202
,,22,2026-09-20T00:41:34Z,75.23033003589264,temperature,airSensors,TLM0202
,,22,2026-09-20T00:41:44Z,75.25099942244644,temperature,airSensors,TLM0202
,,22,2026-09-20T00:41:54Z,75.25227907660113,temperature,airSensors,TLM0202
,,22,2026-09-20T00:42:04Z,75.28505132214438,temperature,airSensors,TLM0202
,,22,2026-09-20T00:42:14Z,75.33434754257141,temperature,airSensors,TLM0202
,,22,2026-09-20T00:42:24Z,75.29951882266768,temperature,airSensors,TLM0202
,,22,2026-09-20T00:42:34Z,75.29732475884244,temperature,airSensors,TLM0202
,,22,2026-09-20T00:42:44Z,75.26859987378243,temperature,airSensors,TLM0202
,,22,2026-09-20T00:42:54Z,75.28294950318255,temperature,airSensors,TLM0202
,,22,2026-09-20T00:43:04Z,75.3151644248088,temperature,airSensors,TLM0202
,,22,2026-09-20T00:43:14Z,75.27071689394269,temperature,airSensors,TLM0202
,,22,2026-09-20T00:43:24Z,75.25365666445464,temperature,airSensors,TLM0202
,,22,2026-09-20T00:43:34Z,75.25267356600914,temperature,airSensors,TLM0202
,,22,2026-09-20T00:43:44Z,75.26606078546325,temperature,airSensors,TLM0202
,,22,2026-09-20T00:43:54Z,75.31270804779756,temperature,airSensors,TLM0202
,,22,2026-09-20T00:44:04Z,75.2967224885842,temperature,airSensors,TLM0202
,,22,2026-09-20T00:44:14Z,75.2762414956976,temperature,airSensors,TLM0202
,,22,2026-09-20T00:44:24Z,75.2447870599613,temperature,airSensors,TLM0202
,,22,2026-09-20T00:44:34Z,75.28814183303294,temperature,airSensors,TLM0202
,,22,2026-09-20T00:44:44Z,75.28101280635144,temperature,airSensors,TLM0202
,,22,2026-09-20T00:44:54Z,75.2865308420544,temperature,airSensors,TLM0202
,,22,2026-09-20T00:45:04Z,75.26952180635354,temperature,airSensors,TLM0202
,,22,2026-09-20T00:45:14Z,75.27743757844148,temperature,airSensors,TLM0202
,,22,2026-09-20T00:45:24Z,75.32345840379034,temperature,airSensors,TLM0202
,,22,2026-09-20T00:45:34Z,75.36804984534963,temperature,airSensors,TLM0202
,,22,2026-09-20T00:45:44Z,75.39609370298979,temperature,airSensors,TLM0202
,,22,2026-09-20T00:45:54Z,75.40308137008067,temperature,airSensors,TLM0202
,,22,2026-09-20T00:46:04Z,75.4195925861239,temperature,airSensors,TLM0202
,,22,2026-09-20T00:46:14Z,75.40700759088362,temperature,airSensors,TLM0202
,,22,2026-09-20T00:46:24Z,75.36589131375841,temperature,airSensors,TLM0202
,,22,2026-09-20T00:46:34Z,75.36383262270196,temperature,airSensors,TLM0202
,,22,2026-09-20T00:46:44Z,75.36806789162193,temperature,airSensors,TLM0202
,,22,2026-09-20T00:46:54Z,75.40997900540758,temperature,airSensors,TLM0202
,,22,2026-09-20T00:47:04Z,75.38122890756786,temperature,airSensors,TLM0202
,,22,2026-09-20T00:47:14Z,75.37472715964876,temperature,airSensors,TLM0202
,,22,2026-09-20T00:47:24Z,75.35306703315065,temperature,airSensors,TLM0202
,,22,2026-09-20T00:47:34Z,75.36137545124367,temperature,airSensors,TLM0202
,,22,2026-09-20T00:47:44Z,75.4005168021336,temperature,airSensors,TLM0202
,,22,2026-09-20T00:47:54Z,75.3554909749433,temperature,airSensors,TLM0202
,,22,2026-09-20T00:48:04Z,75.3789960443839,temperature,airSensors,TLM0202
,,22,2026-09-20T00:48:14Z,75.33021192366768,temperature,airSensors,TLM0202
,,22,2026-09-20T00:48:24Z,75.31044383948297,temperature,airSensors,TLM0202
,,22,2026-09-20T00:48:34Z,75.31637607526312,temperature,airSensors,TLM0202
,,22,2026-09-20T00:48:44Z,75.27470017774678,temperature,airSensors,TLM0202
,,22,2026-09-20T00:48:54Z,75.24817082176007,temperature,airSensors,TLM0202
,,22,2026-09-20T00:49:04Z,75.21318482192765,temperature,airSensors,TLM0202
,,22,2026-09-20T00:49:14Z,75.20153353966663,temperature,airSensors,TLM0202
,,22,2026-09-20T00:49:24Z,75.16559618562029,temperature,airSensors,TLM0202
,,22,2026-09-20T00:49:34Z,75.15059213993382,temperature,airSensors,TLM0202
,,22,2026-09-20T00:49:44Z,75.15856713253605,temperature,airSensors,TLM0202
,,22,2026-09-20T00:49:54Z,75.1243141040413,temperature,airSensors,TLM0202
,,22,2026-09-20T00:50:04Z,75.17394673315641,temperature,airSensors,TLM0202
,,22,2026-09-20T00:50:14Z,75.19233702022021,temperature,airSensors,TLM0202
,,22,2026-09-20T00:50:24Z,75.18912215575413,temperature,airSensors,TLM0202
,,22,2026-09-20T00:50:34Z,75.15855444437283,temperature,airSensors,TLM0202
,,22,2026-09-20T00:50:44Z,75.20154808939701,temperature,airSensors,TLM0202
,,22,2026-09-20T00:50:54Z,75.16484304245606,temperature,airSensors,TLM0202
,,22,2026-09-20T00:51:04Z,75.14216852713813,temperature,airSensors,TLM0202
,,22,2026-09-20T00:51:14Z,75.10497876261228,temperature,airSensors,TLM0202
,,22,2026-09-20T00:51:24Z,75.14795875240793,temperature,airSensors,TLM0202
,,22,2026-09-20T00:51:34Z,75.19386211259224,temperature,airSensors,TLM0202
,,22,2026-09-20T00:51:44Z,75.23479983023664,temperature,airSensors,TLM0202
,,22,2026-09-20T00:51:54Z,75.2783452533958,temperature,airSensors,TLM0202
,,22,2026-09-20T00:52:04Z,75.2354090829953,temperature,airSensors,TLM0202
,,22,2026-09-20T00:52:14Z,75.2035486593672,temperature,airSensors,TLM0202
,,22,2026-09-20T00:52:24Z,75.1669759258011,temperature,airSensors,TLM0202
,,22,2026-09-20T00:52:34Z,75.12566079728417,temperature,airSensors,TLM0202
,,22,2026-09-20T00:52:44Z,75.13656674885038,temperature,airSensors,TLM0202
,,22,2026-09-20T00:52:54Z,75.114923388335,temperature,airSensors,TLM0202
,,22,2026-09-20T00:53:04Z,75.0724734568397,temperature,airSensors,TLM0202
,,22,2026-09-20T00:53:14Z,75.10166415834239,temperature,airSensors,TLM0202
,,22,2026-09-20T00:53:24Z,75.11586384249001,temperature,airSensors,TLM0202
,,22,2026-09-20T00:53:34Z,75.12093996233939,temperature,airSensors,TLM0202
,,22,2026-09-20T00:53:44Z,75.16493838194495,temperature,airSensors,TLM0202
,,22,2026-09-20T00:53:54Z,75.19080683600859,temperature,airSensors,TLM0202
,,22,2026-09-20T00:54:04Z,75.1842780611796,temperature,airSensors,TLM0202
,,22,2026-09-20T00:54:14Z,75.1679894401914,temperature,airSensors,TLM0202
,,22,2026-09-20T00:54:24Z,75.20403590801206,temperature,airSensors,TLM0202
,,22,2026-09-20T00:54:34Z,75.2336904881801,temperature,airSensors,TLM0202
,,22,2026-09-20T00:54:44Z,75.26532442357264,temperature,airSensors,TLM0202
,,22,2026-09-20T00:54:54Z,75.26881934213819,temperature,airSensors,TLM0202
,,22,2026-09-20T00:55:04Z,75.25368763619167,temperature,airSensors,TLM0202
,,22,2026-09-20T00:55:14Z,75.28956321837724,temperature,airSensors,TLM0202
,,22,2026-09-20T00:55:24Z,75.33506145731235,temperature,airSensors,TLM0202
,,22,2026-09-20T00:55:34Z,75.31451966220008,temperature,airSensors,TLM0202
,,22,2026-09-20T00:55:44Z,75.28742823416903,temperature,airSensors,TLM0202
,,22,2026-09-20T00:55:54Z,75.31680146519295,temperature,airSensors,TLM0202
,,22,2026-09-20T00:56:04Z,75.32773166794233,temperature,airSensors,TLM0202
,,22,2026-09-20T00:56:14Z,75.36736319868467,temperature,airSensors,TLM0202
,,22,2026-09-20T00:56:24Z,75.35718269981169,temperature,airSensors,TLM0202
,,22,2026-09-20T00:56:34Z,75.35378500196991,temperature,airSensors,TLM0202
,,22,2026-09-20T00:56:44Z,75.32948300519527,temperature,airSensors,TLM0202
,,22,2026-09-20T00:56:54Z,75.35451473224789,temperature,airSensors,TLM0202
,,22,2026-09-20T00:57:04Z,75.36884020692412,temperature,airSensors,TLM0202
,,22,2026-09-20T00:57:14Z,75.40432407914511,temperature,airSensors,TLM0202
,,22,2026-09-20T00:57:24Z,75.37587020231919,temperature,airSensors,TLM0202
,,22,2026-09-20T00:57:34Z,75.34558723044185,temperature,airSensors,TLM0202
,,22,2026-09-20T00:57:44Z,75.38686143192032,temperature,airSensors,TLM0202
,,22,2026-09-20T00:57:54Z,75.43065766272042,temperature,airSensors,TLM0202
,,22,2026-09-20T00:58:04Z,75.39035036248593,temperature,airSensors,TLM0202
,,22,2026-09-20T00:58:14Z,75.38799573433191,temperature,airSensors,TLM0202
,,22,2026-09-20T00:58:24Z,75.35622748053656,temperature,airSensors,TLM0202
,,22,2026-09-20T00:58:34Z,75.3364827386038,temperature,airSensors,TLM0202
,,22,2026-09-20T00:58:44Z,75.29072970166797,temperature,airSensors,TLM0202
,,22,2026-09-20T00:58:54Z,75.28033186341715,temperature,airSensors,TLM0202
,,22,2026-09-20T00:59:04Z,75.32570258133335,temperature,airSensors,TLM0202
,,22,2026-09-20T00:59:14Z,75.3184896295914,temperature,airSensors,TLM0202
,,22,2026-09-20T00:59:24Z,75.30727007093705,temperature,airSensors,TLM0202
,,22,2026-09-20T00:59:34Z,75.28815855118641,temperature,airSensors,TLM0202
,,22,2026-09-20T00:59:44Z,75.33433323521515,temperature,airSensors,TLM0202
,,22,2026-09-20T00:59:54Z,75.3267899179567,temperature,airSensors,TLM0202
,,22,2026-09-20T01:00:04Z,75.34540025947014,temperature,airSensors,TLM0202
,,22,2026-09-20T01:00:14Z,75.32802591137973,temperature,airSensors,TLM0202
,,22,2026-09-20T01:00:24Z,75.3348321346791,temperature,airSensors,TLM0202
,,22,2026-09-20T01:00:34Z,75.38342347626948,temperature,airSensors,TLM0202
,,22,2026-09-20T01:00:44Z,75.39814948994113,temperature,airSensors,TLM0202
,,22,2026-09-20T01:00:54Z,75.44144568268419,temperature,airSensors,TLM0202
,,22,2026-09-20T01:01:04Z,75.40448871447715,temperature,airSensors,TLM0202
,,22,2026-09-20T01:01:14Z,75.43516044189751,temperature,airSensors,TLM0202
,,22,2026-09-20T01:01:24Z,75.41605539917327,temperature,airSensors,TLM0202
,,22,2026-09-20T01:01:34Z,75.36786446408313,temperature,airSensors,TLM0202
,,22,2026-09-20T01:01:44Z,75.37144448640599,temperature,airSensors,TLM0202
,,22,2026-09-20T01:01:54Z,75.35705835045617,temperature,airSensors,TLM0202
,,22,2026-09-20T01:02:04Z,75.31369888055877,temperature,airSensors,TLM0202
,,22,2026-09-20T01:02:14Z,75.27179943023732,temperature,airSensors,TLM0202
,,22,2026-09-20T01:02:24Z,75.24733323393198,temperature,airSensors,TLM0202
,,22,2026-09-20T01:02:34Z,75.22835796611493,temperature,airSensors,TLM0202
,,22,2026-09-20T01:02:44Z,75.27371141083314,temperature,airSensors,TLM0202
,,22,2026-09-20T01:02:54Z,75.26380239242327,temperature,airSensors,TLM0202
,,22,2026-09-20T01:03:04Z,75.24226109696973,temperature,airSensors,TLM0202
,,22,2026-09-20T01:03:14Z,75.28271799639853,temperature,airSensors,TLM0202
,,22,2026-09-20T01:03:24Z,75.31243999919245,temperature,airSensors,TLM0202
,,22,2026-09-20T01:03:34Z,75.30836333906028,temperature,airSensors,TLM0202
,,22,2026-09-20T01:03:44Z,75.29611528354036,temperature,airSensors,TLM0202
,,22,2026-09-20T01:03:54Z,75.33700063501718,temperature,airSensors,TLM0202
,,22,2026-09-20T01:04:04Z,75.31887216517958,temperature,airSensors,TLM0202
,,22,2026-09-20T01:04:14Z,75.31986244189632,temperature,airSensors,TLM0202
,,22,2026-09-20T01:04:24Z,75.27542662332976,temperature,airSensors,TLM0202
,,22,2026-09-20T01:04:34Z,75.3189752388491,temperature,airSensors,TLM0202
,,22,2026-09-20T01:04:44Z,75.33105429196998,temperature,airSensors,TLM0202
,,22,2026-09-20T01:04:54Z,75.3079071876782,temperature,airSensors,TLM0202
,,22,2026-09-20T01:05:04Z,75.32503090678908,temperature,airSensors,TLM0202
,,22,2026-09-20T01:05:14Z,75.27562830630596,temperature,airSensors,TLM0202
,,22,2026-09-20T01:05:24Z,75.27008961470811,temperature,airSensors,TLM0202
,,22,2026-09-20T01:05:34Z,75.24913224147845,temperature,airSensors,TLM0202
,,22,2026-09-20T01:05:44Z,75.23838299444225,temperature,airSensors,TLM0202
,,22,2026-09-20T01:05:54Z,75.24517294856011,temperature,airSensors,TLM0202
,,22,2026-09-20T01:06:04Z,75.23082232435033,temperature,airSensors,TLM0202
,,22,2026-09-20T01:06:14Z,75.23280833015589,temperature,airSensors,TLM0202
,,22,2026-09-20T01:06:24Z,75.23337791214013,temperature,airSensors,TLM0202
,,22,2026-09-20T01:06:34Z,75.18451910683454,temperature,airSensors,TLM0202
,,22,2026-09-20T01:06:44Z,75.15858272217324,temperature,airSensors,TLM0202
,,22,2026-09-20T01:06:54Z,75.14204891132071,temperature,airSensors,TLM0202
,,22,2026-09-20T01:07:04Z,75.11729575526137,temperature,airSensors,TLM0202
,,22,2026-09-20T01:07:14Z,75.15455758216184,temperature,airSensors,TLM0202
,,22,2026-09-20T01:07:24Z,75.14660463009028,temperature,airSensors,TLM0202
,,22,2026-09-20T01:07:34Z,75.15697304903858,temperature,airSensors,TLM0202
,,22,2026-09-20T01:07:44Z,75.13863572691135,temperature,airSensors,TLM0202
,,22,2026-09-20T01:07:54Z,75.12730346955296,temperature,airSensors,TLM0202
,,22,2026-09-20T01:08:04Z,75.17672749689272,temperature,airSensors,TLM0202
,,22,2026-09-20T01:08:14Z,75.18938863999789,temperature,airSensors,TLM0202
,,22,2026-09-20T01:08:24Z,75.18983337546692,temperature,airSensors,TLM0202
,,22,2026-09-20T01:08:34Z,75.16413522554055,temperature,airSensors,TLM0202
,,22,2026-09-20T01:08:44Z,75.1976634114167,temperature,airSensors,TLM0202
,,22,2026-09-20T01:08:54Z,75.22663845150804,temperature,airSensors,TLM0202
,,22,2026-09-20T01:09:04Z,75.17836547869754,temperature,airSensors,TLM0202
,,22,2026-09-20T01:09:14Z,75.18821644593613,temperature,airSensors,TLM0202
,,22,2026-09-20T01:09:24Z,75.14656555802148,temperature,airSensors,TLM0202
,,22,2026-09-20T01:09:34Z,75.15318398289175,temperature,airSensors,TLM0202
,,22,2026-09-20T01:09:44Z,75.1050310942169,temperature,airSensors,TLM0202
,,22,2026-09-20T01:09:54Z,75.14001804277596,temperature,airSensors,TLM0202
,,22,2026-09-20T01:10:04Z,75.1834146192352,temperature,airSensors,TLM0202
,,22,2026-09-20T01:10:14Z,75.16800593348155,temperature,airSensors,TLM0202
,,22,2026-09-20T01:10:24Z,75.16534913232528,temperature,airSensors,TLM0202
,,22,2026-09-20T01:10:34Z,75.14224715994511,temperature,airSensors,TLM0202
,,22,2026-09-20T01:10:44Z,75.15112912842454,temperature,airSensors,TLM0202
,,22,2026-09-20T01:10:54Z,75.19483403718586,temperature,airSensors,TLM0202
,,22,2026-09-20T01:11:04Z,75.14945279645697,temperature,airSensors,TLM0202
,,22,2026-09-20T01:11:14Z,75.13510483046244,temperature,airSensors,TLM0202
,,22,2026-09-20T01:11:24Z,75.10386995680578,temperature,airSensors,TLM0202
,,22,2026-09-20T01:11:34Z,75.0611144366708,temperature,airSensors,TLM0202
,,22,2026-09-20T01:11:44Z,75.104765486619,temperature,airSensors,TLM0202
,,22,2026-09-20T01:11:54Z,75.14779388182593,temperature,airSensors,TLM0202
,,22,2026-09-20T01:12:04Z,75.1419527360013,temperature,airSensors,TLM0202
,,22,2026-09-20T01:12:14Z,75.14517109288228,temperature,airSensors,TLM0202
,,22,2026-09-20T01:12:24Z,75.18791294132109,temperature,airSensors,TLM0202
,,22,2026-09-20T01:12:34Z,75.14033023841482,temperature,airSensors,TLM0202
,,22,2026-09-20T01:12:44Z,75.14530577194306,temperature,airSensors,TLM0202
,,22,2026-09-20T01:12:54Z,75.09813394905699,temperature,airSensors,TLM0202
,,22,2026-09-20T01:13:04Z,75.12248310049173,temperature,airSensors,TLM0202
,,22,2026-09-20T01:13:14Z,75.10457215365675,temperature,airSensors,TLM0202
,,22,2026-09-20T01:13:24Z,75.09287709494191,temperature,airSensors,TLM0202
,,22,2026-09-20T01:13:34Z,75.07638345722376,temperature,airSensors,TLM0202
,,22,2026-09-20T01:13:44Z,75.06811308225046,temperature,airSensors,TLM0202
,,22,2026-09-20T01:13:54Z,75.07380474220722,temperature,airSensors,TLM0202
,,22,2026-09-20T01:14:04Z,75.07940768411119,temperature,airSensors,TLM0202
,,22,2026-09-20T01:14:14Z,75.0796544826942,temperature,airSensors,TLM0202
,,22,2026-09-20T01:14:24Z,75.11180751467892,temperature,airSensors,TLM0202
,,22,2026-09-20T01:14:34Z,75.13829721785234,temperature,airSensors,TLM0202
,,22,2026-09-20T01:14:44Z,75.17802592927393,temperature,airSensors,TLM0202
,,22,2026-09-20T01:14:54Z,75.15873056987628,temperature,airSensors,TLM0202
,,22,2026-09-20T01:15:04Z,75.10928888319548,temperature,airSensors,TLM0202
,,22,2026-09-20T01:15:14Z,75.09813053145405,temperature,airSensors,TLM0202
,,22,2026-09-20T01:15:24Z,75.12734082264764,temperature,airSensors,TLM0202
,,22,2026-09-20T01:15:34Z,75.11205444674927,temperature,airSensors,TLM0202
,,22,2026-09-20T01:15:44Z,75.0875798141835,temperature,airSensors,TLM0202
,,22,2026-09-20T01:15:54Z,75.04272664208284,temperature,airSensors,TLM0202
,,22,2026-09-20T01:16:04Z,75.04105560880619,temperature,airSensors,TLM0202
,,22,2026-09-20T01:16:14Z,75.0161772501283,temperature,airSensors,TLM0202
,,22,2026-09-20T01:16:24Z,74.99526792419519,temperature,airSensors,TLM0202
,,22,2026-09-20T01:16:34Z,75.00999705386081,temperature,airSensors,TLM0202
,,22,2026-09-20T01:16:44Z,74.97851025182914,temperature,airSensors,TLM0202
,,22,2026-09-20T01:16:54Z,74.9913129367654,temperature,airSensors,TLM0202
,,22,2026-09-20T01:17:04Z,74.96959916974684,temperature,airSensors,TLM0202
,,22,2026-09-20T01:17:14Z,75.01054050859922,temperature,airSensors,TLM0202
,,22,2026-09-20T01:17:24Z,75.00463514779445,temperature,airSensors,TLM0202
,,22,2026-09-20T01:17:34Z,75.02844658679939,temperature,airSensors,TLM0202
,,22,2026-09-20T01:17:44Z,74.99220236466589,temperature,airSensors,TLM0202
,,22,2026-09-20T01:17:54Z,75.00822613943474,temperature,airSensors,TLM0202
,,22,2026-09-20T01:18:04Z,74.98889259117239,temperature,airSensors,TLM0202
,,22,2026-09-20T01:18:14Z,74.95840933909153,temperature,airSensors,TLM0202
,,22,2026-09-20T01:18:24Z,74.95631369283795,temperature,airSensors,TLM0202
,,22,2026-09-20T01:18:34Z,74.97658526186565,temperature,airSensors,TLM0202
,,22,2026-09-20T01:18:44Z,74.9987303451445,temperature,airSensors,TLM0202
,,22,2026-09-20T01:18:54Z,75.02009742357887,temperature,airSensors,TLM0202
,,22,2026-09-20T01:19:04Z,75.01872084417053,temperature,airSensors,TLM0202
,,22,2026-09-20T01:19:14Z,75.05315197083947,temperature,airSensors,TLM0202
,,22,2026-09-20T01:19:24Z,75.04797574691823,temperature,airSensors,TLM0202
,,22,2026-09-20T01:19:34Z,75.08888103136209,temperature,airSensors,TLM0202
,,22,2026-09-20T01:19:44Z,75.0543811952903,temperature,airSensors,TLM0202
,,22,2026-09-20T01:19:54Z,75.09911440912637,temperature,airSensors,TLM0202
,,22,2026-09-20T01:20:04Z,75.12722613145007,temperature,airSensors,TLM0202
,,22,2026-09-20T01:20:14Z,75.1600947645115,temperature,airSensors,TLM0202
,,22,2026-09-20T01:20:24Z,75.18680635893423,temperature,airSensors,TLM0202
,,22,2026-09-20T01:20:34Z,75.2142246672059,temperature,airSensors,TLM0202
,,22,2026-09-20T01:20:44Z,75.18478369824132,temperature,airSensors,TLM0202
,,22,2026-09-20T01:20:54Z,75.23466367099613,temperature,airSensors,TLM0202
,,22,2026-09-20T01:21:04Z,75.28284746183624,temperature,airSensors,TLM0202
,,22,2026-09-20T01:21:14Z,75.3190579360854,temperature,airSensors,TLM0202
,,22,2026-09-20T01:21:24Z,75.3374560219452,temperature,airSensors,TLM0202
,,22,2026-09-20T01:21:34Z,75.32989811697686,temperature,airSensors,TLM0202
,,22,2026-09-20T01:21:44Z,75.28218347881864,temperature,airSensors,TLM0202
,,22,2026-09-20T01:21:54Z,75.2399538481985,temperature,airSensors,TLM0202
,,22,2026-09-20T01:22:04Z,75.20387829674203,temperature,airSensors,TLM0202
,,22,2026-09-20T01:22:14Z,75.233100276968,temperature,airSensors,TLM0202
,,22,2026-09-20T01:22:24Z,75.20179422709597,temperature,airSensors,TLM0202
,,22,2026-09-20T01:22:34Z,75.17602788449597,temperature,airSensors,TLM0202
,,22,2026-09-20T01:22:44Z,75.16817793091033,temperature,airSensors,TLM0202
,,22,2026-09-20T01:22:54Z,75.19122034764419,temperature,airSensors,TLM0202
,,22,2026-09-20T01:23:04Z,75.1731987256228,temperature,airSensors,TLM0202
,,22,2026-09-20T01:23:14Z,75.16511419353533,temperature,airSensors,TLM0202
,,22,2026-09-20T01:23:24Z,75.19097992719499,temperature,airSensors,TLM0202
,,22,2026-09-20T01:23:34Z,75.16526277580195,temperature,airSensors,TLM0202
,,22,2026-09-20T01:23:44Z,75.15822351673192,temperature,airSensors,TLM0202
,,22,2026-09-20T01:23:54Z,75.14128180885204,temperature,airSensors,TLM0202
,,22,2026-09-20T01:24:04Z,75.14196262446647,temperature,airSensors,TLM0202
,,22,2026-09-20T01:24:14Z,75.14207435825016,temperature,airSensors,TLM0202
,,22,2026-09-20T01:24:24Z,75.12165194857705,temperature,airSensors,TLM0202
,,22,2026-09-20T01:24:34Z,75.09905064464229,temperature,airSensors,TLM0202
,,22,2026-09-20T01:24:44Z,75.07172660337378,temperature,airSensors,TLM0202
,,22,2026-09-20T01:24:54Z,75.11016896558118,temperature,airSensors,TLM0202
,,22,2026-09-20T01:25:04Z,75.12372558790985,temperature,airSensors,TLM0202
,,22,2026-09-20T01:25:14Z,75.08020743380419,temperature,airSensors,TLM0202
,,22,2026-09-20T01:25:24Z,75.04663450340787,temperature,airSensors,TLM0202
,,22,2026-09-20T01:25:34Z,74.99942675935033,temperature,airSensors,TLM0202
,,22,2026-09-20T01:25:44Z,75.01784481485065,temperature,airSensors,TLM0202
,,22,2026-09-20T01:25:54Z,75.02061041590721,temperature,airSensors,TLM0202
,,22,2026-09-20T01:26:04Z,75.02753397462384,temperature,airSensors,TLM0202
,,22,2026-09-20T01:26:14Z,75.07379838374233,temperature,airSensors,TLM0202
,,22,2026-09-20T01:26:24Z,75.03135499652541,temperature,airSensors,TLM0202
,,22,2026-09-20T01:26:34Z,74.99060759890901,temperature,airSensors,TLM0202
,,22,2026-09-20T01:26:44Z,74.94853790736022,temperature,airSensors,TLM0202
,,22,2026-09-20T01:26:54Z,74.94504498822114,temperature,airSensors,TLM0202
,,22,2026-09-20T01:27:04Z,74.98998264888704,temperature,airSensors,TLM0202
,,22,2026-09-20T01:27:14Z,74.98682071471318,temperature,airSensors,TLM0202
,,22,2026-09-20T01:27:24Z,75.02613860306718,temperature,airSensors,TLM0202
,,22,2026-09-20T01:27:34Z,74.99161968714529,temperature,airSensors,TLM0202
,,22,2026-09-20T01:27:44Z,74.98684006987885,temperature,airSensors,TLM0202
,,22,2026-09-20T01:27:54Z,74.96169276960151,temperature,airSensors,TLM0202
,,22,2026-09-20T01:28:04Z,74.97411615909859,temperature,airSensors,TLM0202
,,22,2026-09-20T01:28:14Z,74.94163552359853,temperature,airSensors,TLM0202
,,22,2026-09-20T01:28:24Z,74.91920371973052,temperature,airSensors,TLM0202
,,22,2026-09-20T01:28:34Z,74.8743286401428,temperature,airSensors,TLM0202
,,22,2026-09-20T01:28:44Z,74.90600435636922,temperature,airSensors,TLM0202
,,22,2026-09-20T01:28:54Z,74.85927795413421,temperature,airSensors,TLM0202
,,22,2026-09-20T01:29:04Z,74.84423398111142,temperature,airSensors,TLM0202
,,22,2026-09-20T01:29:14Z,74.8334340184109,temperature,airSensors,TLM0202
,,22,2026-09-20T01:29:24Z,74.86771997111302,temperature,airSensors,TLM0202
,,22,2026-09-20T01:29:34Z,74.86134665937651,temperature,airSensors,TLM0202
,,22,2026-09-20T01:29:44Z,74.89195169019106,temperature,airSensors,TLM0202
,,22,2026-09-20T01:29:54Z,74.87027983779913,temperature,airSensors,TLM0202
,,22,2026-09-20T01:30:04Z,74.89300713380302,temperature,airSensors,TLM0202
,,22,2026-09-20T01:30:14Z,74.88980576007201,temperature,airSensors,TLM0202
,,22,2026-09-20T01:30:24Z,74.9287806094155,temperature,airSensors,TLM0202
,,22,2026-09-20T01:30:34Z,74.8962214071798,temperature,airSensors,TLM0202
,,22,2026-09-20T01:30:44Z,74.90656221137014,temperature,airSensors,TLM0202
,,22,2026-09-20T01:30:54Z,74.93782442397796,temperature,airSensors,TLM0202
,,22,2026-09-20T01:31:04Z,74.9802525389252,temperature,airSensors,TLM0202
,,22,2026-09-20T01:31:14Z,74.94552911053908,temperature,airSensors,TLM0202
,,22,2026-09-20T01:31:24Z,74.92949914852913,temperature,airSensors,TLM0202
,,22,2026-09-20T01:31:34Z,74.95217467976252,temperature,airSensors,TLM0202
,,22,2026-09-20T01:31:44Z,74.9237804977834,temperature,airSensors,TLM0202
,,22,2026-09-20T01:31:54Z,74.87919137759843,temperature,airSensors,TLM0202
,,22,2026-09-20T01:32:04Z,74.87807538144834,temperature,airSensors,TLM0202
,,22,2026-09-20T01:32:14Z,74.9086253785184,temperature,airSensors,TLM0202
,,22,2026-09-20T01:32:24Z,74.91366562167471,temperature,airSensors,TLM0202
,,22,2026-09-20T01:32:34Z,74.91846515506643,temperature,airSensors,TLM0202
,,22,2026-09-20T01:32:44Z,74.94725946410877,temperature,airSensors,TLM0202
,,22,2026-09-20T01:32:54Z,74.91229797527969,temperature,airSensors,TLM0202
,,22,2026-09-20T01:33:04Z,74.87403432469523,temperature,airSensors,TLM0202
,,22,2026-09-20T01:33:14Z,74.88263818031196,temperature,airSensors,TLM0202
,,22,2026-09-20T01:33:24Z,74.86240606821578,temperature,airSensors,TLM0202
,,22,2026-09-20T01:33:34Z,74.88267209408926,temperature,airSensors,TLM0202
,,22,2026-09-20T01:33:44Z,74.87244063375987,temperature,airSensors,TLM0202
,,22,2026-09-20T01:33:54Z,74.88560725609408,temperature,airSensors,TLM0202
,,22,2026-09-20T01:34:04Z,74.88994388958007,temperature,airSensors,TLM0202
,,22,2026-09-20T01:34:14Z,74.8805644755862,temperature,airSensors,TLM0202
,,22,2026-09-20T01:34:24Z,74.87061163094596,temperature,airSensors,TLM0202
,,22,2026-09-20T01:34:34Z,74.85637720196932,temperature,airSensors,TLM0202
,,22,2026-09-20T01:34:44Z,74.85268757380149,temperature,airSensors,TLM0202
,,22,2026-09-20T01:34:54Z,74.84520937189056,temperature,airSensors,TLM0202
,,22,2026-09-20T01:35:04Z,74.8445739402482,temperature,airSensors,TLM0202
,,22,2026-09-20T01:35:14Z,74.87027040462218,temperature,airSensors,TLM0202
,,22,2026-09-20T01:35:24Z,74.90536557453154,temperature,airSensors,TLM0202
,,22,2026-09-20T01:35:34Z,74.9484106652181,temperature,airSensors,TLM0202
,,22,2026-09-20T01:35:44Z,74.96775013690733,temperature,airSensors,TLM0202
,,22,2026-09-20T01:35:54Z,74.96885307323927,temperature,airSensors,TLM0202
,,22,2026-09-20T01:36:04Z,74.95391809138422,temperature,airSensors,TLM0202
,,22,2026-09-20T01:36:14Z,74.91451226791058,temperature,airSensors,TLM0202
,,22,2026-09-20T01:36:24Z,74.91304538580323,temperature,airSensors,TLM0202
,,22,2026-09-20T01:36:34Z,74.9477015752611,temperature,airSensors,TLM0202
,,22,2026-09-20T01:36:44Z,74.98992531567109,temperature,airSensors,TLM0202
,,22,2026-09-20T01:36:54Z,75.02255481584962,temperature,airSensors,TLM0202
,,22,2026-09-20T01:37:04Z,75.05554357223195,temperature,airSensors,TLM0202
,,22,2026-09-20T01:37:14Z,75.02020452491004,temperature,airSensors,TLM0202
,,22,2026-09-20T01:37:24Z,75.01354699559462,temperature,airSensors,TLM0202
,,22,2026-09-20T01:37:34Z,75.03658664310218,temperature,airSensors,TLM0202
,,22,2026-09-20T01:37:44Z,74.99006103953745,temperature,airSensors,TLM0202
,,22,2026-09-20T01:37:54Z,75.00463497859621,temperature,airSensors,TLM0202
,,22,2026-09-20T01:38:04Z,75.02398324574352,temperature,airSensors,TLM0202
,,22,2026-09-20T01:38:14Z,75.06216760179399,temperature,airSensors,TLM0202
,,22,2026-09-20T01:38:24Z,75.08256386351029,temperature,airSensors,TLM0202
,,22,2026-09-20T01:38:34Z,75.09193510147826,temperature,airSensors,TLM0202
,,22,2026-09-20T01:38:44Z,75.10356699210463,temperature,airSensors,TLM0202
,,22,2026-09-20T01:38:54Z,75.09301425258622,temperature,airSensors,TLM0202
,,22,2026-09-20T01:39:04Z,75.11344852316913,temperature,airSensors,TLM0202
,,22,2026-09-20T01:39:14Z,75.13345307859011,temperature,airSensors,TLM0202
,,22,2026-09-20T01:39:24Z,75.12094869799247,temperature,airSensors,TLM0202
,,22,2026-09-20T01:39:34Z,75.15637007922099,temperature,airSensors,TLM0202
,,22,2026-09-20T01:39:44Z,75.14091282096877,temperature,airSensors,TLM0202
,,22,2026-09-20T01:39:54Z,75.11848460676529,temperature,airSensors,TLM0202
,,23,2026-09-20T00:39:54Z,74.77937923298039,temperature,airSensors,TLM0203
,,23,2026-09-20T00:40:04Z,74.78431412291404,temperature,airSensors,TLM0203
,,23,2026-09-20T00:40:14Z,74.75559135422527,temperature,airSensors,TLM0203
,,23,2026-09-20T00:40:24Z,74.71092370066604,temperature,airSensors,TLM0203
,,23,2026-09-20T00:40:34Z,74.75672606961933,temperature,airSensors,TLM0203
,,23,2026-09-20T00:40:44Z,74.80588584903008,temperature,airSensors,TLM0203
,,23,2026-09-20T00:40:54Z,74.78813625857796,temperature,airSensors,TLM0203
,,23,2026-09-20T00:41:04Z,74.77738336450183,temperature,airSensors,TLM0203
,,23,2026-09-20T00:41:14Z,74.73142987762539,temperature,airSensors,TLM0203
,,23,2026-09-20T00:41:24Z,74.77227080518222,temperature,airSensors,TLM0203
,,23,2026-09-20T00:41:34Z,74.78974149439628,temperature,airSensors,TLM0203
,,23,2026-09-20T00:41:44Z,74.76981525287499,temperature,airSensors,TLM0203
,,23,2026-09-20T00:41:54Z,74.77884187526567,temperature,airSensors,TLM0203
,,23,2026-09-20T00:42:04Z,74.73970082808259,temperature,airSensors,TLM0203
,,23,2026-09-20T00:42:14Z,74.70221417468268,temperature,airSensors,TLM0203
,,23,2026-09-20T00:42:24Z,74.68333483580399,temperature,airSensors,TLM0203
,,23,2026-09-20T00:42:34Z,74.65877483468272,temperature,airSensors,TLM0203
,,23,2026-09-20T00:42:44Z,74.69092459404315,temperature,airSensors,TLM0203
,,23,2026-09-20T00:42:54Z,74.72814806309437,temperature,airSensors,TLM0203
,,23,2026-09-20T00:43:04Z,74.70732410923432,temperature,airSensors,TLM0203
,,23,2026-09-20T00:43:14Z,74.69259763183966,temperature,airSensors,TLM0203
,,23,2026-09-20T00:43:24Z,74.67917826479419,temperature,airSensors,TLM0203
,,23,2026-09-20T00:43:34Z,74.65213499913897,temperature,airSensors,TLM0203
,,23,2026-09-20T00:43:44Z,74.65368032806451,temperature,airSensors,TLM0203
,,23,2026-09-20T00:43:54Z,74.66388788638687,temperature,airSensors,TLM0203
,,23,2026-09-20T00:44:04Z,74.6357494511808,temperature,airSensors,TLM0203
,,23,2026-09-20T00:44:14Z,74.61322299484168,temperature,airSensors,TLM0203
,,23,2026-09-20T00:44:24Z,74.66119018123072,temperature,airSensors,TLM0203
,,23,2026-09-20T00:44:34Z,74.62148924480822,temperature,airSensors,TLM0203
,,23,2026-09-20T00:44:44Z,74.61025413067316,temperature,airSensors,TLM0203
,,23,2026-09-20T00:44:54Z,74.58430623213216,temperature,airSensors,TLM0203
,,23,2026-09-20T00:45:04Z,74.59142227791564,temperature,airSensors,TLM0203
,,23,2026-09-20T00:45:14Z,74.56278815379677,temperature,airSensors,TLM0203
,,23,2026-09-20T00:45:24Z,74.52506536136477,temperature,airSensors,TLM0203
,,23,2026-09-20T00:45:34Z,74.56643807496893,temperature,airSensors,TLM0203
,,23,2026-09-20T00:45:44Z,74.61221052264152,temperature,airSensors,TLM0203
,,23,2026-09-20T00:45:54Z,74.60056428740583,temperature,airSensors,TLM0203
,,23,2026-09-20T00:46:04Z,74.58510433286379,temperature,airSensors,TLM0203
,,23,2026-09-20T00:46:14Z,74.53704563691709,temperature,airSensors,TLM0203
,,23,2026-09-20T00:46:24Z,74.53125498923711,temperature,airSensors,TLM0203
,,23,2026-09-20T00:46:34Z,74.56520498232085,temperature,airSensors,TLM0203
,,23,2026-09-20T00:46:44Z,74.60357420644773,temperature,airSensors,TLM0203
,,23,2026-09-20T00:46:54Z,74.55455609906865,temperature,airSensors,TLM0203
,,23,2026-09-20T00:47:04Z,74.5350716560002,temperature,airSensors,TLM0203
,,23,2026-09-20T00:47:14Z,74.52753533075044,temperature,airSensors,TLM0203
,,23,2026-09-20T00:47:24Z,74.57276015661446,temperature,airSensors,TLM0203
,,23,2026-09-20T00:47:34Z,74.60223599876186,temperature,airSensors,TLM0203
,,23,2026-09-20T00:47:44Z,74.65103104010608,temperature,airSensors,TLM0203
,,23,2026-09-20T00:47:54Z,74.62239437172093,temperature,airSensors,TLM0203
,,23,2026-09-20T00:48:04Z,74.61814959864799,temperature,airSensors,TLM0203
,,23,2026-09-20T00:48:14Z,74.6514220049311,temperature,airSensors,TLM0203
,,23,2026-09-20T00:48:24Z,74.63965427477392,temperature,airSensors,TLM0203
,,23,2026-09-20T00:48:34Z,74.67942674306292,temperature,airSensors,TLM0203
,,23,2026-09-20T00:48:44Z,74.70758402878336,temperature,airSensors,TLM0203
,,23,2026-09-20T00:48:54Z,74.74397807094392,temperature,airSensors,TLM0203
,,23,2026-09-20T00:49:04Z,74.74658522420667,temperature,airSensors,TLM0203
,,23,2026-09-20T00:49:14Z,74.78217159925457,temperature,airSensors,TLM0203
,,23,2026-09-20T00:49:24Z,74.76689176340385,temperature,airSensors,TLM0203
,,23,2026-09-20T00:49:34Z,74.80770663594153,temperature,airSensors,TLM0203
,,23,2026-09-20T00:49:44Z,74.81078503275909,temperature,airSensors,TLM0203
,,23,2026-09-20T00:49:54Z,74.85246286010842,temperature,airSensors,TLM0203
,,23,2026-09-20T00:50:04Z,74.8758117171959,temperature,airSensors,TLM0203
,,23,2026-09-20T00:50:14Z,74.88270377641811,temperature,airSensors,TLM0203
,,23,2026-09-20T00:50:24Z,74.9108746805283,temperature,airSensors,TLM0203
,,23,2026-09-20T00:50:34Z,74.89025409003531,temperature,airSensors,TLM0203
,,23,2026-09-20T00:50:44Z,74.87761503149186,temperature,airSensors,TLM0203
,,23,2026-09-20T00:50:54Z,74.86563727420653,temperature,airSensors,TLM0203
,,23,2026-09-20T00:51:04Z,74.81689082405623,temperature,airSensors,TLM0203
,,23,2026-09-20T00:51:14Z,74.80792855468,temperature,airSensors,TLM0203
,,23,2026-09-20T00:51:24Z,74.80464423158072,temperature,airSensors,TLM0203
,,23,2026-09-20T00:51:34Z,74.85261910886618,temperature,airSensors,TLM0203
,,23,2026-09-20T00:51:44Z,74.8085009093094,temperature,airSensors,TLM0203
,,23,2026-09-20T00:51:54Z,74.79069464873201,temperature,airSensors,TLM0203
,,23,2026-09-20T00:52:04Z,74.81289782661668,temperature,airSensors,TLM0203
,,23,2026-09-20T00:52:14Z,74.78977849696487,temperature,airSensors,TLM0203
,,23,2026-09-20T00:52:24Z,74.7942680806199,temperature,airSensors,TLM0203
,,23,2026-09-20T00:52:34Z,74.8310609011212,temperature,airSensors,TLM0203
,,23,2026-09-20T00:52:44Z,74.7887767850421,temperature,airSensors,TLM0203
,,23,2026-09-20T00:52:54Z,74.80043529374032,temperature,airSensors,TLM0203
,,23,2026-09-20T00:53:04Z,74.8057896504788,temperature,airSensors,TLM0203
,,23,2026-09-20T00:53:14Z,74.80617324588142,temperature,airSensors,TLM0203
,,23,2026-09-20T00:53:24Z,74.85008413325492,temperature,airSensors,TLM0203
,,23,2026-09-20T00:53:34Z,74.85626472265739,temperature,airSensors,TLM0203
,,23,2026-09-20T00:53:44Z,74.85509367836976,temperature,airSensors,TLM0203
,,23,2026-09-20T00:53:54Z,74.89544218638348,temperature,airSensors,TLM0203
,,23,2026-09-20T00:54:04Z,74.87438102221276,temperature,airSensors,TLM0203
,,23,2026-09-20T00:54:14Z,74.87098837128461,temperature,airSensors,TLM0203
,,23,2026-09-20T00:54:24Z,74.90546046715691,temperature,airSensors,TLM0203
,,23,2026-09-20T00:54:34Z,74.87711080288452,temperature,airSensors,TLM0203
,,23,2026-09-20T00:54:44Z,74.88877643090167,temperature,airSensors,TLM0203
,,23,2026-09-20T00:54:54Z,74.85629823634731,temperature,airSensors,TLM0203
,,23,2026-09-20T00:55:04Z,74.90225882531252,temperature,airSensors,TLM0203
,,23,2026-09-20T00:55:14Z,74.94806192760083,temperature,airSensors,TLM0203
,,23,2026-09-20T00:55:24Z,74.97008072669539,temperature,airSensors,TLM0203
,,23,2026-09-20T00:55:34Z,74.94976638182405,temperature,airSensors,TLM0203
,,23,2026-09-20T00:55:44Z,74.94625546783756,temperature,airSensors,TLM0203
,,23,2026-09-20T00:55:54Z,74.99260068181168,temperature,airSensors,TLM0203
,,23,2026-09-20T00:56:04Z,74.9782611961936,temperature,airSensors,TLM0203
,,23,2026-09-20T00:56:14Z,74.9879679147433,temperature,airSensors,TLM0203
,,23,2026-09-20T00:56:24Z,74.95457121908133,temperature,airSensors,TLM0203
,,23,2026-09-20T00:56:34Z,74.9807788666416,temperature,airSensors,TLM0203
,,23,2026-09-20T00:56:44Z,74.94057281661156,temperature,airSensors,TLM0203
,,23,2026-09-20T00:56:54Z,74.96875546282214,temperature,airSensors,TLM0203
,,23,2026-09-20T00:57:04Z,74.93860961567816,temperature,airSensors,TLM0203
,,23,2026-09-20T00:57:14Z,74.96049386986581,temperature,airSensors,TLM0203
,,23,2026-09-20T00:57:24Z,74.9563933992362,temperature,airSensors,TLM0203
,,23,2026-09-20T00:57:34Z,74.94276088049664,temperature,airSensors,TLM0203
,,23,2026-09-20T00:57:44Z,74.92689483634048,temperature,airSensors,TLM0203
,,23,2026-09-20T00:57:54Z,74.93806334332847,temperature,airSensors,TLM0203
,,23,2026-09-20T00:58:04Z,74.98770828215825,temperature,airSensors,TLM0203
,,23,2026-09-20T00:58:14Z,74.98173093863458,temperature,airSensors,TLM0203
,,23,2026-09-20T00:58:24Z,74.98001235152897,temperature,airSensors,TLM0203
,,23,2026-09-20T00:58:34Z,74.94403332678128,temperature,airSensors,TLM0203
,,23,2026-09-20T00:58:44Z,74.92086312102867,temperature,airSensors,TLM0203
,,23,2026-09-20T00:58:54Z,74.95310283889121,temperature,airSensors,TLM0203
,,23,2026-09-20T00:59:04Z,74.94850340613166,temperature,airSensors,TLM0203
,,23,2026-09-20T00:59:14Z,74.92364323105612,temperature,airSensors,TLM0203
,,23,2026-09-20T00:59:24Z,74.94813237167116,temperature,airSensors,TLM0203
,,23,2026-09-20T00:59:34Z,74.97309876925954,temperature,airSensors,TLM0203
,,23,2026-09-20T00:59:44Z,74.9635355793797,temperature,airSensors,TLM0203
,,23,2026-09-20T00:59:54Z,74.91854722562682,temperature,airSensors,TLM0203
,,23,2026-09-20T01:00:04Z,74.92615556058593,temperature,airSensors,TLM0203
,,23,2026-09-20T01:00:14Z,74.89012799976415,temperature,airSensors,TLM0203
,,23,2026-09-20T01:00:24Z,74.86913530819358,temperature,airSensors,TLM0203
,,23,2026-09-20T01:00:34Z,74.89101041995954,temperature,airSensors,TLM0203
,,23,2026-09-20T01:00:44Z,74.91051688746012,temperature,airSensors,TLM0203
,,23,2026-09-20T01:00:54Z,74.88309863488443,temperature,airSensors,TLM0203
,,23,2026-09-20T01:01:04Z,74.87667549635674,temperature,airSensors,TLM0203
,,23,2026-09-20T01:01:14Z,74.9069472117125,temperature,airSensors,TLM0203
,,23,2026-09-20T01:01:24Z,74.91142221059157,temperature,airSensors,TLM0203
,,23,2026-09-20T01:01:34Z,74.87301747178384,temperature,airSensors,TLM0203
,,23,2026-09-20T01:01:44Z,74.86077144689072,temperature,airSensors,TLM0203
,,23,2026-09-20T01:01:54Z,74.86157391879411,temperature,airSensors,TLM0203
,,23,2026-09-20T01:02:04Z,74.91103038385033,temperature,airSensors,TLM0203
,,23,2026-09-20T01:02:14Z,74.9445629889101,temperature,airSensors,TLM0203
,,23,2026-09-20T01:02:24Z,74.94106571822672,temperature,airSensors,TLM0203
,,23,2026-09-20T01:02:34Z,74.973579991082,temperature,airSensors,TLM0203
,,23,2026-09-20T01:02:44Z,74.97559194125095,temperature,airSensors,TLM0203
,,23,2026-09-20T01:02:54Z,74.95209912461289,temperature,airSensors,TLM0203
,,23,2026-09-20T01:03:04Z,74.99598676944197,temperature,airSensors,TLM0203
,,23,2026-09-20T01:03:14Z,75.0154621981771,temperature,airSensors,TLM0203
,,23,2026-09-20T01:03:24Z,75.0078518274244,temperature,airSensors,TLM0203
,,23,2026-09-20T01:03:34Z,75.0247859290351,temperature,airSensors,TLM0203
,,23,2026-09-20T01:03:44Z,74.99319801393071,temperature,airSensors,TLM0203
,,23,2026-09-20T01:03:54Z,75.00981742453992,temperature,airSensors,TLM0203
,,23,2026-09-20T01:04:04Z,75.0583005248288,temperature,airSensors,TLM0203
,,23,2026-09-20T01:04:14Z,75.03098835779014,temperature,airSensors,TLM0203
,,23,2026-09-20T01:04:24Z,75.00478500365794,temperature,airSensors,TLM0203
,,23,2026-09-20T01:04:34Z,75.02423766904151,temperature,airSensors,TLM0203
,,23,2026-09-20T01:04:44Z,75.00012965518194,temperature,airSensors,TLM0203
,,23,2026-09-20T01:04:54Z,75.03853535045221,temperature,airSensors,TLM0203
,,23,2026-09-20T01:05:04Z,74.99500725374928,temperature,airSensors,TLM0203
,,23,2026-09-20T01:05:14Z,74.99086746253559,temperature,airSensors,TLM0203
,,23,2026-09-20T01:05:24Z,75.02112252852753,temperature,airSensors,TLM0203
,,23,2026-09-20T01:05:34Z,75.0120428624363,temperature,airSensors,TLM0203
,,23,2026-09-20T01:05:44Z,75.00313778727782,temperature,airSensors,TLM0203
,,23,2026-09-20T01:05:54Z,75.00602279882072,temperature,airSensors,TLM0203
,,23,2026-09-20T01:06:04Z,75.01970801707104,temperature,airSensors,TLM0203
,,23,2026-09-20T01:06:14Z,74.96995039593679,temperature,airSensors,TLM0203
,,23,2026-09-20T01:06:24Z,74.97555484799364,temperature,airSensors,TLM0203
,,23,2026-09-20T01:06:34Z,74.96058905099757,temperature,airSensors,TLM0203
,,23,2026-09-20T01:06:44Z,74.99220374735886,temperature,airSensors,TLM0203
,,23,2026-09-20T01:06:54Z,75.00082806670783,temperature,airSensors,TLM0203
,,23,2026-09-20T01:07:04Z,74.9985565997673,temperature,airSensors,TLM0203
,,23,2026-09-20T01:07:14Z,74.96937036769053,temperature,airSensors,TLM0203
,,23,2026-09-20T01:07:24Z,74.92724713788482,temperature,airSensors,TLM0203
,,23,2026-09-20T01:07:34Z,74.93145045896362,temperature,airSensors,TLM0203
,,23,2026-09-20T01:07:44Z,74.95989196092918,temperature,airSensors,TLM0203
,,23,2026-09-20T01:07:54Z,74.96183628008573,temperature,airSensors,TLM0203
,,23,2026-09-20T01:08:04Z,74.9294489896676,temperature,airSensors,TLM0203
,,23,2026-09-20T01:08:14Z,74.92555705433335,temperature,airSensors,TLM0203
,,23,2026-09-20T01:08:24Z,74.96758811746746,temperature,airSensors,TLM0203
,,23,2026-09-20T01:08:34Z,74.98666123810985,temperature,airSensors,TLM0203
,,23,2026-09-20T01:08:44Z,74.94540197636084,temperature,airSensors,TLM0203
,,23,2026-09-20T01:08:54Z,74.9790005953764,temperature,airSensors,TLM0203
,,23,2026-09-20T01:09:04Z,74.9808989525348,temperature,airSensors,TLM0203
,,23,2026-09-20T01:09:14Z,74.96494212165342,temperature,airSensors,TLM0203
,,23,2026-09-20T01:09:24Z,74.97777844438924,temperature,airSensors,TLM0203
,,23,2026-09-20T01:09:34Z,75.0223368800104,temperature,airSensors,TLM0203
,,23,2026-09-20T01:09:44Z,75.0012685094714,temperature,airSensors,TLM0203
,,23,2026-09-20T01:09:54Z,74.98876225408925,temperature,airSensors,TLM0203
,,23,2026-09-20T01:10:04Z,74.9696600165985,temperature,airSensors,TLM0203
,,23,2026-09-20T01:10:14Z,74.93737429406751,temperature,airSensors,TLM0203
,,23,2026-09-20T01:10:24Z,74.98195265042084,temperature,airSensors,TLM0203
,,23,2026-09-20T01:10:34Z,75.01675411348843,temperature,airSensors,TLM0203
,,23,2026-09-20T01:10:44Z,74.97992967373963,temperature,airSensors,TLM0203
,,23,2026-09-20T01:10:54Z,74.99191239189896,temperature,airSensors,TLM0203
,,23,2026-09-20T01:11:04Z,74.95738163599492,temperature,airSensors,TLM0203
,,23,2026-09-20T01:11:14Z,74.9203110462476,temperature,airSensors,TLM0203
,,23,2026-09-20T01:11:24Z,74.95178538696864,temperature,airSensors,TLM0203
,,23,2026-09-20T01:11:34Z,74.99201206233107,temperature,airSensors,TLM0203
,,23,2026-09-20T01:11:44Z,75.00992178603941,temperature,airSensors,TLM0203
,,23,2026-09-20T01:11:54Z,74.97817396850573,temperature,airSensors,TLM0203
,,23,2026-09-20T01:12:04Z,74.94361951720937,temperature,airSensors,TLM0203
,,23,2026-09-20T01:12:14Z,74.96001363418947,temperature,airSensors,TLM0203
,,23,2026-09-20T01:12:24Z,75.00591327594468,temperature,airSensors,TLM0203
,,23,2026-09-20T01:12:34Z,75.0352156203988,temperature,airSensors,TLM0203
,,23,2026-09-20T01:12:44Z,75.0103221057825,temperature,airSensors,TLM0203
,,23,2026-09-20T01:12:54Z,75.05743980803432,temperature,airSensors,TLM0203
,,23,2026-09-20T01:13:04Z,75.09149017215982,temperature,airSensors,TLM0203
,,23,2026-09-20T01:13:14Z,75.13021648287088,temperature,airSensors,TLM0203
,,23,2026-09-20T01:13:24Z,75.15468491854674,temperature,airSensors,TLM0203
,,23,2026-09-20T01:13:34Z,75.15356006613905,temperature,airSensors,TLM0203
,,23,2026-09-20T01:13:44Z,75.13522230204349,temperature,airSensors,TLM0203
,,23,2026-09-20T01:13:54Z,75.13455009998229,temperature,airSensors,TLM0203
,,23,2026-09-20T01:14:04Z,75.09685905947217,temperature,airSensors,TLM0203
,,23,2026-09-20T01:14:14Z,75.12103027889948,temperature,airSensors,TLM0203
,,23,2026-09-20T01:14:24Z,75.10077211396636,temperature,airSensors,TLM0203
,,23,2026-09-20T01:14:34Z,75.13103933322657,temperature,airSensors,TLM0203
,,23,2026-09-20T01:14:44Z,75.13791027520583,temperature,airSensors,TLM0203
,,23,2026-09-20T01:14:54Z,75.16301213789923,temperature,airSensors,TLM0203
,,23,2026-09-20T01:15:04Z,75.13832227322158,temperature,airSensors,TLM0203
,,23,2026-09-20T01:15:14Z,75.14397575086761,temperature,airSensors,TLM0203
,,23,2026-09-20T01:15:24Z,75.10761503369403,temperature,airSensors,TLM0203
,,23,2026-09-20T01:15:34Z,75.14991073728366,temperature,airSensors,TLM0203
,,23,2026-09-20T01:15:44Z,75.16540584229185,temperature,airSensors,TLM0203
,,23,2026-09-20T01:15:54Z,75.17351211087458,temperature,airSensors,TLM0203
,,23,2026-09-20T01:16:04Z,75.21759302094713,temperature,airSensors,TLM0203
,,23,2026-09-20T01:16:14Z,75.25414465092923,temperature,airSensors,TLM0203
,,23,2026-09-20T01:16:24Z,75.24974359457259,temperature,airSensors,TLM0203
,,23,2026-09-20T01:16:34Z,75.2591916656515,temperature,airSensors,TLM0203
,,23,2026-09-20T01:16:44Z,75.29183802077225,temperature,airSensors,TLM0203
,,23,2026-09-20T01:16:54Z,75.3364964380786,temperature,airSensors,TLM0203
,,23,2026-09-20T01:17:04Z,75.29894770493583,temperature,airSensors,TLM0203
,,23,2026-09-20T01:17:14Z,75.28928091803387,temperature,airSensors,TLM0203
,,23,2026-09-20T01:17:24Z,75.24929147199808,temperature,airSensors,TLM0203
,,23,2026-09-20T01:17:34Z,75.28646538167247,temperature,airSensors,TLM0203
,,23,2026-09-20T01:17:44Z,75.3321290838102,temperature,airSensors,TLM0203
,,23,2026-09-20T01:17:54Z,75.37135481598466,temperature,airSensors,TLM0203
,,23,2026-09-20T01:18:04Z,75.35621105879184,temperature,airSensors,TLM0203
,,23,2026-09-20T01:18:14Z,75.36861908824903,temperature,airSensors,TLM0203
,,23,2026-09-20T01:18:24Z,75.3586835534391,temperature,airSensors,TLM0203
,,23,2026-09-20T01:18:34Z,75.38067855092895,temperature,airSensors,TLM0203
,,23,2026-09-20T01:18:44Z,75.36137330419362,temperature,airSensors,TLM0203
,,23,2026-09-20T01:18:54Z,75.33376579833099,temperature,airSensors,TLM0203
,,23,2026-09-20T01:19:04Z,75.3204244736247,temperature,airSensors,TLM0203
,,23,2026-09-20T01:19:14Z,75.30492555881116,temperature,airSensors,TLM0203
,,23,2026-09-20T01:19:24Z,75.28013738230726,temperature,airSensors,TLM0203
,,23,2026-09-20T01:19:34Z,75.24358962244679,temperature,airSensors,TLM0203
,,23,2026-09-20T01:19:44Z,75.28597361044432,temperature,airSensors,TLM0203
,,23,2026-09-20T01:19:54Z,75.32554095052977,temperature,airSensors,TLM0203
,,23,2026-09-20T01:20:04Z,75.36435899425291,temperature,airSensors,TLM0203
,,23,2026-09-20T01:20:14Z,75.34155774895933,temperature,airSensors,TLM0203
,,23,2026-09-20T01:20:24Z,75.35411901926352,temperature,airSensors,TLM0203
,,23,2026-09-20T01:20:34Z,75.3538932611393,temperature,airSensors,TLM0203
,,23,2026-09-20T01:20:44Z,75.30557775841086,temperature,airSensors,TLM0203
,,23,2026-09-20T01:20:54Z,75.35101916816053,temperature,airSensors,TLM0203
,,23,2026-09-20T01:21:04Z,75.31517783405853,temperature,airSensors,TLM0203
,,23,2026-09-20T01:21:14Z,75.34369750127847,temperature,airSensors,TLM0203
,,23,2026-09-20T01:21:24Z,75.317921964316,temperature,airSensors,TLM0203
,,23,2026-09-20T01:21:34Z,75.28301308345753,temperature,airSensors,TLM0203
,,23,2026-09-20T01:21:44Z,75.32614450002579,temperature,airSensors,TLM0203
,,23,2026-09-20T01:21:54Z,75.31180328787781,temperature,airSensors,TLM0203
,,23,2026-09-20T01:22:04Z,75.35074457119447,temperature,airSensors,TLM0203
,,23,2026-09-20T01:22:14Z,75.30116964439193,temperature,airSensors,TLM0203
,,23,2026-09-20T01:22:24Z,75.33522359838824,temperature,airSensors,TLM0203
,,23,2026-09-20T01:22:34Z,75.29313259950698,temperature,airSensors,TLM0203
,,23,2026-09-20T01:22:44Z,75.3168521957966,temperature,airSensors,TLM0203
,,23,2026-09-20T01:22:54Z,75.26751616153412,temperature,airSensors,TLM0203
,,23,2026-09-20T01:23:04Z,75.22736549688739,temperature,airSensors,TLM0203
,,23,2026-09-20T01:23:14Z,75.238900908105,temperature,airSensors,TLM0203
,,23,2026-09-20T01:23:24Z,75.21756091808122,temperature,airSensors,TLM0203
,,23,2026-09-20T01:23:34Z,75.25843171980004,temperature,airSensors,TLM0203
,,23,2026-09-20T01:23:44Z,75.30834404319648,temperature,airSensors,TLM0203
,,23,2026-09-20T01:23:54Z,75.31602119633372,temperature,airSensors,TLM0203
,,23,2026-09-20T01:24:04Z,75.30479359590086,temperature,airSensors,TLM0203
,,23,2026-09-20T01:24:14Z,75.30110443608342,temperature,airSensors,TLM0203
,,23,2026-09-20T01:24:24Z,75.34894932976074,temperature,airSensors,TLM0203
,,23,2026-09-20T01:24:34Z,75.37521083189222,temperature,airSensors,TLM0203
,,23,2026-09-20T01:24:44Z,75.37646184661186,temperature,airSensors,TLM0203
,,23,2026-09-20T01:24:54Z,75.39763944638369,temperature,airSensors,TLM0203
,,23,2026-09-20T01:25:04Z,75.39076206890107,temperature,airSensors,TLM0203
,,23,2026-09-20T01:25:14Z,75.37651469565132,temperature,airSensors,TLM0203
,,23,2026-09-20T01:25:24Z,75.34843290931938,temperature,airSensors,TLM0203
,,23,2026-09-20T01:25:34Z,75.33989128953495,temperature,airSensors,TLM0203
,,23,2026-09-20T01:25:44Z,75.30379583564445,temperature,airSensors,TLM0203
,,23,2026-09-20T01:25:54Z,75.25507215636581,temperature,airSensors,TLM0203
,,23,2026-09-20T01:26:04Z,75.25777884872942,temperature,airSensors,TLM0203
,,23,2026-09-20T01:26:14Z,75.25683771384132,temperature,airSensors,TLM0203
,,23,2026-09-20T01:26:24Z,75.21406146402771,temperature,airSensors,TLM0203
,,23,2026-09-20T01:26:34Z,75.21757198724481,temperature,airSensors,TLM0203
,,23,2026-09-20T01:26:44Z,75.2633791964764,temperature,airSensors,TLM0203
,,23,2026-09-20T01:26:54Z,75.23099004432781,temperature,airSensors,TLM0203
,,23,2026-09-20T01:27:04Z,75.27463757690856,temperature,airSensors,TLM0203
,,23,2026-09-20T01:27:14Z,75.31087899556314,temperature,airSensors,TLM0203
,,23,2026-09-20T01:27:24Z,75.26187030841744,temperature,airSensors,TLM0203
,,23,2026-09-20T01:27:34Z,75.25087825153709,temperature,airSensors,TLM0203
,,23,2026-09-20T01:27:44Z,75.21628337882021,temperature,airSensors,TLM0203
,,23,2026-09-20T01:27:54Z,75.26428442021837,temperature,airSensors,TLM0203
,,23,2026-09-20T01:28:04Z,75.31025767567209,temperature,airSensors,TLM0203
,,23,2026-09-20T01:28:14Z,75.33927029197673,temperature,airSensors,TLM0203
,,23,2026-09-20T01:28:24Z,75.32057224735657,temperature,airSensors,TLM0203
,,23,2026-09-20T01:28:34Z,75.2865873476455,temperature,airSensors,TLM0203
,,23,2026-09-20T01:28:44Z,75.30713280016093,temperature,airSensors,TLM0203
,,23,2026-09-20T01:28:54Z,75.26616424347505,temperature,airSensors,TLM0203
,,23,2026-09-20T01:29:04Z,75.24747395862403,temperature,airSensors,TLM0203
,,23,2026-09-20T01:29:14Z,75.27071374117229,temperature,airSensors,TLM0203
,,23,2026-09-20T01:29:24Z,75.25862546517605,temperature,airSensors,TLM0203
,,23,2026-09-20T01:29:34Z,75.25660835249555,temperature,airSensors,TLM0203
,,23,2026-09-20T01:29:44Z,75.260851822355,temperature,airSensors,TLM0203
,,23,2026-09-20T01:29:54Z,75.2911040408185,temperature,airSensors,TLM0203
,,23,2026-09-20T01:30:04Z,75.293041033103,temperature,airSensors,TLM0203
,,23,2026-09-20T01:30:14Z,75.26652013397126,temperature,airSensors,TLM0203
,,23,2026-09-20T01:30:24Z,75.22634080053777,temperature,airSensors,TLM0203
,,23,2026-09-20T01:30:34Z,75.2157564249677,temperature,airSensors,TLM0203
,,23,2026-09-20T01:30:44Z,75.26495380794724,temperature,airSensors,TLM0203
,,23,2026-09-20T01:30:54Z,75.27443836610585,temperature,airSensors,TLM0203
,,23,2026-09-20T01:31:04Z,75.2268949887638,temperature,airSensors,TLM0203
,,23,2026-09-20T01:31:14Z,75.21995046490123,temperature,airSensors,TLM0203
,,23,2026-09-20T01:31:24Z,75.18284815907259,temperature,airSensors,TLM0203
,,23,2026-09-20T01:31:34Z,75.13292610298862,temperature,airSensors,TLM0203
,,23,2026-09-20T01:31:44Z,75.09326848482432,temperature,airSensors,TLM0203
,,23,2026-09-20T01:31:54Z,75.13734302708518,temperature,airSensors,TLM0203
,,23,2026-09-20T01:32:04Z,75.1462289690876,temperature,airSensors,TLM0203
,,23,2026-09-20T01:32:14Z,75.16260738241846,temperature,airSensors,TLM0203
,,23,2026-09-20T01:32:24Z,75.19189038572884,temperature,airSensors,TLM0203
,,23,2026-09-20T01:32:34Z,75.1846680632475,temperature,airSensors,TLM0203
,,23,2026-09-20T01:32:44Z,75.14374408906211,temperature,airSensors,TLM0203
,,23,2026-09-20T01:32:54Z,75.14346199207388,temperature,airSensors,TLM0203
,,23,2026-09-20T01:33:04Z,75.14237988599355,temperature,airSensors,TLM0203
,,23,2026-09-20T01:33:14Z,75.15035267605212,temperature,airSensors,TLM0203
,,23,2026-09-20T01:33:24Z,75.15347278269813,temperature,airSensors,TLM0203
,,23,2026-09-20T01:33:34Z,75.1440089157945,temperature,airSensors,TLM0203
,,23,2026-09-20T01:33:44Z,75.15147129285135,temperature,airSensors,TLM0203
,,23,2026-09-20T01:33:54Z,75.17614562858301,temperature,airSensors,TLM0203
,,23,2026-09-20T01:34:04Z,75.13453732905033,temperature,airSensors,TLM0203
,,23,2026-09-20T01:34:14Z,75.10540730190961,temperature,airSensors,TLM0203
,,23,2026-09-20T01:34:24Z,75.0838954675073,temperature,airSensors,TLM0203
,,23,2026-09-20T01:34:34Z,75.10052233784947,temperature,airSensors,TLM0203
,,23,2026-09-20T01:34:44Z,75.06467426423264,temperature,airSensors,TLM0203
,,23,2026-09-20T01:34:54Z,75.11155021528414,temperature,airSensors,TLM0203
,,23,2026-09-20T01:35:04Z,75.14508283166177,temperature,airSensors,TLM0203
,,23,2026-09-20T01:35:14Z,75.10830950836537,temperature,airSensors,TLM0203
,,23,2026-09-20T01:35:24Z,75.11119086353305,temperature,airSensors,TLM0203
,,23,2026-09-20T01:35:34Z,75.13049757361031,temperature,airSensors,TLM0203
,,23,2026-09-20T01:35:44Z,75.17323601631963,temperature,airSensors,TLM0203
,,23,2026-09-20T01:35:54Z,75.13968582716346,temperature,airSensors,TLM0203
,,23,2026-09-20T01:36:04Z,75.15920796674314,temperature,airSensors,TLM0203
,,23,2026-09-20T01:36:14Z,75.13822731813511,temperature,airSensors,TLM0203
,,23,2026-09-20T01:36:24Z,75.1134041990304,temperature,airSensors,TLM0203
,,23,2026-09-20T01:36:34Z,75.14959866306133,temperature,airSensors,TLM0203
,,23,2026-09-20T01:36:44Z,75.14763906949165,temperature,airSensors,TLM0203
,,23,2026-09-20T01:36:54Z,75.14202678722124,temperature,airSensors,TLM0203
,,23,2026-09-20T01:37:04Z,75.11182133442622,temperature,airSensors,TLM0203
,,23,2026-09-20T01:37:14Z,75.09485747064353,temperature,airSensors,TLM0203
,,23,2026-09-20T01:37:24Z,75.09134252551092,temperature,airSensors,TLM0203
,,23,2026-09-20T01:37:34Z,75.12408196641658,temperature,airSensors,TLM0203
,,23,2026-09-20T01:37:44Z,75.10952925956592,temperature,airSensors,TLM0203
,,23,2026-09-20T01:37:54Z,75.11043554930251,temperature,airSensors,TLM0203
,,23,2026-09-20T01:38:04Z,75.14309756242345,temperature,airSensors,TLM0203
,,23,2026-09-20T01:38:14Z,75.14987744190626,temperature,airSensors,TLM0203
,,23,2026-09-20T01:38:24Z,75.19488138289081,temperature,airSensors,TLM0203
,,23,2026-09-20T01:38:34Z,75.20913261152133,temperature,airSensors,TLM0203
,,23,2026-09-20T01:38:44Z,75.17629786002792,temperature,airSensors,TLM0203
,,23,2026-09-20T01:38:54Z,75.16205012491191,temperature,airSensors,TLM0203
,,23,2026-09-20T01:39:04Z,75.15759269235993,temperature,airSensors,TLM0203
,,23,2026-09-20T01:39:14Z,75.170678723958,temperature,airSensors,TLM0203
,,23,2026-09-20T01:39:24Z,75.21721062086277,temperature,airSensors,TLM0203
,,23,2026-09-20T01:39:34Z,75.25476764142712,temperature,airSensors,TLM0203
,,23,2026-09-20T01:39:44Z,75.26637283890565,temperature,airSensors,TLM0203
,,23,2026-09-20T01:39:54Z,75.26691846548793,temperature,airSensors,TLM0203

