#group,false,false,false,false,true,true,true,true,true,true
#datatype,string,long,dateTime:RFC3339,double,string,string,string,string,string,string
#default,_result,,,,,,,,,
,result,table,_time,_value,_field,_measurement,code,crypto,description,symbol
,,0,2023-10-11T17:33:00Z,26001.8022,price,coindesk,EUR,bitcoin,Euro,&euro;
,,0,2023-10-11T17:48:00Z,25926.4528,price,coindesk,EUR,bitcoin,Euro,&euro;
,,0,2023-10-11T18:05:00Z,25967.778,price,coindesk,EUR,bitcoin,Euro,&euro;
,,0,2023-10-11T18:24:00Z,25970.0005,price,coindesk,EUR,bitcoin,Euro,&euro;
,,0,2023-10-11T18:34:00Z,25956.36,price,coindesk,EUR,bitcoin,Euro,&euro;
,,0,2023-10-11T18:48:00Z,25935.0523,price,coindesk,EUR,bitcoin,Euro,&euro;
,,0,2023-10-11T19:04:00Z,25987.1684,price,coindesk,EUR,bitcoin,Euro,&euro;
,,0,2023-10-11T19:18:00Z,26028.8454,price,coindesk,EUR,bitcoin,Euro,&euro;
,,0,2023-10-11T19:33:00Z,25999.4446,price,coindesk,EUR,bitcoin,Euro,&euro;
,,0,2023-10-11T19:48:00Z,26045.1988,price,coindesk,EUR,bitcoin,Euro,&euro;
,,0,2023-10-11T20:04:00Z,26055.7135,price,coindesk,EUR,bitcoin,Euro,&euro;
,,0,2023-10-11T20:20:00Z,26007.199,price,coindesk,EUR,bitcoin,Euro,&euro;
,,0,2023-10-11T20:33:00Z,26014.6408,price,coindesk,EUR,bitcoin,Euro,&euro;
,,0,2023-10-11T20:48:00Z,25998.4681,price,coindesk,EUR,bitcoin,Euro,&euro;
,,0,2023-10-11T21:04:00Z,26009.5492,price,coindesk,EUR,bitcoin,Euro,&euro;
,,0,2023-10-11T21:19:00Z,26034.68,price,coindesk,EUR,bitcoin,Euro,&euro;
,,0,2023-10-11T21:33:00Z,26017.8759,price,coindesk,EUR,bitcoin,Euro,&euro;
,,0,2023-10-11T21:48:00Z,25994.5663,price,coindesk,EUR,bitcoin,Euro,&euro;
,,0,2023-10-11T22:04:00Z,26029.8776,price,coindesk,EUR,bitcoin,Euro,&euro;
,,0,2023-10-11T22:21:00Z,26055.4771,price,coindesk,EUR,bitcoin,Euro,&euro;
,,0,2023-10-11T22:33:00Z,26083.9887,price,coindesk,EUR,bitcoin,Euro,&euro;
,,0,2023-10-11T22:48:00Z,26079.6228,price,coindesk,EUR,bitcoin,Euro,&euro;
,,0,2023-10-11T23:04:00Z,26075.5219,price,coindesk,EUR,bitcoin,Euro,&euro;
,,0,2023-10-11T23:19:00Z,26078.9117,price,coindesk,EUR,bitcoin,Euro,&euro;
,,0,2023-10-11T23:33:00Z,26119.1647,price,coindesk,EUR,bitcoin,Euro,&euro;
,,0,2023-10-11T23:48:00Z,26141.2137,price,coindesk,EUR,bitcoin,Euro,&euro;
,,0,2023-10-12T00:16:00Z,26145.357,price,coindesk,EUR,bitcoin,Euro,&euro;
,,0,2023-10-12T00:48:00Z,26103.9809,price,coindesk,EUR,bitcoin,Euro,&euro;
,,0,2023-10-12T01:24:00Z,26053.1835,price,coindesk,EUR,bitcoin,Euro,&euro;
,,0,2023-10-12T01:47:00Z,26068.7668,price,coindesk,EUR,bitcoin,Euro,&euro;
,,0,2023-10-12T02:09:00Z,26080.023,price,coindesk,EUR,bitcoin,Euro,&euro;
,,0,2023-10-12T02:22:00Z,26116.2703,price,coindesk,EUR,bitcoin,Euro,&euro;
,,0,2023-10-12T02:33:00Z,26125.1058,price,coindesk,EUR,bitcoin,Euro,&euro;
,,0,2023-10-12T02:48:00Z,26185.4283,price,coindesk,EUR,bitcoin,Euro,&euro;
,,0,2023-10-12T03:04:00Z,26181.3825,price,coindesk,EUR,bitcoin,Euro,&euro;
,,0,2023-10-12T03:20:00Z,26149.5482,price,coindesk,EUR,bitcoin,Euro,&euro;
,,0,2023-10-12T03:33:00Z,26143.1145,price,coindesk,EUR,bitcoin,Euro,&euro;
,,0,2023-10-12T03:48:00Z,26136.5225,price,coindesk,EUR,bitcoin,Euro,&euro;
,,0,2023-10-12T04:04:00Z,26136.8207,price,coindesk,EUR,bitcoin,Euro,&euro;
,,0,2023-10-12T04:22:00Z,26143.4926,price,coindesk,EUR,bitcoin,Euro,&euro;
,,0,2023-10-12T04:33:00Z,26141.2151,price,coindesk,EUR,bitcoin,Euro,&euro;
,,0,2023-10-12T04:48:00Z,26138.5456,price,coindesk,EUR,bitcoin,Euro,&euro;
,,0,2023-10-12T05:04:00Z,26116.2487,price,coindesk,EUR,bitcoin,Euro,&euro;
,,0,2023-10-12T05:21:00Z,26101.2578,price,coindesk,EUR,bitcoin,Euro,&euro;
,,0,2023-10-12T05:33:00Z,26119.9353,price,coindesk,EUR,bitcoin,Euro,&euro;
,,0,2023-10-12T05:48:00Z,26149.5146,price,coindesk,EUR,bitcoin,Euro,&euro;
,,0,2023-10-12T06:05:00Z,26157.4708,price,coindesk,EUR,bitcoin,Euro,&euro;
,,0,2023-10-12T06:23:00Z,26171.7211,price,coindesk,EUR,bitcoin,Euro,&euro;
,,0,2023-10-12T06:34:00Z,26194.2822,price,coindesk,EUR,bitcoin,Euro,&euro;
,,0,2023-10-12T06:48:00Z,26196.877,price,coindesk,EUR,bitcoin,Euro,&euro;
,,0,2023-10-12T07:19:00Z,26136.1365,price,coindesk,EUR,bitcoin,Euro,&euro;
,,0,2023-10-12T07:33:00Z,26146.9297,price,coindesk,EUR,bitcoin,Euro,&euro;
,,0,2023-10-12T07:48:00Z,26147.3002,price,coindesk,EUR,bitcoin,Euro,&euro;
,,0,2023-10-12T08:05:00Z,26123.7559,price,coindesk,EUR,bitcoin,Euro,&euro;
,,0,2023-10-12T08:23:00Z,26115.384,price,coindesk,EUR,bitcoin,Euro,&euro;
,,0,2023-10-12T08:33:00Z,26123.6147,price,coindesk,EUR,bitcoin,Euro,&euro;
,,0,2023-10-12T08:48:00Z,26129.1807,price,coindesk,EUR,bitcoin,Euro,&euro;
,,0,2023-10-12T09:04:00Z,26102.3342,price,coindesk,EUR,bitcoin,Euro,&euro;
,,0,2023-10-12T09:20:00Z,26117.5812,price,coindesk,EUR,bitcoin,Euro,&euro;
,,0,2023-10-12T09:33:00Z,26031.1287,price,coindesk,EUR,bitcoin,Euro,&euro;
,,0,2023-10-12T09:48:00Z,26023.5233,price,coindesk,EUR,bitcoin,Euro,&euro;
,,0,2023-10-12T10:04:00Z,26066.1528,price,coindesk,EUR,bitcoin,Euro,&euro;
,,0,2023-10-12T10:22:00Z,26049.0514,price,coindesk,EUR,bitcoin,Euro,&euro;
,,0,2023-10-12T10:34:00Z,26046.0979,price,coindesk,EUR,bitcoin,Euro,&euro;
,,0,2023-10-12T10:48:00Z,26075.8289,price,coindesk,EUR,bitcoin,Euro,&euro;
,,0,2023-10-12T11:04:00Z,26077.4845,price,coindesk,EUR,bitcoin,Euro,&euro;
,,0,2023-10-12T11:18:00Z,26063.8594,price,coindesk,EUR,bitcoin,Euro,&euro;
,,0,2023-10-12T11:33:00Z,26056.5795,price,coindesk,EUR,bitcoin,Euro,&euro;
,,0,2023-10-12T11:48:00Z,26094.2059,price,coindesk,EUR,bitcoin,Euro,&euro;
,,0,2023-10-12T12:06:00Z,26119.4909,price,coindesk,EUR,bitcoin,Euro,&euro;
,,0,2023-10-12T12:25:00Z,26106.4811,price,coindesk,EUR,bitcoin,Euro,&euro;
,,0,2023-10-12T12:41:00Z,26162.9396,price,coindesk,EUR,bitcoin,Euro,&euro;
,,0,2023-10-12T12:54:00Z,26148.8972,price,coindesk,EUR,bitcoin,Euro,&euro;
,,0,2023-10-12T13:06:00Z,26170.0315,price,coindesk,EUR,bitcoin,Euro,&euro;
,,0,2023-10-12T13:23:00Z,26153.5286,price,coindesk,EUR,bitcoin,Euro,&euro;
,,0,2023-10-12T13:34:00Z,26088.1457,price,coindesk,EUR,bitcoin,Euro,&euro;
,,0,2023-10-12T13:48:00Z,26059.361,price,coindesk,EUR,bitcoin,Euro,&euro;
,,0,2023-10-12T14:04:00Z,26067.7042,price,coindesk,EUR,bitcoin,Euro,&euro;
,,0,2023-10-12T14:21:00Z,26041.2217,price,coindesk,EUR,bitcoin,Euro,&euro;
,,0,2023-10-12T14:33:00Z,26016.4639,price,coindesk,EUR,bitcoin,Euro,&euro;
,,0,2023-10-12T14:48:00Z,26026.0784,price,coindesk,EUR,bitcoin,Euro,&euro;
,,0,2023-10-12T15:04:00Z,25979.1641,price,coindesk,EUR,bitcoin,Euro,&euro;
,,0,2023-10-12T15:21:00Z,26016.0578,price,coindesk,EUR,bitcoin,Euro,&euro;
,,0,2023-10-12T15:34:00Z,25978.8751,price,coindesk,EUR,bitcoin,Euro,&euro;
,,0,2023-10-12T15:48:00Z,25967.3607,price,coindesk,EUR,bitcoin,Euro,&euro;
,,0,2023-10-12T16:05:00Z,25976.4728,price,coindesk,EUR,bitcoin,Euro,&euro;
,,0,2023-10-12T16:23:00Z,25988.3972,price,coindesk,EUR,bitcoin,Euro,&euro;
,,0,2023-10-12T16:35:00Z,26070.8531,price,coindesk,EUR,bitcoin,Euro,&euro;
,,0,2023-10-12T16:48:00Z,26032.7105,price,coindesk,EUR,bitcoin,Euro,&euro;
,,0,2023-10-12T17:04:00Z,25948.7833,price,coindesk,EUR,bitcoin,Euro,&euro;
,,0,2023-10-12T17:21:00Z,25930.8316,price,coindesk,EUR,bitcoin,Euro,&euro;
,,0,2023-10-12T17:33:00Z,25897.474,price,coindesk,EUR,bitcoin,Euro,&euro;
,,0,2023-10-12T17:48:00Z,25948.5838,price,coindesk,EUR,bitcoin,Euro,&euro;
,,0,2023-10-12T18:05:00Z,25941.6831,price,coindesk,EUR,bitcoin,Euro,&euro;
,,0,2023-10-12T18:23:00Z,25971.4671,price,coindesk,EUR,bitcoin,Euro,&euro;
,,0,2023-10-12T18:34:00Z,26014.8683,price,coindesk,EUR,bitcoin,Euro,&euro;
,,0,2023-10-12T18:49:00Z,26008.038,price,coindesk,EUR,bitcoin,Euro,&euro;
,,0,2023-10-12T19:04:00Z,25957.6952,price,coindesk,EUR,bitcoin,Euro,&euro;
,,0,2023-10-12T19:18:00Z,25968.9336,price,coindesk,EUR,bitcoin,Euro,&euro;
,,0,2023-10-12T19:33:00Z,26000.2281,price,coindesk,EUR,bitcoin,Euro,&euro;
,,0,2023-10-12T19:48:00Z,26021.0052,price,coindesk,EUR,bitcoin,Euro,&euro;
,,0,2023-10-12T20:05:00Z,26012.043,price,coindesk,EUR,bitcoin,Euro,&euro;
,,0,2023-10-12T20:20:00Z,26024.4015,price,coindesk,EUR,bitcoin,Euro,&euro;
,,0,2023-10-12T20:33:00Z,26040.645,price,coindesk,EUR,bitcoin,Euro,&euro;
,,0,2023-10-12T20:48:00Z,26037.7178,price,coindesk,EUR,bitcoin,Euro,&euro;
,,0,2023-10-12T21:04:00Z,26035.409,price,coindesk,EUR,bitcoin,Euro,&euro;
,,0,2023-10-12T21:18:00Z,26029.7318,price,coindesk,EUR,bitcoin,Euro,&euro;
,,0,2023-10-12T21:33:00Z,26060.5052,price,coindesk,EUR,bitcoin,Euro,&euro;
,,0,2023-10-12T21:48:00Z,26024.659,price,coindesk,EUR,bitcoin,Euro,&euro;
,,0,2023-10-12T22:04:00Z,26040.4441,price,coindesk,EUR,bitcoin,Euro,&euro;
,,0,2023-10-12T22:21:00Z,26037.7512,price,coindesk,EUR,bitcoin,Euro,&euro;
,,0,2023-10-12T22:33:00Z,26045.207,price,coindesk,EUR,bitcoin,Euro,&euro;
,,0,2023-10-12T22:48:00Z,26037.4481,price,coindesk,EUR,bitcoin,Euro,&euro;
,,0,2023-10-12T23:04:00Z,26047.3767,price,coindesk,EUR,bitcoin,Euro,&euro;
,,0,2023-10-12T23:20:00Z,26014.5841,price,coindesk,EUR,bitcoin,Euro,&euro;
,,0,2023-10-12T23:33:00Z,26039.988,price,coindesk,EUR,bitcoin,Euro,&euro;
,,0,2023-10-12T23:48:00Z,26040.2796,price,coindesk,EUR,bitcoin,Euro,&euro;
,,0,2023-10-13T00:18:00Z,26133.3463,price,coindesk,EUR,bitcoin,Euro,&euro;
,,0,2023-10-13T00:48:00Z,26121.1219,price,coindesk,EUR,bitcoin,Euro,&euro;
,,0,2023-10-13T01:26:00Z,26099.1313,price,coindesk,EUR,bitcoin,Euro,&euro;
,,0,2023-10-13T01:51:00Z,26112.1412,price,coindesk,EUR,bitcoin,Euro,&euro;
,,0,2023-10-13T02:12:00Z,26098.0841,price,coindesk,EUR,bitcoin,Euro,&euro;
,,0,2023-10-13T02:27:00Z,26104.0961,price,coindesk,EUR,bitcoin,Euro,&euro;
,,0,2023-10-13T02:37:00Z,26091.2236,price,coindesk,EUR,bitcoin,Euro,&euro;
,,0,2023-10-13T02:48:00Z,26086.0833,price,coindesk,EUR,bitcoin,Euro,&euro;
,,0,2023-10-13T03:04:00Z,26115.3978,price,coindesk,EUR,bitcoin,Euro,&euro;
,,0,2023-10-13T03:20:00Z,26106.6396,price,coindesk,EUR,bitcoin,Euro,&euro;
,,0,2023-10-13T03:33:00Z,26089.4507,price,coindesk,EUR,bitcoin,Euro,&euro;
,,0,2023-10-13T03:48:00Z,26079.0601,price,coindesk,EUR,bitcoin,Euro,&euro;
,,0,2023-10-13T04:05:00Z,26084.0028,price,coindesk,EUR,bitcoin,Euro,&euro;
,,0,2023-10-13T04:22:00Z,26090.3123,price,coindesk,EUR,bitcoin,Euro,&euro;
,,0,2023-10-13T04:34:00Z,26102.7688,price,coindesk,EUR,bitcoin,Euro,&euro;
,,0,2023-10-13T04:48:00Z,26095.0093,price,coindesk,EUR,bitcoin,Euro,&euro;
,,0,2023-10-13T05:05:00Z,26114.1594,price,coindesk,EUR,bitcoin,Euro,&euro;
,,0,2023-10-13T05:21:00Z,26111.1648,price,coindesk,EUR,bitcoin,Euro,&euro;
,,0,2023-10-13T05:33:00Z,26088.5222,price,coindesk,EUR,bitcoin,Euro,&euro;
,,0,2023-10-13T05:48:00Z,26097.019,price,coindesk,EUR,bitcoin,Euro,&euro;
,,0,2023-10-13T06:05:00Z,26113.1919,price,coindesk,EUR,bitcoin,Euro,&euro;
,,0,2023-10-13T06:23:00Z,26116.7043,price,coindesk,EUR,bitcoin,Euro,&euro;
,,0,2023-10-13T06:34:00Z,26114.9996,price,coindesk,EUR,bitcoin,Euro,&euro;
,,0,2023-10-13T06:48:00Z,26151.1499,price,coindesk,EUR,bitcoin,Euro,&euro;
,,0,2023-10-13T07:05:00Z,26136.5005,price,coindesk,EUR,bitcoin,Euro,&euro;
,,0,2023-10-13T07:19:00Z,26167.1877,price,coindesk,EUR,bitcoin,Euro,&euro;
,,0,2023-10-13T07:33:00Z,26208.3737,price,coindesk,EUR,bitcoin,Euro,&euro;
,,0,2023-10-13T07:48:00Z,26153.8933,price,coindesk,EUR,bitcoin,Euro,&euro;
,,0,2023-10-13T08:05:00Z,26175.1161,price,coindesk,EUR,bitcoin,Euro,&euro;
,,0,2023-10-13T08:23:00Z,26137.4168,price,coindesk,EUR,bitcoin,Euro,&euro;
,,0,2023-10-13T08:34:00Z,26138.1989,price,coindesk,EUR,bitcoin,Euro,&euro;
,,0,2023-10-13T08:48:00Z,26099.7888,price,coindesk,EUR,bitcoin,Euro,&euro;
,,0,2023-10-13T09:05:00Z,26104.2546,price,coindesk,EUR,bitcoin,Euro,&euro;
,,0,2023-10-13T09:20:00Z,26120.5696,price,coindesk,EUR,bitcoin,Euro,&euro;
,,0,2023-10-13T09:33:00Z,26118.6487,price,coindesk,EUR,bitcoin,Euro,&euro;
,,0,2023-10-13T09:48:00Z,26086.3031,price,coindesk,EUR,bitcoin,Euro,&euro;
,,0,2023-10-13T10:08:00Z,26083.4022,price,coindesk,EUR,bitcoin,Euro,&euro;
,,0,2023-10-13T10:22:00Z,26091.0024,price,coindesk,EUR,bitcoin,Euro,&euro;
,,0,2023-10-13T10:34:00Z,26098.214,price,coindesk,EUR,bitcoin,Euro,&euro;
,,0,2023-10-13T10:48:00Z,26098.2073,price,coindesk,EUR,bitcoin,Euro,&euro;
,,0,2023-10-13T11:04:00Z,26090.2287,price,coindesk,EUR,bitcoin,Euro,&euro;
,,0,2023-10-13T11:18:00Z,26121.2448,price,coindesk,EUR,bitcoin,Euro,&euro;
,,0,2023-10-13T11:33:00Z,26143.8244,price,coindesk,EUR,bitcoin,Euro,&euro;
,,0,2023-10-13T11:48:00Z,26128.4785,price,coindesk,EUR,bitcoin,Euro,&euro;
,,0,2023-10-13T12:06:00Z,26076.4182,price,coindesk,EUR,bitcoin,Euro,&euro;
,,0,2023-10-13T12:25:00Z,26143.1438,price,coindesk,EUR,bitcoin,Euro,&euro;
,,0,2023-10-13T12:41:00Z,26158.2941,price,coindesk,EUR,bitcoin,Euro,&euro;
,,0,2023-10-13T12:54:00Z,26193.726,price,coindesk,EUR,bitcoin,Euro,&euro;
,,0,2023-10-13T13:06:00Z,26162.5132,price,coindesk,EUR,bitcoin,Euro,&euro;
,,0,2023-10-13T13:23:00Z,26176.5897,price,coindesk,EUR,bitcoin,Euro,&euro;
,,0,2023-10-13T13:33:00Z,26180.5733,price,coindesk,EUR,bitcoin,Euro,&euro;
,,0,2023-10-13T13:48:00Z,26145.2841,price,coindesk,EUR,bitcoin,Euro,&euro;
,,0,2023-10-13T14:04:00Z,26141.8338,price,coindesk,EUR,bitcoin,Euro,&euro;
,,0,2023-10-13T14:21:00Z,26131.7366,price,coindesk,EUR,bitcoin,Euro,&euro;
,,0,2023-10-13T14:33:00Z,26127.9936,price,coindesk,EUR,bitcoin,Euro,&euro;
,,0,2023-10-13T14:48:00Z,26133.8622,price,coindesk,EUR,bitcoin,Euro,&euro;
,,0,2023-10-13T15:04:00Z,26096.3658,price,coindesk,EUR,bitcoin,Euro,&euro;
,,0,2023-10-13T15:20:00Z,26093.0368,price,coindesk,EUR,bitcoin,Euro,&euro;
,,0,2023-10-13T15:33:00Z,26035.2883,price,coindesk,EUR,bitcoin,Euro,&euro;
,,0,2023-10-13T15:48:00Z,26038.9718,price,coindesk,EUR,bitcoin,Euro,&euro;
,,0,2023-10-13T16:05:00Z,26017.6248,price,coindesk,EUR,bitcoin,Euro,&euro;
,,0,2023-10-13T16:23:00Z,26061.1678,price,coindesk,EUR,bitcoin,Euro,&euro;
,,0,2023-10-13T16:34:00Z,26083.0185,price,coindesk,EUR,bitcoin,Euro,&euro;
,,0,2023-10-13T16:48:00Z,26090.1092,price,coindesk,EUR,bitcoin,Euro,&euro;
,,0,2023-10-13T17:04:00Z,26086.6581,price,coindesk,EUR,bitcoin,Euro,&euro;
,,0,2023-10-13T17:20:00Z,26048.7807,price,coindesk,EUR,bitcoin,Euro,&euro;
,,0,2023-10-13T17:37:00Z,26003.0465,price,coindesk,EUR,bitcoin,Euro,&euro;
,,0,2023-10-13T17:48:00Z,26050.7879,price,coindesk,EUR,bitcoin,Euro,&euro;
,,0,2023-10-13T18:05:00Z,26068.6346,price,coindesk,EUR,bitcoin,Euro,&euro;
,,0,2023-10-13T18:23:00Z,26070.9433,price,coindesk,EUR,bitcoin,Euro,&euro;
,,0,2023-10-13T18:34:00Z,26072.6402,price,coindesk,EUR,bitcoin,Euro,&euro;
,,0,2023-10-13T18:48:00Z,26055.6717,price,coindesk,EUR,bitcoin,Euro,&euro;
,,0,2023-10-13T19:04:00Z,26050.084,price,coindesk,EUR,bitcoin,Euro,&euro;
,,0,2023-10-13T19:18:00Z,26061.3133,price,coindesk,EUR,bitcoin,Euro,&euro;
,,0,2023-10-13T19:33:00Z,26070.5026,price,coindesk,EUR,bitcoin,Euro,&euro;
,,0,2023-10-13T19:48:00Z,26042.1949,price,coindesk,EUR,bitcoin,Euro,&euro;
,,0,2023-10-13T20:04:00Z,26092.9794,price,coindesk,EUR,bitcoin,Euro,&euro;
,,0,2023-10-13T20:21:00Z,26066.7643,price,coindesk,EUR,bitcoin,Euro,&euro;
,,0,2023-10-13T20:33:00Z,26051.8784,price,coindesk,EUR,bitcoin,Euro,&euro;
,,0,2023-10-13T20:48:00Z,26071.8259,price,coindesk,EUR,bitcoin,Euro,&euro;
,,0,2023-10-13T21:04:00Z,26398.6989,price,coindesk,EUR,bitcoin,Euro,&euro;
,,0,2023-10-13T21:18:00Z,26219.5483,price,coindesk,EUR,bitcoin,Euro,&euro;
,,0,2023-10-13T21:33:00Z,26322.4491,price,coindesk,EUR,bitcoin,Euro,&euro;
,,0,2023-10-13T21:48:00Z,26337.121,price,coindesk,EUR,bitcoin,Euro,&euro;
,,0,2023-10-13T22:04:00Z,26314.5337,price,coindesk,EUR,bitcoin,Euro,&euro;
,,0,2023-10-13T22:21:00Z,26356.0805,price,coindesk,EUR,bitcoin,Euro,&euro;
,,0,2023-10-13T22:33:00Z,26259.078,price,coindesk,EUR,bitcoin,Euro,&euro;
,,0,2023-10-13T22:48:00Z,26189.8939,price,coindesk,EUR,bitcoin,Euro,&euro;
,,0,2023-10-13T23:04:00Z,26142.073,price,coindesk,EUR,bitcoin,Euro,&euro;
,,0,2023-10-13T23:19:00Z,26115.7032,price,coindesk,EUR,bitcoin,Euro,&euro;
,,0,2023-10-13T23:33:00Z,26130.6603,price,coindesk,EUR,bitcoin,Euro,&euro;
,,0,2023-10-13T23:48:00Z,26158.1114,price,coindesk,EUR,bitcoin,Euro,&euro;
,,0,2023-10-14T00:17:00Z,26165.9893,price,coindesk,EUR,bitcoin,Euro,&euro;
,,0,2023-10-14T00:48:00Z,26183.2164,price,coindesk,EUR,bitcoin,Euro,&euro;
,,0,2023-10-14T01:24:00Z,26163.8765,price,coindesk,EUR,bitcoin,Euro,&euro;
,,0,2023-10-14T01:47:00Z,26194.2432,price,coindesk,EUR,bitcoin,Euro,&euro;
,,0,2023-10-14T02:08:00Z,26205.462,price,coindesk,EUR,bitcoin,Euro,&euro;
,,0,2023-10-14T02:22:00Z,26198.4558,price,coindesk,EUR,bitcoin,Euro,&euro;
,,0,2023-10-14T02:33:00Z,26203.0293,price,coindesk,EUR,bitcoin,Euro,&euro;
,,0,2023-10-14T02:48:00Z,26215.6471,price,coindesk,EUR,bitcoin,Euro,&euro;
,,0,2023-10-14T03:04:00Z,26225.3879,price,coindesk,EUR,bitcoin,Euro,&euro;
,,0,2023-10-14T03:19:00Z,26233.916,price,coindesk,EUR,bitcoin,Euro,&euro;
,,0,2023-10-14T03:33:00Z,26239.8835,price,coindesk,EUR,bitcoin,Euro,&euro;
,,0,2023-10-14T03:48:00Z,26233.6268,price,coindesk,EUR,bitcoin,Euro,&euro;
,,0,2023-10-14T04:04:00Z,26232.0104,price,coindesk,EUR,bitcoin,Euro,&euro;
,,0,2023-10-14T04:21:00Z,26226.1977,price,coindesk,EUR,bitcoin,Euro,&euro;
,,0,2023-10-14T04:33:00Z,26225.1954,price,coindesk,EUR,bitcoin,Euro,&euro;
,,0,2023-10-14T04:48:00Z,26215.2698,price,coindesk,EUR,bitcoin,Euro,&euro;
,,0,2023-10-14T05:07:00Z,26211.896,price,coindesk,EUR,bitcoin,Euro,&euro;
,,0,2023-10-14T05:20:00Z,26227.9471,price,coindesk,EUR,bitcoin,Euro,&euro;
,,0,2023-10-14T05:34:00Z,26248.2802,price,coindesk,EUR,bitcoin,Euro,&euro;
,,0,2023-10-14T05:48:00Z,26206.6488,price,coindesk,EUR,bitcoin,Euro,&euro;
,,0,2023-10-14T06:05:00Z,26194.2717,price,coindesk,EUR,bitcoin,Euro,&euro;
,,0,2023-10-14T06:22:00Z,26181.0089,price,coindesk,EUR,bitcoin,Euro,&euro;
,,0,2023-10-14T06:33:00Z,26173.9077,price,coindesk,EUR,bitcoin,Euro,&euro;
,,0,2023-10-14T06:48:00Z,26181.797,price,coindesk,EUR,bitcoin,Euro,&euro;
,,0,2023-10-14T07:04:00Z,26149.3717,price,coindesk,EUR,bitcoin,Euro,&euro;
,,0,2023-10-14T07:18:00Z,26169.2963,price,coindesk,EUR,bitcoin,Euro,&euro;
,,0,2023-10-14T07:33:00Z,26177.8053,price,coindesk,EUR,bitcoin,Euro,&euro;
,,0,2023-10-14T07:48:00Z,26175.0579,price,coindesk,EUR,bitcoin,Euro,&euro;
,,0,2023-10-14T08:04:00Z,26188.7985,price,coindesk,EUR,bitcoin,Euro,&euro;
,,0,2023-10-14T08:21:00Z,26168.883,price,coindesk,EUR,bitcoin,Euro,&euro;
,,0,2023-10-14T08:33:00Z,26174.6109,price,coindesk,EUR,bitcoin,Euro,&euro;
,,0,2023-10-14T08:48:00Z,26167.4368,price,coindesk,EUR,bitcoin,Euro,&euro;
,,0,2023-10-14T09:04:00Z,26180.9756,price,coindesk,EUR,bitcoin,Euro,&euro;
,,0,2023-10-14T09:19:00Z,26187.2728,price,coindesk,EUR,bitcoin,Euro,&euro;
,,0,2023-10-14T09:33:00Z,26185.6702,price,coindesk,EUR,bitcoin,Euro,&euro;
,,0,2023-10-14T09:48:00Z,26176.9451,price,coindesk,EUR,bitcoin,Euro,&euro;
,,0,2023-10-14T10:04:00Z,26191.7127,price,coindesk,EUR,bitcoin,Euro,&euro;
,,0,2023-10-14T10:21:00Z,26198.4638,price,coindesk,EUR,bitcoin,Euro,&euro;
,,0,2023-10-14T10:41:00Z,26206.1932,price,coindesk,EUR,bitcoin,Euro,&euro;
,,0,2023-10-14T10:48:00Z,26189.0882,price,coindesk,EUR,bitcoin,Euro,&euro;
,,0,2023-10-14T11:04:00Z,26179.0372,price,coindesk,EUR,bitcoin,Euro,&euro;
,,0,2023-10-14T11:18:00Z,26171.3779,price,coindesk,EUR,bitcoin,Euro,&euro;
,,0,2023-10-14T11:33:00Z,26178.5686,price,coindesk,EUR,bitcoin,Euro,&euro;
,,0,2023-10-14T11:48:00Z,26158.8452,price,coindesk,EUR,bitcoin,Euro,&euro;
,,0,2023-10-14T12:05:00Z,26178.9271,price,coindesk,EUR,bitcoin,Euro,&euro;
,,0,2023-10-14T12:24:00Z,26163.3804,price,coindesk,EUR,bitcoin,Euro,&euro;
,,0,2023-10-14T12:41:00Z,26161.5505,price,coindesk,EUR,bitcoin,Euro,&euro;
,,0,2023-10-14T12:51:00Z,26188.4236,price,coindesk,EUR,bitcoin,Euro,&euro;
,,0,2023-10-14T13:04:00Z,26204.8689,price,coindesk,EUR,bitcoin,Euro,&euro;
,,0,2023-10-14T13:20:00Z,26203.5671,price,coindesk,EUR,bitcoin,Euro,&euro;
,,0,2023-10-14T13:33:00Z,26192.4145,price,coindesk,EUR,bitcoin,Euro,&euro;
,,0,2023-10-14T13:48:00Z,26202.2069,price,coindesk,EUR,bitcoin,Euro,&euro;
,,0,2023-10-14T14:04:00Z,26213.0197,price,coindesk,EUR,bitcoin,Euro,&euro;
,,0,2023-10-14T14:20:00Z,26205.9266,price,coindesk,EUR,bitcoin,Euro,&euro;
,,0,2023-10-14T14:33:00Z,26191.3918,price,coindesk,EUR,bitcoin,Euro,&euro;
,,0,2023-10-14T14:48:00Z,26197.3964,price,coindesk,EUR,bitcoin,Euro,&euro;
,,0,2023-10-14T15:04:00Z,26197.8857,price,coindesk,EUR,bitcoin,Euro,&euro;
,,0,2023-10-14T15:19:00Z,26225.6387,price,coindesk,EUR,bitcoin,Euro,&euro;
,,0,2023-10-14T15:33:00Z,26199.5244,price,coindesk,EUR,bitcoin,Euro,&euro;
,,0,2023-10-14T15:48:00Z,26231.0307,price,coindesk,EUR,bitcoin,Euro,&euro;
,,0,2023-10-14T16:04:00Z,26241.5999,price,coindesk,EUR,bitcoin,Euro,&euro;
,,0,2023-10-14T16:22:00Z,26217.0487,price,coindesk,EUR,bitcoin,Euro,&euro;
,,0,2023-10-14T16:33:00Z,26216.862,price,coindesk,EUR,bitcoin,Euro,&euro;
,,0,2023-10-14T16:48:00Z,26211.7222,price,coindesk,EUR,bitcoin,Euro,&euro;
,,0,2023-10-14T17:04:00Z,26232.424,price,coindesk,EUR,bitcoin,Euro,&euro;
,,0,2023-10-14T17:20:00Z,26217.1232,price,coindesk,EUR,bitcoin,Euro,&euro;
,,0,2023-10-14T17:33:00Z,26196.8132,price,coindesk,EUR,bitcoin,Euro,&euro;
,,0,2023-10-14T17:48:00Z,26202.0024,price,coindesk,EUR,bitcoin,Euro,&euro;
,,0,2023-10-14T18:04:00Z,26197.3732,price,coindesk,EUR,bitcoin,Euro,&euro;
,,0,2023-10-14T18:22:00Z,26183.6987,price,coindesk,EUR,bitcoin,Euro,&euro;
,,0,2023-10-14T18:33:00Z,26180.9421,price,coindesk,EUR,bitcoin,Euro,&euro;
,,0,2023-10-14T18:48:00Z,26180.5322,price,coindesk,EUR,bitcoin,Euro,&euro;
,,0,2023-10-14T19:04:00Z,26176.1268,price,coindesk,EUR,bitcoin,Euro,&euro;
,,0,2023-10-14T19:18:00Z,26169.3353,price,coindesk,EUR,bitcoin,Euro,&euro;
,,0,2023-10-14T19:33:00Z,26180.0985,price,coindesk,EUR,bitcoin,Euro,&euro;
,,0,2023-10-14T19:48:00Z,26166.2216,price,coindesk,EUR,bitcoin,Euro,&euro;
,,0,2023-10-14T20:04:00Z,26168.9427,price,coindesk,EUR,bitcoin,Euro,&euro;
,,0,2023-10-14T20:19:00Z,26162.3524,price,coindesk,EUR,bitcoin,Euro,&euro;
,,0,2023-10-14T20:33:00Z,26154.0592,price,coindesk,EUR,bitcoin,Euro,&euro;
,,0,2023-10-14T20:48:00Z,26157.7003,price,coindesk,EUR,bitcoin,Euro,&euro;
,,0,2023-10-14T21:04:00Z,26179.1194,price,coindesk,EUR,bitcoin,Euro,&euro;
,,0,2023-10-14T21:18:00Z,26178.3985,price,coindesk,EUR,bitcoin,Euro,&euro;
,,0,2023-10-14T21:33:00Z,26147.4125,price,coindesk,EUR,bitcoin,Euro,&euro;
,,0,2023-10-14T21:48:00Z,26142.3607,price,coindesk,EUR,bitcoin,Euro,&euro;
,,0,2023-10-14T22:04:00Z,26140.5971,price,coindesk,EUR,bitcoin,Euro,&euro;
,,0,2023-10-14T22:20:00Z,26144.2587,price,coindesk,EUR,bitcoin,Euro,&euro;
,,0,2023-10-14T22:33:00Z,26141.9476,price,coindesk,EUR,bitcoin,Euro,&euro;
,,0,2023-10-14T22:48:00Z,26148.0014,price,coindesk,EUR,bitcoin,Euro,&euro;
,,0,2023-10-14T23:04:00Z,26171.4482,price,coindesk,EUR,bitcoin,Euro,&euro;
,,0,2023-10-14T23:19:00Z,26175.5589,price,coindesk,EUR,bitcoin,Euro,&euro;
,,0,2023-10-14T23:33:00Z,26170.5649,price,coindesk,EUR,bitcoin,Euro,&euro;
,,0,2023-10-14T23:48:00Z,26170.823,price,coindesk,EUR,bitcoin,Euro,&euro;
,,0,2023-10-15T00:19:00Z,26151.4913,price,coindesk,EUR,bitcoin,Euro,&euro;
,,0,2023-10-15T00:48:00Z,26148.4148,price,coindesk,EUR,bitcoin,Euro,&euro;
,,0,2023-10-15T01:28:00Z,26172.9235,price,coindesk,EUR,bitcoin,Euro,&euro;
,,0,2023-10-15T01:53:00Z,26205.0009,price,coindesk,EUR,bitcoin,Euro,&euro;
,,0,2023-10-15T02:12:00Z,26197.5796,price,coindesk,EUR,bitcoin,Euro,&euro;
,,0,2023-10-15T02:26:00Z,26181.9356,price,coindesk,EUR,bitcoin,Euro,&euro;
,,0,2023-10-15T02:35:00Z,26192.7504,price,coindesk,EUR,bitcoin,Euro,&euro;
,,0,2023-10-15T02:48:00Z,26196.3448,price,coindesk,EUR,bitcoin,Euro,&euro;
,,0,2023-10-15T03:04:00Z,26188.9588,price,coindesk,EUR,bitcoin,Euro,&euro;
,,0,2023-10-15T03:20:00Z,26208.8893,price,coindesk,EUR,bitcoin,Euro,&euro;
,,0,2023-10-15T03:33:00Z,26213.9676,price,coindesk,EUR,bitcoin,Euro,&euro;
,,0,2023-10-15T03:48:00Z,26197.1995,price,coindesk,EUR,bitcoin,Euro,&euro;
,,0,2023-10-15T04:04:00Z,26200.2149,price,coindesk,EUR,bitcoin,Euro,&euro;
,,0,2023-10-15T04:21:00Z,26183.6892,price,coindesk,EUR,bitcoin,Euro,&euro;
,,0,2023-10-15T04:33:00Z,26195.0297,price,coindesk,EUR,bitcoin,Euro,&euro;
,,0,2023-10-15T04:48:00Z,26186.5857,price,coindesk,EUR,bitcoin,Euro,&euro;
,,0,2023-10-15T05:04:00Z,26189.5734,price,coindesk,EUR,bitcoin,Euro,&euro;
,,0,2023-10-15T05:20:00Z,26193.3767,price,coindesk,EUR,bitcoin,Euro,&euro;
,,0,2023-10-15T05:33:00Z,26191.5718,price,coindesk,EUR,bitcoin,Euro,&euro;
,,0,2023-10-15T05:48:00Z,26189.641,price,coindesk,EUR,bitcoin,Euro,&euro;
,,0,2023-10-15T06:04:00Z,26189.9254,price,coindesk,EUR,bitcoin,Euro,&euro;
,,0,2023-10-15T06:22:00Z,26185.5976,price,coindesk,EUR,bitcoin,Euro,&euro;
,,0,2023-10-15T06:33:00Z,26184.6779,price,coindesk,EUR,bitcoin,Euro,&euro;
,,0,2023-10-15T06:48:00Z,26185.5704,price,coindesk,EUR,bitcoin,Euro,&euro;
,,0,2023-10-15T07:04:00Z,26187.9323,price,coindesk,EUR,bitcoin,Euro,&euro;
,,0,2023-10-15T07:18:00Z,26180.3161,price,coindesk,EUR,bitcoin,Euro,&euro;
,,0,2023-10-15T07:33:00Z,26182.8332,price,coindesk,EUR,bitcoin,Euro,&euro;
,,0,2023-10-15T07:48:00Z,26187.5994,price,coindesk,EUR,bitcoin,Euro,&euro;
,,0,2023-10-15T08:04:00Z,26195.8426,price,coindesk,EUR,bitcoin,Euro,&euro;
,,0,2023-10-15T08:21:00Z,26200.0044,price,coindesk,EUR,bitcoin,Euro,&euro;
,,0,2023-10-15T08:33:00Z,26205.8879,price,coindesk,EUR,bitcoin,Euro,&euro;
,,0,2023-10-15T08:48:00Z,26214.2823,price,coindesk,EUR,bitcoin,Euro,&euro;
,,0,2023-10-15T09:04:00Z,26215.9215,price,coindesk,EUR,bitcoin,Euro,&euro;
,,0,2023-10-15T09:19:00Z,26226.3116,price,coindesk,EUR,bitcoin,Euro,&euro;
,,0,2023-10-15T09:33:00Z,26211.872,price,coindesk,EUR,bitcoin,Euro,&euro;
,,0,2023-10-15T09:48:00Z,26207.3359,price,coindesk,EUR,bitcoin,Euro,&euro;
,,0,2023-10-15T10:04:00Z,26216.1649,price,coindesk,EUR,bitcoin,Euro,&euro;
,,0,2023-10-15T10:21:00Z,26208.9647,price,coindesk,EUR,bitcoin,Euro,&euro;
,,0,2023-10-15T10:33:00Z,26199.9033,price,coindesk,EUR,bitcoin,Euro,&euro;
,,0,2023-10-15T10:48:00Z,26211.1993,price,coindesk,EUR,bitcoin,Euro,&euro;
,,0,2023-10-15T11:04:00Z,26179.3481,price,coindesk,EUR,bitcoin,Euro,&euro;
,,0,2023-10-15T11:18:00Z,26164.4868,price,coindesk,EUR,bitcoin,Euro,&euro;
,,0,2023-10-15T11:33:00Z,26183.2599,price,coindesk,EUR,bitcoin,Euro,&euro;
,,0,2023-10-15T11:48:00Z,26172.4929,price,coindesk,EUR,bitcoin,Euro,&euro;
,,0,2023-10-15T12:05:00Z,26151.7669,price,coindesk,EUR,bitcoin,Euro,&euro;
,,0,2023-10-15T12:24:00Z,26154.1118,price,coindesk,EUR,bitcoin,Euro,&euro;
,,0,2023-10-15T12:39:00Z,26144.8094,price,coindesk,EUR,bitcoin,Euro,&euro;
,,0,2023-10-15T12:51:00Z,26142.5622,price,coindesk,EUR,bitcoin,Euro,&euro;
,,0,2023-10-15T13:04:00Z,26126.6216,price,coindesk,EUR,bitcoin,Euro,&euro;
,,0,2023-10-15T13:20:00Z,26202.4568,price,coindesk,EUR,bitcoin,Euro,&euro;
,,0,2023-10-15T13:33:00Z,26231.8533,price,coindesk,EUR,bitcoin,Euro,&euro;
,,0,2023-10-15T13:48:00Z,26177.648,price,coindesk,EUR,bitcoin,Euro,&euro;
,,0,2023-10-15T14:04:00Z,26187.0936,price,coindesk,EUR,bitcoin,Euro,&euro;
,,0,2023-10-15T14:20:00Z,26198.1067,price,coindesk,EUR,bitcoin,Euro,&euro;
,,0,2023-10-15T14:33:00Z,26214.9568,price,coindesk,EUR,bitcoin,Euro,&euro;
,,0,2023-10-15T14:48:00Z,26189.5869,price,coindesk,EUR,bitcoin,Euro,&euro;
,,0,2023-10-15T15:04:00Z,26183.2625,price,coindesk,EUR,bitcoin,Euro,&euro;
,,0,2023-10-15T15:19:00Z,26194.9783,price,coindesk,EUR,bitcoin,Euro,&euro;
,,0,2023-10-15T15:33:00Z,26203.3442,price,coindesk,EUR,bitcoin,Euro,&euro;
,,0,2023-10-15T15:48:00Z,26209.706,price,coindesk,EUR,bitcoin,Euro,&euro;
,,0,2023-10-15T16:04:00Z,26217.7394,price,coindesk,EUR,bitcoin,Euro,&euro;
,,0,2023-10-15T16:22:00Z,26201.4791,price,coindesk,EUR,bitcoin,Euro,&euro;
,,0,2023-10-15T16:34:00Z,26213.975,price,coindesk,EUR,bitcoin,Euro,&euro;
,,0,2023-10-15T16:48:00Z,26227.662,price,coindesk,EUR,bitcoin,Euro,&euro;
,,0,2023-10-15T17:04:00Z,26232.2577,price,coindesk,EUR,bitcoin,Euro,&euro;
,,0,2023-10-15T17:20:00Z,26246.3448,price,coindesk,EUR,bitcoin,Euro,&euro;
,,0,2023-10-15T17:33:00Z,26286.1325,price,coindesk,EUR,bitcoin,Euro,&euro;
,,0,2023-10-15T17:48:00Z,26270.5547,price,coindesk,EUR,bitcoin,Euro,&euro;
,,0,2023-10-15T18:05:00Z,26279.0087,price,coindesk,EUR,bitcoin,Euro,&euro;
,,0,2023-10-15T18:22:00Z,26270.6857,price,coindesk,EUR,bitcoin,Euro,&euro;
,,0,2023-10-15T18:33:00Z,26294.7863,price,coindesk,EUR,bitcoin,Euro,&euro;
,,0,2023-10-15T18:48:00Z,26353.4287,price,coindesk,EUR,bitcoin,Euro,&euro;
,,0,2023-10-15T19:04:00Z,26341.2333,price,coindesk,EUR,bitcoin,Euro,&euro;
,,0,2023-10-15T19:18:00Z,26362.5438,price,coindesk,EUR,bitcoin,Euro,&euro;
,,0,2023-10-15T19:33:00Z,26343.759,price,coindesk,EUR,bitcoin,Euro,&euro;
,,0,2023-10-15T19:48:00Z,26315.7785,price,coindesk,EUR,bitcoin,Euro,&euro;
,,0,2023-10-15T20:04:00Z,26343.5284,price,coindesk,EUR,bitcoin,Euro,&euro;
,,0,2023-10-15T20:19:00Z,26334.8048,price,coindesk,EUR,bitcoin,Euro,&euro;
,,0,2023-10-15T20:33:00Z,26397.6768,price,coindesk,EUR,bitcoin,Euro,&euro;
,,0,2023-10-15T20:48:00Z,26497.1328,price,coindesk,EUR,bitcoin,Euro,&euro;
,,0,2023-10-15T21:04:00Z,26519.772,price,coindesk,EUR,bitcoin,Euro,&euro;
,,0,2023-10-15T21:18:00Z,26439.4849,price,coindesk,EUR,bitcoin,Euro,&euro;
,,0,2023-10-15T21:33:00Z,26480.7368,price,coindesk,EUR,bitcoin,Euro,&euro;
,,0,2023-10-15T21:48:00Z,26469.6198,price,coindesk,EUR,bitcoin,Euro,&euro;
,,0,2023-10-15T22:04:00Z,26498.9524,price,coindesk,EUR,bitcoin,Euro,&euro;
,,0,2023-10-15T22:20:00Z,26549.0346,price,coindesk,EUR,bitcoin,Euro,&euro;
,,0,2023-10-15T22:33:00Z,26560.5116,price,coindesk,EUR,bitcoin,Euro,&euro;
,,0,2023-10-15T22:48:00Z,26427.5128,price,coindesk,EUR,bitcoin,Euro,&euro;
,,0,2023-10-15T23:04:00Z,26375.2341,price,coindesk,EUR,bitcoin,Euro,&euro;
,,0,2023-10-15T23:19:00Z,26361.2152,price,coindesk,EUR,bitcoin,Euro,&euro;
,,0,2023-10-15T23:33:00Z,26361.5999,price,coindesk,EUR,bitcoin,Euro,&euro;
,,0,2023-10-15T23:48:00Z,26430.5488,price,coindesk,EUR,bitcoin,Euro,&euro;
,,0,2023-10-16T00:18:00Z,26442.3039,price,coindesk,EUR,bitcoin,Euro,&euro;
,,0,2023-10-16T00:48:00Z,26428.3719,price,coindesk,EUR,bitcoin,Euro,&euro;
,,0,2023-10-16T01:27:00Z,26509.3886,price,coindesk,EUR,bitcoin,Euro,&euro;
,,0,2023-10-16T01:50:00Z,26519.6217,price,coindesk,EUR,bitcoin,Euro,&euro;
,,0,2023-10-16T02:12:00Z,26502.0302,price,coindesk,EUR,bitcoin,Euro,&euro;
,,0,2023-10-16T02:25:00Z,26548.7232,price,coindesk,EUR,bitcoin,Euro,&euro;
,,0,2023-10-16T02:35:00Z,26532.1531,price,coindesk,EUR,bitcoin,Euro,&euro;
,,0,2023-10-16T02:48:00Z,26494.5633,price,coindesk,EUR,bitcoin,Euro,&euro;
,,0,2023-10-16T03:04:00Z,26473.3384,price,coindesk,EUR,bitcoin,Euro,&euro;
,,0,2023-10-16T03:20:00Z,26468.3042,price,coindesk,EUR,bitcoin,Euro,&euro;
,,0,2023-10-16T03:33:00Z,26518.7526,price,coindesk,EUR,bitcoin,Euro,&euro;
,,0,2023-10-16T03:48:00Z,26522.8462,price,coindesk,EUR,bitcoin,Euro,&euro;
,,0,2023-10-16T04:05:00Z,26543.5564,price,coindesk,EUR,bitcoin,Euro,&euro;
,,0,2023-10-16T04:22:00Z,26514.8593,price,coindesk,EUR,bitcoin,Euro,&euro;
,,0,2023-10-16T04:33:00Z,26501.7804,price,coindesk,EUR,bitcoin,Euro,&euro;
,,0,2023-10-16T04:48:00Z,26534.3077,price,coindesk,EUR,bitcoin,Euro,&euro;
,,0,2023-10-16T05:04:00Z,26568.4229,price,coindesk,EUR,bitcoin,Euro,&euro;
,,0,2023-10-16T05:21:00Z,27045.3543,price,coindesk,EUR,bitcoin,Euro,&euro;
,,0,2023-10-16T05:33:00Z,27076.9639,price,coindesk,EUR,bitcoin,Euro,&euro;
,,0,2023-10-16T05:48:00Z,27114.6754,price,coindesk,EUR,bitcoin,Euro,&euro;
,,0,2023-10-16T06:05:00Z,27217.5675,price,coindesk,EUR,bitcoin,Euro,&euro;
,,0,2023-10-16T06:23:00Z,27142.826,price,coindesk,EUR,bitcoin,Euro,&euro;
,,0,2023-10-16T06:34:00Z,27144.458,price,coindesk,EUR,bitcoin,Euro,&euro;
,,0,2023-10-16T06:48:00Z,27107.5584,price,coindesk,EUR,bitcoin,Euro,&euro;
,,0,2023-10-16T07:05:00Z,27120.5191,price,coindesk,EUR,bitcoin,Euro,&euro;
,,0,2023-10-16T07:19:00Z,27132.3842,price,coindesk,EUR,bitcoin,Euro,&euro;
,,0,2023-10-16T07:33:00Z,27184.3731,price,coindesk,EUR,bitcoin,Euro,&euro;
,,0,2023-10-16T07:48:00Z,27144.1156,price,coindesk,EUR,bitcoin,Euro,&euro;
,,0,2023-10-16T08:05:00Z,27168.7091,price,coindesk,EUR,bitcoin,Euro,&euro;
,,0,2023-10-16T08:23:00Z,27106.4143,price,coindesk,EUR,bitcoin,Euro,&euro;
,,0,2023-10-16T08:34:00Z,27137.261,price,coindesk,EUR,bitcoin,Euro,&euro;
,,0,2023-10-16T08:48:00Z,27103.6696,price,coindesk,EUR,bitcoin,Euro,&euro;
,,0,2023-10-16T09:05:00Z,27069.2552,price,coindesk,EUR,bitcoin,Euro,&euro;
,,0,2023-10-16T09:20:00Z,26948.6442,price,coindesk,EUR,bitcoin,Euro,&euro;
,,0,2023-10-16T09:33:00Z,26981.7699,price,coindesk,EUR,bitcoin,Euro,&euro;
,,0,2023-10-16T09:48:00Z,27012.7871,price,coindesk,EUR,bitcoin,Euro,&euro;
,,0,2023-10-16T10:04:00Z,27044.9459,price,coindesk,EUR,bitcoin,Euro,&euro;
,,0,2023-10-16T10:22:00Z,27019.6074,price,coindesk,EUR,bitcoin,Euro,&euro;
,,0,2023-10-16T10:34:00Z,27028.3708,price,coindesk,EUR,bitcoin,Euro,&euro;
,,0,2023-10-16T10:48:00Z,27037.2542,price,coindesk,EUR,bitcoin,Euro,&euro;
,,0,2023-10-16T11:04:00Z,27038.608,price,coindesk,EUR,bitcoin,Euro,&euro;
,,0,2023-10-16T11:18:00Z,27042.9669,price,coindesk,EUR,bitcoin,Euro,&euro;
,,0,2023-10-16T11:33:00Z,27007.9088,price,coindesk,EUR,bitcoin,Euro,&euro;
,,0,2023-10-16T11:48:00Z,27009.9534,price,coindesk,EUR,bitcoin,Euro,&euro;
,,0,2023-10-16T12:07:00Z,27010.3586,price,coindesk,EUR,bitcoin,Euro,&euro;
,,0,2023-10-16T12:25:00Z,27074.3057,price,coindesk,EUR,bitcoin,Euro,&euro;
,,0,2023-10-16T12:42:00Z,27081.6754,price,coindesk,EUR,bitcoin,Euro,&euro;
,,0,2023-10-16T12:55:00Z,27116.9574,price,coindesk,EUR,bitcoin,Euro,&euro;
,,0,2023-10-16T13:06:00Z,27183.892,price,coindesk,EUR,bitcoin,Euro,&euro;
,,0,2023-10-16T13:23:00Z,27209.6711,price,coindesk,EUR,bitcoin,Euro,&euro;
,,0,2023-10-16T13:33:00Z,28663.196,price,coindesk,EUR,bitcoin,Euro,&euro;
,,0,2023-10-16T13:48:00Z,27341.9506,price,coindesk,EUR,bitcoin,Euro,&euro;
,,0,2023-10-16T14:04:00Z,27286.9433,price,coindesk,EUR,bitcoin,Euro,&euro;
,,0,2023-10-16T14:21:00Z,27347.0422,price,coindesk,EUR,bitcoin,Euro,&euro;
,,0,2023-10-16T14:34:00Z,27586.5075,price,coindesk,EUR,bitcoin,Euro,&euro;
,,0,2023-10-16T14:48:00Z,27436.2685,price,coindesk,EUR,bitcoin,Euro,&euro;
,,0,2023-10-16T15:04:00Z,27448.9414,price,coindesk,EUR,bitcoin,Euro,&euro;
,,0,2023-10-16T15:20:00Z,27358.1081,price,coindesk,EUR,bitcoin,Euro,&euro;
,,0,2023-10-16T15:33:00Z,27390.0061,price,coindesk,EUR,bitcoin,Euro,&euro;
,,0,2023-10-16T15:48:00Z,27317.2667,price,coindesk,EUR,bitcoin,Euro,&euro;
,,0,2023-10-16T16:05:00Z,27379.3694,price,coindesk,EUR,bitcoin,Euro,&euro;
,,0,2023-10-16T16:23:00Z,27415.1675,price,coindesk,EUR,bitcoin,Euro,&euro;
,,0,2023-10-16T16:36:00Z,27360.0041,price,coindesk,EUR,bitcoin,Euro,&euro;
,,0,2023-10-16T16:48:00Z,27385.9427,price,coindesk,EUR,bitcoin,Euro,&euro;
,,0,2023-10-16T17:04:00Z,27412.3931,price,coindesk,EUR,bitcoin,Euro,&euro;
,,0,2023-10-16T17:21:00Z,27468.0049,price,coindesk,EUR,bitcoin,Euro,&euro;
,,0,2023-10-16T17:33:00Z,27407.088,price,coindesk,EUR,bitcoin,Euro,&euro;
,,0,2023-10-16T17:48:00Z,27450.9178,price,coindesk,EUR,bitcoin,Euro,&euro;
,,0,2023-10-16T18:05:00Z,27544.2091,price,coindesk,EUR,bitcoin,Euro,&euro;
,,0,2023-10-16T18:23:00Z,27649.6446,price,coindesk,EUR,bitcoin,Euro,&euro;
,,0,2023-10-16T18:34:00Z,27570.8241,price,coindesk,EUR,bitcoin,Euro,&euro;
,,0,2023-10-16T18:48:00Z,27681.5527,price,coindesk,EUR,bitcoin,Euro,&euro;
,,0,2023-10-16T19:04:00Z,27865.068,price,coindesk,EUR,bitcoin,Euro,&euro;
,,0,2023-10-16T19:18:00Z,27883.0079,price,coindesk,EUR,bitcoin,Euro,&euro;
,,0,2023-10-16T19:33:00Z,27853.5682,price,coindesk,EUR,bitcoin,Euro,&euro;
,,0,2023-10-16T19:48:00Z,27727.3716,price,coindesk,EUR,bitcoin,Euro,&euro;
,,0,2023-10-16T20:04:00Z,27716.2809,price,coindesk,EUR,bitcoin,Euro,&euro;
,,0,2023-10-16T20:21:00Z,27819.4072,price,coindesk,EUR,bitcoin,Euro,&euro;
,,0,2023-10-16T20:33:00Z,27808.4092,price,coindesk,EUR,bitcoin,Euro,&euro;
,,0,2023-10-16T20:48:00Z,27710.6656,price,coindesk,EUR,bitcoin,Euro,&euro;
,,0,2023-10-16T21:04:00Z,27648.2977,price,coindesk,EUR,bitcoin,Euro,&euro;
,,0,2023-10-16T21:19:00Z,27625.1331,price,coindesk,EUR,bitcoin,Euro,&euro;
,,0,2023-10-16T21:33:00Z,27666.4184,price,coindesk,EUR,bitcoin,Euro,&euro;
,,0,2023-10-16T21:48:00Z,27706.9453,price,coindesk,EUR,bitcoin,Euro,&euro;
,,0,2023-10-16T22:04:00Z,27715.3823,price,coindesk,EUR,bitcoin,Euro,&euro;
,,0,2023-10-16T22:21:00Z,27691.698,price,coindesk,EUR,bitcoin,Euro,&euro;
,,0,2023-10-16T22:33:00Z,27664.9365,price,coindesk,EUR,bitcoin,Euro,&euro;
,,0,2023-10-16T22:48:00Z,27789.7528,price,coindesk,EUR,bitcoin,Euro,&euro;
,,0,2023-10-16T23:04:00Z,27757.0697,price,coindesk,EUR,bitcoin,Euro,&euro;
,,0,2023-10-16T23:24:00Z,27730.0789,price,coindesk,EUR,bitcoin,Euro,&euro;
,,0,2023-10-16T23:33:00Z,27710.892,price,coindesk,EUR,bitcoin,Euro,&euro;
,,0,2023-10-16T23:48:00Z,27767.7007,price,coindesk,EUR,bitcoin,Euro,&euro;
,,0,2023-10-17T00:18:00Z,27729.0066,price,coindesk,EUR,bitcoin,Euro,&euro;
,,0,2023-10-17T00:48:00Z,27633.5607,price,coindesk,EUR,bitcoin,Euro,&euro;
,,0,2023-10-17T01:26:00Z,27629.5978,price,coindesk,EUR,bitcoin,Euro,&euro;
,,0,2023-10-17T01:49:00Z,27664.932,price,coindesk,EUR,bitcoin,Euro,&euro;
,,0,2023-10-17T02:11:00Z,27627.8431,price,coindesk,EUR,bitcoin,Euro,&euro;
,,0,2023-10-17T02:24:00Z,27579.6851,price,coindesk,EUR,bitcoin,Euro,&euro;
,,0,2023-10-17T02:34:00Z,27644.755,price,coindesk,EUR,bitcoin,Euro,&euro;
,,0,2023-10-17T02:48:00Z,27656.6079,price,coindesk,EUR,bitcoin,Euro,&euro;
,,0,2023-10-17T03:04:00Z,27649.7469,price,coindesk,EUR,bitcoin,Euro,&euro;
,,0,2023-10-17T03:20:00Z,27593.7978,price,coindesk,EUR,bitcoin,Euro,&euro;
,,0,2023-10-17T03:33:00Z,27566.9479,price,coindesk,EUR,bitcoin,Euro,&euro;
,,0,2023-10-17T03:48:00Z,27560.9705,price,coindesk,EUR,bitcoin,Euro,&euro;
,,0,2023-10-17T04:04:00Z,27456.241,price,coindesk,EUR,bitcoin,Euro,&euro;
,,0,2023-10-17T04:22:00Z,27482.3733,price,coindesk,EUR,bitcoin,Euro,&euro;
,,0,2023-10-17T04:33:00Z,27498.176,price,coindesk,EUR,bitcoin,Euro,&euro;
,,0,2023-10-17T04:48:00Z,27459.4818,price,coindesk,EUR,bitcoin,Euro,&euro;
,,0,2023-10-17T05:04:00Z,27479.6088,price,coindesk,EUR,bitcoin,Euro,&euro;
,,0,2023-10-17T05:21:00Z,27466.8507,price,coindesk,EUR,bitcoin,Euro,&euro;
,,0,2023-10-17T05:33:00Z,27468.489,price,coindesk,EUR,bitcoin,Euro,&euro;
,,0,2023-10-17T05:48:00Z,27477.0377,price,coindesk,EUR,bitcoin,Euro,&euro;
,,0,2023-10-17T06:05:00Z,27467.7622,price,coindesk,EUR,bitcoin,Euro,&euro;
,,0,2023-10-17T06:23:00Z,27438.9387,price,coindesk,EUR,bitcoin,Euro,&euro;
,,0,2023-10-17T06:34:00Z,27453.5272,price,coindesk,EUR,bitcoin,Euro,&euro;
,,0,2023-10-17T06:48:00Z,27441.209,price,coindesk,EUR,bitcoin,Euro,&euro;
,,0,2023-10-17T07:04:00Z,27527.6629,price,coindesk,EUR,bitcoin,Euro,&euro;
,,0,2023-10-17T07:19:00Z,27539.4275,price,coindesk,EUR,bitcoin,Euro,&euro;
,,0,2023-10-17T07:33:00Z,27495.7715,price,coindesk,EUR,bitcoin,Euro,&euro;
,,0,2023-10-17T07:48:00Z,27630.474,price,coindesk,EUR,bitcoin,Euro,&euro;
,,0,2023-10-17T08:05:00Z,27744.5551,price,coindesk,EUR,bitcoin,Euro,&euro;
,,0,2023-10-17T08:23:00Z,27670.102,price,coindesk,EUR,bitcoin,Euro,&euro;
,,0,2023-10-17T08:33:00Z,27671.1012,price,coindesk,EUR,bitcoin,Euro,&euro;
,,0,2023-10-17T08:48:00Z,27684.0396,price,coindesk,EUR,bitcoin,Euro,&euro;
,,0,2023-10-17T09:04:00Z,27707.9029,price,coindesk,EUR,bitcoin,Euro,&euro;
,,0,2023-10-17T09:20:00Z,27661.8267,price,coindesk,EUR,bitcoin,Euro,&euro;
,,0,2023-10-17T09:33:00Z,27683.349,price,coindesk,EUR,bitcoin,Euro,&euro;
,,0,2023-10-17T09:48:00Z,27671.3559,price,coindesk,EUR,bitcoin,Euro,&euro;
,,0,2023-10-17T10:04:00Z,27714.2728,price,coindesk,EUR,bitcoin,Euro,&euro;
,,0,2023-10-17T10:22:00Z,27853.4862,price,coindesk,EUR,bitcoin,Euro,&euro;
,,0,2023-10-17T10:34:00Z,27678.4496,price,coindesk,EUR,bitcoin,Euro,&euro;
,,0,2023-10-17T10:48:00Z,27795.0552,price,coindesk,EUR,bitcoin,Euro,&euro;
,,0,2023-10-17T11:04:00Z,27795.1948,price,coindesk,EUR,bitcoin,Euro,&euro;
,,0,2023-10-17T11:18:00Z,27733.7501,price,coindesk,EUR,bitcoin,Euro,&euro;
,,0,2023-10-17T11:33:00Z,27712.4701,price,coindesk,EUR,bitcoin,Euro,&euro;
,,0,2023-10-17T11:48:00Z,27725.7905,price,coindesk,EUR,bitcoin,Euro,&euro;
,,0,2023-10-17T12:06:00Z,27700.0383,price,coindesk,EUR,bitcoin,Euro,&euro;
,,0,2023-10-17T12:25:00Z,27708.4539,price,coindesk,EUR,bitcoin,Euro,&euro;
,,0,2023-10-17T12:41:00Z,27635.4772,price,coindesk,EUR,bitcoin,Euro,&euro;
,,0,2023-10-17T12:54:00Z,27654.9179,price,coindesk,EUR,bitcoin,Euro,&euro;
,,0,2023-10-17T13:06:00Z,27510.6295,price,coindesk,EUR,bitcoin,Euro,&euro;
,,0,2023-10-17T13:22:00Z,27636.2025,price,coindesk,EUR,bitcoin,Euro,&euro;
,,0,2023-10-17T13:33:00Z,27562.7689,price,coindesk,EUR,bitcoin,Euro,&euro;
,,0,2023-10-17T13:48:00Z,27494.2657,price,coindesk,EUR,bitcoin,Euro,&euro;
,,0,2023-10-17T14:04:00Z,27591.4047,price,coindesk,EUR,bitcoin,Euro,&euro;
,,0,2023-10-17T14:21:00Z,27644.8745,price,coindesk,EUR,bitcoin,Euro,&euro;
,,0,2023-10-17T14:33:00Z,27638.7497,price,coindesk,EUR,bitcoin,Euro,&euro;
,,0,2023-10-17T14:48:00Z,27692.619,price,coindesk,EUR,bitcoin,Euro,&euro;
,,0,2023-10-17T15:04:00Z,27732.9885,price,coindesk,EUR,bitcoin,Euro,&euro;
,,0,2023-10-17T15:21:00Z,27786.6545,price,coindesk,EUR,bitcoin,Euro,&euro;
,,0,2023-10-17T15:33:00Z,27720.048,price,coindesk,EUR,bitcoin,Euro,&euro;
,,0,2023-10-17T15:48:00Z,27728.5898,price,coindesk,EUR,bitcoin,Euro,&euro;
,,0,2023-10-17T16:05:00Z,27711.6162,price,coindesk,EUR,bitcoin,Euro,&euro;
,,0,2023-10-17T16:23:00Z,27794.3275,price,coindesk,EUR,bitcoin,Euro,&euro;
,,0,2023-10-17T16:35:00Z,27779.2343,price,coindesk,EUR,bitcoin,Euro,&euro;
,,0,2023-10-17T16:50:00Z,27829.7328,price,coindesk,EUR,bitcoin,Euro,&euro;
,,0,2023-10-17T17:04:00Z,27801.715,price,coindesk,EUR,bitcoin,Euro,&euro;
,,0,2023-10-17T17:20:00Z,27700.7016,price,coindesk,EUR,bitcoin,Euro,&euro;
,,0,2023-10-17T17:33:00Z,27693.1668,price,coindesk,EUR,bitcoin,Euro,&euro;
,,0,2023-10-17T17:48:00Z,27724.2323,price,coindesk,EUR,bitcoin,Euro,&euro;
,,0,2023-10-17T18:05:00Z,27712.1698,price,coindesk,EUR,bitcoin,Euro,&euro;
,,0,2023-10-17T18:23:00Z,27747.3235,price,coindesk,EUR,bitcoin,Euro,&euro;
,,0,2023-10-17T18:34:00Z,27714.0901,price,coindesk,EUR,bitcoin,Euro,&euro;
,,0,2023-10-17T18:48:00Z,27727.1576,price,coindesk,EUR,bitcoin,Euro,&euro;
,,0,2023-10-17T19:04:00Z,27644.1625,price,coindesk,EUR,bitcoin,Euro,&euro;
,,0,2023-10-17T19:18:00Z,27679.1898,price,coindesk,EUR,bitcoin,Euro,&euro;
,,0,2023-10-17T19:34:00Z,27719.2613,price,coindesk,EUR,bitcoin,Euro,&euro;
,,0,2023-10-17T19:48:00Z,27739.1889,price,coindesk,EUR,bitcoin,Euro,&euro;
,,0,2023-10-17T20:05:00Z,27773.1624,price,coindesk,EUR,bitcoin,Euro,&euro;
,,0,2023-10-17T20:20:00Z,27748.8985,price,coindesk,EUR,bitcoin,Euro,&euro;
,,0,2023-10-17T20:33:00Z,27781.2487,price,coindesk,EUR,bitcoin,Euro,&euro;
,,0,2023-10-17T20:48:00Z,27757.5929,price,coindesk,EUR,bitcoin,Euro,&euro;
,,0,2023-10-17T21:04:00Z,27708.7837,price,coindesk,EUR,bitcoin,Euro,&euro;
,,0,2023-10-17T21:19:00Z,27803.257,price,coindesk,EUR,bitcoin,Euro,&euro;
,,0,2023-10-17T21:33:00Z,27801.5058,price,coindesk,EUR,bitcoin,Euro,&euro;
,,0,2023-10-17T21:48:00Z,27733.454,price,coindesk,EUR,bitcoin,Euro,&euro;
,,0,2023-10-17T22:04:00Z,27712.12,price,coindesk,EUR,bitcoin,Euro,&euro;
,,0,2023-10-17T22:21:00Z,27725.894,price,coindesk,EUR,bitcoin,Euro,&euro;
,,0,2023-10-17T22:33:00Z,27752.1123,price,coindesk,EUR,bitcoin,Euro,&euro;
,,0,2023-10-17T22:48:00Z,27663.8459,price,coindesk,EUR,bitcoin,Euro,&euro;
,,0,2023-10-17T23:04:00Z,27685.334,price,coindesk,EUR,bitcoin,Euro,&euro;
,,0,2023-10-17T23:19:00Z,27712.8785,price,coindesk,EUR,bitcoin,Euro,&euro;
,,0,2023-10-17T23:33:00Z,27703.1688,price,coindesk,EUR,bitcoin,Euro,&euro;
,,0,2023-10-17T23:48:00Z,27669.2402,price,coindesk,EUR,bitcoin,Euro,&euro;
,,0,2023-10-18T00:17:00Z,27682.3529,price,coindesk,EUR,bitcoin,Euro,&euro;
,,0,2023-10-18T00:48:00Z,27628.2741,price,coindesk,EUR,bitcoin,Euro,&euro;
,,0,2023-10-18T01:26:00Z,27628.9479,price,coindesk,EUR,bitcoin,Euro,&euro;
,,0,2023-10-18T01:49:00Z,27644.0513,price,coindesk,EUR,bitcoin,Euro,&euro;
,,0,2023-10-18T02:11:00Z,27636.2921,price,coindesk,EUR,bitcoin,Euro,&euro;
,,0,2023-10-18T02:24:00Z,27667.1901,price,coindesk,EUR,bitcoin,Euro,&euro;
,,0,2023-10-18T02:33:00Z,27717.0124,price,coindesk,EUR,bitcoin,Euro,&euro;
,,0,2023-10-18T02:48:00Z,27697.5418,price,coindesk,EUR,bitcoin,Euro,&euro;
,,0,2023-10-18T03:04:00Z,27745.4602,price,coindesk,EUR,bitcoin,Euro,&euro;
,,0,2023-10-18T03:20:00Z,27733.8203,price,coindesk,EUR,bitcoin,Euro,&euro;
,,0,2023-10-18T03:33:00Z,27727.4256,price,coindesk,EUR,bitcoin,Euro,&euro;
,,0,2023-10-18T03:48:00Z,27755.6954,price,coindesk,EUR,bitcoin,Euro,&euro;
,,0,2023-10-18T04:05:00Z,27762.502,price,coindesk,EUR,bitcoin,Euro,&euro;
,,0,2023-10-18T04:22:00Z,27751.7533,price,coindesk,EUR,bitcoin,Euro,&euro;
,,0,2023-10-18T04:33:00Z,27723.4456,price,coindesk,EUR,bitcoin,Euro,&euro;
,,0,2023-10-18T04:48:00Z,27794.4125,price,coindesk,EUR,bitcoin,Euro,&euro;
,,0,2023-10-18T05:04:00Z,27931.598,price,coindesk,EUR,bitcoin,Euro,&euro;
,,0,2023-10-18T05:21:00Z,27943.569,price,coindesk,EUR,bitcoin,Euro,&euro;
,,0,2023-10-18T05:33:00Z,28010.3101,price,coindesk,EUR,bitcoin,Euro,&euro;
,,0,2023-10-18T05:48:00Z,27956.6556,price,coindesk,EUR,bitcoin,Euro,&euro;
,,0,2023-10-18T06:05:00Z,27961.624,price,coindesk,EUR,bitcoin,Euro,&euro;
,,0,2023-10-18T06:23:00Z,27963.7233,price,coindesk,EUR,bitcoin,Euro,&euro;
,,0,2023-10-18T06:34:00Z,27905.3701,price,coindesk,EUR,bitcoin,Euro,&euro;
,,0,2023-10-18T06:48:00Z,27907.8471,price,coindesk,EUR,bitcoin,Euro,&euro;
,,0,2023-10-18T07:05:00Z,27848.9825,price,coindesk,EUR,bitcoin,Euro,&euro;
,,0,2023-10-18T07:19:00Z,27852.0582,price,coindesk,EUR,bitcoin,Euro,&euro;
,,0,2023-10-18T07:33:00Z,27838.3476,price,coindesk,EUR,bitcoin,Euro,&euro;
,,0,2023-10-18T07:48:00Z,27781.0677,price,coindesk,EUR,bitcoin,Euro,&euro;
,,0,2023-10-18T08:05:00Z,27785.3255,price,coindesk,EUR,bitcoin,Euro,&euro;
,,0,2023-10-18T08:23:00Z,27773.5524,price,coindesk,EUR,bitcoin,Euro,&euro;
,,0,2023-10-18T08:33:00Z,27790.3335,price,coindesk,EUR,bitcoin,Euro,&euro;
,,0,2023-10-18T08:48:00Z,27775.5579,price,coindesk,EUR,bitcoin,Euro,&euro;
,,0,2023-10-18T09:04:00Z,27802.9418,price,coindesk,EUR,bitcoin,Euro,&euro;
,,0,2023-10-18T09:20:00Z,27835.9659,price,coindesk,EUR,bitcoin,Euro,&euro;
,,0,2023-10-18T09:33:00Z,27860.1053,price,coindesk,EUR,bitcoin,Euro,&euro;
,,0,2023-10-18T09:48:00Z,27835.6842,price,coindesk,EUR,bitcoin,Euro,&euro;
,,0,2023-10-18T10:04:00Z,27607.8029,price,coindesk,EUR,bitcoin,Euro,&euro;
,,0,2023-10-18T10:22:00Z,27710.0287,price,coindesk,EUR,bitcoin,Euro,&euro;
,,0,2023-10-18T10:33:00Z,27667.6106,price,coindesk,EUR,bitcoin,Euro,&euro;
,,0,2023-10-18T10:48:00Z,27680.9328,price,coindesk,EUR,bitcoin,Euro,&euro;
,,0,2023-10-18T11:04:00Z,27654.5155,price,coindesk,EUR,bitcoin,Euro,&euro;
,,0,2023-10-18T11:18:00Z,27662.5534,price,coindesk,EUR,bitcoin,Euro,&euro;
,,0,2023-10-18T11:33:00Z,27656.309,price,coindesk,EUR,bitcoin,Euro,&euro;
,,0,2023-10-18T11:48:00Z,27667.6397,price,coindesk,EUR,bitcoin,Euro,&euro;
,,0,2023-10-18T12:06:00Z,27608.9395,price,coindesk,EUR,bitcoin,Euro,&euro;
,,0,2023-10-18T12:25:00Z,27624.6668,price,coindesk,EUR,bitcoin,Euro,&euro;
,,0,2023-10-18T12:41:00Z,27623.6988,price,coindesk,EUR,bitcoin,Euro,&euro;
,,0,2023-10-18T12:53:00Z,27608.3431,price,coindesk,EUR,bitcoin,Euro,&euro;
,,0,2023-10-18T13:06:00Z,27588.0031,price,coindesk,EUR,bitcoin,Euro,&euro;
,,0,2023-10-18T13:22:00Z,27639.1988,price,coindesk,EUR,bitcoin,Euro,&euro;
,,0,2023-10-18T13:33:00Z,27637.1415,price,coindesk,EUR,bitcoin,Euro,&euro;
,,0,2023-10-18T13:48:00Z,27634.9344,price,coindesk,EUR,bitcoin,Euro,&euro;
,,0,2023-10-18T14:04:00Z,27594.9497,price,coindesk,EUR,bitcoin,Euro,&euro;
,,0,2023-10-18T14:21:00Z,27617.5417,price,coindesk,EUR,bitcoin,Euro,&euro;
,,0,2023-10-18T14:33:00Z,27568.3354,price,coindesk,EUR,bitcoin,Euro,&euro;
,,0,2023-10-18T14:48:00Z,27493.2582,price,coindesk,EUR,bitcoin,Euro,&euro;
,,0,2023-10-18T15:04:00Z,27499.3638,price,coindesk,EUR,bitcoin,Euro,&euro;
,,0,2023-10-18T15:21:00Z,27524.2002,price,coindesk,EUR,bitcoin,Euro,&euro;
,,0,2023-10-18T15:33:00Z,27551.2162,price,coindesk,EUR,bitcoin,Euro,&euro;
,,0,2023-10-18T15:48:00Z,27535.0407,price,coindesk,EUR,bitcoin,Euro,&euro;
,,0,2023-10-18T16:05:00Z,27572.3478,price,coindesk,EUR,bitcoin,Euro,&euro;
,,0,2023-10-18T16:24:00Z,27607.143,price,coindesk,EUR,bitcoin,Euro,&euro;
,,0,2023-10-18T16:35:00Z,27594.1658,price,coindesk,EUR,bitcoin,Euro,&euro;
,,0,2023-10-18T16:48:00Z,27636.7068,price,coindesk,EUR,bitcoin,Euro,&euro;
,,0,2023-10-18T17:04:00Z,27627.9505,price,coindesk,EUR,bitcoin,Euro,&euro;
,,0,2023-10-18T17:20:00Z,27657.0416,price,coindesk,EUR,bitcoin,Euro,&euro;
,,0,2023-10-18T17:33:00Z,27643.6984,price,coindesk,EUR,bitcoin,Euro,&euro;
,,0,2023-10-18T17:48:00Z,27603.7088,price,coindesk,EUR,bitcoin,Euro,&euro;
,,0,2023-10-18T18:05:00Z,27579.5028,price,coindesk,EUR,bitcoin,Euro,&euro;
,,0,2023-10-18T18:23:00Z,27633.803,price,coindesk,EUR,bitcoin,Euro,&euro;
,,0,2023-10-18T18:34:00Z,27632.896,price,coindesk,EUR,bitcoin,Euro,&euro;
,,0,2023-10-18T18:48:00Z,27608.4864,price,coindesk,EUR,bitcoin,Euro,&euro;
,,0,2023-10-18T19:04:00Z,27572.91,price,coindesk,EUR,bitcoin,Euro,&euro;
,,0,2023-10-18T19:18:00Z,27563.9211,price,coindesk,EUR,bitcoin,Euro,&euro;
,,0,2023-10-18T19:33:00Z,27542.4862,price,coindesk,EUR,bitcoin,Euro,&euro;
,,0,2023-10-18T19:48:00Z,27590.2613,price,coindesk,EUR,bitcoin,Euro,&euro;
,,0,2023-10-18T20:05:00Z,27518.5185,price,coindesk,EUR,bitcoin,Euro,&euro;
,,0,2023-10-18T20:20:00Z,27545.1459,price,coindesk,EUR,bitcoin,Euro,&euro;
,,0,2023-10-18T20:33:00Z,27535.6321,price,coindesk,EUR,bitcoin,Euro,&euro;
,,0,2023-10-18T20:48:00Z,27491.1791,price,coindesk,EUR,bitcoin,Euro,&euro;
,,0,2023-10-18T21:04:00Z,27518.0998,price,coindesk,EUR,bitcoin,Euro,&euro;
,,0,2023-10-18T21:18:00Z,27519.0799,price,coindesk,EUR,bitcoin,Euro,&euro;
,,0,2023-10-18T21:33:00Z,27550.2219,price,coindesk,EUR,bitcoin,Euro,&euro;
,,0,2023-10-18T21:48:00Z,27542.1792,price,coindesk,EUR,bitcoin,Euro,&euro;
,,0,2023-10-18T22:04:00Z,27542.959,price,coindesk,EUR,bitcoin,Euro,&euro;
,,0,2023-10-18T22:21:00Z,27591.8337,price,coindesk,EUR,bitcoin,Euro,&euro;
,,0,2023-10-18T22:33:00Z,27589.1372,price,coindesk,EUR,bitcoin,Euro,&euro;
,,0,2023-10-18T22:48:00Z,27590.7452,price,coindesk,EUR,bitcoin,Euro,&euro;
,,0,2023-10-18T23:04:00Z,27628.4713,price,coindesk,EUR,bitcoin,Euro,&euro;
,,0,2023-10-18T23:19:00Z,27594.3176,price,coindesk,EUR,bitcoin,Euro,&euro;
,,0,2023-10-18T23:33:00Z,27595.1761,price,coindesk,EUR,bitcoin,Euro,&euro;
,,0,2023-10-18T23:48:00Z,27600.3021,price,coindesk,EUR,bitcoin,Euro,&euro;
,,0,2023-10-19T00:17:00Z,27585.6356,price,coindesk,EUR,bitcoin,Euro,&euro;
,,0,2023-10-19T00:48:00Z,27638.7502,price,coindesk,EUR,bitcoin,Euro,&euro;
,,0,2023-10-19T01:26:00Z,27645.9439,price,coindesk,EUR,bitcoin,Euro,&euro;
,,0,2023-10-19T01:49:00Z,27503.7783,price,coindesk,EUR,bitcoin,Euro,&euro;
,,0,2023-10-19T02:10:00Z,27512.4204,price,coindesk,EUR,bitcoin,Euro,&euro;
,,0,2023-10-19T02:23:00Z,27476.5459,price,coindesk,EUR,bitcoin,Euro,&euro;
,,0,2023-10-19T02:33:00Z,27473.7877,price,coindesk,EUR,bitcoin,Euro,&euro;
,,0,2023-10-19T02:48:00Z,27508.8738,price,coindesk,EUR,bitcoin,Euro,&euro;
,,0,2023-10-19T03:04:00Z,27510.3703,price,coindesk,EUR,bitcoin,Euro,&euro;
,,0,2023-10-19T03:20:00Z,27528.8425,price,coindesk,EUR,bitcoin,Euro,&euro;
,,0,2023-10-19T03:33:00Z,27533.75,price,coindesk,EUR,bitcoin,Euro,&euro;
,,0,2023-10-19T03:48:00Z,27512.2697,price,coindesk,EUR,bitcoin,Euro,&euro;
,,0,2023-10-19T04:09:00Z,27522.5709,price,coindesk,EUR,bitcoin,Euro,&euro;
,,0,2023-10-19T04:22:00Z,27533.0762,price,coindesk,EUR,bitcoin,Euro,&euro;
,,0,2023-10-19T04:33:00Z,27532.9685,price,coindesk,EUR,bitcoin,Euro,&euro;
,,0,2023-10-19T04:48:00Z,27558.8445,price,coindesk,EUR,bitcoin,Euro,&euro;
,,0,2023-10-19T05:04:00Z,27576.8741,price,coindesk,EUR,bitcoin,Euro,&euro;
,,0,2023-10-19T05:21:00Z,27597.7339,price,coindesk,EUR,bitcoin,Euro,&euro;
,,0,2023-10-19T05:33:00Z,27600.9392,price,coindesk,EUR,bitcoin,Euro,&euro;
,,0,2023-10-19T05:48:00Z,27572.5944,price,coindesk,EUR,bitcoin,Euro,&euro;
,,0,2023-10-19T06:05:00Z,27586.7272,price,coindesk,EUR,bitcoin,Euro,&euro;
,,0,2023-10-19T06:23:00Z,27582.9889,price,coindesk,EUR,bitcoin,Euro,&euro;
,,0,2023-10-19T06:34:00Z,27569.7844,price,coindesk,EUR,bitcoin,Euro,&euro;
,,0,2023-10-19T06:48:00Z,27561.1139,price,coindesk,EUR,bitcoin,Euro,&euro;
,,0,2023-10-19T07:04:00Z,27562.2661,price,coindesk,EUR,bitcoin,Euro,&euro;
,,0,2023-10-19T07:19:00Z,27513.5916,price,coindesk,EUR,bitcoin,Euro,&euro;
,,0,2023-10-19T07:33:00Z,27528.366,price,coindesk,EUR,bitcoin,Euro,&euro;
,,0,2023-10-19T07:48:00Z,27589.3244,price,coindesk,EUR,bitcoin,Euro,&euro;
,,0,2023-10-19T08:05:00Z,27601.4453,price,coindesk,EUR,bitcoin,Euro,&euro;
,,0,2023-10-19T08:23:00Z,27631.9021,price,coindesk,EUR,bitcoin,Euro,&euro;
,,0,2023-10-19T08:33:00Z,27616.6364,price,coindesk,EUR,bitcoin,Euro,&euro;
,,0,2023-10-19T08:48:00Z,27615.2143,price,coindesk,EUR,bitcoin,Euro,&euro;
,,0,2023-10-19T09:05:00Z,27589.9811,price,coindesk,EUR,bitcoin,Euro,&euro;
,,0,2023-10-19T09:20:00Z,27621.2651,price,coindesk,EUR,bitcoin,Euro,&euro;
,,0,2023-10-19T09:33:00Z,27635.756,price,coindesk,EUR,bitcoin,Euro,&euro;
,,0,2023-10-19T09:48:00Z,27666.1958,price,coindesk,EUR,bitcoin,Euro,&euro;
,,0,2023-10-19T10:04:00Z,27672.6582,price,coindesk,EUR,bitcoin,Euro,&euro;
,,0,2023-10-19T10:22:00Z,27733.511,price,coindesk,EUR,bitcoin,Euro,&euro;
,,0,2023-10-19T10:34:00Z,27703.3032,price,coindesk,EUR,bitcoin,Euro,&euro;
,,0,2023-10-19T10:48:00Z,27710.6538,price,coindesk,EUR,bitcoin,Euro,&euro;
,,0,2023-10-19T11:04:00Z,27707.222,price,coindesk,EUR,bitcoin,Euro,&euro;
,,0,2023-10-19T11:18:00Z,27698.0927,price,coindesk,EUR,bitcoin,Euro,&euro;
,,0,2023-10-19T11:33:00Z,27671.608,price,coindesk,EUR,bitcoin,Euro,&euro;
,,0,2023-10-19T11:48:00Z,27677.589,price,coindesk,EUR,bitcoin,Euro,&euro;
,,0,2023-10-19T12:06:00Z,27727.7926,price,coindesk,EUR,bitcoin,Euro,&euro;
,,0,2023-10-19T12:25:00Z,27742.1655,price,coindesk,EUR,bitcoin,Euro,&euro;
,,0,2023-10-19T12:41:00Z,27708.9511,price,coindesk,EUR,bitcoin,Euro,&euro;
,,0,2023-10-19T12:54:00Z,27776.7146,price,coindesk,EUR,bitcoin,Euro,&euro;
,,0,2023-10-19T13:05:00Z,27718.5235,price,coindesk,EUR,bitcoin,Euro,&euro;
,,0,2023-10-19T13:23:00Z,27799.5252,price,coindesk,EUR,bitcoin,Euro,&euro;
,,0,2023-10-19T13:34:00Z,27787.4893,price,coindesk,EUR,bitcoin,Euro,&euro;
,,0,2023-10-19T13:48:00Z,27755.5809,price,coindesk,EUR,bitcoin,Euro,&euro;
,,0,2023-10-19T14:04:00Z,27732.9307,price,coindesk,EUR,bitcoin,Euro,&euro;
,,0,2023-10-19T14:21:00Z,27834.5734,price,coindesk,EUR,bitcoin,Euro,&euro;
,,0,2023-10-19T14:33:00Z,27787.3115,price,coindesk,EUR,bitcoin,Euro,&euro;
,,0,2023-10-19T14:48:00Z,27870.619,price,coindesk,EUR,bitcoin,Euro,&euro;
,,0,2023-10-19T15:04:00Z,28029.5204,price,coindesk,EUR,bitcoin,Euro,&euro;
,,0,2023-10-19T15:20:00Z,27938.5434,price,coindesk,EUR,bitcoin,Euro,&euro;
,,0,2023-10-19T15:38:00Z,27917.6034,price,coindesk,EUR,bitcoin,Euro,&euro;
,,0,2023-10-19T15:48:00Z,28011.3382,price,coindesk,EUR,bitcoin,Euro,&euro;
,,0,2023-10-19T16:05:00Z,27967.2884,price,coindesk,EUR,bitcoin,Euro,&euro;
,,0,2023-10-19T16:23:00Z,28049.4049,price,coindesk,EUR,bitcoin,Euro,&euro;
,,0,2023-10-19T16:35:00Z,27944.7591,price,coindesk,EUR,bitcoin,Euro,&euro;
,,0,2023-10-19T16:48:00Z,27952.1836,price,coindesk,EUR,bitcoin,Euro,&euro;
,,0,2023-10-19T17:04:00Z,27899.9208,price,coindesk,EUR,bitcoin,Euro,&euro;
,,0,2023-10-19T17:21:00Z,27911.9083,price,coindesk,EUR,bitcoin,Euro,&euro;
,,0,2023-10-19T17:33:00Z,27864.9724,price,coindesk,EUR,bitcoin,Euro,&euro;
,,0,2023-10-19T17:48:00Z,27805.1087,price,coindesk,EUR,bitcoin,Euro,&euro;
,,0,2023-10-19T18:05:00Z,27839.8306,price,coindesk,EUR,bitcoin,Euro,&euro;
,,0,2023-10-19T18:23:00Z,27913.1327,price,coindesk,EUR,bitcoin,Euro,&euro;
,,0,2023-10-19T18:34:00Z,27905.3902,price,coindesk,EUR,bitcoin,Euro,&euro;
,,0,2023-10-19T18:48:00Z,27970.6068,price,coindesk,EUR,bitcoin,Euro,&euro;
,,0,2023-10-19T19:04:00Z,27967.2025,price,coindesk,EUR,bitcoin,Euro,&euro;
,,0,2023-10-19T19:18:00Z,27990.4,price,coindesk,EUR,bitcoin,Euro,&euro;
,,0,2023-10-19T19:33:00Z,27991.2295,price,coindesk,EUR,bitcoin,Euro,&euro;
,,0,2023-10-19T19:48:00Z,28014.2442,price,coindesk,EUR,bitcoin,Euro,&euro;
,,0,2023-10-19T20:05:00Z,27994.7653,price,coindesk,EUR,bitcoin,Euro,&euro;
,,0,2023-10-19T20:20:00Z,28028.4669,price,coindesk,EUR,bitcoin,Euro,&euro;
,,0,2023-10-19T20:33:00Z,27985.2398,price,coindesk,EUR,bitcoin,Euro,&euro;
,,0,2023-10-19T20:48:00Z,28054.8906,price,coindesk,EUR,bitcoin,Euro,&euro;
,,0,2023-10-19T21:04:00Z,27981.1642,price,coindesk,EUR,bitcoin,Euro,&euro;
,,0,2023-10-19T21:18:00Z,27968.2934,price,coindesk,EUR,bitcoin,Euro,&euro;
,,0,2023-10-19T21:33:00Z,27911.6677,price,coindesk,EUR,bitcoin,Euro,&euro;
,,0,2023-10-19T21:48:00Z,27899.7969,price,coindesk,EUR,bitcoin,Euro,&euro;
,,0,2023-10-19T22:04:00Z,27895.7193,price,coindesk,EUR,bitcoin,Euro,&euro;
,,0,2023-10-19T22:21:00Z,27925.9078,price,coindesk,EUR,bitcoin,Euro,&euro;
,,0,2023-10-19T22:33:00Z,27958.9498,price,coindesk,EUR,bitcoin,Euro,&euro;
,,0,2023-10-19T22:48:00Z,27959.3963,price,coindesk,EUR,bitcoin,Euro,&euro;
,,0,2023-10-19T23:04:00Z,27928.904,price,coindesk,EUR,bitcoin,Euro,&euro;
,,0,2023-10-19T23:19:00Z,27944.508,price,coindesk,EUR,bitcoin,Euro,&euro;
,,0,2023-10-19T23:33:00Z,27930.9069,price,coindesk,EUR,bitcoin,Euro,&euro;
,,0,2023-10-19T23:48:00Z,27947.8631,price,coindesk,EUR,bitcoin,Euro,&euro;
,,0,2023-10-20T00:17:00Z,27984.0754,price,coindesk,EUR,bitcoin,Euro,&euro;
,,0,2023-10-20T00:48:00Z,27925.5025,price,coindesk,EUR,bitcoin,Euro,&euro;
,,0,2023-10-20T01:25:00Z,27898.6327,price,coindesk,EUR,bitcoin,Euro,&euro;
,,0,2023-10-20T01:49:00Z,27929.5803,price,coindesk,EUR,bitcoin,Euro,&euro;
,,0,2023-10-20T02:10:00Z,27931.6888,price,coindesk,EUR,bitcoin,Euro,&euro;
,,0,2023-10-20T02:23:00Z,28077.5167,price,coindesk,EUR,bitcoin,Euro,&euro;
,,0,2023-10-20T02:36:00Z,28146.6939,price,coindesk,EUR,bitcoin,Euro,&euro;
,,0,2023-10-20T02:48:00Z,28241.5165,price,coindesk,EUR,bitcoin,Euro,&euro;
,,0,2023-10-20T03:04:00Z,28201.5762,price,coindesk,EUR,bitcoin,Euro,&euro;
,,0,2023-10-20T03:20:00Z,28375.7332,price,coindesk,EUR,bitcoin,Euro,&euro;
,,0,2023-10-20T03:33:00Z,28448.7172,price,coindesk,EUR,bitcoin,Euro,&euro;
,,0,2023-10-20T03:48:00Z,28429.9686,price,coindesk,EUR,bitcoin,Euro,&euro;
,,0,2023-10-20T04:05:00Z,28549.2083,price,coindesk,EUR,bitcoin,Euro,&euro;
,,0,2023-10-20T04:22:00Z,28502.6679,price,coindesk,EUR,bitcoin,Euro,&euro;
,,0,2023-10-20T04:33:00Z,28517.225,price,coindesk,EUR,bitcoin,Euro,&euro;
,,0,2023-10-20T04:48:00Z,28492.4841,price,coindesk,EUR,bitcoin,Euro,&euro;
,,0,2023-10-20T05:04:00Z,28545.6597,price,coindesk,EUR,bitcoin,Euro,&euro;
,,0,2023-10-20T05:21:00Z,28490.8497,price,coindesk,EUR,bitcoin,Euro,&euro;
,,0,2023-10-20T05:33:00Z,28395.6664,price,coindesk,EUR,bitcoin,Euro,&euro;
,,0,2023-10-20T05:48:00Z,28468.1379,price,coindesk,EUR,bitcoin,Euro,&euro;
,,0,2023-10-20T06:05:00Z,28463.9838,price,coindesk,EUR,bitcoin,Euro,&euro;
,,0,2023-10-20T06:23:00Z,28458.749,price,coindesk,EUR,bitcoin,Euro,&euro;
,,0,2023-10-20T06:34:00Z,28503.8172,price,coindesk,EUR,bitcoin,Euro,&euro;
,,0,2023-10-20T06:48:00Z,28509.074,price,coindesk,EUR,bitcoin,Euro,&euro;
,,0,2023-10-20T07:05:00Z,28518.2725,price,coindesk,EUR,bitcoin,Euro,&euro;
,,0,2023-10-20T07:19:00Z,28522.0519,price,coindesk,EUR,bitcoin,Euro,&euro;
,,0,2023-10-20T07:33:00Z,28507.3154,price,coindesk,EUR,bitcoin,Euro,&euro;
,,0,2023-10-20T07:48:00Z,28590.0504,price,coindesk,EUR,bitcoin,Euro,&euro;
,,0,2023-10-20T08:05:00Z,28528.5937,price,coindesk,EUR,bitcoin,Euro,&euro;
,,0,2023-10-20T08:22:00Z,28659.2619,price,coindesk,EUR,bitcoin,Euro,&euro;
,,0,2023-10-20T08:33:00Z,28935.5534,price,coindesk,EUR,bitcoin,Euro,&euro;
,,0,2023-10-20T08:48:00Z,28992.2647,price,coindesk,EUR,bitcoin,Euro,&euro;
,,0,2023-10-20T09:04:00Z,28897.3775,price,coindesk,EUR,bitcoin,Euro,&euro;
,,0,2023-10-20T09:20:00Z,28920.1804,price,coindesk,EUR,bitcoin,Euro,&euro;
,,0,2023-10-20T09:33:00Z,28986.5032,price,coindesk,EUR,bitcoin,Euro,&euro;
,,0,2023-10-20T09:48:00Z,28958.3272,price,coindesk,EUR,bitcoin,Euro,&euro;
,,0,2023-10-20T10:04:00Z,29017.1406,price,coindesk,EUR,bitcoin,Euro,&euro;
,,0,2023-10-20T10:21:00Z,29169.9539,price,coindesk,EUR,bitcoin,Euro,&euro;
,,0,2023-10-20T10:33:00Z,29127.7137,price,coindesk,EUR,bitcoin,Euro,&euro;
,,0,2023-10-20T10:48:00Z,29173.5971,price,coindesk,EUR,bitcoin,Euro,&euro;
,,0,2023-10-20T11:04:00Z,29095.3397,price,coindesk,EUR,bitcoin,Euro,&euro;
,,0,2023-10-20T11:18:00Z,29220.511,price,coindesk,EUR,bitcoin,Euro,&euro;
,,0,2023-10-20T11:33:00Z,29250.3779,price,coindesk,EUR,bitcoin,Euro,&euro;
,,0,2023-10-20T11:48:00Z,29155.9531,price,coindesk,EUR,bitcoin,Euro,&euro;
,,0,2023-10-20T12:06:00Z,29119.4542,price,coindesk,EUR,bitcoin,Euro,&euro;
,,0,2023-10-20T12:24:00Z,29023.6856,price,coindesk,EUR,bitcoin,Euro,&euro;
,,0,2023-10-20T12:40:00Z,28940.0793,price,coindesk,EUR,bitcoin,Euro,&euro;
,,0,2023-10-20T12:53:00Z,28709.5609,price,coindesk,EUR,bitcoin,Euro,&euro;
,,0,2023-10-20T13:05:00Z,28803.803,price,coindesk,EUR,bitcoin,Euro,&euro;
,,0,2023-10-20T13:22:00Z,28780.7305,price,coindesk,EUR,bitcoin,Euro,&euro;
,,0,2023-10-20T13:33:00Z,28736.8893,price,coindesk,EUR,bitcoin,Euro,&euro;
,,0,2023-10-20T13:48:00Z,28853.4864,price,coindesk,EUR,bitcoin,Euro,&euro;
,,0,2023-10-20T14:04:00Z,28925.5866,price,coindesk,EUR,bitcoin,Euro,&euro;
,,0,2023-10-20T14:21:00Z,28772.7126,price,coindesk,EUR,bitcoin,Euro,&euro;
,,0,2023-10-20T14:33:00Z,28709.7768,price,coindesk,EUR,bitcoin,Euro,&euro;
,,0,2023-10-20T14:48:00Z,28825.376,price,coindesk,EUR,bitcoin,Euro,&euro;
,,0,2023-10-20T15:04:00Z,28774.6575,price,coindesk,EUR,bitcoin,Euro,&euro;
,,0,2023-10-20T15:20:00Z,28755.0274,price,coindesk,EUR,bitcoin,Euro,&euro;
,,0,2023-10-20T15:33:00Z,28772.1483,price,coindesk,EUR,bitcoin,Euro,&euro;
,,0,2023-10-20T15:48:00Z,28734.5513,price,coindesk,EUR,bitcoin,Euro,&euro;
,,0,2023-10-20T16:04:00Z,28753.0198,price,coindesk,EUR,bitcoin,Euro,&euro;
,,0,2023-10-20T16:23:00Z,28771.4228,price,coindesk,EUR,bitcoin,Euro,&euro;
,,0,2023-10-20T16:35:00Z,28818.2046,price,coindesk,EUR,bitcoin,Euro,&euro;
,,0,2023-10-20T16:48:00Z,28779.098,price,coindesk,EUR,bitcoin,Euro,&euro;
,,0,2023-10-20T17:04:00Z,28693.6944,price,coindesk,EUR,bitcoin,Euro,&euro;
,,0,2023-10-20T17:20:00Z,28681.3251,price,coindesk,EUR,bitcoin,Euro,&euro;
,,0,2023-10-20T17:33:00Z,28721.1621,price,coindesk,EUR,bitcoin,Euro,&euro;
,,0,2023-10-20T17:48:00Z,28727.9194,price,coindesk,EUR,bitcoin,Euro,&euro;
,,0,2023-10-20T18:04:00Z,28768.5649,price,coindesk,EUR,bitcoin,Euro,&euro;
,,0,2023-10-20T18:22:00Z,28729.6752,price,coindesk,EUR,bitcoin,Euro,&euro;
,,0,2023-10-20T18:33:00Z,28741.7483,price,coindesk,EUR,bitcoin,Euro,&euro;
,,0,2023-10-20T18:48:00Z,28738.9568,price,coindesk,EUR,bitcoin,Euro,&euro;
,,0,2023-10-20T19:04:00Z,28737.1666,price,coindesk,EUR,bitcoin,Euro,&euro;
,,0,2023-10-20T19:18:00Z,28704.9152,price,coindesk,EUR,bitcoin,Euro,&euro;
,,0,2023-10-20T19:33:00Z,28681.2609,price,coindesk,EUR,bitcoin,Euro,&euro;
,,0,2023-10-20T19:48:00Z,28705.3535,price,coindesk,EUR,bitcoin,Euro,&euro;
,,0,2023-10-20T20:04:00Z,28783.6855,price,coindesk,EUR,bitcoin,Euro,&euro;
,,0,2023-10-20T20:20:00Z,28811.2158,price,coindesk,EUR,bitcoin,Euro,&euro;
,,0,2023-10-20T20:33:00Z,28809.945,price,coindesk,EUR,bitcoin,Euro,&euro;
,,0,2023-10-20T20:48:00Z,28833.3507,price,coindesk,EUR,bitcoin,Euro,&euro;
,,0,2023-10-20T21:04:00Z,28835.0484,price,coindesk,EUR,bitcoin,Euro,&euro;
,,0,2023-10-20T21:18:00Z,28843.4562,price,coindesk,EUR,bitcoin,Euro,&euro;
,,0,2023-10-20T21:33:00Z,28858.8243,price,coindesk,EUR,bitcoin,Euro,&euro;
,,0,2023-10-20T21:48:00Z,28861.4608,price,coindesk,EUR,bitcoin,Euro,&euro;
,,0,2023-10-20T22:04:00Z,28846.8758,price,coindesk,EUR,bitcoin,Euro,&euro;
,,0,2023-10-20T22:20:00Z,28872.6298,price,coindesk,EUR,bitcoin,Euro,&euro;
,,0,2023-10-20T22:33:00Z,28873.7764,price,coindesk,EUR,bitcoin,Euro,&euro;
,,0,2023-10-20T22:48:00Z,28856.6266,price,coindesk,EUR,bitcoin,Euro,&euro;
,,0,2023-10-20T23:04:00Z,28951.823,price,coindesk,EUR,bitcoin,Euro,&euro;
,,0,2023-10-20T23:19:00Z,28942.0755,price,coindesk,EUR,bitcoin,Euro,&euro;
,,0,2023-10-20T23:33:00Z,28946.4077,price,coindesk,EUR,bitcoin,Euro,&euro;
,,0,2023-10-20T23:48:00Z,28919.3472,price,coindesk,EUR,bitcoin,Euro,&euro;
,,0,2023-10-21T00:16:00Z,28911.6534,price,coindesk,EUR,bitcoin,Euro,&euro;
,,0,2023-10-21T00:48:00Z,28849.3819,price,coindesk,EUR,bitcoin,Euro,&euro;
,,0,2023-10-21T01:24:00Z,28848.4313,price,coindesk,EUR,bitcoin,Euro,&euro;
,,0,2023-10-21T01:47:00Z,28802.0157,price,coindesk,EUR,bitcoin,Euro,&euro;
,,0,2023-10-21T02:08:00Z,28764.0613,price,coindesk,EUR,bitcoin,Euro,&euro;
,,0,2023-10-21T02:26:00Z,28758.3137,price,coindesk,EUR,bitcoin,Euro,&euro;
,,0,2023-10-21T02:33:00Z,28757.0341,price,coindesk,EUR,bitcoin,Euro,&euro;
,,0,2023-10-21T02:48:00Z,28744.4974,price,coindesk,EUR,bitcoin,Euro,&euro;
,,0,2023-10-21T03:05:00Z,28734.4815,price,coindesk,EUR,bitcoin,Euro,&euro;
,,0,2023-10-21T03:20:00Z,28767.7093,price,coindesk,EUR,bitcoin,Euro,&euro;
,,0,2023-10-21T03:33:00Z,28816.7989,price,coindesk,EUR,bitcoin,Euro,&euro;
,,0,2023-10-21T03:48:00Z,28847.6639,price,coindesk,EUR,bitcoin,Euro,&euro;
,,0,2023-10-21T04:04:00Z,28846.6053,price,coindesk,EUR,bitcoin,Euro,&euro;
,,0,2023-10-21T04:22:00Z,28848.8343,price,coindesk,EUR,bitcoin,Euro,&euro;
,,0,2023-10-21T04:33:00Z,28836.7234,price,coindesk,EUR,bitcoin,Euro,&euro;
,,0,2023-10-21T04:48:00Z,28832.4045,price,coindesk,EUR,bitcoin,Euro,&euro;
,,0,2023-10-21T05:04:00Z,28792.86,price,coindesk,EUR,bitcoin,Euro,&euro;
,,0,2023-10-21T05:20:00Z,28806.0335,price,coindesk,EUR,bitcoin,Euro,&euro;
,,0,2023-10-21T05:33:00Z,28821.3711,price,coindesk,EUR,bitcoin,Euro,&euro;
,,0,2023-10-21T05:48:00Z,28821.5366,price,coindesk,EUR,bitcoin,Euro,&euro;
,,0,2023-10-21T06:05:00Z,28834.1294,price,coindesk,EUR,bitcoin,Euro,&euro;
,,0,2023-10-21T06:22:00Z,28844.0451,price,coindesk,EUR,bitcoin,Euro,&euro;
,,0,2023-10-21T06:33:00Z,28927.4788,price,coindesk,EUR,bitcoin,Euro,&euro;
,,0,2023-10-21T06:48:00Z,28934.5438,price,coindesk,EUR,bitcoin,Euro,&euro;
,,0,2023-10-21T07:04:00Z,28910.5881,price,coindesk,EUR,bitcoin,Euro,&euro;
,,0,2023-10-21T07:18:00Z,28908.4437,price,coindesk,EUR,bitcoin,Euro,&euro;
,,0,2023-10-21T07:33:00Z,28950.3634,price,coindesk,EUR,bitcoin,Euro,&euro;
,,0,2023-10-21T07:48:00Z,28932.2109,price,coindesk,EUR,bitcoin,Euro,&euro;
,,0,2023-10-21T08:04:00Z,28912.5738,price,coindesk,EUR,bitcoin,Euro,&euro;
,,0,2023-10-21T08:21:00Z,28916.0561,price,coindesk,EUR,bitcoin,Euro,&euro;
,,0,2023-10-21T08:33:00Z,28945.2091,price,coindesk,EUR,bitcoin,Euro,&euro;
,,0,2023-10-21T08:48:00Z,28926.3978,price,coindesk,EUR,bitcoin,Euro,&euro;
,,0,2023-10-21T09:04:00Z,28890.8945,price,coindesk,EUR,bitcoin,Euro,&euro;
,,0,2023-10-21T09:19:00Z,28904.0217,price,coindesk,EUR,bitcoin,Euro,&euro;
,,0,2023-10-21T09:33:00Z,28924.7175,price,coindesk,EUR,bitcoin,Euro,&euro;
,,0,2023-10-21T09:48:00Z,28990.5541,price,coindesk,EUR,bitcoin,Euro,&euro;
,,0,2023-10-21T10:04:00Z,29052.8562,price,coindesk,EUR,bitcoin,Euro,&euro;
,,0,2023-10-21T10:21:00Z,29045.3148,price,coindesk,EUR,bitcoin,Euro,&euro;
,,0,2023-10-21T10:33:00Z,29030.7224,price,coindesk,EUR,bitcoin,Euro,&euro;
,,0,2023-10-21T10:48:00Z,29019.2193,price,coindesk,EUR,bitcoin,Euro,&euro;
,,0,2023-10-21T11:04:00Z,29006.7102,price,coindesk,EUR,bitcoin,Euro,&euro;
,,0,2023-10-21T11:18:00Z,29061.1373,price,coindesk,EUR,bitcoin,Euro,&euro;
,,0,2023-10-21T11:33:00Z,29060.8357,price,coindesk,EUR,bitcoin,Euro,&euro;
,,0,2023-10-21T11:48:00Z,29054.7622,price,coindesk,EUR,bitcoin,Euro,&euro;
,,0,2023-10-21T12:05:00Z,29029.1717,price,coindesk,EUR,bitcoin,Euro,&euro;
,,0,2023-10-21T12:24:00Z,29003.616,price,coindesk,EUR,bitcoin,Euro,&euro;
,,0,2023-10-21T12:39:00Z,29027.1849,price,coindesk,EUR,bitcoin,Euro,&euro;
,,0,2023-10-21T12:50:00Z,29051.1344,price,coindesk,EUR,bitcoin,Euro,&euro;
,,0,2023-10-21T13:04:00Z,29002.289,price,coindesk,EUR,bitcoin,Euro,&euro;
,,0,2023-10-21T13:20:00Z,28961.8881,price,coindesk,EUR,bitcoin,Euro,&euro;
,,0,2023-10-21T13:33:00Z,28984.4469,price,coindesk,EUR,bitcoin,Euro,&euro;
,,0,2023-10-21T13:48:00Z,28997.6452,price,coindesk,EUR,bitcoin,Euro,&euro;
,,0,2023-10-21T14:04:00Z,29005.3784,price,coindesk,EUR,bitcoin,Euro,&euro;
,,0,2023-10-21T14:20:00Z,29039.2469,price,coindesk,EUR,bitcoin,Euro,&euro;
,,0,2023-10-21T14:33:00Z,29022.4885,price,coindesk,EUR,bitcoin,Euro,&euro;
,,0,2023-10-21T14:48:00Z,29108.76,price,coindesk,EUR,bitcoin,Euro,&euro;
,,0,2023-10-21T15:04:00Z,29177.9149,price,coindesk,EUR,bitcoin,Euro,&euro;
,,0,2023-10-21T15:19:00Z,29061.7609,price,coindesk,EUR,bitcoin,Euro,&euro;
,,0,2023-10-21T15:33:00Z,29067.4489,price,coindesk,EUR,bitcoin,Euro,&euro;
,,0,2023-10-21T15:48:00Z,29109.2699,price,coindesk,EUR,bitcoin,Euro,&euro;
,,0,2023-10-21T16:04:00Z,29138.6272,price,coindesk,EUR,bitcoin,Euro,&euro;
,,0,2023-10-21T16:22:00Z,29117.8254,price,coindesk,EUR,bitcoin,Euro,&euro;
,,0,2023-10-21T16:34:00Z,29120.4231,price,coindesk,EUR,bitcoin,Euro,&euro;
,,0,2023-10-21T16:48:00Z,29166.8921,price,coindesk,EUR,bitcoin,Euro,&euro;
,,0,2023-10-21T17:04:00Z,29086.9742,price,coindesk,EUR,bitcoin,Euro,&euro;
,,0,2023-10-21T17:20:00Z,29117.453,price,coindesk,EUR,bitcoin,Euro,&euro;
,,0,2023-10-21T17:33:00Z,29159.8337,price,coindesk,EUR,bitcoin,Euro,&euro;
,,0,2023-10-21T17:48:00Z,29308.0428,price,coindesk,EUR,bitcoin,Euro,&euro;
,,0,2023-10-21T18:04:00Z,29407.3533,price,coindesk,EUR,bitcoin,Euro,&euro;
,,0,2023-10-21T18:22:00Z,29317.8313,price,coindesk,EUR,bitcoin,Euro,&euro;
,,0,2023-10-21T18:33:00Z,29268.1603,price,coindesk,EUR,bitcoin,Euro,&euro;
,,0,2023-10-21T18:48:00Z,29329.8137,price,coindesk,EUR,bitcoin,Euro,&euro;
,,0,2023-10-21T19:04:00Z,29417.8788,price,coindesk,EUR,bitcoin,Euro,&euro;
,,0,2023-10-21T19:18:00Z,29323.1068,price,coindesk,EUR,bitcoin,Euro,&euro;
,,0,2023-10-21T19:33:00Z,29286.404,price,coindesk,EUR,bitcoin,Euro,&euro;
,,0,2023-10-21T19:48:00Z,29350.9125,price,coindesk,EUR,bitcoin,Euro,&euro;
,,0,2023-10-21T20:05:00Z,29342.5721,price,coindesk,EUR,bitcoin,Euro,&euro;
,,0,2023-10-21T20:19:00Z,29288.4351,price,coindesk,EUR,bitcoin,Euro,&euro;
,,0,2023-10-21T20:33:00Z,29266.1519,price,coindesk,EUR,bitcoin,Euro,&euro;
,,0,2023-10-21T20:48:00Z,29227.5804,price,coindesk,EUR,bitcoin,Euro,&euro;
,,0,2023-10-21T21:04:00Z,29264.4118,price,coindesk,EUR,bitcoin,Euro,&euro;
,,0,2023-10-21T21:18:00Z,29253.1669,price,coindesk,EUR,bitcoin,Euro,&euro;
,,0,2023-10-21T21:33:00Z,29289.5142,price,coindesk,EUR,bitcoin,Euro,&euro;
,,0,2023-10-21T21:48:00Z,29212.9766,price,coindesk,EUR,bitcoin,Euro,&euro;
,,0,2023-10-21T22:04:00Z,29252.6956,price,coindesk,EUR,bitcoin,Euro,&euro;
,,0,2023-10-21T22:20:00Z,29243.3031,price,coindesk,EUR,bitcoin,Euro,&euro;
,,0,2023-10-21T22:33:00Z,29181.7073,price,coindesk,EUR,bitcoin,Euro,&euro;
,,0,2023-10-21T22:48:00Z,29225.8633,price,coindesk,EUR,bitcoin,Euro,&euro;
,,0,2023-10-21T23:04:00Z,29194.8617,price,coindesk,EUR,bitcoin,Euro,&euro;
,,0,2023-10-21T23:19:00Z,29157.2616,price,coindesk,EUR,bitcoin,Euro,&euro;
,,0,2023-10-21T23:33:00Z,29157.341,price,coindesk,EUR,bitcoin,Euro,&euro;
,,0,2023-10-21T23:48:00Z,29130.4631,price,coindesk,EUR,bitcoin,Euro,&euro;
,,0,2023-10-22T00:19:00Z,29185.2529,price,coindesk,EUR,bitcoin,Euro,&euro;
,,0,2023-10-22T00:48:00Z,29190.5824,price,coindesk,EUR,bitcoin,Euro,&euro;
,,0,2023-10-22T01:28:00Z,29177.9331,price,coindesk,EUR,bitcoin,Euro,&euro;
,,0,2023-10-22T01:53:00Z,29156.4194,price,coindesk,EUR,bitcoin,Euro,&euro;
,,0,2023-10-22T02:12:00Z,29124.852,price,coindesk,EUR,bitcoin,Euro,&euro;
,,0,2023-10-22T02:26:00Z,29099.9031,price,coindesk,EUR,bitcoin,Euro,&euro;
,,0,2023-10-22T02:35:00Z,29112.8105,price,coindesk,EUR,bitcoin,Euro,&euro;
,,0,2023-10-22T02:48:00Z,29099.4051,price,coindesk,EUR,bitcoin,Euro,&euro;
,,0,2023-10-22T03:04:00Z,29090.579,price,coindesk,EUR,bitcoin,Euro,&euro;
,,0,2023-10-22T03:20:00Z,29112.9697,price,coindesk,EUR,bitcoin,Euro,&euro;
,,0,2023-10-22T03:33:00Z,29115.4253,price,coindesk,EUR,bitcoin,Euro,&euro;
,,0,2023-10-22T03:48:00Z,29137.4534,price,coindesk,EUR,bitcoin,Euro,&euro;
,,0,2023-10-22T04:04:00Z,29141.2725,price,coindesk,EUR,bitcoin,Euro,&euro;
,,0,2023-10-22T04:21:00Z,29151.8721,price,coindesk,EUR,bitcoin,Euro,&euro;
,,0,2023-10-22T04:33:00Z,29176.2968,price,coindesk,EUR,bitcoin,Euro,&euro;
,,0,2023-10-22T04:48:00Z,29219.905,price,coindesk,EUR,bitcoin,Euro,&euro;
,,0,2023-10-22T05:04:00Z,29240.8083,price,coindesk,EUR,bitcoin,Euro,&euro;
,,0,2023-10-22T05:20:00Z,29286.6234,price,coindesk,EUR,bitcoin,Euro,&euro;
,,0,2023-10-22T05:33:00Z,29245.898,price,coindesk,EUR,bitcoin,Euro,&euro;
,,0,2023-10-22T05:48:00Z,29219.3872,price,coindesk,EUR,bitcoin,Euro,&euro;
,,0,2023-10-22T06:05:00Z,29391.6556,price,coindesk,EUR,bitcoin,Euro,&euro;
,,0,2023-10-22T06:22:00Z,29328.2327,price,coindesk,EUR,bitcoin,Euro,&euro;
,,0,2023-10-22T06:33:00Z,29344.6675,price,coindesk,EUR,bitcoin,Euro,&euro;
,,0,2023-10-22T06:48:00Z,29350.8788,price,coindesk,EUR,bitcoin,Euro,&euro;
,,0,2023-10-22T07:04:00Z,29280.3169,price,coindesk,EUR,bitcoin,Euro,&euro;
,,0,2023-10-22T07:18:00Z,29209.8483,price,coindesk,EUR,bitcoin,Euro,&euro;
,,0,2023-10-22T07:33:00Z,29149.1849,price,coindesk,EUR,bitcoin,Euro,&euro;
,,0,2023-10-22T07:48:00Z,29040.4024,price,coindesk,EUR,bitcoin,Euro,&euro;
,,0,2023-10-22T08:04:00Z,29090.2593,price,coindesk,EUR,bitcoin,Euro,&euro;
,,0,2023-10-22T08:21:00Z,29077.0789,price,coindesk,EUR,bitcoin,Euro,&euro;
,,0,2023-10-22T08:33:00Z,29036.0709,price,coindesk,EUR,bitcoin,Euro,&euro;
,,0,2023-10-22T08:48:00Z,29084.6248,price,coindesk,EUR,bitcoin,Euro,&euro;
,,0,2023-10-22T09:04:00Z,29098.1209,price,coindesk,EUR,bitcoin,Euro,&euro;
,,0,2023-10-22T09:19:00Z,29193.4186,price,coindesk,EUR,bitcoin,Euro,&euro;
,,0,2023-10-22T09:33:00Z,29186.873,price,coindesk,EUR,bitcoin,Euro,&euro;
,,0,2023-10-22T09:48:00Z,29132.0863,price,coindesk,EUR,bitcoin,Euro,&euro;
,,0,2023-10-22T10:04:00Z,29132.1815,price,coindesk,EUR,bitcoin,Euro,&euro;
,,0,2023-10-22T10:21:00Z,29160.8469,price,coindesk,EUR,bitcoin,Euro,&euro;
,,0,2023-10-22T10:33:00Z,29139.2576,price,coindesk,EUR,bitcoin,Euro,&euro;
,,0,2023-10-22T10:48:00Z,29162.9753,price,coindesk,EUR,bitcoin,Euro,&euro;
,,0,2023-10-22T11:04:00Z,29120.9132,price,coindesk,EUR,bitcoin,Euro,&euro;
,,0,2023-10-22T11:18:00Z,29132.0725,price,coindesk,EUR,bitcoin,Euro,&euro;
,,0,2023-10-22T11:33:00Z,29115.2797,price,coindesk,EUR,bitcoin,Euro,&euro;
,,0,2023-10-22T11:48:00Z,29105.6328,price,coindesk,EUR,bitcoin,Euro,&euro;
,,0,2023-10-22T12:05:00Z,29171.3563,price,coindesk,EUR,bitcoin,Euro,&euro;
,,0,2023-10-22T12:24:00Z,29171.9865,price,coindesk,EUR,bitcoin,Euro,&euro;
,,0,2023-10-22T12:39:00Z,29157.4233,price,coindesk,EUR,bitcoin,Euro,&euro;
,,0,2023-10-22T12:51:00Z,29141.1853,price,coindesk,EUR,bitcoin,Euro,&euro;
,,0,2023-10-22T13:04:00Z,29145.9871,price,coindesk,EUR,bitcoin,Euro,&euro;
,,0,2023-10-22T13:20:00Z,29145.9838,price,coindesk,EUR,bitcoin,Euro,&euro;
,,0,2023-10-22T13:33:00Z,29173.9731,price,coindesk,EUR,bitcoin,Euro,&euro;
,,0,2023-10-22T13:48:00Z,29164.39,price,coindesk,EUR,bitcoin,Euro,&euro;
,,0,2023-10-22T14:04:00Z,29157.6683,price,coindesk,EUR,bitcoin,Euro,&euro;
,,0,2023-10-22T14:20:00Z,29145.1291,price,coindesk,EUR,bitcoin,Euro,&euro;
,,0,2023-10-22T14:33:00Z,29108.6747,price,coindesk,EUR,bitcoin,Euro,&euro;
,,0,2023-10-22T14:48:00Z,29112.8326,price,coindesk,EUR,bitcoin,Euro,&euro;
,,0,2023-10-22T15:05:00Z,29103.847,price,coindesk,EUR,bitcoin,Euro,&euro;
,,0,2023-10-22T15:20:00Z,29109.0426,price,coindesk,EUR,bitcoin,Euro,&euro;
,,0,2023-10-22T15:33:00Z,29100.8623,price,coindesk,EUR,bitcoin,Euro,&euro;
,,0,2023-10-22T15:48:00Z,29055.2547,price,coindesk,EUR,bitcoin,Euro,&euro;
,,0,2023-10-22T16:04:00Z,29068.3049,price,coindesk,EUR,bitcoin,Euro,&euro;
,,0,2023-10-22T16:22:00Z,29102.0815,price,coindesk,EUR,bitcoin,Euro,&euro;
,,0,2023-10-22T16:34:00Z,29121.0315,price,coindesk,EUR,bitcoin,Euro,&euro;
,,0,2023-10-22T16:48:00Z,29090.937,price,coindesk,EUR,bitcoin,Euro,&euro;
,,0,2023-10-22T17:04:00Z,29115.6864,price,coindesk,EUR,bitcoin,Euro,&euro;
,,0,2023-10-22T17:20:00Z,29163.0979,price,coindesk,EUR,bitcoin,Euro,&euro;
,,0,2023-10-22T17:33:00Z,29154.2539,price,coindesk,EUR,bitcoin,Euro,&euro;
,,0,2023-10-22T17:48:00Z,29151.9379,price,coindesk,EUR,bitcoin,Euro,&euro;
,,0,2023-10-22T18:04:00Z,29150.2851,price,coindesk,EUR,bitcoin,Euro,&euro;
,,0,2023-10-22T18:22:00Z,29134.2786,price,coindesk,EUR,bitcoin,Euro,&euro;
,,0,2023-10-22T18:33:00Z,29133.5413,price,coindesk,EUR,bitcoin,Euro,&euro;
,,0,2023-10-22T18:48:00Z,29135.9659,price,coindesk,EUR,bitcoin,Euro,&euro;
,,0,2023-10-22T19:04:00Z,29122.5988,price,coindesk,EUR,bitcoin,Euro,&euro;
,,0,2023-10-22T19:18:00Z,29133.5511,price,coindesk,EUR,bitcoin,Euro,&euro;
,,0,2023-10-22T19:33:00Z,29141.4539,price,coindesk,EUR,bitcoin,Euro,&euro;
,,0,2023-10-22T19:48:00Z,29115.3537,price,coindesk,EUR,bitcoin,Euro,&euro;
,,0,2023-10-22T20:04:00Z,29098.9882,price,coindesk,EUR,bitcoin,Euro,&euro;
,,0,2023-10-22T20:19:00Z,29105.8337,price,coindesk,EUR,bitcoin,Euro,&euro;
,,0,2023-10-22T20:33:00Z,29093.3032,price,coindesk,EUR,bitcoin,Euro,&euro;
,,0,2023-10-22T20:48:00Z,29106.9404,price,coindesk,EUR,bitcoin,Euro,&euro;
,,0,2023-10-22T21:04:00Z,29072.8649,price,coindesk,EUR,bitcoin,Euro,&euro;
,,0,2023-10-22T21:18:00Z,29042.1618,price,coindesk,EUR,bitcoin,Euro,&euro;
,,0,2023-10-22T21:33:00Z,29073.3951,price,coindesk,EUR,bitcoin,Euro,&euro;
,,0,2023-10-22T21:48:00Z,29043.1061,price,coindesk,EUR,bitcoin,Euro,&euro;
,,0,2023-10-22T22:04:00Z,28980.6279,price,coindesk,EUR,bitcoin,Euro,&euro;
,,0,2023-10-22T22:20:00Z,29063.9004,price,coindesk,EUR,bitcoin,Euro,&euro;
,,0,2023-10-22T22:33:00Z,29065.539,price,coindesk,EUR,bitcoin,Euro,&euro;
,,0,2023-10-22T22:48:00Z,29182.9384,price,coindesk,EUR,bitcoin,Euro,&euro;
,,0,2023-10-22T23:04:00Z,29182.8881,price,coindesk,EUR,bitcoin,Euro,&euro;
,,0,2023-10-22T23:19:00Z,29188.7003,price,coindesk,EUR,bitcoin,Euro,&euro;
,,0,2023-10-22T23:33:00Z,29185.4571,price,coindesk,EUR,bitcoin,Euro,&euro;
,,0,2023-10-22T23:48:00Z,29209.165,price,coindesk,EUR,bitcoin,Euro,&euro;
,,0,2023-10-23T00:18:00Z,29178.8766,price,coindesk,EUR,bitcoin,Euro,&euro;
,,0,2023-10-23T00:48:00Z,29286.8603,price,coindesk,EUR,bitcoin,Euro,&euro;
,,0,2023-10-23T01:26:00Z,29471.8024,price,coindesk,EUR,bitcoin,Euro,&euro;
,,0,2023-10-23T01:49:00Z,29513.8972,price,coindesk,EUR,bitcoin,Euro,&euro;
,,0,2023-10-23T02:11:00Z,29458.0374,price,coindesk,EUR,bitcoin,Euro,&euro;
,,0,2023-10-23T02:24:00Z,29488.1876,price,coindesk,EUR,bitcoin,Euro,&euro;
,,0,2023-10-23T02:33:00Z,29501.7681,price,coindesk,EUR,bitcoin,Euro,&euro;
,,0,2023-10-23T02:48:00Z,29564.035,price,coindesk,EUR,bitcoin,Euro,&euro;
,,0,2023-10-23T03:04:00Z,29567.6517,price,coindesk,EUR,bitcoin,Euro,&euro;
,,0,2023-10-23T03:20:00Z,29546.1476,price,coindesk,EUR,bitcoin,Euro,&euro;
,,0,2023-10-23T03:33:00Z,29609.9657,price,coindesk,EUR,bitcoin,Euro,&euro;
,,0,2023-10-23T03:48:00Z,29748.7653,price,coindesk,EUR,bitcoin,Euro,&euro;
,,0,2023-10-23T04:04:00Z,29969.8462,price,coindesk,EUR,bitcoin,Euro,&euro;
,,0,2023-10-23T04:22:00Z,29804.743,price,coindesk,EUR,bitcoin,Euro,&euro;
,,0,2023-10-23T04:33:00Z,29827.815,price,coindesk,EUR,bitcoin,Euro,&euro;
,,0,2023-10-23T04:48:00Z,29857.3373,price,coindesk,EUR,bitcoin,Euro,&euro;
,,0,2023-10-23T05:04:00Z,29797.236,price,coindesk,EUR,bitcoin,Euro,&euro;
,,0,2023-10-23T05:21:00Z,30001.2109,price,coindesk,EUR,bitcoin,Euro,&euro;
,,0,2023-10-23T05:33:00Z,30046.8717,price,coindesk,EUR,bitcoin,Euro,&euro;
,,0,2023-10-23T05:48:00Z,30018.7113,price,coindesk,EUR,bitcoin,Euro,&euro;
,,0,2023-10-23T06:05:00Z,30012.9646,price,coindesk,EUR,bitcoin,Euro,&euro;
,,0,2023-10-23T06:23:00Z,29922.6858,price,coindesk,EUR,bitcoin,Euro,&euro;
,,0,2023-10-23T06:34:00Z,29916.9856,price,coindesk,EUR,bitcoin,Euro,&euro;
,,0,2023-10-23T06:48:00Z,29967.3332,price,coindesk,EUR,bitcoin,Euro,&euro;
,,0,2023-10-23T07:05:00Z,29886.7043,price,coindesk,EUR,bitcoin,Euro,&euro;
,,0,2023-10-23T07:19:00Z,29907.867,price,coindesk,EUR,bitcoin,Euro,&euro;
,,0,2023-10-23T07:33:00Z,29930.885,price,coindesk,EUR,bitcoin,Euro,&euro;
,,0,2023-10-23T07:48:00Z,29915.7517,price,coindesk,EUR,bitcoin,Euro,&euro;
,,0,2023-10-23T08:05:00Z,29718.6481,price,coindesk,EUR,bitcoin,Euro,&euro;
,,0,2023-10-23T08:23:00Z,29699.6944,price,coindesk,EUR,bitcoin,Euro,&euro;
,,0,2023-10-23T08:34:00Z,29747.133,price,coindesk,EUR,bitcoin,Euro,&euro;
,,0,2023-10-23T08:48:00Z,29784.6428,price,coindesk,EUR,bitcoin,Euro,&euro;
,,0,2023-10-23T09:05:00Z,29848.0285,price,coindesk,EUR,bitcoin,Euro,&euro;
,,0,2023-10-23T09:20:00Z,29784.6703,price,coindesk,EUR,bitcoin,Euro,&euro;
,,0,2023-10-23T09:33:00Z,29675.034,price,coindesk,EUR,bitcoin,Euro,&euro;
,,0,2023-10-23T09:48:00Z,29612.5224,price,coindesk,EUR,bitcoin,Euro,&euro;
,,0,2023-10-23T10:05:00Z,29701.5971,price,coindesk,EUR,bitcoin,Euro,&euro;
,,0,2023-10-23T10:22:00Z,29744.56,price,coindesk,EUR,bitcoin,Euro,&euro;
,,0,2023-10-23T10:34:00Z,29763.3247,price,coindesk,EUR,bitcoin,Euro,&euro;
,,0,2023-10-23T10:48:00Z,29758.4801,price,coindesk,EUR,bitcoin,Euro,&euro;
,,0,2023-10-23T11:04:00Z,29777.9497,price,coindesk,EUR,bitcoin,Euro,&euro;
,,0,2023-10-23T11:18:00Z,29785.6901,price,coindesk,EUR,bitcoin,Euro,&euro;
,,0,2023-10-23T11:33:00Z,29836.1605,price,coindesk,EUR,bitcoin,Euro,&euro;
,,0,2023-10-23T11:48:00Z,29874.1811,price,coindesk,EUR,bitcoin,Euro,&euro;
,,0,2023-10-23T12:06:00Z,29877.0914,price,coindesk,EUR,bitcoin,Euro,&euro;
,,0,2023-10-23T12:24:00Z,29928.9364,price,coindesk,EUR,bitcoin,Euro,&euro;
,,0,2023-10-23T12:41:00Z,29836.0166,price,coindesk,EUR,bitcoin,Euro,&euro;
,,0,2023-10-23T12:54:00Z,29851.254,price,coindesk,EUR,bitcoin,Euro,&euro;
,,0,2023-10-23T13:05:00Z,29853.3669,price,coindesk,EUR,bitcoin,Euro,&euro;
,,0,2023-10-23T13:22:00Z,29837.7453,price,coindesk,EUR,bitcoin,Euro,&euro;
,,0,2023-10-23T13:33:00Z,29700.7424,price,coindesk,EUR,bitcoin,Euro,&euro;
,,0,2023-10-23T13:48:00Z,29773.8692,price,coindesk,EUR,bitcoin,Euro,&euro;
,,0,2023-10-23T14:04:00Z,29812.0346,price,coindesk,EUR,bitcoin,Euro,&euro;
,,0,2023-10-23T14:21:00Z,29898.1965,price,coindesk,EUR,bitcoin,Euro,&euro;
,,0,2023-10-23T14:33:00Z,29856.5689,price,coindesk,EUR,bitcoin,Euro,&euro;
,,0,2023-10-23T14:48:00Z,29943.4034,price,coindesk,EUR,bitcoin,Euro,&euro;
,,0,2023-10-23T15:04:00Z,29985.0757,price,coindesk,EUR,bitcoin,Euro,&euro;
,,0,2023-10-23T15:20:00Z,29970.6343,price,coindesk,EUR,bitcoin,Euro,&euro;
,,0,2023-10-23T15:33:00Z,29994.1689,price,coindesk,EUR,bitcoin,Euro,&euro;
,,0,2023-10-23T15:48:00Z,30038.9537,price,coindesk,EUR,bitcoin,Euro,&euro;
,,0,2023-10-23T16:04:00Z,30047.7506,price,coindesk,EUR,bitcoin,Euro,&euro;
,,0,2023-10-23T16:23:00Z,30087.6059,price,coindesk,EUR,bitcoin,Euro,&euro;
,,0,2023-10-23T16:38:00Z,30135.9501,price,coindesk,EUR,bitcoin,Euro,&euro;
,,0,2023-10-23T16:48:00Z,30260.0825,price,coindesk,EUR,bitcoin,Euro,&euro;
,,0,2023-10-23T17:04:00Z,30310.6384,price,coindesk,EUR,bitcoin,Euro,&euro;
,,0,2023-10-23T17:20:00Z,30301.7481,price,coindesk,EUR,bitcoin,Euro,&euro;
,,0,2023-10-23T17:33:00Z,30143.7343,price,coindesk,EUR,bitcoin,Euro,&euro;
,,0,2023-10-23T17:48:00Z,30219.6232,price,coindesk,EUR,bitcoin,Euro,&euro;
,,0,2023-10-23T18:04:00Z,30266.3602,price,coindesk,EUR,bitcoin,Euro,&euro;
,,0,2023-10-23T18:22:00Z,30234.5775,price,coindesk,EUR,bitcoin,Euro,&euro;
,,0,2023-10-23T18:33:00Z,30197.2329,price,coindesk,EUR,bitcoin,Euro,&euro;
,,0,2023-10-23T18:48:00Z,30183.6132,price,coindesk,EUR,bitcoin,Euro,&euro;
,,0,2023-10-23T19:04:00Z,30517.853,price,coindesk,EUR,bitcoin,Euro,&euro;
,,0,2023-10-23T19:18:00Z,30403.4415,price,coindesk,EUR,bitcoin,Euro,&euro;
,,0,2023-10-23T19:33:00Z,30371.4005,price,coindesk,EUR,bitcoin,Euro,&euro;
,,0,2023-10-23T19:48:00Z,30504.1185,price,coindesk,EUR,bitcoin,Euro,&euro;
,,0,2023-10-23T20:04:00Z,30612.0233,price,coindesk,EUR,bitcoin,Euro,&euro;
,,0,2023-10-23T20:19:00Z,30808.312,price,coindesk,EUR,bitcoin,Euro,&euro;
,,0,2023-10-23T20:33:00Z,30835.8505,price,coindesk,EUR,bitcoin,Euro,&euro;
,,0,2023-10-23T20:48:00Z,30903.9806,price,coindesk,EUR,bitcoin,Euro,&euro;
,,0,2023-10-23T21:04:00Z,30781.8935,price,coindesk,EUR,bitcoin,Euro,&euro;
,,0,2023-10-23T21:18:00Z,30672.3463,price,coindesk,EUR,bitcoin,Euro,&euro;
,,0,2023-10-23T21:33:00Z,30758.1321,price,coindesk,EUR,bitcoin,Euro,&euro;
,,0,2023-10-23T21:48:00Z,30777.4511,price,coindesk,EUR,bitcoin,Euro,&euro;
,,0,2023-10-23T22:04:00Z,30803.8691,price,coindesk,EUR,bitcoin,Euro,&euro;
,,0,2023-10-23T22:21:00Z,31111.3744,price,coindesk,EUR,bitcoin,Euro,&euro;
,,0,2023-10-23T22:33:00Z,31253.5235,price,coindesk,EUR,bitcoin,Euro,&euro;
,,0,2023-10-23T22:48:00Z,32088.009,price,coindesk,EUR,bitcoin,Euro,&euro;
,,0,2023-10-23T23:04:00Z,32332.422,price,coindesk,EUR,bitcoin,Euro,&euro;
,,0,2023-10-23T23:20:00Z,32196.7668,price,coindesk,EUR,bitcoin,Euro,&euro;
,,0,2023-10-23T23:33:00Z,32069.3188,price,coindesk,EUR,bitcoin,Euro,&euro;
,,0,2023-10-23T23:48:00Z,31991.8816,price,coindesk,EUR,bitcoin,Euro,&euro;
,,0,2023-10-24T00:17:00Z,32123.2729,price,coindesk,EUR,bitcoin,Euro,&euro;
,,0,2023-10-24T00:48:00Z,32633.6985,price,coindesk,EUR,bitcoin,Euro,&euro;
,,0,2023-10-24T01:25:00Z,32817.7811,price,coindesk,EUR,bitcoin,Euro,&euro;
,,0,2023-10-24T01:48:00Z,32955.5771,price,coindesk,EUR,bitcoin,Euro,&euro;
,,0,2023-10-24T02:10:00Z,33480.8305,price,coindesk,EUR,bitcoin,Euro,&euro;
,,0,2023-10-24T02:23:00Z,33835.4485,price,coindesk,EUR,bitcoin,Euro,&euro;
,,0,2023-10-24T02:33:00Z,33905.9118,price,coindesk,EUR,bitcoin,Euro,&euro;
,,0,2023-10-24T02:48:00Z,33848.4493,price,coindesk,EUR,bitcoin,Euro,&euro;
,,0,2023-10-24T03:04:00Z,33673.8412,price,coindesk,EUR,bitcoin,Euro,&euro;
,,0,2023-10-24T03:20:00Z,33619.7857,price,coindesk,EUR,bitcoin,Euro,&euro;
,,0,2023-10-24T03:33:00Z,33661.4119,price,coindesk,EUR,bitcoin,Euro,&euro;
,,0,2023-10-24T03:48:00Z,33496.2413,price,coindesk,EUR,bitcoin,Euro,&euro;
,,0,2023-10-24T04:11:00Z,33362.6419,price,coindesk,EUR,bitcoin,Euro,&euro;
,,0,2023-10-24T04:21:00Z,33558.6484,price,coindesk,EUR,bitcoin,Euro,&euro;
,,0,2023-10-24T04:33:00Z,33533.4357,price,coindesk,EUR,bitcoin,Euro,&euro;
,,0,2023-10-24T04:48:00Z,33438.9893,price,coindesk,EUR,bitcoin,Euro,&euro;
,,0,2023-10-24T05:04:00Z,33527.096,price,coindesk,EUR,bitcoin,Euro,&euro;
,,0,2023-10-24T05:20:00Z,33541.8879,price,coindesk,EUR,bitcoin,Euro,&euro;
,,0,2023-10-24T05:33:00Z,33561.1956,price,coindesk,EUR,bitcoin,Euro,&euro;
,,0,2023-10-24T05:48:00Z,33312.2468,price,coindesk,EUR,bitcoin,Euro,&euro;
,,0,2023-10-24T06:05:00Z,33177.1672,price,coindesk,EUR,bitcoin,Euro,&euro;
,,0,2023-10-24T06:23:00Z,33003.5687,price,coindesk,EUR,bitcoin,Euro,&euro;
,,0,2023-10-24T06:34:00Z,33061.3891,price,coindesk,EUR,bitcoin,Euro,&euro;
,,0,2023-10-24T06:48:00Z,33147.3704,price,coindesk,EUR,bitcoin,Euro,&euro;
,,0,2023-10-24T07:04:00Z,33004.9307,price,coindesk,EUR,bitcoin,Euro,&euro;
,,0,2023-10-24T07:19:00Z,33008.1384,price,coindesk,EUR,bitcoin,Euro,&euro;
,,0,2023-10-24T07:33:00Z,32895.594,price,coindesk,EUR,bitcoin,Euro,&euro;
,,0,2023-10-24T07:48:00Z,33046.8502,price,coindesk,EUR,bitcoin,Euro,&euro;
,,0,2023-10-24T08:05:00Z,33154.7209,price,coindesk,EUR,bitcoin,Euro,&euro;
,,0,2023-10-24T08:22:00Z,33236.0333,price,coindesk,EUR,bitcoin,Euro,&euro;
,,0,2023-10-24T08:33:00Z,33303.7607,price,coindesk,EUR,bitcoin,Euro,&euro;
,,0,2023-10-24T08:48:00Z,33301.4505,price,coindesk,EUR,bitcoin,Euro,&euro;
,,0,2023-10-24T09:05:00Z,33245.3475,price,coindesk,EUR,bitcoin,Euro,&euro;
,,0,2023-10-24T09:20:00Z,33269.4599,price,coindesk,EUR,bitcoin,Euro,&euro;
,,0,2023-10-24T09:33:00Z,33383.8935,price,coindesk,EUR,bitcoin,Euro,&euro;
,,0,2023-10-24T09:48:00Z,33601.6514,price,coindesk,EUR,bitcoin,Euro,&euro;
,,0,2023-10-24T10:04:00Z,33533.6086,price,coindesk,EUR,bitcoin,Euro,&euro;
,,0,2023-10-24T10:22:00Z,33444.4885,price,coindesk,EUR,bitcoin,Euro,&euro;
,,0,2023-10-24T10:34:00Z,33543.0401,price,coindesk,EUR,bitcoin,Euro,&euro;
,,0,2023-10-24T10:48:00Z,33586.7119,price,coindesk,EUR,bitcoin,Euro,&euro;
,,0,2023-10-24T11:04:00Z,33618.0151,price,coindesk,EUR,bitcoin,Euro,&euro;
,,0,2023-10-24T11:18:00Z,33843.1415,price,coindesk,EUR,bitcoin,Euro,&euro;
,,0,2023-10-24T11:33:00Z,33793.7641,price,coindesk,EUR,bitcoin,Euro,&euro;
,,0,2023-10-24T11:48:00Z,33593.7896,price,coindesk,EUR,bitcoin,Euro,&euro;
,,0,2023-10-24T12:06:00Z,33768.5991,price,coindesk,EUR,bitcoin,Euro,&euro;
,,0,2023-10-24T12:24:00Z,33670.0795,price,coindesk,EUR,bitcoin,Euro,&euro;
,,0,2023-10-24T12:40:00Z,33873.1177,price,coindesk,EUR,bitcoin,Euro,&euro;
,,0,2023-10-24T12:52:00Z,33834.5091,price,coindesk,EUR,bitcoin,Euro,&euro;
,,0,2023-10-24T13:05:00Z,33636.7327,price,coindesk,EUR,bitcoin,Euro,&euro;
,,0,2023-10-24T13:22:00Z,33576.1224,price,coindesk,EUR,bitcoin,Euro,&euro;
,,0,2023-10-24T13:33:00Z,33590.2014,price,coindesk,EUR,bitcoin,Euro,&euro;
,,0,2023-10-24T13:48:00Z,33531.7392,price,coindesk,EUR,bitcoin,Euro,&euro;
,,0,2023-10-24T14:04:00Z,33497.1166,price,coindesk,EUR,bitcoin,Euro,&euro;
,,0,2023-10-24T14:20:00Z,33321.8384,price,coindesk,EUR,bitcoin,Euro,&euro;
,,0,2023-10-24T14:33:00Z,33328.5395,price,coindesk,EUR,bitcoin,Euro,&euro;
,,0,2023-10-24T14:48:00Z,33483.9389,price,coindesk,EUR,bitcoin,Euro,&euro;
,,0,2023-10-24T15:04:00Z,33537.7174,price,coindesk,EUR,bitcoin,Euro,&euro;
,,0,2023-10-24T15:21:00Z,33172.3584,price,coindesk,EUR,bitcoin,Euro,&euro;
,,0,2023-10-24T15:33:00Z,32860.9146,price,coindesk,EUR,bitcoin,Euro,&euro;
,,0,2023-10-24T15:48:00Z,32920.7781,price,coindesk,EUR,bitcoin,Euro,&euro;
,,0,2023-10-24T16:04:00Z,32758.9161,price,coindesk,EUR,bitcoin,Euro,&euro;
,,0,2023-10-24T16:23:00Z,33040.9866,price,coindesk,EUR,bitcoin,Euro,&euro;
,,0,2023-10-24T16:34:00Z,33349.5431,price,coindesk,EUR,bitcoin,Euro,&euro;
,,0,2023-10-24T16:48:00Z,33145.4052,price,coindesk,EUR,bitcoin,Euro,&euro;
,,0,2023-10-24T17:04:00Z,33139.9155,price,coindesk,EUR,bitcoin,Euro,&euro;
,,0,2023-10-24T17:21:00Z,33130.2057,price,coindesk,EUR,bitcoin,Euro,&euro;
,,0,2023-10-24T17:33:00Z,33019.4196,price,coindesk,EUR,bitcoin,Euro,&euro;
,,0,2023-10-24T17:48:00Z,32985.8491,price,coindesk,EUR,bitcoin,Euro,&euro;
,,0,2023-10-24T18:04:00Z,32932.5443,price,coindesk,EUR,bitcoin,Euro,&euro;
,,0,2023-10-24T18:23:00Z,32605.5211,price,coindesk,EUR,bitcoin,Euro,&euro;
,,0,2023-10-24T18:34:00Z,32779.8582,price,coindesk,EUR,bitcoin,Euro,&euro;
,,0,2023-10-24T18:48:00Z,32924.1399,price,coindesk,EUR,bitcoin,Euro,&euro;
,,0,2023-10-24T19:04:00Z,32959.4625,price,coindesk,EUR,bitcoin,Euro,&euro;
,,0,2023-10-24T19:18:00Z,32868.7654,price,coindesk,EUR,bitcoin,Euro,&euro;
,,0,2023-10-24T19:33:00Z,32984.2184,price,coindesk,EUR,bitcoin,Euro,&euro;
,,0,2023-10-24T19:48:00Z,32908.8133,price,coindesk,EUR,bitcoin,Euro,&euro;
,,0,2023-10-24T20:04:00Z,32841.557,price,coindesk,EUR,bitcoin,Euro,&euro;
,,0,2023-10-24T20:20:00Z,32943.6836,price,coindesk,EUR,bitcoin,Euro,&euro;
,,0,2023-10-24T20:33:00Z,32980.3697,price,coindesk,EUR,bitcoin,Euro,&euro;
,,0,2023-10-24T20:48:00Z,32886.8641,price,coindesk,EUR,bitcoin,Euro,&euro;
,,0,2023-10-24T21:04:00Z,32773.483,price,coindesk,EUR,bitcoin,Euro,&euro;
,,0,2023-10-24T21:19:00Z,32820.8679,price,coindesk,EUR,bitcoin,Euro,&euro;
,,0,2023-10-24T21:33:00Z,32854.5573,price,coindesk,EUR,bitcoin,Euro,&euro;
,,0,2023-10-24T21:48:00Z,32753.3164,price,coindesk,EUR,bitcoin,Euro,&euro;
,,0,2023-10-24T22:04:00Z,33038.518,price,coindesk,EUR,bitcoin,Euro,&euro;
,,0,2023-10-24T22:20:00Z,33176.8792,price,coindesk,EUR,bitcoin,Euro,&euro;
,,0,2023-10-24T22:33:00Z,33203.5458,price,coindesk,EUR,bitcoin,Euro,&euro;
,,0,2023-10-24T22:48:00Z,33249.4232,price,coindesk,EUR,bitcoin,Euro,&euro;
,,0,2023-10-24T23:04:00Z,33280.9226,price,coindesk,EUR,bitcoin,Euro,&euro;
,,0,2023-10-24T23:19:00Z,33074.5605,price,coindesk,EUR,bitcoin,Euro,&euro;
,,0,2023-10-24T23:33:00Z,32990.3892,price,coindesk,EUR,bitcoin,Euro,&euro;
,,0,2023-10-24T23:48:00Z,32935.4755,price,coindesk,EUR,bitcoin,Euro,&euro;
,,0,2023-10-25T00:17:00Z,33010.7416,price,coindesk,EUR,bitcoin,Euro,&euro;
,,0,2023-10-25T00:48:00Z,33057.4513,price,coindesk,EUR,bitcoin,Euro,&euro;
,,0,2023-10-25T01:25:00Z,33275.0154,price,coindesk,EUR,bitcoin,Euro,&euro;
,,0,2023-10-25T01:48:00Z,33357.3245,price,coindesk,EUR,bitcoin,Euro,&euro;
,,0,2023-10-25T02:10:00Z,33276.7134,price,coindesk,EUR,bitcoin,Euro,&euro;
,,0,2023-10-25T02:23:00Z,33190.5822,price,coindesk,EUR,bitcoin,Euro,&euro;
,,0,2023-10-25T02:33:00Z,33227.2417,price,coindesk,EUR,bitcoin,Euro,&euro;
,,0,2023-10-25T02:48:00Z,33139.2982,price,coindesk,EUR,bitcoin,Euro,&euro;
,,0,2023-10-25T03:04:00Z,33100.45,price,coindesk,EUR,bitcoin,Euro,&euro;
,,0,2023-10-25T03:20:00Z,33133.5626,price,coindesk,EUR,bitcoin,Euro,&euro;
,,0,2023-10-25T03:33:00Z,33115.4445,price,coindesk,EUR,bitcoin,Euro,&euro;
,,0,2023-10-25T03:48:00Z,33102.5808,price,coindesk,EUR,bitcoin,Euro,&euro;
,,0,2023-10-25T04:04:00Z,33144.7107,price,coindesk,EUR,bitcoin,Euro,&euro;
,,0,2023-10-25T04:22:00Z,33121.5113,price,coindesk,EUR,bitcoin,Euro,&euro;
,,0,2023-10-25T04:33:00Z,33163.2012,price,coindesk,EUR,bitcoin,Euro,&euro;
,,0,2023-10-25T04:56:00Z,33283.746,price,coindesk,EUR,bitcoin,Euro,&euro;
,,0,2023-10-25T05:04:00Z,33262.5931,price,coindesk,EUR,bitcoin,Euro,&euro;
,,0,2023-10-25T05:21:00Z,33125.0326,price,coindesk,EUR,bitcoin,Euro,&euro;
,,0,2023-10-25T05:33:00Z,33108.6786,price,coindesk,EUR,bitcoin,Euro,&euro;
,,0,2023-10-25T05:48:00Z,33089.8144,price,coindesk,EUR,bitcoin,Euro,&euro;
,,0,2023-10-25T06:05:00Z,33162.2713,price,coindesk,EUR,bitcoin,Euro,&euro;
,,0,2023-10-25T06:23:00Z,33262.2691,price,coindesk,EUR,bitcoin,Euro,&euro;
,,0,2023-10-25T06:34:00Z,33259.1719,price,coindesk,EUR,bitcoin,Euro,&euro;
,,0,2023-10-25T06:48:00Z,33276.655,price,coindesk,EUR,bitcoin,Euro,&euro;
,,0,2023-10-25T07:04:00Z,33313.1883,price,coindesk,EUR,bitcoin,Euro,&euro;
,,0,2023-10-25T07:19:00Z,33272.7432,price,coindesk,EUR,bitcoin,Euro,&euro;
,,0,2023-10-25T07:33:00Z,33107.68,price,coindesk,EUR,bitcoin,Euro,&euro;
,,0,2023-10-25T07:48:00Z,32936.3387,price,coindesk,EUR,bitcoin,Euro,&euro;
,,0,2023-10-25T08:05:00Z,32969.3746,price,coindesk,EUR,bitcoin,Euro,&euro;
,,0,2023-10-25T08:23:00Z,33012.9728,price,coindesk,EUR,bitcoin,Euro,&euro;
,,0,2023-10-25T08:34:00Z,33064.5441,price,coindesk,EUR,bitcoin,Euro,&euro;
,,0,2023-10-25T08:48:00Z,33083.2846,price,coindesk,EUR,bitcoin,Euro,&euro;
,,0,2023-10-25T09:04:00Z,33046.0883,price,coindesk,EUR,bitcoin,Euro,&euro;
,,0,2023-10-25T09:20:00Z,33191.3372,price,coindesk,EUR,bitcoin,Euro,&euro;
,,0,2023-10-25T09:33:00Z,33347.7969,price,coindesk,EUR,bitcoin,Euro,&euro;
,,0,2023-10-25T09:48:00Z,33329.7843,price,coindesk,EUR,bitcoin,Euro,&euro;
,,0,2023-10-25T10:04:00Z,33240.4896,price,coindesk,EUR,bitcoin,Euro,&euro;
,,0,2023-10-25T10:22:00Z,33285.4231,price,coindesk,EUR,bitcoin,Euro,&euro;
,,0,2023-10-25T10:33:00Z,33316.8677,price,coindesk,EUR,bitcoin,Euro,&euro;
,,0,2023-10-25T10:48:00Z,33317.0842,price,coindesk,EUR,bitcoin,Euro,&euro;
,,0,2023-10-25T11:04:00Z,33286.1359,price,coindesk,EUR,bitcoin,Euro,&euro;
,,0,2023-10-25T11:18:00Z,33459.7838,price,coindesk,EUR,bitcoin,Euro,&euro;
,,0,2023-10-25T11:33:00Z,33341.7087,price,coindesk,EUR,bitcoin,Euro,&euro;
,,0,2023-10-25T11:48:00Z,33306.1708,price,coindesk,EUR,bitcoin,Euro,&euro;
,,0,2023-10-25T12:06:00Z,33392.7911,price,coindesk,EUR,bitcoin,Euro,&euro;
,,0,2023-10-25T12:24:00Z,33447.0248,price,coindesk,EUR,bitcoin,Euro,&euro;
,,0,2023-10-25T12:40:00Z,33406.7305,price,coindesk,EUR,bitcoin,Euro,&euro;
,,0,2023-10-25T12:52:00Z,33413.7022,price,coindesk,EUR,bitcoin,Euro,&euro;
,,0,2023-10-25T13:05:00Z,33508.6439,price,coindesk,EUR,bitcoin,Euro,&euro;
,,0,2023-10-25T13:21:00Z,33620.2421,price,coindesk,EUR,bitcoin,Euro,&euro;
,,0,2023-10-25T13:33:00Z,33541.4779,price,coindesk,EUR,bitcoin,Euro,&euro;
,,0,2023-10-25T13:48:00Z,33476.6341,price,coindesk,EUR,bitcoin,Euro,&euro;
,,0,2023-10-25T14:04:00Z,33504.6912,price,coindesk,EUR,bitcoin,Euro,&euro;
,,0,2023-10-25T14:20:00Z,33467.6294,price,coindesk,EUR,bitcoin,Euro,&euro;
,,0,2023-10-25T14:33:00Z,33711.3932,price,coindesk,EUR,bitcoin,Euro,&euro;
,,0,2023-10-25T14:48:00Z,33733.3578,price,coindesk,EUR,bitcoin,Euro,&euro;
,,0,2023-10-25T15:04:00Z,33890.483,price,coindesk,EUR,bitcoin,Euro,&euro;
,,0,2023-10-25T15:20:00Z,33816.5745,price,coindesk,EUR,bitcoin,Euro,&euro;
,,0,2023-10-25T15:33:00Z,33924.1522,price,coindesk,EUR,bitcoin,Euro,&euro;
,,0,2023-10-25T15:48:00Z,33924.7696,price,coindesk,EUR,bitcoin,Euro,&euro;
,,0,2023-10-25T16:04:00Z,33999.5071,price,coindesk,EUR,bitcoin,Euro,&euro;
,,0,2023-10-25T16:22:00Z,33953.6709,price,coindesk,EUR,bitcoin,Euro,&euro;
,,0,2023-10-25T16:34:00Z,33856.393,price,coindesk,EUR,bitcoin,Euro,&euro;
,,0,2023-10-25T16:48:00Z,33805.9707,price,coindesk,EUR,bitcoin,Euro,&euro;
,,0,2023-10-25T17:04:00Z,33608.3846,price,coindesk,EUR,bitcoin,Euro,&euro;
,,0,2023-10-25T17:20:00Z,33638.9642,price,coindesk,EUR,bitcoin,Euro,&euro;
,,0,2023-10-25T17:34:00Z,33816.1701,price,coindesk,EUR,bitcoin,Euro,&euro;
,,0,2023-10-25T17:48:00Z,33748.2743,price,coindesk,EUR,bitcoin,Euro,&euro;
,,0,2023-10-25T18:05:00Z,33827.7573,price,coindesk,EUR,bitcoin,Euro,&euro;
,,0,2023-10-25T18:22:00Z,33759.1402,price,coindesk,EUR,bitcoin,Euro,&euro;
,,0,2023-10-25T18:33:00Z,33647.9586,price,coindesk,EUR,bitcoin,Euro,&euro;
,,0,2023-10-25T18:48:00Z,33675.6542,price,coindesk,EUR,bitcoin,Euro,&euro;
,,0,2023-10-25T19:04:00Z,33742.9328,price,coindesk,EUR,bitcoin,Euro,&euro;
,,0,2023-10-25T19:18:00Z,33713.8801,price,coindesk,EUR,bitcoin,Euro,&euro;
,,0,2023-10-25T19:33:00Z,33718.9515,price,coindesk,EUR,bitcoin,Euro,&euro;
,,0,2023-10-25T19:48:00Z,33726.7353,price,coindesk,EUR,bitcoin,Euro,&euro;
,,0,2023-10-25T20:04:00Z,33865.5709,price,coindesk,EUR,bitcoin,Euro,&euro;
,,0,2023-10-25T20:20:00Z,33873.486,price,coindesk,EUR,bitcoin,Euro,&euro;
,,0,2023-10-25T20:33:00Z,33882.2169,price,coindesk,EUR,bitcoin,Euro,&euro;
,,0,2023-10-25T20:48:00Z,33878.9418,price,coindesk,EUR,bitcoin,Euro,&euro;
,,0,2023-10-25T21:04:00Z,33814.7501,price,coindesk,EUR,bitcoin,Euro,&euro;
,,0,2023-10-25T21:19:00Z,33855.7364,price,coindesk,EUR,bitcoin,Euro,&euro;
,,0,2023-10-25T21:33:00Z,33819.3168,price,coindesk,EUR,bitcoin,Euro,&euro;
,,0,2023-10-25T21:48:00Z,33655.471,price,coindesk,EUR,bitcoin,Euro,&euro;
,,0,2023-10-25T22:04:00Z,33685.1178,price,coindesk,EUR,bitcoin,Euro,&euro;
,,0,2023-10-25T22:20:00Z,33742.9402,price,coindesk,EUR,bitcoin,Euro,&euro;
,,0,2023-10-25T22:33:00Z,33722.2042,price,coindesk,EUR,bitcoin,Euro,&euro;
,,0,2023-10-25T22:48:00Z,33700.4373,price,coindesk,EUR,bitcoin,Euro,&euro;
,,0,2023-10-25T23:04:00Z,33486.774,price,coindesk,EUR,bitcoin,Euro,&euro;
,,0,2023-10-25T23:19:00Z,33602.7234,price,coindesk,EUR,bitcoin,Euro,&euro;
,,0,2023-10-25T23:33:00Z,33652.242,price,coindesk,EUR,bitcoin,Euro,&euro;
,,0,2023-10-25T23:48:00Z,33594.018,price,coindesk,EUR,bitcoin,Euro,&euro;
,,0,2023-10-26T00:17:00Z,33644.6683,price,coindesk,EUR,bitcoin,Euro,&euro;
,,0,2023-10-26T00:48:00Z,33579.0671,price,coindesk,EUR,bitcoin,Euro,&euro;
,,0,2023-10-26T01:24:00Z,33846.167,price,coindesk,EUR,bitcoin,Euro,&euro;
,,0,2023-10-26T01:47:00Z,33846.3976,price,coindesk,EUR,bitcoin,Euro,&euro;
,,0,2023-10-26T02:10:00Z,33834.6459,price,coindesk,EUR,bitcoin,Euro,&euro;
,,0,2023-10-26T02:22:00Z,33839.8962,price,coindesk,EUR,bitcoin,Euro,&euro;
,,0,2023-10-26T02:33:00Z,33873.8031,price,coindesk,EUR,bitcoin,Euro,&euro;
,,0,2023-10-26T02:48:00Z,33878.0579,price,coindesk,EUR,bitcoin,Euro,&euro;
,,0,2023-10-26T03:04:00Z,33907.675,price,coindesk,EUR,bitcoin,Euro,&euro;
,,0,2023-10-26T03:19:00Z,33859.7838,price,coindesk,EUR,bitcoin,Euro,&euro;
,,0,2023-10-26T03:35:00Z,33907.166,price,coindesk,EUR,bitcoin,Euro,&euro;
,,0,2023-10-26T03:48:00Z,33878.3297,price,coindesk,EUR,bitcoin,Euro,&euro;
,,0,2023-10-26T04:04:00Z,33883.2623,price,coindesk,EUR,bitcoin,Euro,&euro;
,,0,2023-10-26T04:21:00Z,33826.7088,price,coindesk,EUR,bitcoin,Euro,&euro;
,,0,2023-10-26T04:33:00Z,33791.3951,price,coindesk,EUR,bitcoin,Euro,&euro;
,,0,2023-10-26T04:48:00Z,33788.8964,price,coindesk,EUR,bitcoin,Euro,&euro;
,,0,2023-10-26T05:04:00Z,33795.3745,price,coindesk,EUR,bitcoin,Euro,&euro;
,,0,2023-10-26T05:20:00Z,33758.482,price,coindesk,EUR,bitcoin,Euro,&euro;
,,0,2023-10-26T05:33:00Z,33741.4488,price,coindesk,EUR,bitcoin,Euro,&euro;
,,0,2023-10-26T05:48:00Z,33681.5894,price,coindesk,EUR,bitcoin,Euro,&euro;
,,0,2023-10-26T06:04:00Z,33573.221,price,coindesk,EUR,bitcoin,Euro,&euro;
,,0,2023-10-26T06:23:00Z,33603.833,price,coindesk,EUR,bitcoin,Euro,&euro;
,,0,2023-10-26T06:33:00Z,33655.8452,price,coindesk,EUR,bitcoin,Euro,&euro;
,,0,2023-10-26T06:48:00Z,33696.4062,price,coindesk,EUR,bitcoin,Euro,&euro;
,,0,2023-10-26T07:04:00Z,33679.2591,price,coindesk,EUR,bitcoin,Euro,&euro;
,,0,2023-10-26T07:19:00Z,33803.7837,price,coindesk,EUR,bitcoin,Euro,&euro;
,,0,2023-10-26T07:33:00Z,33835.5483,price,coindesk,EUR,bitcoin,Euro,&euro;
,,0,2023-10-26T07:48:00Z,33772.9198,price,coindesk,EUR,bitcoin,Euro,&euro;
,,0,2023-10-26T08:04:00Z,33816.0531,price,coindesk,EUR,bitcoin,Euro,&euro;
,,0,2023-10-26T08:22:00Z,33644.8075,price,coindesk,EUR,bitcoin,Euro,&euro;
,,0,2023-10-26T08:33:00Z,33635.584,price,coindesk,EUR,bitcoin,Euro,&euro;
,,0,2023-10-26T08:48:00Z,33695.0999,price,coindesk,EUR,bitcoin,Euro,&euro;
,,0,2023-10-26T09:04:00Z,33652.0619,price,coindesk,EUR,bitcoin,Euro,&euro;
,,0,2023-10-26T09:19:00Z,33586.7195,price,coindesk,EUR,bitcoin,Euro,&euro;
,,0,2023-10-26T09:33:00Z,33588.3989,price,coindesk,EUR,bitcoin,Euro,&euro;
,,0,2023-10-26T09:49:00Z,33560.3843,price,coindesk,EUR,bitcoin,Euro,&euro;
,,0,2023-10-26T10:05:00Z,33488.3631,price,coindesk,EUR,bitcoin,Euro,&euro;
,,0,2023-10-26T10:21:00Z,33556.2676,price,coindesk,EUR,bitcoin,Euro,&euro;
,,0,2023-10-26T10:33:00Z,33546.2082,price,coindesk,EUR,bitcoin,Euro,&euro;
,,0,2023-10-26T10:48:00Z,33361.2147,price,coindesk,EUR,bitcoin,Euro,&euro;
,,0,2023-10-26T11:04:00Z,33450.167,price,coindesk,EUR,bitcoin,Euro,&euro;
,,0,2023-10-26T11:18:00Z,33438.5796,price,coindesk,EUR,bitcoin,Euro,&euro;
,,0,2023-10-26T11:35:00Z,33330.4524,price,coindesk,EUR,bitcoin,Euro,&euro;
,,0,2023-10-26T11:48:00Z,33169.1421,price,coindesk,EUR,bitcoin,Euro,&euro;
,,0,2023-10-26T12:06:00Z,33265.7295,price,coindesk,EUR,bitcoin,Euro,&euro;
,,0,2023-10-26T12:24:00Z,33318.5587,price,coindesk,EUR,bitcoin,Euro,&euro;
,,0,2023-10-26T12:40:00Z,33385.7123,price,coindesk,EUR,bitcoin,Euro,&euro;
,,0,2023-10-26T12:52:00Z,33419.118,price,coindesk,EUR,bitcoin,Euro,&euro;
,,0,2023-10-26T13:05:00Z,33392.7035,price,coindesk,EUR,bitcoin,Euro,&euro;
,,0,2023-10-26T13:23:00Z,33355.4084,price,coindesk,EUR,bitcoin,Euro,&euro;
,,0,2023-10-26T13:33:00Z,33414.7331,price,coindesk,EUR,bitcoin,Euro,&euro;
,,0,2023-10-26T13:48:00Z,33391.2889,price,coindesk,EUR,bitcoin,Euro,&euro;
,,0,2023-10-26T14:04:00Z,33405.5752,price,coindesk,EUR,bitcoin,Euro,&euro;
,,0,2023-10-26T14:21:00Z,33448.1564,price,coindesk,EUR,bitcoin,Euro,&euro;
,,0,2023-10-26T14:33:00Z,33311.602,price,coindesk,EUR,bitcoin,Euro,&euro;
,,0,2023-10-26T14:48:00Z,33279.4343,price,coindesk,EUR,bitcoin,Euro,&euro;
,,0,2023-10-26T15:04:00Z,33319.9219,price,coindesk,EUR,bitcoin,Euro,&euro;
,,0,2023-10-26T15:20:00Z,33073.5618,price,coindesk,EUR,bitcoin,Euro,&euro;
,,0,2023-10-26T15:33:00Z,33102.7367,price,coindesk,EUR,bitcoin,Euro,&euro;
,,0,2023-10-26T15:48:00Z,33134.7488,price,coindesk,EUR,bitcoin,Euro,&euro;
,,0,2023-10-26T16:04:00Z,33197.2525,price,coindesk,EUR,bitcoin,Euro,&euro;
,,0,2023-10-26T16:22:00Z,33110.9765,price,coindesk,EUR,bitcoin,Euro,&euro;
,,0,2023-10-26T16:34:00Z,33070.7023,price,coindesk,EUR,bitcoin,Euro,&euro;
,,0,2023-10-26T16:48:00Z,33019.0245,price,coindesk,EUR,bitcoin,Euro,&euro;
,,0,2023-10-26T17:04:00Z,32954.0218,price,coindesk,EUR,bitcoin,Euro,&euro;
,,0,2023-10-26T17:20:00Z,32986.0995,price,coindesk,EUR,bitcoin,Euro,&euro;
,,0,2023-10-26T17:33:00Z,32959.3126,price,coindesk,EUR,bitcoin,Euro,&euro;
,,0,2023-10-26T17:48:00Z,32999.2591,price,coindesk,EUR,bitcoin,Euro,&euro;
,,0,2023-10-26T18:04:00Z,33077.0918,price,coindesk,EUR,bitcoin,Euro,&euro;
,,0,2023-10-26T18:22:00Z,33127.0199,price,coindesk,EUR,bitcoin,Euro,&euro;
,,0,2023-10-26T18:33:00Z,33118.7013,price,coindesk,EUR,bitcoin,Euro,&euro;
,,0,2023-10-26T18:48:00Z,33109.6206,price,coindesk,EUR,bitcoin,Euro,&euro;
,,0,2023-10-26T19:04:00Z,33135.0732,price,coindesk,EUR,bitcoin,Euro,&euro;
,,0,2023-10-26T19:18:00Z,33105.118,price,coindesk,EUR,bitcoin,Euro,&euro;
,,0,2023-10-26T19:33:00Z,33076.1128,price,coindesk,EUR,bitcoin,Euro,&euro;
,,0,2023-10-26T19:48:00Z,33132.6204,price,coindesk,EUR,bitcoin,Euro,&euro;
,,0,2023-10-26T20:04:00Z,33225.986,price,coindesk,EUR,bitcoin,Euro,&euro;
,,0,2023-10-26T20:21:00Z,33220.6865,price,coindesk,EUR,bitcoin,Euro,&euro;
,,0,2023-10-26T20:33:00Z,33311.5665,price,coindesk,EUR,bitcoin,Euro,&euro;
,,0,2023-10-26T20:48:00Z,33269.0355,price,coindesk,EUR,bitcoin,Euro,&euro;
,,0,2023-10-26T21:04:00Z,33275.57,price,coindesk,EUR,bitcoin,Euro,&euro;
,,0,2023-10-26T21:18:00Z,33268.5644,price,coindesk,EUR,bitcoin,Euro,&euro;
,,0,2023-10-26T21:33:00Z,33242.8642,price,coindesk,EUR,bitcoin,Euro,&euro;
,,0,2023-10-26T21:48:00Z,33227.7375,price,coindesk,EUR,bitcoin,Euro,&euro;
,,0,2023-10-26T22:07:00Z,33285.3237,price,coindesk,EUR,bitcoin,Euro,&euro;
,,0,2023-10-26T22:21:00Z,33286.7449,price,coindesk,EUR,bitcoin,Euro,&euro;
,,0,2023-10-26T22:33:00Z,33301.3327,price,coindesk,EUR,bitcoin,Euro,&euro;
,,0,2023-10-26T22:48:00Z,33320.5641,price,coindesk,EUR,bitcoin,Euro,&euro;
,,0,2023-10-26T23:04:00Z,33333.7185,price,coindesk,EUR,bitcoin,Euro,&euro;
,,0,2023-10-26T23:19:00Z,33377.29,price,coindesk,EUR,bitcoin,Euro,&euro;
,,0,2023-10-26T23:33:00Z,33284.915,price,coindesk,EUR,bitcoin,Euro,&euro;
,,0,2023-10-26T23:48:00Z,33267.2081,price,coindesk,EUR,bitcoin,Euro,&euro;
,,0,2023-10-27T00:17:00Z,33211.4894,price,coindesk,EUR,bitcoin,Euro,&euro;
,,0,2023-10-27T00:47:00Z,33151.8227,price,coindesk,EUR,bitcoin,Euro,&euro;
,,0,2023-10-27T01:24:00Z,33082.9406,price,coindesk,EUR,bitcoin,Euro,&euro;
,,0,2023-10-27T01:47:00Z,33044.3634,price,coindesk,EUR,bitcoin,Euro,&euro;
,,0,2023-10-27T02:09:00Z,33031.775,price,coindesk,EUR,bitcoin,Euro,&euro;
,,0,2023-10-27T02:22:00Z,33174.0583,price,coindesk,EUR,bitcoin,Euro,&euro;
,,0,2023-10-27T02:33:00Z,33254.6244,price,coindesk,EUR,bitcoin,Euro,&euro;
,,0,2023-10-27T02:48:00Z,33210.1034,price,coindesk,EUR,bitcoin,Euro,&euro;
,,0,2023-10-27T03:04:00Z,33174.3473,price,coindesk,EUR,bitcoin,Euro,&euro;
,,0,2023-10-27T03:19:00Z,33247.4185,price,coindesk,EUR,bitcoin,Euro,&euro;
,,0,2023-10-27T03:33:00Z,33252.749,price,coindesk,EUR,bitcoin,Euro,&euro;
,,0,2023-10-27T03:48:00Z,33204.6776,price,coindesk,EUR,bitcoin,Euro,&euro;
,,0,2023-10-27T04:04:00Z,33213.1571,price,coindesk,EUR,bitcoin,Euro,&euro;
,,0,2023-10-27T04:21:00Z,33176.5982,price,coindesk,EUR,bitcoin,Euro,&euro;
,,0,2023-10-27T04:33:00Z,33123.991,price,coindesk,EUR,bitcoin,Euro,&euro;
,,0,2023-10-27T04:48:00Z,33262.7635,price,coindesk,EUR,bitcoin,Euro,&euro;
,,0,2023-10-27T05:04:00Z,33166.3577,price,coindesk,EUR,bitcoin,Euro,&euro;
,,0,2023-10-27T05:20:00Z,33129.1654,price,coindesk,EUR,bitcoin,Euro,&euro;
,,0,2023-10-27T05:33:00Z,33180.1303,price,coindesk,EUR,bitcoin,Euro,&euro;
,,0,2023-10-27T05:48:00Z,33192.7806,price,coindesk,EUR,bitcoin,Euro,&euro;
,,0,2023-10-27T06:05:00Z,33200.5367,price,coindesk,EUR,bitcoin,Euro,&euro;
,,0,2023-10-27T06:23:00Z,33244.6011,price,coindesk,EUR,bitcoin,Euro,&euro;
,,0,2023-10-27T06:33:00Z,33240.839,price,coindesk,EUR,bitcoin,Euro,&euro;
,,0,2023-10-27T06:48:00Z,33301.2568,price,coindesk,EUR,bitcoin,Euro,&euro;
,,0,2023-10-27T07:04:00Z,33324.189,price,coindesk,EUR,bitcoin,Euro,&euro;
,,0,2023-10-27T07:19:00Z,33300.7235,price,coindesk,EUR,bitcoin,Euro,&euro;
,,0,2023-10-27T07:33:00Z,33240.9308,price,coindesk,EUR,bitcoin,Euro,&euro;
,,0,2023-10-27T07:48:00Z,33151.4092,price,coindesk,EUR,bitcoin,Euro,&euro;
,,0,2023-10-27T08:05:00Z,33107.0259,price,coindesk,EUR,bitcoin,Euro,&euro;
,,0,2023-10-27T08:22:00Z,33153.6003,price,coindesk,EUR,bitcoin,Euro,&euro;
,,0,2023-10-27T08:33:00Z,33140.387,price,coindesk,EUR,bitcoin,Euro,&euro;
,,0,2023-10-27T08:48:00Z,33214.1138,price,coindesk,EUR,bitcoin,Euro,&euro;
,,0,2023-10-27T09:04:00Z,33211.884,price,coindesk,EUR,bitcoin,Euro,&euro;
,,0,2023-10-27T09:19:00Z,33273.3464,price,coindesk,EUR,bitcoin,Euro,&euro;
,,0,2023-10-27T09:33:00Z,33267.5999,price,coindesk,EUR,bitcoin,Euro,&euro;
,,0,2023-10-27T09:48:00Z,33239.7616,price,coindesk,EUR,bitcoin,Euro,&euro;
,,0,2023-10-27T10:04:00Z,33286.0322,price,coindesk,EUR,bitcoin,Euro,&euro;
,,0,2023-10-27T10:21:00Z,33248.1257,price,coindesk,EUR,bitcoin,Euro,&euro;
,,0,2023-10-27T10:33:00Z,33236.1093,price,coindesk,EUR,bitcoin,Euro,&euro;
,,0,2023-10-27T10:48:00Z,33212.7746,price,coindesk,EUR,bitcoin,Euro,&euro;
,,0,2023-10-27T11:04:00Z,33216.2547,price,coindesk,EUR,bitcoin,Euro,&euro;
,,0,2023-10-27T11:18:00Z,33208.8919,price,coindesk,EUR,bitcoin,Euro,&euro;
,,0,2023-10-27T11:33:00Z,33136.9023,price,coindesk,EUR,bitcoin,Euro,&euro;
,,0,2023-10-27T11:48:00Z,33170.0948,price,coindesk,EUR,bitcoin,Euro,&euro;
,,0,2023-10-27T12:06:00Z,33138.337,price,coindesk,EUR,bitcoin,Euro,&euro;
,,0,2023-10-27T12:24:00Z,33199.1547,price,coindesk,EUR,bitcoin,Euro,&euro;
,,0,2023-10-27T12:39:00Z,33140.3123,price,coindesk,EUR,bitcoin,Euro,&euro;
,,0,2023-10-27T12:51:00Z,33309.9067,price,coindesk,EUR,bitcoin,Euro,&euro;
,,0,2023-10-27T13:04:00Z,33260.9345,price,coindesk,EUR,bitcoin,Euro,&euro;
,,0,2023-10-27T13:21:00Z,33206.8649,price,coindesk,EUR,bitcoin,Euro,&euro;
,,0,2023-10-27T13:33:00Z,33248.5336,price,coindesk,EUR,bitcoin,Euro,&euro;
,,0,2023-10-27T13:48:00Z,33208.4682,price,coindesk,EUR,bitcoin,Euro,&euro;
,,0,2023-10-27T14:04:00Z,33180.3081,price,coindesk,EUR,bitcoin,Euro,&euro;
,,0,2023-10-27T14:20:00Z,33100.1503,price,coindesk,EUR,bitcoin,Euro,&euro;
,,0,2023-10-27T14:33:00Z,32994.3219,price,coindesk,EUR,bitcoin,Euro,&euro;
,,0,2023-10-27T14:48:00Z,33069.347,price,coindesk,EUR,bitcoin,Euro,&euro;
,,0,2023-10-27T15:04:00Z,33005.7981,price,coindesk,EUR,bitcoin,Euro,&euro;
,,0,2023-10-27T15:20:00Z,33050.9147,price,coindesk,EUR,bitcoin,Euro,&euro;
,,0,2023-10-27T15:33:00Z,33099.7623,price,coindesk,EUR,bitcoin,Euro,&euro;
,,0,2023-10-27T15:48:00Z,33146.9073,price,coindesk,EUR,bitcoin,Euro,&euro;
,,0,2023-10-27T16:04:00Z,33084.4576,price,coindesk,EUR,bitcoin,Euro,&euro;
,,0,2023-10-27T16:22:00Z,33098.8252,price,coindesk,EUR,bitcoin,Euro,&euro;
,,0,2023-10-27T16:34:00Z,33047.0614,price,coindesk,EUR,bitcoin,Euro,&euro;
,,0,2023-10-27T16:48:00Z,33014.6844,price,coindesk,EUR,bitcoin,Euro,&euro;
,,0,2023-10-27T17:04:00Z,32987.0497,price,coindesk,EUR,bitcoin,Euro,&euro;
,,0,2023-10-27T17:20:00Z,32863.5686,price,coindesk,EUR,bitcoin,Euro,&euro;
,,0,2023-10-27T17:33:00Z,32843.7025,price,coindesk,EUR,bitcoin,Euro,&euro;
,,0,2023-10-27T17:48:00Z,32857.9792,price,coindesk,EUR,bitcoin,Euro,&euro;
,,0,2023-10-27T18:04:00Z,32804.8322,price,coindesk,EUR,bitcoin,Euro,&euro;
,,0,2023-10-27T18:22:00Z,32714.8669,price,coindesk,EUR,bitcoin,Euro,&euro;
,,0,2023-10-27T18:33:00Z,32639.7422,price,coindesk,EUR,bitcoin,Euro,&euro;
,,0,2023-10-27T18:48:00Z,32738.88,price,coindesk,EUR,bitcoin,Euro,&euro;
,,0,2023-10-27T19:04:00Z,32740.9652,price,coindesk,EUR,bitcoin,Euro,&euro;
,,0,2023-10-27T19:18:00Z,32789.3409,price,coindesk,EUR,bitcoin,Euro,&euro;
,,0,2023-10-27T19:33:00Z,32779.3364,price,coindesk,EUR,bitcoin,Euro,&euro;
,,0,2023-10-27T19:48:00Z,32826.5123,price,coindesk,EUR,bitcoin,Euro,&euro;
,,0,2023-10-27T20:04:00Z,32830.0405,price,coindesk,EUR,bitcoin,Euro,&euro;
,,0,2023-10-27T20:20:00Z,32885.4275,price,coindesk,EUR,bitcoin,Euro,&euro;
,,0,2023-10-27T20:33:00Z,32903.3923,price,coindesk,EUR,bitcoin,Euro,&euro;
,,0,2023-10-27T20:48:00Z,32909.967,price,coindesk,EUR,bitcoin,Euro,&euro;
,,0,2023-10-27T21:04:00Z,32957.6295,price,coindesk,EUR,bitcoin,Euro,&euro;
,,0,2023-10-27T21:18:00Z,32972.9273,price,coindesk,EUR,bitcoin,Euro,&euro;
,,0,2023-10-27T21:33:00Z,32979.0059,price,coindesk,EUR,bitcoin,Euro,&euro;
,,0,2023-10-27T21:48:00Z,32970.8731,price,coindesk,EUR,bitcoin,Euro,&euro;
,,0,2023-10-27T22:04:00Z,32965.545,price,coindesk,EUR,bitcoin,Euro,&euro;
,,0,2023-10-27T22:20:00Z,32935.2513,price,coindesk,EUR,bitcoin,Euro,&euro;
,,0,2023-10-27T22:33:00Z,32969.9212,price,coindesk,EUR,bitcoin,Euro,&euro;
,,0,2023-10-27T22:48:00Z,32948.0618,price,coindesk,EUR,bitcoin,Euro,&euro;
,,0,2023-10-27T23:04:00Z,32942.9004,price,coindesk,EUR,bitcoin,Euro,&euro;
,,0,2023-10-27T23:19:00Z,32971.5242,price,coindesk,EUR,bitcoin,Euro,&euro;
,,0,2023-10-27T23:33:00Z,32985.1644,price,coindesk,EUR,bitcoin,Euro,&euro;
,,0,2023-10-27T23:48:00Z,33033.8597,price,coindesk,EUR,bitcoin,Euro,&euro;
,,0,2023-10-28T00:16:00Z,33019.7675,price,coindesk,EUR,bitcoin,Euro,&euro;
,,0,2023-10-28T00:48:00Z,33016.981,price,coindesk,EUR,bitcoin,Euro,&euro;
,,0,2023-10-28T01:23:00Z,33014.0443,price,coindesk,EUR,bitcoin,Euro,&euro;
,,0,2023-10-28T01:46:00Z,33013.8307,price,coindesk,EUR,bitcoin,Euro,&euro;
,,0,2023-10-28T02:08:00Z,33042.8413,price,coindesk,EUR,bitcoin,Euro,&euro;
,,0,2023-10-28T02:21:00Z,33045.7237,price,coindesk,EUR,bitcoin,Euro,&euro;
,,0,2023-10-28T02:33:00Z,33049.8045,price,coindesk,EUR,bitcoin,Euro,&euro;
,,0,2023-10-28T02:48:00Z,33090.6772,price,coindesk,EUR,bitcoin,Euro,&euro;
,,0,2023-10-28T03:04:00Z,33185.3165,price,coindesk,EUR,bitcoin,Euro,&euro;
,,0,2023-10-28T03:19:00Z,33195.975,price,coindesk,EUR,bitcoin,Euro,&euro;
,,0,2023-10-28T03:33:00Z,33178.4313,price,coindesk,EUR,bitcoin,Euro,&euro;
,,0,2023-10-28T03:48:00Z,33178.771,price,coindesk,EUR,bitcoin,Euro,&euro;
,,0,2023-10-28T04:05:00Z,33188.0673,price,coindesk,EUR,bitcoin,Euro,&euro;
,,0,2023-10-28T04:21:00Z,33172.3786,price,coindesk,EUR,bitcoin,Euro,&euro;
,,0,2023-10-28T04:33:00Z,33180.3566,price,coindesk,EUR,bitcoin,Euro,&euro;
,,0,2023-10-28T04:48:00Z,33194.0331,price,coindesk,EUR,bitcoin,Euro,&euro;
,,0,2023-10-28T05:04:00Z,33239.9056,price,coindesk,EUR,bitcoin,Euro,&euro;
,,0,2023-10-28T05:20:00Z,33275.6737,price,coindesk,EUR,bitcoin,Euro,&euro;
,,0,2023-10-28T05:33:00Z,33211.5246,price,coindesk,EUR,bitcoin,Euro,&euro;
,,0,2023-10-28T05:48:00Z,33245.6706,price,coindesk,EUR,bitcoin,Euro,&euro;
,,0,2023-10-28T06:04:00Z,33232.0817,price,coindesk,EUR,bitcoin,Euro,&euro;
,,0,2023-10-28T06:22:00Z,33239.5326,price,coindesk,EUR,bitcoin,Euro,&euro;
,,0,2023-10-28T06:33:00Z,33210.3903,price,coindesk,EUR,bitcoin,Euro,&euro;
,,0,2023-10-28T06:48:00Z,33221.0004,price,coindesk,EUR,bitcoin,Euro,&euro;
,,0,2023-10-28T07:04:00Z,33200.8091,price,coindesk,EUR,bitcoin,Euro,&euro;
,,0,2023-10-28T07:18:00Z,33199.4388,price,coindesk,EUR,bitcoin,Euro,&euro;
,,0,2023-10-28T07:33:00Z,33208.4328,price,coindesk,EUR,bitcoin,Euro,&euro;
,,0,2023-10-28T07:48:00Z,33177.2946,price,coindesk,EUR,bitcoin,Euro,&euro;
,,0,2023-10-28T08:04:00Z,33186.6867,price,coindesk,EUR,bitcoin,Euro,&euro;
,,0,2023-10-28T08:21:00Z,33190.7017,price,coindesk,EUR,bitcoin,Euro,&euro;
,,0,2023-10-28T08:33:00Z,33190.4405,price,coindesk,EUR,bitcoin,Euro,&euro;
,,0,2023-10-28T08:48:00Z,33225.3781,price,coindesk,EUR,bitcoin,Euro,&euro;
,,0,2023-10-28T09:04:00Z,33197.5318,price,coindesk,EUR,bitcoin,Euro,&euro;
,,0,2023-10-28T09:18:00Z,33222.7019,price,coindesk,EUR,bitcoin,Euro,&euro;
,,0,2023-10-28T09:33:00Z,33211.1969,price,coindesk,EUR,bitcoin,Euro,&euro;
,,0,2023-10-28T09:48:00Z,33225.9213,price,coindesk,EUR,bitcoin,Euro,&euro;
,,0,2023-10-28T10:04:00Z,33228.3419,price,coindesk,EUR,bitcoin,Euro,&euro;
,,0,2023-10-28T10:21:00Z,33223.4202,price,coindesk,EUR,bitcoin,Euro,&euro;
,,0,2023-10-28T10:33:00Z,33223.9816,price,coindesk,EUR,bitcoin,Euro,&euro;
,,0,2023-10-28T10:48:00Z,33216.2112,price,coindesk,EUR,bitcoin,Euro,&euro;
,,0,2023-10-28T11:04:00Z,33237.7988,price,coindesk,EUR,bitcoin,Euro,&euro;
,,0,2023-10-28T11:18:00Z,33300.8977,price,coindesk,EUR,bitcoin,Euro,&euro;
,,0,2023-10-28T11:33:00Z,33472.3542,price,coindesk,EUR,bitcoin,Euro,&euro;
,,0,2023-10-28T11:48:00Z,33301.2262,price,coindesk,EUR,bitcoin,Euro,&euro;
,,0,2023-10-28T12:05:00Z,33324.7952,price,coindesk,EUR,bitcoin,Euro,&euro;
,,0,2023-10-28T12:24:00Z,33296.6303,price,coindesk,EUR,bitcoin,Euro,&euro;
,,0,2023-10-28T12:38:00Z,33268.3652,price,coindesk,EUR,bitcoin,Euro,&euro;
,,0,2023-10-28T12:50:00Z,33157.7813,price,coindesk,EUR,bitcoin,Euro,&euro;
,,0,2023-10-28T13:04:00Z,33140.1926,price,coindesk,EUR,bitcoin,Euro,&euro;
,,0,2023-10-28T13:19:00Z,33196.5793,price,coindesk,EUR,bitcoin,Euro,&euro;
,,0,2023-10-28T13:33:00Z,33213.4056,price,coindesk,EUR,bitcoin,Euro,&euro;
,,0,2023-10-28T13:48:00Z,33210.0359,price,coindesk,EUR,bitcoin,Euro,&euro;
,,0,2023-10-28T14:04:00Z,33220.4567,price,coindesk,EUR,bitcoin,Euro,&euro;
,,0,2023-10-28T14:20:00Z,33244.0318,price,coindesk,EUR,bitcoin,Euro,&euro;
,,0,2023-10-28T14:33:00Z,33239.5404,price,coindesk,EUR,bitcoin,Euro,&euro;
,,0,2023-10-28T14:48:00Z,33212.0562,price,coindesk,EUR,bitcoin,Euro,&euro;
,,0,2023-10-28T15:04:00Z,33226.1214,price,coindesk,EUR,bitcoin,Euro,&euro;
,,0,2023-10-28T15:19:00Z,33256.3143,price,coindesk,EUR,bitcoin,Euro,&euro;
,,0,2023-10-28T15:33:00Z,33270.8885,price,coindesk,EUR,bitcoin,Euro,&euro;
,,0,2023-10-28T15:48:00Z,33307.7896,price,coindesk,EUR,bitcoin,Euro,&euro;
,,0,2023-10-28T16:04:00Z,33305.0189,price,coindesk,EUR,bitcoin,Euro,&euro;
,,0,2023-10-28T16:22:00Z,33257.2605,price,coindesk,EUR,bitcoin,Euro,&euro;
,,0,2023-10-28T16:33:00Z,33280.4455,price,coindesk,EUR,bitcoin,Euro,&euro;
,,0,2023-10-28T16:48:00Z,33261.184,price,coindesk,EUR,bitcoin,Euro,&euro;
,,0,2023-10-28T17:04:00Z,33253.5585,price,coindesk,EUR,bitcoin,Euro,&euro;
,,0,2023-10-28T17:20:00Z,33259.4133,price,coindesk,EUR,bitcoin,Euro,&euro;
,,0,2023-10-28T17:34:00Z,33264.5934,price,coindesk,EUR,bitcoin,Euro,&euro;
,,0,2023-10-28T17:48:00Z,33237.2165,price,coindesk,EUR,bitcoin,Euro,&euro;
,,0,2023-10-28T18:04:00Z,33249.0853,price,coindesk,EUR,bitcoin,Euro,&euro;
,,0,2023-10-28T18:21:00Z,33236.5501,price,coindesk,EUR,bitcoin,Euro,&euro;
,,0,2023-10-28T18:33:00Z,33222.829,price,coindesk,EUR,bitcoin,Euro,&euro;
,,0,2023-10-28T18:48:00Z,33274.6119,price,coindesk,EUR,bitcoin,Euro,&euro;
,,0,2023-10-28T19:04:00Z,33291.216,price,coindesk,EUR,bitcoin,Euro,&euro;
,,0,2023-10-28T19:18:00Z,33279.5865,price,coindesk,EUR,bitcoin,Euro,&euro;
,,0,2023-10-28T19:33:00Z,33274.3693,price,coindesk,EUR,bitcoin,Euro,&euro;
,,0,2023-10-28T19:48:00Z,33265.1231,price,coindesk,EUR,bitcoin,Euro,&euro;
,,0,2023-10-28T20:04:00Z,33252.3625,price,coindesk,EUR,bitcoin,Euro,&euro;
,,0,2023-10-28T20:19:00Z,33258.8919,price,coindesk,EUR,bitcoin,Euro,&euro;
,,0,2023-10-28T20:33:00Z,33243.7232,price,coindesk,EUR,bitcoin,Euro,&euro;
,,0,2023-10-28T20:48:00Z,33250.6594,price,coindesk,EUR,bitcoin,Euro,&euro;
,,0,2023-10-28T21:04:00Z,33274.9523,price,coindesk,EUR,bitcoin,Euro,&euro;
,,0,2023-10-28T21:18:00Z,33321.0616,price,coindesk,EUR,bitcoin,Euro,&euro;
,,0,2023-10-28T21:33:00Z,33308.7552,price,coindesk,EUR,bitcoin,Euro,&euro;
,,0,2023-10-28T21:48:00Z,33313.8027,price,coindesk,EUR,bitcoin,Euro,&euro;
,,0,2023-10-28T22:04:00Z,33303.8296,price,coindesk,EUR,bitcoin,Euro,&euro;
,,0,2023-10-28T22:20:00Z,33281.4508,price,coindesk,EUR,bitcoin,Euro,&euro;
,,0,2023-10-28T22:33:00Z,33238.3055,price,coindesk,EUR,bitcoin,Euro,&euro;
,,0,2023-10-28T22:48:00Z,33245.8287,price,coindesk,EUR,bitcoin,Euro,&euro;
,,0,2023-10-28T23:04:00Z,33244.948,price,coindesk,EUR,bitcoin,Euro,&euro;
,,0,2023-10-28T23:19:00Z,33211.995,price,coindesk,EUR,bitcoin,Euro,&euro;
,,0,2023-10-28T23:33:00Z,33207.0435,price,coindesk,EUR,bitcoin,Euro,&euro;
,,0,2023-10-28T23:48:00Z,33220.0365,price,coindesk,EUR,bitcoin,Euro,&euro;
,,0,2023-10-29T00:18:00Z,33206.8932,price,coindesk,EUR,bitcoin,Euro,&euro;
,,0,2023-10-29T00:48:00Z,33225.9993,price,coindesk,EUR,bitcoin,Euro,&euro;
,,0,2023-10-29T01:28:00Z,33125.4894,price,coindesk,EUR,bitcoin,Euro,&euro;
,,0,2023-10-29T01:52:00Z,33144.6085,price,coindesk,EUR,bitcoin,Euro,&euro;
,,0,2023-10-29T02:11:00Z,33139.3935,price,coindesk,EUR,bitcoin,Euro,&euro;
,,0,2023-10-29T02:25:00Z,33132.0987,price,coindesk,EUR,bitcoin,Euro,&euro;
,,0,2023-10-29T02:33:00Z,33138.2683,price,coindesk,EUR,bitcoin,Euro,&euro;
,,0,2023-10-29T02:48:00Z,33139.3105,price,coindesk,EUR,bitcoin,Euro,&euro;
,,0,2023-10-29T03:04:00Z,33152.8408,price,coindesk,EUR,bitcoin,Euro,&euro;
,,0,2023-10-29T03:19:00Z,33133.3566,price,coindesk,EUR,bitcoin,Euro,&euro;
,,0,2023-10-29T03:33:00Z,33131.7815,price,coindesk,EUR,bitcoin,Euro,&euro;
,,0,2023-10-29T03:48:00Z,33132.5382,price,coindesk,EUR,bitcoin,Euro,&euro;
,,0,2023-10-29T04:04:00Z,33084.7964,price,coindesk,EUR,bitcoin,Euro,&euro;
,,0,2023-10-29T04:21:00Z,33149.6624,price,coindesk,EUR,bitcoin,Euro,&euro;
,,0,2023-10-29T04:33:00Z,33144.5947,price,coindesk,EUR,bitcoin,Euro,&euro;
,,0,2023-10-29T04:48:00Z,33179.223,price,coindesk,EUR,bitcoin,Euro,&euro;
,,0,2023-10-29T05:04:00Z,33142.8878,price,coindesk,EUR,bitcoin,Euro,&euro;
,,0,2023-10-29T05:20:00Z,33157.849,price,coindesk,EUR,bitcoin,Euro,&euro;
,,0,2023-10-29T05:33:00Z,33145.5538,price,coindesk,EUR,bitcoin,Euro,&euro;
,,0,2023-10-29T05:48:00Z,33164.0334,price,coindesk,EUR,bitcoin,Euro,&euro;
,,0,2023-10-29T06:04:00Z,33151.4846,price,coindesk,EUR,bitcoin,Euro,&euro;
,,0,2023-10-29T06:22:00Z,33183.1218,price,coindesk,EUR,bitcoin,Euro,&euro;
,,0,2023-10-29T06:33:00Z,33194.4665,price,coindesk,EUR,bitcoin,Euro,&euro;
,,0,2023-10-29T06:48:00Z,33248.4173,price,coindesk,EUR,bitcoin,Euro,&euro;
,,0,2023-10-29T07:04:00Z,33225.1164,price,coindesk,EUR,bitcoin,Euro,&euro;
,,0,2023-10-29T07:18:00Z,33201.37,price,coindesk,EUR,bitcoin,Euro,&euro;
,,0,2023-10-29T07:33:00Z,33219.3675,price,coindesk,EUR,bitcoin,Euro,&euro;
,,0,2023-10-29T07:48:00Z,33223.7842,price,coindesk,EUR,bitcoin,Euro,&euro;
,,0,2023-10-29T08:04:00Z,33230.6169,price,coindesk,EUR,bitcoin,Euro,&euro;
,,0,2023-10-29T08:21:00Z,33274.3412,price,coindesk,EUR,bitcoin,Euro,&euro;
,,0,2023-10-29T08:33:00Z,33264.6542,price,coindesk,EUR,bitcoin,Euro,&euro;
,,0,2023-10-29T08:47:00Z,33294.6293,price,coindesk,EUR,bitcoin,Euro,&euro;
,,0,2023-10-29T09:04:00Z,33352.9308,price,coindesk,EUR,bitcoin,Euro,&euro;
,,0,2023-10-29T09:18:00Z,33321.6268,price,coindesk,EUR,bitcoin,Euro,&euro;
,,0,2023-10-29T09:33:00Z,33388.1764,price,coindesk,EUR,bitcoin,Euro,&euro;
,,0,2023-10-29T09:48:00Z,33379.3364,price,coindesk,EUR,bitcoin,Euro,&euro;
,,0,2023-10-29T10:04:00Z,33332.8315,price,coindesk,EUR,bitcoin,Euro,&euro;
,,0,2023-10-29T10:21:00Z,33326.4287,price,coindesk,EUR,bitcoin,Euro,&euro;
,,0,2023-10-29T10:33:00Z,33322.808,price,coindesk,EUR,bitcoin,Euro,&euro;
,,0,2023-10-29T10:48:00Z,33311.5222,price,coindesk,EUR,bitcoin,Euro,&euro;
,,0,2023-10-29T11:04:00Z,33315.7188,price,coindesk,EUR,bitcoin,Euro,&euro;
,,0,2023-10-29T11:18:00Z,33356.7939,price,coindesk,EUR,bitcoin,Euro,&euro;
,,0,2023-10-29T11:33:00Z,33430.5372,price,coindesk,EUR,bitcoin,Euro,&euro;
,,0,2023-10-29T11:48:00Z,33408.8892,price,coindesk,EUR,bitcoin,Euro,&euro;
,,0,2023-10-29T12:05:00Z,33415.6829,price,coindesk,EUR,bitcoin,Euro,&euro;
,,0,2023-10-29T12:24:00Z,33459.6065,price,coindesk,EUR,bitcoin,Euro,&euro;
,,0,2023-10-29T12:38:00Z,33467.4967,price,coindesk,EUR,bitcoin,Euro,&euro;
,,0,2023-10-29T12:51:00Z,33542.4825,price,coindesk,EUR,bitcoin,Euro,&euro;
,,0,2023-10-29T13:04:00Z,33520.506,price,coindesk,EUR,bitcoin,Euro,&euro;
,,0,2023-10-29T13:20:00Z,33493.8695,price,coindesk,EUR,bitcoin,Euro,&euro;
,,0,2023-10-29T13:33:00Z,33527.7651,price,coindesk,EUR,bitcoin,Euro,&euro;
,,0,2023-10-29T13:48:00Z,33494.0545,price,coindesk,EUR,bitcoin,Euro,&euro;
,,0,2023-10-29T14:04:00Z,33504.2876,price,coindesk,EUR,bitcoin,Euro,&euro;
,,0,2023-10-29T14:20:00Z,33531.2018,price,coindesk,EUR,bitcoin,Euro,&euro;
,,0,2023-10-29T14:33:00Z,33573.8776,price,coindesk,EUR,bitcoin,Euro,&euro;
,,0,2023-10-29T14:48:00Z,33587.6,price,coindesk,EUR,bitcoin,Euro,&euro;
,,0,2023-10-29T15:04:00Z,33654.9982,price,coindesk,EUR,bitcoin,Euro,&euro;
,,0,2023-10-29T15:19:00Z,33666.4079,price,coindesk,EUR,bitcoin,Euro,&euro;
,,0,2023-10-29T15:33:00Z,33590.7779,price,coindesk,EUR,bitcoin,Euro,&euro;
,,0,2023-10-29T15:48:00Z,33615.6123,price,coindesk,EUR,bitcoin,Euro,&euro;
,,0,2023-10-29T16:04:00Z,33567.0966,price,coindesk,EUR,bitcoin,Euro,&euro;
,,0,2023-10-29T16:22:00Z,33531.2477,price,coindesk,EUR,bitcoin,Euro,&euro;
,,0,2023-10-29T16:33:00Z,33525.731,price,coindesk,EUR,bitcoin,Euro,&euro;
,,0,2023-10-29T16:48:00Z,33526.8453,price,coindesk,EUR,bitcoin,Euro,&euro;
,,0,2023-10-29T17:04:00Z,33516.3504,price,coindesk,EUR,bitcoin,Euro,&euro;
,,0,2023-10-29T17:20:00Z,33564.0043,price,coindesk,EUR,bitcoin,Euro,&euro;
,,0,2023-10-29T17:33:00Z,33598.5046,price,coindesk,EUR,bitcoin,Euro,&euro;
,,0,2023-10-29T17:48:00Z,33823.1438,price,coindesk,EUR,bitcoin,Euro,&euro;
,,0,2023-10-29T18:04:00Z,33747.453,price,coindesk,EUR,bitcoin,Euro,&euro;
,,0,2023-10-29T18:21:00Z,33850.4292,price,coindesk,EUR,bitcoin,Euro,&euro;
,,0,2023-10-29T18:33:00Z,33810.9976,price,coindesk,EUR,bitcoin,Euro,&euro;
,,0,2023-10-29T18:48:00Z,33802.6391,price,coindesk,EUR,bitcoin,Euro,&euro;
,,0,2023-10-29T19:04:00Z,33746.214,price,coindesk,EUR,bitcoin,Euro,&euro;
,,0,2023-10-29T19:17:00Z,33750.2617,price,coindesk,EUR,bitcoin,Euro,&euro;
,,0,2023-10-29T19:33:00Z,33699.5306,price,coindesk,EUR,bitcoin,Euro,&euro;
,,0,2023-10-29T19:48:00Z,33728.6734,price,coindesk,EUR,bitcoin,Euro,&euro;
,,0,2023-10-29T20:04:00Z,33729.147,price,coindesk,EUR,bitcoin,Euro,&euro;
,,0,2023-10-29T20:19:00Z,33719.6936,price,coindesk,EUR,bitcoin,Euro,&euro;
,,0,2023-10-29T20:33:00Z,33690.9569,price,coindesk,EUR,bitcoin,Euro,&euro;
,,0,2023-10-29T20:48:00Z,33727.0179,price,coindesk,EUR,bitcoin,Euro,&euro;
,,0,2023-10-29T21:04:00Z,33697.1679,price,coindesk,EUR,bitcoin,Euro,&euro;
,,0,2023-10-29T21:18:00Z,33759.159,price,coindesk,EUR,bitcoin,Euro,&euro;
,,0,2023-10-29T21:33:00Z,33732.2244,price,coindesk,EUR,bitcoin,Euro,&euro;
,,0,2023-10-29T21:48:00Z,33705.9735,price,coindesk,EUR,bitcoin,Euro,&euro;
,,0,2023-10-29T22:04:00Z,33661.3943,price,coindesk,EUR,bitcoin,Euro,&euro;
,,0,2023-10-29T22:20:00Z,33727.6885,price,coindesk,EUR,bitcoin,Euro,&euro;
,,0,2023-10-29T22:33:00Z,33755.3428,price,coindesk,EUR,bitcoin,Euro,&euro;
,,0,2023-10-29T22:48:00Z,33779.1437,price,coindesk,EUR,bitcoin,Euro,&euro;
,,0,2023-10-29T23:04:00Z,33800.1394,price,coindesk,EUR,bitcoin,Euro,&euro;
,,0,2023-10-29T23:19:00Z,33758.9193,price,coindesk,EUR,bitcoin,Euro,&euro;
,,0,2023-10-29T23:33:00Z,33712.0934,price,coindesk,EUR,bitcoin,Euro,&euro;
,,0,2023-10-29T23:48:00Z,33651.4738,price,coindesk,EUR,bitcoin,Euro,&euro;
,,0,2023-10-30T00:17:00Z,33667.4164,price,coindesk,EUR,bitcoin,Euro,&euro;
,,0,2023-10-30T00:48:00Z,33595.4189,price,coindesk,EUR,bitcoin,Euro,&euro;
,,0,2023-10-30T01:26:00Z,33624.8187,price,coindesk,EUR,bitcoin,Euro,&euro;
,,0,2023-10-30T01:49:00Z,33605.9376,price,coindesk,EUR,bitcoin,Euro,&euro;
,,0,2023-10-30T02:11:00Z,33429.2366,price,coindesk,EUR,bitcoin,Euro,&euro;
,,0,2023-10-30T02:24:00Z,33380.0492,price,coindesk,EUR,bitcoin,Euro,&euro;
,,0,2023-10-30T02:34:00Z,33380.6051,price,coindesk,EUR,bitcoin,Euro,&euro;
,,0,2023-10-30T02:47:00Z,33409.9606,price,coindesk,EUR,bitcoin,Euro,&euro;
,,0,2023-10-30T03:04:00Z,33416.5338,price,coindesk,EUR,bitcoin,Euro,&euro;
,,0,2023-10-30T03:20:00Z,33386.5331,price,coindesk,EUR,bitcoin,Euro,&euro;
,,0,2023-10-30T03:33:00Z,33369.2934,price,coindesk,EUR,bitcoin,Euro,&euro;
,,0,2023-10-30T03:48:00Z,33409.7535,price,coindesk,EUR,bitcoin,Euro,&euro;
,,0,2023-10-30T04:04:00Z,33372.8619,price,coindesk,EUR,bitcoin,Euro,&euro;
,,0,2023-10-30T04:22:00Z,33419.1669,price,coindesk,EUR,bitcoin,Euro,&euro;
,,0,2023-10-30T04:33:00Z,33424.3052,price,coindesk,EUR,bitcoin,Euro,&euro;
,,0,2023-10-30T04:48:00Z,33441.601,price,coindesk,EUR,bitcoin,Euro,&euro;
,,0,2023-10-30T05:04:00Z,33440.2144,price,coindesk,EUR,bitcoin,Euro,&euro;
,,0,2023-10-30T05:21:00Z,33394.7172,price,coindesk,EUR,bitcoin,Euro,&euro;
,,0,2023-10-30T05:33:00Z,33403.8224,price,coindesk,EUR,bitcoin,Euro,&euro;
,,0,2023-10-30T05:48:00Z,33384.2114,price,coindesk,EUR,bitcoin,Euro,&euro;
,,0,2023-10-30T06:05:00Z,33372.2621,price,coindesk,EUR,bitcoin,Euro,&euro;
,,0,2023-10-30T06:23:00Z,33419.9903,price,coindesk,EUR,bitcoin,Euro,&euro;
,,0,2023-10-30T06:33:00Z,33391.4249,price,coindesk,EUR,bitcoin,Euro,&euro;
,,0,2023-10-30T06:48:00Z,33417.5201,price,coindesk,EUR,bitcoin,Euro,&euro;
,,0,2023-10-30T07:04:00Z,33419.2262,price,coindesk,EUR,bitcoin,Euro,&euro;
,,0,2023-10-30T07:19:00Z,33393.2199,price,coindesk,EUR,bitcoin,Euro,&euro;
,,0,2023-10-30T07:33:00Z,33314.5162,price,coindesk,EUR,bitcoin,Euro,&euro;
,,0,2023-10-30T07:48:00Z,33329.4282,price,coindesk,EUR,bitcoin,Euro,&euro;
,,0,2023-10-30T08:05:00Z,33322.7878,price,coindesk,EUR,bitcoin,Euro,&euro;
,,0,2023-10-30T08:22:00Z,33351.0364,price,coindesk,EUR,bitcoin,Euro,&euro;
,,0,2023-10-30T08:33:00Z,33327.6219,price,coindesk,EUR,bitcoin,Euro,&euro;
,,0,2023-10-30T08:48:00Z,33469.6164,price,coindesk,EUR,bitcoin,Euro,&euro;
,,0,2023-10-30T09:04:00Z,33481.0181,price,coindesk,EUR,bitcoin,Euro,&euro;
,,0,2023-10-30T09:20:00Z,33595.4814,price,coindesk,EUR,bitcoin,Euro,&euro;
,,0,2023-10-30T09:33:00Z,33685.0116,price,coindesk,EUR,bitcoin,Euro,&euro;
,,0,2023-10-30T09:48:00Z,33611.0155,price,coindesk,EUR,bitcoin,Euro,&euro;
,,0,2023-10-30T10:04:00Z,33604.7656,price,coindesk,EUR,bitcoin,Euro,&euro;
,,0,2023-10-30T10:22:00Z,33531.5649,price,coindesk,EUR,bitcoin,Euro,&euro;
,,0,2023-10-30T10:33:00Z,33518.3812,price,coindesk,EUR,bitcoin,Euro,&euro;
,,0,2023-10-30T10:48:00Z,33521.6882,price,coindesk,EUR,bitcoin,Euro,&euro;
,,0,2023-10-30T11:04:00Z,33543.4692,price,coindesk,EUR,bitcoin,Euro,&euro;
,,0,2023-10-30T11:18:00Z,33549.6539,price,coindesk,EUR,bitcoin,Euro,&euro;
,,0,2023-10-30T11:33:00Z,33545.3901,price,coindesk,EUR,bitcoin,Euro,&euro;
,,0,2023-10-30T11:48:00Z,33532.0056,price,coindesk,EUR,bitcoin,Euro,&euro;
,,0,2023-10-30T12:06:00Z,33532.5595,price,coindesk,EUR,bitcoin,Euro,&euro;
,,0,2023-10-30T12:24:00Z,33797.3034,price,coindesk,EUR,bitcoin,Euro,&euro;
,,0,2023-10-30T12:40:00Z,33797.2043,price,coindesk,EUR,bitcoin,Euro,&euro;
,,0,2023-10-30T12:52:00Z,33544.1453,price,coindesk,EUR,bitcoin,Euro,&euro;
,,0,2023-10-30T13:05:00Z,33531.6766,price,coindesk,EUR,bitcoin,Euro,&euro;
,,0,2023-10-30T13:21:00Z,33537.4252,price,coindesk,EUR,bitcoin,Euro,&euro;
,,0,2023-10-30T13:33:00Z,33533.0424,price,coindesk,EUR,bitcoin,Euro,&euro;
,,0,2023-10-30T13:48:00Z,33529.2985,price,coindesk,EUR,bitcoin,Euro,&euro;
,,0,2023-10-30T14:04:00Z,33551.0558,price,coindesk,EUR,bitcoin,Euro,&euro;
,,0,2023-10-30T14:21:00Z,33874.8138,price,coindesk,EUR,bitcoin,Euro,&euro;
,,0,2023-10-30T14:33:00Z,33752.0287,price,coindesk,EUR,bitcoin,Euro,&euro;
,,0,2023-10-30T14:48:00Z,33713.9574,price,coindesk,EUR,bitcoin,Euro,&euro;
,,0,2023-10-30T15:04:00Z,33761.9774,price,coindesk,EUR,bitcoin,Euro,&euro;
,,0,2023-10-30T15:20:00Z,33833.7072,price,coindesk,EUR,bitcoin,Euro,&euro;
,,0,2023-10-30T15:33:00Z,33761.3245,price,coindesk,EUR,bitcoin,Euro,&euro;
,,0,2023-10-30T15:48:00Z,33773.8282,price,coindesk,EUR,bitcoin,Euro,&euro;
,,0,2023-10-30T16:04:00Z,33709.5709,price,coindesk,EUR,bitcoin,Euro,&euro;
,,0,2023-10-30T16:23:00Z,33632.3477,price,coindesk,EUR,bitcoin,Euro,&euro;
,,0,2023-10-30T16:35:00Z,33633.7028,price,coindesk,EUR,bitcoin,Euro,&euro;
,,0,2023-10-30T16:48:00Z,33565.1134,price,coindesk,EUR,bitcoin,Euro,&euro;
,,0,2023-10-30T17:04:00Z,33597.485,price,coindesk,EUR,bitcoin,Euro,&euro;
,,0,2023-10-30T17:20:00Z,33274.9289,price,coindesk,EUR,bitcoin,Euro,&euro;
,,0,2023-10-30T17:33:00Z,33388.1907,price,coindesk,EUR,bitcoin,Euro,&euro;
,,0,2023-10-30T17:48:00Z,33459.1827,price,coindesk,EUR,bitcoin,Euro,&euro;
,,0,2023-10-30T18:05:00Z,33461.4992,price,coindesk,EUR,bitcoin,Euro,&euro;
,,0,2023-10-30T18:23:00Z,33419.7852,price,coindesk,EUR,bitcoin,Euro,&euro;
,,0,2023-10-30T18:33:00Z,33432.8028,price,coindesk,EUR,bitcoin,Euro,&euro;
,,0,2023-10-30T18:48:00Z,33451.1292,price,coindesk,EUR,bitcoin,Euro,&euro;
,,0,2023-10-30T19:04:00Z,33437.1237,price,coindesk,EUR,bitcoin,Euro,&euro;
,,0,2023-10-30T19:18:00Z,33460.0029,price,coindesk,EUR,bitcoin,Euro,&euro;
,,0,2023-10-30T19:33:00Z,33520.6984,price,coindesk,EUR,bitcoin,Euro,&euro;
,,0,2023-10-30T19:48:00Z,33519.1969,price,coindesk,EUR,bitcoin,Euro,&euro;
,,0,2023-10-30T20:20:00Z,33483.8453,price,coindesk,EUR,bitcoin,Euro,&euro;
,,0,2023-10-30T20:33:00Z,33502.4651,price,coindesk,EUR,bitcoin,Euro,&euro;
,,0,2023-10-30T20:48:00Z,33537.3744,price,coindesk,EUR,bitcoin,Euro,&euro;
,,0,2023-10-30T21:04:00Z,33563.1488,price,coindesk,EUR,bitcoin,Euro,&euro;
,,0,2023-10-30T21:19:00Z,33533.3979,price,coindesk,EUR,bitcoin,Euro,&euro;
,,0,2023-10-30T21:33:00Z,33613.2603,price,coindesk,EUR,bitcoin,Euro,&euro;
,,0,2023-10-30T21:48:00Z,33662.1979,price,coindesk,EUR,bitcoin,Euro,&euro;
,,0,2023-10-30T22:04:00Z,33628.6295,price,coindesk,EUR,bitcoin,Euro,&euro;
,,0,2023-10-30T22:20:00Z,33597.5625,price,coindesk,EUR,bitcoin,Euro,&euro;
,,0,2023-10-30T22:33:00Z,33583.7326,price,coindesk,EUR,bitcoin,Euro,&euro;
,,0,2023-10-30T22:48:00Z,33601.6981,price,coindesk,EUR,bitcoin,Euro,&euro;
,,0,2023-10-30T23:04:00Z,33591.1141,price,coindesk,EUR,bitcoin,Euro,&euro;
,,0,2023-10-30T23:19:00Z,33629.6129,price,coindesk,EUR,bitcoin,Euro,&euro;
,,0,2023-10-30T23:33:00Z,33594.3934,price,coindesk,EUR,bitcoin,Euro,&euro;
,,0,2023-10-30T23:48:00Z,33620.7752,price,coindesk,EUR,bitcoin,Euro,&euro;
,,0,2023-10-31T00:17:00Z,33667.8924,price,coindesk,EUR,bitcoin,Euro,&euro;
,,0,2023-10-31T00:48:00Z,33687.5134,price,coindesk,EUR,bitcoin,Euro,&euro;
,,0,2023-10-31T01:26:00Z,33561.2718,price,coindesk,EUR,bitcoin,Euro,&euro;
,,0,2023-10-31T01:49:00Z,33587.8921,price,coindesk,EUR,bitcoin,Euro,&euro;
,,0,2023-10-31T02:11:00Z,33554.5151,price,coindesk,EUR,bitcoin,Euro,&euro;
,,0,2023-10-31T02:24:00Z,33514.978,price,coindesk,EUR,bitcoin,Euro,&euro;
,,0,2023-10-31T02:33:00Z,33492.6714,price,coindesk,EUR,bitcoin,Euro,&euro;
,,0,2023-10-31T02:48:00Z,33440.1798,price,coindesk,EUR,bitcoin,Euro,&euro;
,,0,2023-10-31T03:04:00Z,33505.5136,price,coindesk,EUR,bitcoin,Euro,&euro;
,,0,2023-10-31T03:20:00Z,33455.4196,price,coindesk,EUR,bitcoin,Euro,&euro;
,,0,2023-10-31T03:33:00Z,33447.0656,price,coindesk,EUR,bitcoin,Euro,&euro;
,,0,2023-10-31T03:49:00Z,33396.1994,price,coindesk,EUR,bitcoin,Euro,&euro;
,,0,2023-10-31T04:04:00Z,33353.727,price,coindesk,EUR,bitcoin,Euro,&euro;
,,0,2023-10-31T04:22:00Z,33378.5917,price,coindesk,EUR,bitcoin,Euro,&euro;
,,0,2023-10-31T04:33:00Z,33409.5298,price,coindesk,EUR,bitcoin,Euro,&euro;
,,0,2023-10-31T04:48:00Z,33387.9847,price,coindesk,EUR,bitcoin,Euro,&euro;
,,0,2023-10-31T05:04:00Z,33370.7542,price,coindesk,EUR,bitcoin,Euro,&euro;
,,0,2023-10-31T05:21:00Z,33353.8599,price,coindesk,EUR,bitcoin,Euro,&euro;
,,0,2023-10-31T05:33:00Z,33435.4085,price,coindesk,EUR,bitcoin,Euro,&euro;
,,0,2023-10-31T05:48:00Z,33430.2704,price,coindesk,EUR,bitcoin,Euro,&euro;
,,0,2023-10-31T06:05:00Z,33409.5532,price,coindesk,EUR,bitcoin,Euro,&euro;
,,0,2023-10-31T06:23:00Z,33430.5624,price,coindesk,EUR,bitcoin,Euro,&euro;
,,0,2023-10-31T06:33:00Z,33333.7445,price,coindesk,EUR,bitcoin,Euro,&euro;
,,0,2023-10-31T06:48:00Z,33406.9114,price,coindesk,EUR,bitcoin,Euro,&euro;
,,0,2023-10-31T07:04:00Z,33393.9515,price,coindesk,EUR,bitcoin,Euro,&euro;
,,0,2023-10-31T07:18:00Z,33395.7618,price,coindesk,EUR,bitcoin,Euro,&euro;
,,0,2023-10-31T07:33:00Z,33263.1536,price,coindesk,EUR,bitcoin,Euro,&euro;
,,0,2023-10-31T07:48:00Z,33283.7929,price,coindesk,EUR,bitcoin,Euro,&euro;
,,0,2023-10-31T08:05:00Z,33219.1154,price,coindesk,EUR,bitcoin,Euro,&euro;
,,0,2023-10-31T08:22:00Z,33351.8416,price,coindesk,EUR,bitcoin,Euro,&euro;
,,0,2023-10-31T08:33:00Z,33409.3852,price,coindesk,EUR,bitcoin,Euro,&euro;
,,0,2023-10-31T08:48:00Z,33493.0793,price,coindesk,EUR,bitcoin,Euro,&euro;
,,0,2023-10-31T09:04:00Z,33487.53,price,coindesk,EUR,bitcoin,Euro,&euro;
,,0,2023-10-31T09:19:00Z,33479.4751,price,coindesk,EUR,bitcoin,Euro,&euro;
,,0,2023-10-31T09:33:00Z,33486.6219,price,coindesk,EUR,bitcoin,Euro,&euro;
,,0,2023-10-31T09:48:00Z,33509.5901,price,coindesk,EUR,bitcoin,Euro,&euro;
,,0,2023-10-31T10:04:00Z,33553.2765,price,coindesk,EUR,bitcoin,Euro,&euro;
,,0,2023-10-31T10:22:00Z,33486.4974,price,coindesk,EUR,bitcoin,Euro,&euro;
,,0,2023-10-31T10:34:00Z,33510.9039,price,coindesk,EUR,bitcoin,Euro,&euro;
,,0,2023-10-31T10:48:00Z,33535.7417,price,coindesk,EUR,bitcoin,Euro,&euro;
,,0,2023-10-31T11:04:00Z,33587.322,price,coindesk,EUR,bitcoin,Euro,&euro;
,,0,2023-10-31T11:18:00Z,33565.496,price,coindesk,EUR,bitcoin,Euro,&euro;
,,0,2023-10-31T11:33:00Z,33608.7331,price,coindesk,EUR,bitcoin,Euro,&euro;
,,0,2023-10-31T11:48:00Z,33643.1809,price,coindesk,EUR,bitcoin,Euro,&euro;
,,0,2023-10-31T12:06:00Z,33630.7788,price,coindesk,EUR,bitcoin,Euro,&euro;
,,0,2023-10-31T12:24:00Z,33492.0263,price,coindesk,EUR,bitcoin,Euro,&euro;
,,0,2023-10-31T12:40:00Z,33557.37,price,coindesk,EUR,bitcoin,Euro,&euro;
,,0,2023-10-31T12:52:00Z,33490.3763,price,coindesk,EUR,bitcoin,Euro,&euro;
,,0,2023-10-31T13:05:00Z,33470.4437,price,coindesk,EUR,bitcoin,Euro,&euro;
,,0,2023-10-31T13:21:00Z,33506.387,price,coindesk,EUR,bitcoin,Euro,&euro;
,,0,2023-10-31T13:33:00Z,33497.0012,price,coindesk,EUR,bitcoin,Euro,&euro;
,,0,2023-10-31T13:48:00Z,33448.0083,price,coindesk,EUR,bitcoin,Euro,&euro;
,,0,2023-10-31T14:04:00Z,33352.9444,price,coindesk,EUR,bitcoin,Euro,&euro;
,,0,2023-10-31T14:21:00Z,33500.9558,price,coindesk,EUR,bitcoin,Euro,&euro;
,,0,2023-10-31T14:33:00Z,33426.6406,price,coindesk,EUR,bitcoin,Euro,&euro;
,,0,2023-10-31T14:48:00Z,33449.1008,price,coindesk,EUR,bitcoin,Euro,&euro;
,,0,2023-10-31T15:04:00Z,33464.1567,price,coindesk,EUR,bitcoin,Euro,&euro;
,,0,2023-10-31T15:20:00Z,33376.5724,price,coindesk,EUR,bitcoin,Euro,&euro;
,,0,2023-10-31T15:33:00Z,33462.2128,price,coindesk,EUR,bitcoin,Euro,&euro;
,,0,2023-10-31T15:48:00Z,33375.2751,price,coindesk,EUR,bitcoin,Euro,&euro;
,,0,2023-10-31T16:05:00Z,33424.6243,price,coindesk,EUR,bitcoin,Euro,&euro;
,,0,2023-10-31T16:23:00Z,33493.7199,price,coindesk,EUR,bitcoin,Euro,&euro;
,,0,2023-10-31T16:35:00Z,33510.585,price,coindesk,EUR,bitcoin,Euro,&euro;
,,0,2023-10-31T16:48:00Z,33634.1488,price,coindesk,EUR,bitcoin,Euro,&euro;
,,0,2023-10-31T17:04:00Z,33512.7742,price,coindesk,EUR,bitcoin,Euro,&euro;
,,0,2023-10-31T17:20:00Z,33503.066,price,coindesk,EUR,bitcoin,Euro,&euro;
,,0,2023-10-31T17:33:00Z,33490.3072,price,coindesk,EUR,bitcoin,Euro,&euro;
,,0,2023-10-31T17:48:00Z,33483.2549,price,coindesk,EUR,bitcoin,Euro,&euro;
,,0,2023-10-31T18:04:00Z,33508.2748,price,coindesk,EUR,bitcoin,Euro,&euro;
,,0,2023-10-31T18:23:00Z,33509.106,price,coindesk,EUR,bitcoin,Euro,&euro;
,,0,2023-10-31T18:33:00Z,33460.3405,price,coindesk,EUR,bitcoin,Euro,&euro;
,,0,2023-10-31T18:48:00Z,33485.8684,price,coindesk,EUR,bitcoin,Euro,&euro;
,,0,2023-10-31T19:04:00Z,33622.5164,price,coindesk,EUR,bitcoin,Euro,&euro;
,,0,2023-10-31T19:18:00Z,33621.4936,price,coindesk,EUR,bitcoin,Euro,&euro;
,,0,2023-10-31T19:33:00Z,33610.2827,price,coindesk,EUR,bitcoin,Euro,&euro;
,,0,2023-10-31T19:48:00Z,33570.7467,price,coindesk,EUR,bitcoin,Euro,&euro;
,,0,2023-10-31T20:04:00Z,33669.4656,price,coindesk,EUR,bitcoin,Euro,&euro;
,,0,2023-10-31T20:20:00Z,33752.5104,price,coindesk,EUR,bitcoin,Euro,&euro;
,,0,2023-10-31T20:33:00Z,33740.0151,price,coindesk,EUR,bitcoin,Euro,&euro;
,,0,2023-10-31T20:48:00Z,33805.2716,price,coindesk,EUR,bitcoin,Euro,&euro;
,,0,2023-10-31T21:04:00Z,33705.3595,price,coindesk,EUR,bitcoin,Euro,&euro;
,,0,2023-10-31T21:18:00Z,33726.9829,price,coindesk,EUR,bitcoin,Euro,&euro;
,,0,2023-10-31T21:33:00Z,33699.2981,price,coindesk,EUR,bitcoin,Euro,&euro;
,,0,2023-10-31T21:48:00Z,33595.621,price,coindesk,EUR,bitcoin,Euro,&euro;
,,0,2023-10-31T22:04:00Z,33597.6536,price,coindesk,EUR,bitcoin,Euro,&euro;
,,0,2023-10-31T22:20:00Z,33643.4845,price,coindesk,EUR,bitcoin,Euro,&euro;
,,0,2023-10-31T22:33:00Z,33634.5096,price,coindesk,EUR,bitcoin,Euro,&euro;
,,0,2023-10-31T22:48:00Z,33713.0659,price,coindesk,EUR,bitcoin,Euro,&euro;
,,0,2023-10-31T23:04:00Z,33645.81,price,coindesk,EUR,bitcoin,Euro,&euro;
,,0,2023-10-31T23:19:00Z,33695.9296,price,coindesk,EUR,bitcoin,Euro,&euro;
,,0,2023-10-31T23:33:00Z,33739.4209,price,coindesk,EUR,bitcoin,Euro,&euro;
,,0,2023-10-31T23:48:00Z,33736.4308,price,coindesk,EUR,bitcoin,Euro,&euro;
,,0,2023-11-01T00:18:00Z,33717.651,price,coindesk,EUR,bitcoin,Euro,&euro;
,,0,2023-11-01T00:48:00Z,33661.4458,price,coindesk,EUR,bitcoin,Euro,&euro;
,,0,2023-11-01T01:28:00Z,33658.5785,price,coindesk,EUR,bitcoin,Euro,&euro;
,,0,2023-11-01T01:53:00Z,33618.8115,price,coindesk,EUR,bitcoin,Euro,&euro;
,,0,2023-11-01T02:13:00Z,33607.485,price,coindesk,EUR,bitcoin,Euro,&euro;
,,0,2023-11-01T02:27:00Z,33595.6692,price,coindesk,EUR,bitcoin,Euro,&euro;
,,0,2023-11-01T02:37:00Z,33607.1379,price,coindesk,EUR,bitcoin,Euro,&euro;
,,0,2023-11-01T02:48:00Z,33601.0102,price,coindesk,EUR,bitcoin,Euro,&euro;
,,0,2023-11-01T03:04:00Z,33582.37,price,coindesk,EUR,bitcoin,Euro,&euro;
,,0,2023-11-01T03:20:00Z,33568.6575,price,coindesk,EUR,bitcoin,Euro,&euro;
,,0,2023-11-01T03:33:00Z,33526.0128,price,coindesk,EUR,bitcoin,Euro,&euro;
,,0,2023-11-01T03:48:00Z,33533.7739,price,coindesk,EUR,bitcoin,Euro,&euro;
,,0,2023-11-01T04:04:00Z,33520.5001,price,coindesk,EUR,bitcoin,Euro,&euro;
,,0,2023-11-01T04:22:00Z,33560.6843,price,coindesk,EUR,bitcoin,Euro,&euro;
,,0,2023-11-01T04:33:00Z,33575.4991,price,coindesk,EUR,bitcoin,Euro,&euro;
,,0,2023-11-01T04:48:00Z,33575.8026,price,coindesk,EUR,bitcoin,Euro,&euro;
,,0,2023-11-01T05:04:00Z,33552.3606,price,coindesk,EUR,bitcoin,Euro,&euro;
,,0,2023-11-01T05:21:00Z,33522.959,price,coindesk,EUR,bitcoin,Euro,&euro;
,,0,2023-11-01T05:33:00Z,33540.8724,price,coindesk,EUR,bitcoin,Euro,&euro;
,,0,2023-11-01T05:48:00Z,33522.3698,price,coindesk,EUR,bitcoin,Euro,&euro;
,,0,2023-11-01T06:05:00Z,33442.8071,price,coindesk,EUR,bitcoin,Euro,&euro;
,,0,2023-11-01T06:23:00Z,33503.0815,price,coindesk,EUR,bitcoin,Euro,&euro;
,,0,2023-11-01T06:33:00Z,33488.9833,price,coindesk,EUR,bitcoin,Euro,&euro;
,,0,2023-11-01T06:48:00Z,33520.7896,price,coindesk,EUR,bitcoin,Euro,&euro;
,,0,2023-11-01T07:04:00Z,33507.2627,price,coindesk,EUR,bitcoin,Euro,&euro;
,,0,2023-11-01T07:19:00Z,33564.5424,price,coindesk,EUR,bitcoin,Euro,&euro;
,,0,2023-11-01T07:33:00Z,33575.5991,price,coindesk,EUR,bitcoin,Euro,&euro;
,,0,2023-11-01T07:48:00Z,33613.3424,price,coindesk,EUR,bitcoin,Euro,&euro;
,,0,2023-11-01T08:05:00Z,33577.4391,price,coindesk,EUR,bitcoin,Euro,&euro;
,,0,2023-11-01T08:22:00Z,33558.6776,price,coindesk,EUR,bitcoin,Euro,&euro;
,,0,2023-11-01T08:33:00Z,33591.3561,price,coindesk,EUR,bitcoin,Euro,&euro;
,,0,2023-11-01T08:48:00Z,33580.439,price,coindesk,EUR,bitcoin,Euro,&euro;
,,0,2023-11-01T09:04:00Z,33556.1911,price,coindesk,EUR,bitcoin,Euro,&euro;
,,0,2023-11-01T09:20:00Z,33579.8887,price,coindesk,EUR,bitcoin,Euro,&euro;
,,0,2023-11-01T09:33:00Z,33592.57,price,coindesk,EUR,bitcoin,Euro,&euro;
,,0,2023-11-01T09:48:00Z,33586.1001,price,coindesk,EUR,bitcoin,Euro,&euro;
,,0,2023-11-01T10:04:00Z,33596.911,price,coindesk,EUR,bitcoin,Euro,&euro;
,,0,2023-11-01T10:21:00Z,33577.0225,price,coindesk,EUR,bitcoin,Euro,&euro;
,,0,2023-11-01T10:33:00Z,33550.062,price,coindesk,EUR,bitcoin,Euro,&euro;
,,0,2023-11-01T10:48:00Z,33495.4433,price,coindesk,EUR,bitcoin,Euro,&euro;
,,0,2023-11-01T11:04:00Z,33502.7792,price,coindesk,EUR,bitcoin,Euro,&euro;
,,0,2023-11-01T11:18:00Z,33494.1624,price,coindesk,EUR,bitcoin,Euro,&euro;
,,0,2023-11-01T11:33:00Z,33512.7976,price,coindesk,EUR,bitcoin,Euro,&euro;
,,0,2023-11-01T11:48:00Z,33507.5956,price,coindesk,EUR,bitcoin,Euro,&euro;
,,0,2023-11-01T12:06:00Z,33544.0687,price,coindesk,EUR,bitcoin,Euro,&euro;
,,0,2023-11-01T12:24:00Z,33484.7809,price,coindesk,EUR,bitcoin,Euro,&euro;
,,0,2023-11-01T12:40:00Z,33565.7309,price,coindesk,EUR,bitcoin,Euro,&euro;
,,0,2023-11-01T12:52:00Z,33743.6844,price,coindesk,EUR,bitcoin,Euro,&euro;
,,0,2023-11-01T13:05:00Z,33950.094,price,coindesk,EUR,bitcoin,Euro,&euro;
,,0,2023-11-01T13:21:00Z,34141.4113,price,coindesk,EUR,bitcoin,Euro,&euro;
,,0,2023-11-01T13:33:00Z,33670.6324,price,coindesk,EUR,bitcoin,Euro,&euro;
,,0,2023-11-01T13:48:00Z,33607.7535,price,coindesk,EUR,bitcoin,Euro,&euro;
,,0,2023-11-01T14:04:00Z,33683.1463,price,coindesk,EUR,bitcoin,Euro,&euro;
,,0,2023-11-01T14:21:00Z,33686.7858,price,coindesk,EUR,bitcoin,Euro,&euro;
,,0,2023-11-01T14:33:00Z,33653.9566,price,coindesk,EUR,bitcoin,Euro,&euro;
,,0,2023-11-01T14:48:00Z,33546.9576,price,coindesk,EUR,bitcoin,Euro,&euro;
,,0,2023-11-01T15:04:00Z,33331.1075,price,coindesk,EUR,bitcoin,Euro,&euro;
,,0,2023-11-01T15:20:00Z,33388.8304,price,coindesk,EUR,bitcoin,Euro,&euro;
,,0,2023-11-01T15:33:00Z,33359.4123,price,coindesk,EUR,bitcoin,Euro,&euro;
,,0,2023-11-01T15:48:00Z,33374.1172,price,coindesk,EUR,bitcoin,Euro,&euro;
,,0,2023-11-01T16:04:00Z,33427.8634,price,coindesk,EUR,bitcoin,Euro,&euro;
,,0,2023-11-01T16:23:00Z,33519.6961,price,coindesk,EUR,bitcoin,Euro,&euro;
,,0,2023-11-01T16:35:00Z,33628.7833,price,coindesk,EUR,bitcoin,Euro,&euro;
,,0,2023-11-01T16:48:00Z,33545.1395,price,coindesk,EUR,bitcoin,Euro,&euro;
,,0,2023-11-01T17:04:00Z,33613.2731,price,coindesk,EUR,bitcoin,Euro,&euro;
,,0,2023-11-01T17:20:00Z,33581.2509,price,coindesk,EUR,bitcoin,Euro,&euro;
,,0,2023-11-01T17:33:00Z,33493.3244,price,coindesk,EUR,bitcoin,Euro,&euro;
,,0,2023-11-01T17:48:00Z,33603.544,price,coindesk,EUR,bitcoin,Euro,&euro;
,,0,2023-11-01T18:04:00Z,33635.7895,price,coindesk,EUR,bitcoin,Euro,&euro;
,,0,2023-11-01T18:23:00Z,33657.2511,price,coindesk,EUR,bitcoin,Euro,&euro;
,,0,2023-11-01T18:33:00Z,33714.2118,price,coindesk,EUR,bitcoin,Euro,&euro;
,,0,2023-11-01T18:48:00Z,33621.9216,price,coindesk,EUR,bitcoin,Euro,&euro;
,,0,2023-11-01T19:04:00Z,33715.4648,price,coindesk,EUR,bitcoin,Euro,&euro;
,,0,2023-11-01T19:18:00Z,33634.7322,price,coindesk,EUR,bitcoin,Euro,&euro;
,,0,2023-11-01T19:33:00Z,33689.6741,price,coindesk,EUR,bitcoin,Euro,&euro;
,,0,2023-11-01T19:48:00Z,33660.425,price,coindesk,EUR,bitcoin,Euro,&euro;
,,0,2023-11-01T20:04:00Z,33676.7807,price,coindesk,EUR,bitcoin,Euro,&euro;
,,0,2023-11-01T20:20:00Z,33769.4932,price,coindesk,EUR,bitcoin,Euro,&euro;
,,0,2023-11-01T20:33:00Z,33849.4715,price,coindesk,EUR,bitcoin,Euro,&euro;
,,0,2023-11-01T20:48:00Z,34065.6509,price,coindesk,EUR,bitcoin,Euro,&euro;
,,0,2023-11-01T21:04:00Z,34461.7211,price,coindesk,EUR,bitcoin,Euro,&euro;
,,0,2023-11-01T21:19:00Z,34469.0995,price,coindesk,EUR,bitcoin,Euro,&euro;
,,0,2023-11-01T21:33:00Z,34361.1397,price,coindesk,EUR,bitcoin,Euro,&euro;
,,0,2023-11-01T21:48:00Z,34304.0252,price,coindesk,EUR,bitcoin,Euro,&euro;
,,0,2023-11-01T22:04:00Z,34573.2267,price,coindesk,EUR,bitcoin,Euro,&euro;
,,0,2023-11-01T22:21:00Z,34517.846,price,coindesk,EUR,bitcoin,Euro,&euro;
,,0,2023-11-01T22:33:00Z,34395.3841,price,coindesk,EUR,bitcoin,Euro,&euro;
,,0,2023-11-01T22:48:00Z,34360.1852,price,coindesk,EUR,bitcoin,Euro,&euro;
,,0,2023-11-01T23:04:00Z,34342.5181,price,coindesk,EUR,bitcoin,Euro,&euro;
,,0,2023-11-01T23:19:00Z,34455.9327,price,coindesk,EUR,bitcoin,Euro,&euro;
,,0,2023-11-01T23:33:00Z,34502.2066,price,coindesk,EUR,bitcoin,Euro,&euro;
,,0,2023-11-01T23:48:00Z,34515.9968,price,coindesk,EUR,bitcoin,Euro,&euro;
,,0,2023-11-02T00:17:00Z,34621.9416,price,coindesk,EUR,bitcoin,Euro,&euro;
,,0,2023-11-02T00:48:00Z,34473.3429,price,coindesk,EUR,bitcoin,Euro,&euro;
,,0,2023-11-02T01:25:00Z,34605.397,price,coindesk,EUR,bitcoin,Euro,&euro;
,,0,2023-11-02T01:49:00Z,34655.5105,price,coindesk,EUR,bitcoin,Euro,&euro;
,,0,2023-11-02T02:10:00Z,34665.2717,price,coindesk,EUR,bitcoin,Euro,&euro;
,,0,2023-11-02T02:23:00Z,34644.9229,price,coindesk,EUR,bitcoin,Euro,&euro;
,,0,2023-11-02T02:33:00Z,34748.2757,price,coindesk,EUR,bitcoin,Euro,&euro;
,,0,2023-11-02T02:48:00Z,34945.6938,price,coindesk,EUR,bitcoin,Euro,&euro;
,,0,2023-11-02T03:04:00Z,34757.9718,price,coindesk,EUR,bitcoin,Euro,&euro;
,,0,2023-11-02T03:19:00Z,34886.5752,price,coindesk,EUR,bitcoin,Euro,&euro;
,,0,2023-11-02T03:33:00Z,34745.8273,price,coindesk,EUR,bitcoin,Euro,&euro;
,,0,2023-11-02T03:48:00Z,34684.6182,price,coindesk,EUR,bitcoin,Euro,&euro;
,,0,2023-11-02T04:04:00Z,34686.4046,price,coindesk,EUR,bitcoin,Euro,&euro;
,,0,2023-11-02T04:22:00Z,34640.5401,price,coindesk,EUR,bitcoin,Euro,&euro;
,,0,2023-11-02T04:33:00Z,34634.9347,price,coindesk,EUR,bitcoin,Euro,&euro;
,,0,2023-11-02T04:48:00Z,34592.3112,price,coindesk,EUR,bitcoin,Euro,&euro;
,,0,2023-11-02T05:04:00Z,34568.1845,price,coindesk,EUR,bitcoin,Euro,&euro;
,,0,2023-11-02T05:20:00Z,34456.4216,price,coindesk,EUR,bitcoin,Euro,&euro;
,,0,2023-11-02T05:33:00Z,34361.0657,price,coindesk,EUR,bitcoin,Euro,&euro;
,,0,2023-11-02T05:48:00Z,34356.3747,price,coindesk,EUR,bitcoin,Euro,&euro;
,,0,2023-11-02T06:05:00Z,34305.5807,price,coindesk,EUR,bitcoin,Euro,&euro;
,,0,2023-11-02T06:23:00Z,34256.5971,price,coindesk,EUR,bitcoin,Euro,&euro;
,,0,2023-11-02T06:33:00Z,34357.3444,price,coindesk,EUR,bitcoin,Euro,&euro;
,,0,2023-11-02T06:48:00Z,34310.1678,price,coindesk,EUR,bitcoin,Euro,&euro;
,,0,2023-11-02T07:04:00Z,34374.4658,price,coindesk,EUR,bitcoin,Euro,&euro;
,,0,2023-11-02T07:19:00Z,34373.9559,price,coindesk,EUR,bitcoin,Euro,&euro;
,,0,2023-11-02T07:33:00Z,34376.4202,price,coindesk,EUR,bitcoin,Euro,&euro;
,,0,2023-11-02T07:48:00Z,34350.3554,price,coindesk,EUR,bitcoin,Euro,&euro;
,,0,2023-11-02T08:05:00Z,34293.9052,price,coindesk,EUR,bitcoin,Euro,&euro;
,,0,2023-11-02T08:22:00Z,34332.4977,price,coindesk,EUR,bitcoin,Euro,&euro;
,,0,2023-11-02T08:33:00Z,34347.882,price,coindesk,EUR,bitcoin,Euro,&euro;
,,0,2023-11-02T08:48:00Z,34382.9535,price,coindesk,EUR,bitcoin,Euro,&euro;
,,0,2023-11-02T09:04:00Z,34406.8593,price,coindesk,EUR,bitcoin,Euro,&euro;
,,0,2023-11-02T09:19:00Z,34400.1478,price,coindesk,EUR,bitcoin,Euro,&euro;
,,0,2023-11-02T09:33:00Z,34436.0208,price,coindesk,EUR,bitcoin,Euro,&euro;
,,0,2023-11-02T09:48:00Z,34478.898,price,coindesk,EUR,bitcoin,Euro,&euro;
,,0,2023-11-02T10:04:00Z,34442.8663,price,coindesk,EUR,bitcoin,Euro,&euro;
,,0,2023-11-02T10:21:00Z,34504.0903,price,coindesk,EUR,bitcoin,Euro,&euro;
,,0,2023-11-02T10:33:00Z,34538.8035,price,coindesk,EUR,bitcoin,Euro,&euro;
,,0,2023-11-02T10:48:00Z,34465.4257,price,coindesk,EUR,bitcoin,Euro,&euro;
,,0,2023-11-02T11:04:00Z,34465.5053,price,coindesk,EUR,bitcoin,Euro,&euro;
,,0,2023-11-02T11:18:00Z,34458.7761,price,coindesk,EUR,bitcoin,Euro,&euro;
,,0,2023-11-02T11:33:00Z,34476.8263,price,coindesk,EUR,bitcoin,Euro,&euro;
,,0,2023-11-02T11:48:00Z,34490.2244,price,coindesk,EUR,bitcoin,Euro,&euro;
,,0,2023-11-02T12:06:00Z,34441.4223,price,coindesk,EUR,bitcoin,Euro,&euro;
,,0,2023-11-02T12:24:00Z,34487.7224,price,coindesk,EUR,bitcoin,Euro,&euro;
,,0,2023-11-02T12:40:00Z,34496.0697,price,coindesk,EUR,bitcoin,Euro,&euro;
,,0,2023-11-02T12:52:00Z,34498.307,price,coindesk,EUR,bitcoin,Euro,&euro;
,,0,2023-11-02T13:04:00Z,34426.2714,price,coindesk,EUR,bitcoin,Euro,&euro;
,,0,2023-11-02T13:23:00Z,34319.4548,price,coindesk,EUR,bitcoin,Euro,&euro;
,,0,2023-11-02T13:33:00Z,34254.503,price,coindesk,EUR,bitcoin,Euro,&euro;
,,0,2023-11-02T13:48:00Z,34051.604,price,coindesk,EUR,bitcoin,Euro,&euro;
,,0,2023-11-02T14:04:00Z,34139.4176,price,coindesk,EUR,bitcoin,Euro,&euro;
,,0,2023-11-02T14:21:00Z,34033.5791,price,coindesk,EUR,bitcoin,Euro,&euro;
,,0,2023-11-02T14:33:00Z,33964.1072,price,coindesk,EUR,bitcoin,Euro,&euro;
,,0,2023-11-02T14:48:00Z,34061.1887,price,coindesk,EUR,bitcoin,Euro,&euro;
,,0,2023-11-02T15:04:00Z,34029.2664,price,coindesk,EUR,bitcoin,Euro,&euro;
,,0,2023-11-02T15:20:00Z,33932.1464,price,coindesk,EUR,bitcoin,Euro,&euro;
,,0,2023-11-02T15:33:00Z,33741.5047,price,coindesk,EUR,bitcoin,Euro,&euro;
,,0,2023-11-02T15:48:00Z,33867.1308,price,coindesk,EUR,bitcoin,Euro,&euro;
,,0,2023-11-02T16:04:00Z,33749.2723,price,coindesk,EUR,bitcoin,Euro,&euro;
,,0,2023-11-02T16:23:00Z,33630.5394,price,coindesk,EUR,bitcoin,Euro,&euro;
,,0,2023-11-02T16:35:00Z,33624.9518,price,coindesk,EUR,bitcoin,Euro,&euro;
,,0,2023-11-02T16:47:00Z,33765.9404,price,coindesk,EUR,bitcoin,Euro,&euro;
,,0,2023-11-02T17:04:00Z,33702.1125,price,coindesk,EUR,bitcoin,Euro,&euro;
,,0,2023-11-02T17:20:00Z,33704.7957,price,coindesk,EUR,bitcoin,Euro,&euro;
,,0,2023-11-02T17:33:00Z,33748.5891,price,coindesk,EUR,bitcoin,Euro,&euro;
,,0,2023-11-02T17:48:00Z,33814.949,price,coindesk,EUR,bitcoin,Euro,&euro;
,,0,2023-11-02T18:04:00Z,33869.5549,price,coindesk,EUR,bitcoin,Euro,&euro;
,,0,2023-11-02T18:23:00Z,33906.4796,price,coindesk,EUR,bitcoin,Euro,&euro;
,,0,2023-11-02T18:33:00Z,33930.3035,price,coindesk,EUR,bitcoin,Euro,&euro;
,,0,2023-11-02T18:48:00Z,33925.6816,price,coindesk,EUR,bitcoin,Euro,&euro;
,,0,2023-11-02T19:04:00Z,33961.8295,price,coindesk,EUR,bitcoin,Euro,&euro;
,,0,2023-11-02T19:18:00Z,33975.2203,price,coindesk,EUR,bitcoin,Euro,&euro;
,,0,2023-11-02T19:33:00Z,34025.334,price,coindesk,EUR,bitcoin,Euro,&euro;
,,0,2023-11-02T19:48:00Z,34050.2964,price,coindesk,EUR,bitcoin,Euro,&euro;
,,0,2023-11-02T20:04:00Z,34067.0366,price,coindesk,EUR,bitcoin,Euro,&euro;
,,0,2023-11-02T20:20:00Z,34176.6408,price,coindesk,EUR,bitcoin,Euro,&euro;
,,0,2023-11-02T20:33:00Z,33973.5546,price,coindesk,EUR,bitcoin,Euro,&euro;
,,0,2023-11-02T20:48:00Z,33976.2393,price,coindesk,EUR,bitcoin,Euro,&euro;
,,0,2023-11-02T21:04:00Z,33973.8625,price,coindesk,EUR,bitcoin,Euro,&euro;
,,0,2023-11-02T21:18:00Z,34035.1124,price,coindesk,EUR,bitcoin,Euro,&euro;
,,0,2023-11-02T21:33:00Z,34000.0431,price,coindesk,EUR,bitcoin,Euro,&euro;
,,0,2023-11-02T21:48:00Z,33978.0846,price,coindesk,EUR,bitcoin,Euro,&euro;
,,0,2023-11-02T22:04:00Z,34015.4745,price,coindesk,EUR,bitcoin,Euro,&euro;
,,0,2023-11-02T22:20:00Z,33981.6679,price,coindesk,EUR,bitcoin,Euro,&euro;
,,0,2023-11-02T22:33:00Z,33988.6378,price,coindesk,EUR,bitcoin,Euro,&euro;
,,0,2023-11-02T22:48:00Z,33900.0076,price,coindesk,EUR,bitcoin,Euro,&euro;
,,0,2023-11-02T23:04:00Z,33879.6463,price,coindesk,EUR,bitcoin,Euro,&euro;
,,0,2023-11-02T23:19:00Z,33941.3385,price,coindesk,EUR,bitcoin,Euro,&euro;
,,0,2023-11-02T23:33:00Z,33976.1258,price,coindesk,EUR,bitcoin,Euro,&euro;
,,0,2023-11-02T23:48:00Z,33977.3768,price,coindesk,EUR,bitcoin,Euro,&euro;
,,0,2023-11-03T00:17:00Z,33945.0299,price,coindesk,EUR,bitcoin,Euro,&euro;
,,0,2023-11-03T00:48:00Z,33801.3392,price,coindesk,EUR,bitcoin,Euro,&euro;
,,0,2023-11-03T01:25:00Z,33635.5994,price,coindesk,EUR,bitcoin,Euro,&euro;
,,0,2023-11-03T01:49:00Z,33676.373,price,coindesk,EUR,bitcoin,Euro,&euro;
,,0,2023-11-03T02:11:00Z,33727.3355,price,coindesk,EUR,bitcoin,Euro,&euro;
,,0,2023-11-03T02:24:00Z,33756.5679,price,coindesk,EUR,bitcoin,Euro,&euro;
,,0,2023-11-03T02:33:00Z,33804.9361,price,coindesk,EUR,bitcoin,Euro,&euro;
,,0,2023-11-03T02:48:00Z,33758.8437,price,coindesk,EUR,bitcoin,Euro,&euro;
,,0,2023-11-03T03:04:00Z,33791.6734,price,coindesk,EUR,bitcoin,Euro,&euro;
,,0,2023-11-03T03:20:00Z,33770.4142,price,coindesk,EUR,bitcoin,Euro,&euro;
,,0,2023-11-03T03:33:00Z,33780.3215,price,coindesk,EUR,bitcoin,Euro,&euro;
,,0,2023-11-03T03:48:00Z,33773.8708,price,coindesk,EUR,bitcoin,Euro,&euro;
,,0,2023-11-03T04:04:00Z,33820.3397,price,coindesk,EUR,bitcoin,Euro,&euro;
,,0,2023-11-03T04:22:00Z,33745.242,price,coindesk,EUR,bitcoin,Euro,&euro;
,,0,2023-11-03T04:33:00Z,33743.1946,price,coindesk,EUR,bitcoin,Euro,&euro;
,,0,2023-11-03T04:47:00Z,33591.3513,price,coindesk,EUR,bitcoin,Euro,&euro;
,,0,2023-11-03T05:04:00Z,33553.8279,price,coindesk,EUR,bitcoin,Euro,&euro;
,,0,2023-11-03T05:21:00Z,33534.812,price,coindesk,EUR,bitcoin,Euro,&euro;
,,0,2023-11-03T05:33:00Z,33615.1738,price,coindesk,EUR,bitcoin,Euro,&euro;
,,0,2023-11-03T05:48:00Z,33547.3851,price,coindesk,EUR,bitcoin,Euro,&euro;
,,0,2023-11-03T06:04:00Z,33639.64,price,coindesk,EUR,bitcoin,Euro,&euro;
,,0,2023-11-03T06:23:00Z,33645.983,price,coindesk,EUR,bitcoin,Euro,&euro;
,,0,2023-11-03T06:33:00Z,33651.5059,price,coindesk,EUR,bitcoin,Euro,&euro;
,,0,2023-11-03T06:48:00Z,33603.9849,price,coindesk,EUR,bitcoin,Euro,&euro;
,,0,2023-11-03T07:04:00Z,33564.5763,price,coindesk,EUR,bitcoin,Euro,&euro;
,,0,2023-11-03T07:18:00Z,33613.3893,price,coindesk,EUR,bitcoin,Euro,&euro;
,,0,2023-11-03T07:33:00Z,33608.4819,price,coindesk,EUR,bitcoin,Euro,&euro;
,,0,2023-11-03T07:48:00Z,33504.8096,price,coindesk,EUR,bitcoin,Euro,&euro;
,,0,2023-11-03T08:05:00Z,33538.7747,price,coindesk,EUR,bitcoin,Euro,&euro;
,,0,2023-11-03T08:22:00Z,33686.6271,price,coindesk,EUR,bitcoin,Euro,&euro;
,,0,2023-11-03T08:33:00Z,33645.0706,price,coindesk,EUR,bitcoin,Euro,&euro;
,,0,2023-11-03T08:48:00Z,33485.4737,price,coindesk,EUR,bitcoin,Euro,&euro;
,,0,2023-11-03T09:04:00Z,33495.3599,price,coindesk,EUR,bitcoin,Euro,&euro;
,,0,2023-11-03T09:20:00Z,33462.2691,price,coindesk,EUR,bitcoin,Euro,&euro;
,,0,2023-11-03T09:33:00Z,33426.8769,price,coindesk,EUR,bitcoin,Euro,&euro;
,,0,2023-11-03T09:48:00Z,33448.967,price,coindesk,EUR,bitcoin,Euro,&euro;
,,0,2023-11-03T10:04:00Z,33303.4712,price,coindesk,EUR,bitcoin,Euro,&euro;
,,0,2023-11-03T10:21:00Z,33307.4002,price,coindesk,EUR,bitcoin,Euro,&euro;
,,0,2023-11-03T10:33:00Z,33291.6575,price,coindesk,EUR,bitcoin,Euro,&euro;
,,0,2023-11-03T10:48:00Z,33333.5658,price,coindesk,EUR,bitcoin,Euro,&euro;
,,0,2023-11-03T11:04:00Z,33392.4838,price,coindesk,EUR,bitcoin,Euro,&euro;
,,0,2023-11-03T11:18:00Z,33362.4682,price,coindesk,EUR,bitcoin,Euro,&euro;
,,0,2023-11-03T11:33:00Z,33326.5475,price,coindesk,EUR,bitcoin,Euro,&euro;
,,0,2023-11-03T11:48:00Z,33359.1865,price,coindesk,EUR,bitcoin,Euro,&euro;
,,0,2023-11-03T12:06:00Z,33302.16,price,coindesk,EUR,bitcoin,Euro,&euro;
,,0,2023-11-03T12:24:00Z,33371.3022,price,coindesk,EUR,bitcoin,Euro,&euro;
,,0,2023-11-03T12:40:00Z,33433.9217,price,coindesk,EUR,bitcoin,Euro,&euro;
,,0,2023-11-03T12:53:00Z,33477.3046,price,coindesk,EUR,bitcoin,Euro,&euro;
,,0,2023-11-03T13:05:00Z,33508.4846,price,coindesk,EUR,bitcoin,Euro,&euro;
,,0,2023-11-03T13:22:00Z,33446.7444,price,coindesk,EUR,bitcoin,Euro,&euro;
,,0,2023-11-03T13:33:00Z,33484.8215,price,coindesk,EUR,bitcoin,Euro,&euro;
,,0,2023-11-03T13:48:00Z,33514.0891,price,coindesk,EUR,bitcoin,Euro,&euro;
,,0,2023-11-03T14:04:00Z,33690.562,price,coindesk,EUR,bitcoin,Euro,&euro;
,,0,2023-11-03T14:21:00Z,33664.9482,price,coindesk,EUR,bitcoin,Euro,&euro;
,,0,2023-11-03T14:33:00Z,33813.8634,price,coindesk,EUR,bitcoin,Euro,&euro;
,,0,2023-11-03T14:48:00Z,33869.4454,price,coindesk,EUR,bitcoin,Euro,&euro;
,,0,2023-11-03T15:04:00Z,33872.5454,price,coindesk,EUR,bitcoin,Euro,&euro;
,,0,2023-11-03T15:20:00Z,33884.6836,price,coindesk,EUR,bitcoin,Euro,&euro;
,,0,2023-11-03T15:33:00Z,33907.6525,price,coindesk,EUR,bitcoin,Euro,&euro;
,,0,2023-11-03T15:48:00Z,33910.8638,price,coindesk,EUR,bitcoin,Euro,&euro;
,,0,2023-11-03T16:04:00Z,33911.7146,price,coindesk,EUR,bitcoin,Euro,&euro;
,,0,2023-11-03T16:23:00Z,33792.5083,price,coindesk,EUR,bitcoin,Euro,&euro;
,,0,2023-11-03T16:34:00Z,33792.2162,price,coindesk,EUR,bitcoin,Euro,&euro;
,,0,2023-11-03T16:48:00Z,33753.0622,price,coindesk,EUR,bitcoin,Euro,&euro;
,,0,2023-11-03T17:04:00Z,33763.0259,price,coindesk,EUR,bitcoin,Euro,&euro;
,,0,2023-11-03T17:20:00Z,33688.3624,price,coindesk,EUR,bitcoin,Euro,&euro;
,,0,2023-11-03T17:33:00Z,33628.1712,price,coindesk,EUR,bitcoin,Euro,&euro;
,,0,2023-11-03T17:48:00Z,33491.1616,price,coindesk,EUR,bitcoin,Euro,&euro;
,,0,2023-11-03T18:04:00Z,33509.8222,price,coindesk,EUR,bitcoin,Euro,&euro;
,,0,2023-11-03T18:23:00Z,33598.5424,price,coindesk,EUR,bitcoin,Euro,&euro;
,,0,2023-11-03T18:33:00Z,33708.4797,price,coindesk,EUR,bitcoin,Euro,&euro;
,,0,2023-11-03T19:18:00Z,33609.6536,price,coindesk,EUR,bitcoin,Euro,&euro;
,,0,2023-11-03T19:33:00Z,33590.869,price,coindesk,EUR,bitcoin,Euro,&euro;
,,0,2023-11-03T19:48:00Z,33630.4909,price,coindesk,EUR,bitcoin,Euro,&euro;
,,0,2023-11-03T20:04:00Z,33682.4825,price,coindesk,EUR,bitcoin,Euro,&euro;
,,0,2023-11-03T20:20:00Z,33758.94,price,coindesk,EUR,bitcoin,Euro,&euro;
,,0,2023-11-03T20:33:00Z,33719.4323,price,coindesk,EUR,bitcoin,Euro,&euro;
,,0,2023-11-03T20:48:00Z,33768.3359,price,coindesk,EUR,bitcoin,Euro,&euro;
,,0,2023-11-03T21:04:00Z,33748.2097,price,coindesk,EUR,bitcoin,Euro,&euro;
,,0,2023-11-03T21:18:00Z,33803.381,price,coindesk,EUR,bitcoin,Euro,&euro;
,,0,2023-11-03T21:33:00Z,33802.1438,price,coindesk,EUR,bitcoin,Euro,&euro;
,,0,2023-11-03T21:48:00Z,33778.8522,price,coindesk,EUR,bitcoin,Euro,&euro;
,,0,2023-11-03T22:04:00Z,33741.5183,price,coindesk,EUR,bitcoin,Euro,&euro;
,,0,2023-11-03T22:21:00Z,33726.2673,price,coindesk,EUR,bitcoin,Euro,&euro;
,,0,2023-11-03T22:33:00Z,33745.8791,price,coindesk,EUR,bitcoin,Euro,&euro;
,,0,2023-11-03T22:48:00Z,33738.5002,price,coindesk,EUR,bitcoin,Euro,&euro;
,,0,2023-11-03T23:04:00Z,33797.9551,price,coindesk,EUR,bitcoin,Euro,&euro;
,,0,2023-11-03T23:19:00Z,33778.5737,price,coindesk,EUR,bitcoin,Euro,&euro;
,,0,2023-11-03T23:33:00Z,33856.6093,price,coindesk,EUR,bitcoin,Euro,&euro;
,,0,2023-11-03T23:48:00Z,33824.0605,price,coindesk,EUR,bitcoin,Euro,&euro;
,,0,2023-11-04T00:17:00Z,33810.5329,price,coindesk,EUR,bitcoin,Euro,&euro;
,,0,2023-11-04T00:48:00Z,33796.2805,price,coindesk,EUR,bitcoin,Euro,&euro;
,,0,2023-11-04T01:25:00Z,33788.8752,price,coindesk,EUR,bitcoin,Euro,&euro;
,,0,2023-11-04T01:48:00Z,33851.7982,price,coindesk,EUR,bitcoin,Euro,&euro;
,,0,2023-11-04T02:10:00Z,33885.7059,price,coindesk,EUR,bitcoin,Euro,&euro;
,,0,2023-11-04T02:23:00Z,33875.685,price,coindesk,EUR,bitcoin,Euro,&euro;
,,0,2023-11-04T02:33:00Z,33841.2165,price,coindesk,EUR,bitcoin,Euro,&euro;
,,0,2023-11-04T02:48:00Z,33833.8095,price,coindesk,EUR,bitcoin,Euro,&euro;
,,0,2023-11-04T03:04:00Z,33789.9412,price,coindesk,EUR,bitcoin,Euro,&euro;
,,0,2023-11-04T03:19:00Z,33791.6388,price,coindesk,EUR,bitcoin,Euro,&euro;
,,0,2023-11-04T03:33:00Z,33793.5283,price,coindesk,EUR,bitcoin,Euro,&euro;
,,0,2023-11-04T03:48:00Z,33858.5537,price,coindesk,EUR,bitcoin,Euro,&euro;
,,0,2023-11-04T04:04:00Z,33824.6478,price,coindesk,EUR,bitcoin,Euro,&euro;
,,0,2023-11-04T04:21:00Z,33820.7895,price,coindesk,EUR,bitcoin,Euro,&euro;
,,0,2023-11-04T04:33:00Z,33810.0138,price,coindesk,EUR,bitcoin,Euro,&euro;
,,0,2023-11-04T04:48:00Z,33793.1002,price,coindesk,EUR,bitcoin,Euro,&euro;
,,0,2023-11-04T05:04:00Z,33769.8394,price,coindesk,EUR,bitcoin,Euro,&euro;
,,0,2023-11-04T05:20:00Z,33743.6531,price,coindesk,EUR,bitcoin,Euro,&euro;
,,0,2023-11-04T05:33:00Z,33748.0285,price,coindesk,EUR,bitcoin,Euro,&euro;
,,0,2023-11-04T05:48:00Z,33812.0332,price,coindesk,EUR,bitcoin,Euro,&euro;
,,0,2023-11-04T06:04:00Z,33939.5855,price,coindesk,EUR,bitcoin,Euro,&euro;
,,0,2023-11-04T06:22:00Z,33948.3788,price,coindesk,EUR,bitcoin,Euro,&euro;
,,0,2023-11-04T06:33:00Z,33873.7723,price,coindesk,EUR,bitcoin,Euro,&euro;
,,0,2023-11-04T06:47:00Z,33950.1209,price,coindesk,EUR,bitcoin,Euro,&euro;
,,0,2023-11-04T07:04:00Z,33923.6676,price,coindesk,EUR,bitcoin,Euro,&euro;
,,0,2023-11-04T07:18:00Z,33940.752,price,coindesk,EUR,bitcoin,Euro,&euro;
,,0,2023-11-04T07:33:00Z,33941.6359,price,coindesk,EUR,bitcoin,Euro,&euro;
,,0,2023-11-04T07:48:00Z,33920.5668,price,coindesk,EUR,bitcoin,Euro,&euro;
,,0,2023-11-04T08:04:00Z,33855.8912,price,coindesk,EUR,bitcoin,Euro,&euro;
,,0,2023-11-04T08:21:00Z,33920.2708,price,coindesk,EUR,bitcoin,Euro,&euro;
,,0,2023-11-04T08:33:00Z,33919.6173,price,coindesk,EUR,bitcoin,Euro,&euro;
,,0,2023-11-04T08:48:00Z,33934.5358,price,coindesk,EUR,bitcoin,Euro,&euro;
,,0,2023-11-04T09:04:00Z,33957.9348,price,coindesk,EUR,bitcoin,Euro,&euro;
,,0,2023-11-04T09:19:00Z,33939.0133,price,coindesk,EUR,bitcoin,Euro,&euro;
,,0,2023-11-04T09:33:00Z,33928.0799,price,coindesk,EUR,bitcoin,Euro,&euro;
,,0,2023-11-04T09:48:00Z,33916.7234,price,coindesk,EUR,bitcoin,Euro,&euro;
,,0,2023-11-04T10:04:00Z,33872.9261,price,coindesk,EUR,bitcoin,Euro,&euro;
,,0,2023-11-04T10:21:00Z,33921.9611,price,coindesk,EUR,bitcoin,Euro,&euro;
,,0,2023-11-04T10:33:00Z,33910.0654,price,coindesk,EUR,bitcoin,Euro,&euro;
,,0,2023-11-04T10:48:00Z,33877.8203,price,coindesk,EUR,bitcoin,Euro,&euro;
,,0,2023-11-04T11:04:00Z,33879.7788,price,coindesk,EUR,bitcoin,Euro,&euro;
,,0,2023-11-04T11:18:00Z,33887.5817,price,coindesk,EUR,bitcoin,Euro,&euro;
,,0,2023-11-04T11:33:00Z,33886.9135,price,coindesk,EUR,bitcoin,Euro,&euro;
,,0,2023-11-04T11:48:00Z,33903.8458,price,coindesk,EUR,bitcoin,Euro,&euro;
,,0,2023-11-04T12:05:00Z,33833.0616,price,coindesk,EUR,bitcoin,Euro,&euro;
,,0,2023-11-04T12:24:00Z,33847.8429,price,coindesk,EUR,bitcoin,Euro,&euro;
,,0,2023-11-04T12:38:00Z,33854.5728,price,coindesk,EUR,bitcoin,Euro,&euro;
,,0,2023-11-04T12:50:00Z,33865.1657,price,coindesk,EUR,bitcoin,Euro,&euro;
,,0,2023-11-04T13:04:00Z,33892.2275,price,coindesk,EUR,bitcoin,Euro,&euro;
,,0,2023-11-04T13:20:00Z,33874.0887,price,coindesk,EUR,bitcoin,Euro,&euro;
,,0,2023-11-04T13:33:00Z,33834.8113,price,coindesk,EUR,bitcoin,Euro,&euro;
,,0,2023-11-04T13:48:00Z,33832.162,price,coindesk,EUR,bitcoin,Euro,&euro;
,,0,2023-11-04T14:04:00Z,33817.783,price,coindesk,EUR,bitcoin,Euro,&euro;
,,0,2023-11-04T14:20:00Z,33859.5919,price,coindesk,EUR,bitcoin,Euro,&euro;
,,0,2023-11-04T14:33:00Z,33895.3515,price,coindesk,EUR,bitcoin,Euro,&euro;
,,0,2023-11-04T14:48:00Z,33878.9387,price,coindesk,EUR,bitcoin,Euro,&euro;
,,0,2023-11-04T15:04:00Z,33867.7817,price,coindesk,EUR,bitcoin,Euro,&euro;
,,0,2023-11-04T15:19:00Z,33787.0638,price,coindesk,EUR,bitcoin,Euro,&euro;
,,0,2023-11-04T15:33:00Z,33836.4294,price,coindesk,EUR,bitcoin,Euro,&euro;
,,0,2023-11-04T15:48:00Z,33817.7729,price,coindesk,EUR,bitcoin,Euro,&euro;
,,0,2023-11-04T16:04:00Z,33851.4179,price,coindesk,EUR,bitcoin,Euro,&euro;
,,0,2023-11-04T16:22:00Z,33828.8337,price,coindesk,EUR,bitcoin,Euro,&euro;
,,0,2023-11-04T16:34:00Z,33887.4953,price,coindesk,EUR,bitcoin,Euro,&euro;
,,0,2023-11-04T16:48:00Z,33863.464,price,coindesk,EUR,bitcoin,Euro,&euro;
,,0,2023-11-04T17:04:00Z,33830.7243,price,coindesk,EUR,bitcoin,Euro,&euro;
,,0,2023-11-04T17:20:00Z,33844.5263,price,coindesk,EUR,bitcoin,Euro,&euro;
,,0,2023-11-04T17:33:00Z,33853.5977,price,coindesk,EUR,bitcoin,Euro,&euro;
,,0,2023-11-04T17:48:00Z,33870.8256,price,coindesk,EUR,bitcoin,Euro,&euro;
,,0,2023-11-04T18:04:00Z,33878.1175,price,coindesk,EUR,bitcoin,Euro,&euro;
,,0,2023-11-04T18:22:00Z,33861.8356,price,coindesk,EUR,bitcoin,Euro,&euro;
,,0,2023-11-04T18:33:00Z,33856.954,price,coindesk,EUR,bitcoin,Euro,&euro;
,,0,2023-11-04T18:48:00Z,33880.047,price,coindesk,EUR,bitcoin,Euro,&euro;
,,0,2023-11-04T19:04:00Z,33907.0984,price,coindesk,EUR,bitcoin,Euro,&euro;
,,0,2023-11-04T19:18:00Z,33886.9046,price,coindesk,EUR,bitcoin,Euro,&euro;
,,0,2023-11-04T19:33:00Z,33879.9802,price,coindesk,EUR,bitcoin,Euro,&euro;
,,0,2023-11-04T19:48:00Z,33885.042,price,coindesk,EUR,bitcoin,Euro,&euro;
,,0,2023-11-04T20:04:00Z,33857.728,price,coindesk,EUR,bitcoin,Euro,&euro;
,,0,2023-11-04T20:19:00Z,33869.6097,price,coindesk,EUR,bitcoin,Euro,&euro;
,,0,2023-11-04T20:33:00Z,33861.3278,price,coindesk,EUR,bitcoin,Euro,&euro;
,,0,2023-11-04T20:48:00Z,33862.1283,price,coindesk,EUR,bitcoin,Euro,&euro;
,,0,2023-11-04T21:04:00Z,33890.6074,price,coindesk,EUR,bitcoin,Euro,&euro;
,,0,2023-11-04T21:18:00Z,33914.9935,price,coindesk,EUR,bitcoin,Euro,&euro;
,,0,2023-11-04T21:33:00Z,33983.0214,price,coindesk,EUR,bitcoin,Euro,&euro;
,,0,2023-11-04T21:48:00Z,33955.6176,price,coindesk,EUR,bitcoin,Euro,&euro;
,,0,2023-11-04T22:04:00Z,33971.9565,price,coindesk,EUR,bitcoin,Euro,&euro;
,,0,2023-11-04T22:20:00Z,34044.756,price,coindesk,EUR,bitcoin,Euro,&euro;
,,0,2023-11-04T22:33:00Z,34098.692,price,coindesk,EUR,bitcoin,Euro,&euro;
,,0,2023-11-04T22:48:00Z,34167.1036,price,coindesk,EUR,bitcoin,Euro,&euro;
,,0,2023-11-04T23:04:00Z,34306.1191,price,coindesk,EUR,bitcoin,Euro,&euro;
,,0,2023-11-04T23:19:00Z,34222.2539,price,coindesk,EUR,bitcoin,Euro,&euro;
,,0,2023-11-04T23:33:00Z,34198.2098,price,coindesk,EUR,bitcoin,Euro,&euro;
,,0,2023-11-04T23:48:00Z,34195.4745,price,coindesk,EUR,bitcoin,Euro,&euro;
,,0,2023-11-05T00:19:00Z,34126.3485,price,coindesk,EUR,bitcoin,Euro,&euro;
,,0,2023-11-05T00:48:00Z,34109.0286,price,coindesk,EUR,bitcoin,Euro,&euro;
,,0,2023-11-05T01:29:00Z,34080.1696,price,coindesk,EUR,bitcoin,Euro,&euro;
,,0,2023-11-05T01:54:00Z,34153.2776,price,coindesk,EUR,bitcoin,Euro,&euro;
,,0,2023-11-05T02:13:00Z,34131.8091,price,coindesk,EUR,bitcoin,Euro,&euro;
,,0,2023-11-05T02:27:00Z,34085.0065,price,coindesk,EUR,bitcoin,Euro,&euro;
,,0,2023-11-05T02:37:00Z,34107.6876,price,coindesk,EUR,bitcoin,Euro,&euro;
,,0,2023-11-05T02:48:00Z,34152.5439,price,coindesk,EUR,bitcoin,Euro,&euro;
,,0,2023-11-05T03:05:00Z,34155.8825,price,coindesk,EUR,bitcoin,Euro,&euro;
,,0,2023-11-05T03:21:00Z,34202.419,price,coindesk,EUR,bitcoin,Euro,&euro;
,,0,2023-11-05T03:33:00Z,34215.4815,price,coindesk,EUR,bitcoin,Euro,&euro;
,,0,2023-11-05T03:48:00Z,34263.6791,price,coindesk,EUR,bitcoin,Euro,&euro;
,,0,2023-11-05T04:04:00Z,34415.7395,price,coindesk,EUR,bitcoin,Euro,&euro;
,,0,2023-11-05T04:21:00Z,34330.9806,price,coindesk,EUR,bitcoin,Euro,&euro;
,,0,2023-11-05T04:33:00Z,34281.9396,price,coindesk,EUR,bitcoin,Euro,&euro;
,,0,2023-11-05T04:48:00Z,34263.1309,price,coindesk,EUR,bitcoin,Euro,&euro;
,,0,2023-11-05T05:04:00Z,34262.0278,price,coindesk,EUR,bitcoin,Euro,&euro;
,,0,2023-11-05T05:20:00Z,34304.0086,price,coindesk,EUR,bitcoin,Euro,&euro;
,,0,2023-11-05T05:33:00Z,34313.934,price,coindesk,EUR,bitcoin,Euro,&euro;
,,0,2023-11-05T05:48:00Z,34283.6717,price,coindesk,EUR,bitcoin,Euro,&euro;
,,0,2023-11-05T06:04:00Z,34259.6073,price,coindesk,EUR,bitcoin,Euro,&euro;
,,0,2023-11-05T06:22:00Z,34256.3539,price,coindesk,EUR,bitcoin,Euro,&euro;
,,0,2023-11-05T06:33:00Z,34198.7366,price,coindesk,EUR,bitcoin,Euro,&euro;
,,0,2023-11-05T06:48:00Z,34198.5421,price,coindesk,EUR,bitcoin,Euro,&euro;
,,0,2023-11-05T07:04:00Z,34201.15,price,coindesk,EUR,bitcoin,Euro,&euro;
,,0,2023-11-05T07:18:00Z,34185.8521,price,coindesk,EUR,bitcoin,Euro,&euro;
,,0,2023-11-05T07:33:00Z,34240.6115,price,coindesk,EUR,bitcoin,Euro,&euro;
,,0,2023-11-05T07:48:00Z,34246.0518,price,coindesk,EUR,bitcoin,Euro,&euro;
,,0,2023-11-05T08:04:00Z,34286.273,price,coindesk,EUR,bitcoin,Euro,&euro;
,,0,2023-11-05T08:21:00Z,34248.17,price,coindesk,EUR,bitcoin,Euro,&euro;
,,0,2023-11-05T08:33:00Z,34248.3165,price,coindesk,EUR,bitcoin,Euro,&euro;
,,0,2023-11-05T08:48:00Z,34172.428,price,coindesk,EUR,bitcoin,Euro,&euro;
,,0,2023-11-05T09:04:00Z,34166.7788,price,coindesk,EUR,bitcoin,Euro,&euro;
,,0,2023-11-05T09:19:00Z,34204.2267,price,coindesk,EUR,bitcoin,Euro,&euro;
,,0,2023-11-05T09:33:00Z,34177.3342,price,coindesk,EUR,bitcoin,Euro,&euro;
,,0,2023-11-05T09:48:00Z,34251.315,price,coindesk,EUR,bitcoin,Euro,&euro;
,,0,2023-11-05T10:04:00Z,34213.8945,price,coindesk,EUR,bitcoin,Euro,&euro;
,,0,2023-11-05T10:21:00Z,34181.9398,price,coindesk,EUR,bitcoin,Euro,&euro;
,,0,2023-11-05T10:33:00Z,34204.9833,price,coindesk,EUR,bitcoin,Euro,&euro;
,,0,2023-11-05T10:48:00Z,34235.6026,price,coindesk,EUR,bitcoin,Euro,&euro;
,,0,2023-11-05T11:04:00Z,34256.0615,price,coindesk,EUR,bitcoin,Euro,&euro;
,,0,2023-11-05T11:18:00Z,34226.8995,price,coindesk,EUR,bitcoin,Euro,&euro;
,,0,2023-11-05T11:33:00Z,34253.4705,price,coindesk,EUR,bitcoin,Euro,&euro;
,,0,2023-11-05T11:48:00Z,34206.437,price,coindesk,EUR,bitcoin,Euro,&euro;
,,0,2023-11-05T12:05:00Z,34264.2711,price,coindesk,EUR,bitcoin,Euro,&euro;
,,0,2023-11-05T12:24:00Z,34268.3385,price,coindesk,EUR,bitcoin,Euro,&euro;
,,0,2023-11-05T12:39:00Z,34253.3696,price,coindesk,EUR,bitcoin,Euro,&euro;
,,0,2023-11-05T12:51:00Z,34222.1071,price,coindesk,EUR,bitcoin,Euro,&euro;
,,0,2023-11-05T13:04:00Z,34223.3325,price,coindesk,EUR,bitcoin,Euro,&euro;
,,0,2023-11-05T13:20:00Z,34206.4431,price,coindesk,EUR,bitcoin,Euro,&euro;
,,0,2023-11-05T13:33:00Z,34181.2833,price,coindesk,EUR,bitcoin,Euro,&euro;
,,0,2023-11-05T13:48:00Z,34191.0765,price,coindesk,EUR,bitcoin,Euro,&euro;
,,0,2023-11-05T14:04:00Z,34005.4591,price,coindesk,EUR,bitcoin,Euro,&euro;
,,0,2023-11-05T14:20:00Z,34000.7751,price,coindesk,EUR,bitcoin,Euro,&euro;
,,0,2023-11-05T14:33:00Z,34043.1115,price,coindesk,EUR,bitcoin,Euro,&euro;
,,0,2023-11-05T14:48:00Z,34023.7031,price,coindesk,EUR,bitcoin,Euro,&euro;
,,0,2023-11-05T15:04:00Z,34008.2221,price,coindesk,EUR,bitcoin,Euro,&euro;
,,0,2023-11-05T15:19:00Z,33991.7734,price,coindesk,EUR,bitcoin,Euro,&euro;
,,0,2023-11-05T15:33:00Z,34029.124,price,coindesk,EUR,bitcoin,Euro,&euro;
,,0,2023-11-05T15:48:00Z,33978.1899,price,coindesk,EUR,bitcoin,Euro,&euro;
,,0,2023-11-05T16:04:00Z,34005.0524,price,coindesk,EUR,bitcoin,Euro,&euro;
,,0,2023-11-05T16:22:00Z,34032.3249,price,coindesk,EUR,bitcoin,Euro,&euro;
,,0,2023-11-05T16:34:00Z,34055.4592,price,coindesk,EUR,bitcoin,Euro,&euro;
,,0,2023-11-05T16:48:00Z,34081.1872,price,coindesk,EUR,bitcoin,Euro,&euro;
,,0,2023-11-05T17:04:00Z,34096.998,price,coindesk,EUR,bitcoin,Euro,&euro;
,,0,2023-11-05T17:20:00Z,34213.7994,price,coindesk,EUR,bitcoin,Euro,&euro;
,,0,2023-11-05T17:33:00Z,34206.9951,price,coindesk,EUR,bitcoin,Euro,&euro;
,,0,2023-11-05T17:48:00Z,34291.0863,price,coindesk,EUR,bitcoin,Euro,&euro;
,,0,2023-11-05T18:04:00Z,34215.7313,price,coindesk,EUR,bitcoin,Euro,&euro;
,,0,2023-11-05T18:22:00Z,34153.5606,price,coindesk,EUR,bitcoin,Euro,&euro;
,,0,2023-11-05T18:33:00Z,34174.0791,price,coindesk,EUR,bitcoin,Euro,&euro;
,,0,2023-11-05T18:48:00Z,34159.4253,price,coindesk,EUR,bitcoin,Euro,&euro;
,,0,2023-11-05T19:04:00Z,34180.3647,price,coindesk,EUR,bitcoin,Euro,&euro;
,,0,2023-11-05T19:18:00Z,34211.9765,price,coindesk,EUR,bitcoin,Euro,&euro;
,,0,2023-11-05T19:33:00Z,34177.2059,price,coindesk,EUR,bitcoin,Euro,&euro;
,,0,2023-11-05T19:48:00Z,34152.4802,price,coindesk,EUR,bitcoin,Euro,&euro;
,,0,2023-11-05T20:04:00Z,34144.0827,price,coindesk,EUR,bitcoin,Euro,&euro;
,,0,2023-11-05T20:19:00Z,34164.3044,price,coindesk,EUR,bitcoin,Euro,&euro;
,,0,2023-11-05T20:33:00Z,34199.0417,price,coindesk,EUR,bitcoin,Euro,&euro;
,,0,2023-11-05T20:48:00Z,34155.7913,price,coindesk,EUR,bitcoin,Euro,&euro;
,,0,2023-11-05T21:04:00Z,34128.8041,price,coindesk,EUR,bitcoin,Euro,&euro;
,,0,2023-11-05T21:18:00Z,34096.5772,price,coindesk,EUR,bitcoin,Euro,&euro;
,,0,2023-11-05T21:33:00Z,33973.946,price,coindesk,EUR,bitcoin,Euro,&euro;
,,0,2023-11-05T21:48:00Z,33929.6059,price,coindesk,EUR,bitcoin,Euro,&euro;
,,0,2023-11-05T22:04:00Z,33836.1073,price,coindesk,EUR,bitcoin,Euro,&euro;
,,0,2023-11-05T22:20:00Z,33859.922,price,coindesk,EUR,bitcoin,Euro,&euro;
,,0,2023-11-05T22:33:00Z,33867.8297,price,coindesk,EUR,bitcoin,Euro,&euro;
,,0,2023-11-05T22:48:00Z,33955.5677,price,coindesk,EUR,bitcoin,Euro,&euro;
,,0,2023-11-05T23:04:00Z,34409.6894,price,coindesk,EUR,bitcoin,Euro,&euro;
,,0,2023-11-05T23:19:00Z,34347.6123,price,coindesk,EUR,bitcoin,Euro,&euro;
,,0,2023-11-05T23:33:00Z,34204.6324,price,coindesk,EUR,bitcoin,Euro,&euro;
,,0,2023-11-05T23:48:00Z,34136.2424,price,coindesk,EUR,bitcoin,Euro,&euro;
,,0,2023-11-06T00:18:00Z,34112.5462,price,coindesk,EUR,bitcoin,Euro,&euro;
,,0,2023-11-06T00:48:00Z,34177.1795,price,coindesk,EUR,bitcoin,Euro,&euro;
,,0,2023-11-06T01:27:00Z,34198.849,price,coindesk,EUR,bitcoin,Euro,&euro;
,,0,2023-11-06T01:52:00Z,33992.9336,price,coindesk,EUR,bitcoin,Euro,&euro;
,,0,2023-11-06T02:13:00Z,34057.3364,price,coindesk,EUR,bitcoin,Euro,&euro;
,,0,2023-11-06T02:28:00Z,33985.6997,price,coindesk,EUR,bitcoin,Euro,&euro;
,,0,2023-11-06T02:37:00Z,34004.822,price,coindesk,EUR,bitcoin,Euro,&euro;
,,0,2023-11-06T02:48:00Z,33987.2056,price,coindesk,EUR,bitcoin,Euro,&euro;
,,0,2023-11-06T03:04:00Z,34002.6145,price,coindesk,EUR,bitcoin,Euro,&euro;
,,0,2023-11-06T03:20:00Z,34026.7498,price,coindesk,EUR,bitcoin,Euro,&euro;
,,0,2023-11-06T03:33:00Z,34041.1685,price,coindesk,EUR,bitcoin,Euro,&euro;
,,0,2023-11-06T03:48:00Z,34076.9693,price,coindesk,EUR,bitcoin,Euro,&euro;
,,0,2023-11-06T04:04:00Z,34122.235,price,coindesk,EUR,bitcoin,Euro,&euro;
,,0,2023-11-06T04:22:00Z,34022.2812,price,coindesk,EUR,bitcoin,Euro,&euro;
,,0,2023-11-06T04:33:00Z,34033.9062,price,coindesk,EUR,bitcoin,Euro,&euro;
,,0,2023-11-06T04:48:00Z,33982.4977,price,coindesk,EUR,bitcoin,Euro,&euro;
,,0,2023-11-06T05:04:00Z,33988.4193,price,coindesk,EUR,bitcoin,Euro,&euro;
,,0,2023-11-06T05:21:00Z,33938.3175,price,coindesk,EUR,bitcoin,Euro,&euro;
,,0,2023-11-06T05:33:00Z,33914.5929,price,coindesk,EUR,bitcoin,Euro,&euro;
,,0,2023-11-06T05:48:00Z,33883.3841,price,coindesk,EUR,bitcoin,Euro,&euro;
,,0,2023-11-06T06:05:00Z,33944.1898,price,coindesk,EUR,bitcoin,Euro,&euro;
,,0,2023-11-06T06:23:00Z,33926.8536,price,coindesk,EUR,bitcoin,Euro,&euro;
,,0,2023-11-06T06:34:00Z,33958.5852,price,coindesk,EUR,bitcoin,Euro,&euro;
,,0,2023-11-06T06:48:00Z,33979.2172,price,coindesk,EUR,bitcoin,Euro,&euro;
,,0,2023-11-06T07:04:00Z,33994.7457,price,coindesk,EUR,bitcoin,Euro,&euro;
,,0,2023-11-06T07:19:00Z,34005.4544,price,coindesk,EUR,bitcoin,Euro,&euro;
,,0,2023-11-06T07:33:00Z,33973.3276,price,coindesk,EUR,bitcoin,Euro,&euro;
,,0,2023-11-06T07:48:00Z,34016.6305,price,coindesk,EUR,bitcoin,Euro,&euro;
,,0,2023-11-06T08:05:00Z,34044.8492,price,coindesk,EUR,bitcoin,Euro,&euro;
,,0,2023-11-06T08:23:00Z,33976.0595,price,coindesk,EUR,bitcoin,Euro,&euro;
,,0,2023-11-06T08:34:00Z,33997.1574,price,coindesk,EUR,bitcoin,Euro,&euro;
,,0,2023-11-06T08:48:00Z,34003.684,price,coindesk,EUR,bitcoin,Euro,&euro;
,,0,2023-11-06T09:04:00Z,34039.6794,price,coindesk,EUR,bitcoin,Euro,&euro;
,,0,2023-11-06T09:21:00Z,34099.9744,price,coindesk,EUR,bitcoin,Euro,&euro;
,,0,2023-11-06T09:33:00Z,34163.4475,price,coindesk,EUR,bitcoin,Euro,&euro;
,,0,2023-11-06T09:48:00Z,34209.0371,price,coindesk,EUR,bitcoin,Euro,&euro;
,,0,2023-11-06T10:05:00Z,34207.8191,price,coindesk,EUR,bitcoin,Euro,&euro;
,,0,2023-11-06T10:22:00Z,34257.8609,price,coindesk,EUR,bitcoin,Euro,&euro;
,,0,2023-11-06T10:34:00Z,34327.0436,price,coindesk,EUR,bitcoin,Euro,&euro;
,,0,2023-11-06T10:48:00Z,34285.1961,price,coindesk,EUR,bitcoin,Euro,&euro;
,,0,2023-11-06T11:04:00Z,34284.635,price,coindesk,EUR,bitcoin,Euro,&euro;
,,0,2023-11-06T11:19:00Z,34276.1812,price,coindesk,EUR,bitcoin,Euro,&euro;
,,0,2023-11-06T11:33:00Z,34264.3745,price,coindesk,EUR,bitcoin,Euro,&euro;
,,0,2023-11-06T11:48:00Z,34290.6844,price,coindesk,EUR,bitcoin,Euro,&euro;
,,0,2023-11-06T12:06:00Z,34312.6253,price,coindesk,EUR,bitcoin,Euro,&euro;
,,0,2023-11-06T12:24:00Z,34266.4119,price,coindesk,EUR,bitcoin,Euro,&euro;
,,0,2023-11-06T12:41:00Z,34313.4128,price,coindesk,EUR,bitcoin,Euro,&euro;
,,0,2023-11-06T12:54:00Z,34268.6293,price,coindesk,EUR,bitcoin,Euro,&euro;
,,0,2023-11-06T13:06:00Z,34277.5266,price,coindesk,EUR,bitcoin,Euro,&euro;
,,0,2023-11-06T13:22:00Z,34098.2009,price,coindesk,EUR,bitcoin,Euro,&euro;
,,0,2023-11-06T13:33:00Z,34166.3138,price,coindesk,EUR,bitcoin,Euro,&euro;
,,0,2023-11-06T13:48:00Z,34051.8747,price,coindesk,EUR,bitcoin,Euro,&euro;
,,0,2023-11-06T14:04:00Z,34158.1227,price,coindesk,EUR,bitcoin,Euro,&euro;
,,0,2023-11-06T14:21:00Z,34196.2473,price,coindesk,EUR,bitcoin,Euro,&euro;
,,0,2023-11-06T14:34:00Z,34194.7346,price,coindesk,EUR,bitcoin,Euro,&euro;
,,0,2023-11-06T14:48:00Z,34220.0893,price,coindesk,EUR,bitcoin,Euro,&euro;
,,0,2023-11-06T15:04:00Z,34268.056,price,coindesk,EUR,bitcoin,Euro,&euro;
,,0,2023-11-06T15:21:00Z,34270.0809,price,coindesk,EUR,bitcoin,Euro,&euro;
,,0,2023-11-06T15:33:00Z,34227.1181,price,coindesk,EUR,bitcoin,Euro,&euro;
,,0,2023-11-06T15:49:00Z,34195.2357,price,coindesk,EUR,bitcoin,Euro,&euro;
,,0,2023-11-06T16:04:00Z,34181.3856,price,coindesk,EUR,bitcoin,Euro,&euro;
,,0,2023-11-06T16:23:00Z,34119.5837,price,coindesk,EUR,bitcoin,Euro,&euro;
,,0,2023-11-06T16:36:00Z,34162.4551,price,coindesk,EUR,bitcoin,Euro,&euro;
,,0,2023-11-06T16:48:00Z,34062.9722,price,coindesk,EUR,bitcoin,Euro,&euro;
,,0,2023-11-06T17:04:00Z,34053.2642,price,coindesk,EUR,bitcoin,Euro,&euro;
,,0,2023-11-06T17:20:00Z,34091.6473,price,coindesk,EUR,bitcoin,Euro,&euro;
,,0,2023-11-06T17:33:00Z,34088.3963,price,coindesk,EUR,bitcoin,Euro,&euro;
,,0,2023-11-06T17:48:00Z,34059.306,price,coindesk,EUR,bitcoin,Euro,&euro;
,,0,2023-11-06T18:04:00Z,34097.6316,price,coindesk,EUR,bitcoin,Euro,&euro;
,,0,2023-11-06T18:23:00Z,34011.1077,price,coindesk,EUR,bitcoin,Euro,&euro;
,,0,2023-11-06T18:33:00Z,34011.0542,price,coindesk,EUR,bitcoin,Euro,&euro;
,,0,2023-11-06T18:48:00Z,34100.4642,price,coindesk,EUR,bitcoin,Euro,&euro;
,,0,2023-11-06T19:04:00Z,34049.4262,price,coindesk,EUR,bitcoin,Euro,&euro;
,,0,2023-11-06T19:18:00Z,34086.1139,price,coindesk,EUR,bitcoin,Euro,&euro;
,,0,2023-11-06T19:33:00Z,34108.1529,price,coindesk,EUR,bitcoin,Euro,&euro;
,,0,2023-11-06T19:48:00Z,34170.6917,price,coindesk,EUR,bitcoin,Euro,&euro;
,,0,2023-11-06T20:04:00Z,34144.0903,price,coindesk,EUR,bitcoin,Euro,&euro;
,,0,2023-11-06T20:20:00Z,34089.7374,price,coindesk,EUR,bitcoin,Euro,&euro;
,,0,2023-11-06T20:33:00Z,34064.4476,price,coindesk,EUR,bitcoin,Euro,&euro;
,,0,2023-11-06T20:48:00Z,34083.3192,price,coindesk,EUR,bitcoin,Euro,&euro;
,,0,2023-11-06T21:04:00Z,34109.669,price,coindesk,EUR,bitcoin,Euro,&euro;
,,0,2023-11-06T21:18:00Z,34066.6129,price,coindesk,EUR,bitcoin,Euro,&euro;
,,0,2023-11-06T21:33:00Z,34085.7761,price,coindesk,EUR,bitcoin,Euro,&euro;
,,0,2023-11-06T21:48:00Z,34103.8282,price,coindesk,EUR,bitcoin,Euro,&euro;
,,0,2023-11-06T22:04:00Z,34146.8195,price,coindesk,EUR,bitcoin,Euro,&euro;
,,0,2023-11-06T22:21:00Z,34166.9126,price,coindesk,EUR,bitcoin,Euro,&euro;
,,0,2023-11-06T22:33:00Z,34211.8198,price,coindesk,EUR,bitcoin,Euro,&euro;
,,0,2023-11-06T22:47:00Z,34185.1014,price,coindesk,EUR,bitcoin,Euro,&euro;
,,0,2023-11-06T23:04:00Z,34199.4512,price,coindesk,EUR,bitcoin,Euro,&euro;
,,0,2023-11-06T23:19:00Z,34074.7427,price,coindesk,EUR,bitcoin,Euro,&euro;
,,0,2023-11-06T23:33:00Z,34088.1016,price,coindesk,EUR,bitcoin,Euro,&euro;
,,0,2023-11-06T23:48:00Z,34091.7209,price,coindesk,EUR,bitcoin,Euro,&euro;
,,0,2023-11-07T00:18:00Z,34121.5662,price,coindesk,EUR,bitcoin,Euro,&euro;
,,0,2023-11-07T00:48:00Z,34024.7421,price,coindesk,EUR,bitcoin,Euro,&euro;
,,0,2023-11-07T01:27:00Z,33980.865,price,coindesk,EUR,bitcoin,Euro,&euro;
,,0,2023-11-07T01:51:00Z,34050.7105,price,coindesk,EUR,bitcoin,Euro,&euro;
,,0,2023-11-07T02:12:00Z,34051.0566,price,coindesk,EUR,bitcoin,Euro,&euro;
,,0,2023-11-07T02:26:00Z,33975.1277,price,coindesk,EUR,bitcoin,Euro,&euro;
,,0,2023-11-07T02:35:00Z,33973.7161,price,coindesk,EUR,bitcoin,Euro,&euro;
,,0,2023-11-07T02:48:00Z,34012.4285,price,coindesk,EUR,bitcoin,Euro,&euro;
,,0,2023-11-07T03:04:00Z,33975.5805,price,coindesk,EUR,bitcoin,Euro,&euro;
,,0,2023-11-07T03:20:00Z,34013.634,price,coindesk,EUR,bitcoin,Euro,&euro;
,,0,2023-11-07T03:33:00Z,33986.5611,price,coindesk,EUR,bitcoin,Euro,&euro;
,,0,2023-11-07T03:48:00Z,34013.2416,price,coindesk,EUR,bitcoin,Euro,&euro;
,,0,2023-11-07T04:04:00Z,34038.445,price,coindesk,EUR,bitcoin,Euro,&euro;
,,0,2023-11-07T04:22:00Z,33961.8644,price,coindesk,EUR,bitcoin,Euro,&euro;
,,0,2023-11-07T04:33:00Z,33977.1785,price,coindesk,EUR,bitcoin,Euro,&euro;
,,0,2023-11-07T04:48:00Z,34000.9008,price,coindesk,EUR,bitcoin,Euro,&euro;
,,0,2023-11-07T05:04:00Z,33984.9049,price,coindesk,EUR,bitcoin,Euro,&euro;
,,0,2023-11-07T05:21:00Z,33992.4947,price,coindesk,EUR,bitcoin,Euro,&euro;
,,0,2023-11-07T05:33:00Z,33967.3123,price,coindesk,EUR,bitcoin,Euro,&euro;
,,0,2023-11-07T05:48:00Z,34006.2445,price,coindesk,EUR,bitcoin,Euro,&euro;
,,0,2023-11-07T06:05:00Z,34013.5131,price,coindesk,EUR,bitcoin,Euro,&euro;
,,0,2023-11-07T06:23:00Z,34016.0569,price,coindesk,EUR,bitcoin,Euro,&euro;
,,0,2023-11-07T06:33:00Z,34010.9033,price,coindesk,EUR,bitcoin,Euro,&euro;
,,0,2023-11-07T06:48:00Z,34069.8206,price,coindesk,EUR,bitcoin,Euro,&euro;
,,0,2023-11-07T07:04:00Z,34070.9184,price,coindesk,EUR,bitcoin,Euro,&euro;
,,0,2023-11-07T07:19:00Z,34047.6322,price,coindesk,EUR,bitcoin,Euro,&euro;
,,0,2023-11-07T07:33:00Z,33986.5316,price,coindesk,EUR,bitcoin,Euro,&euro;
,,0,2023-11-07T07:48:00Z,34028.7442,price,coindesk,EUR,bitcoin,Euro,&euro;
,,0,2023-11-07T08:05:00Z,34049.7682,price,coindesk,EUR,bitcoin,Euro,&euro;
,,0,2023-11-07T08:22:00Z,34045.6772,price,coindesk,EUR,bitcoin,Euro,&euro;
,,0,2023-11-07T08:33:00Z,34022.7588,price,coindesk,EUR,bitcoin,Euro,&euro;
,,0,2023-11-07T08:48:00Z,34025.7133,price,coindesk,EUR,bitcoin,Euro,&euro;
,,0,2023-11-07T09:04:00Z,33997.7428,price,coindesk,EUR,bitcoin,Euro,&euro;
,,0,2023-11-07T09:19:00Z,33976.123,price,coindesk,EUR,bitcoin,Euro,&euro;
,,0,2023-11-07T09:33:00Z,33945.4136,price,coindesk,EUR,bitcoin,Euro,&euro;
,,0,2023-11-07T09:48:00Z,34010.8621,price,coindesk,EUR,bitcoin,Euro,&euro;
,,0,2023-11-07T10:04:00Z,33900.7104,price,coindesk,EUR,bitcoin,Euro,&euro;
,,0,2023-11-07T10:22:00Z,33799.2077,price,coindesk,EUR,bitcoin,Euro,&euro;
,,0,2023-11-07T10:33:00Z,33802.6152,price,coindesk,EUR,bitcoin,Euro,&euro;
,,0,2023-11-07T10:49:00Z,33735.5756,price,coindesk,EUR,bitcoin,Euro,&euro;
,,0,2023-11-07T11:04:00Z,33788.0301,price,coindesk,EUR,bitcoin,Euro,&euro;
,,0,2023-11-07T11:18:00Z,33834.7229,price,coindesk,EUR,bitcoin,Euro,&euro;
,,0,2023-11-07T11:33:00Z,33814.3884,price,coindesk,EUR,bitcoin,Euro,&euro;
,,0,2023-11-07T11:48:00Z,33799.2286,price,coindesk,EUR,bitcoin,Euro,&euro;
,,0,2023-11-07T12:06:00Z,33766.7248,price,coindesk,EUR,bitcoin,Euro,&euro;
,,0,2023-11-07T12:24:00Z,33796.4819,price,coindesk,EUR,bitcoin,Euro,&euro;
,,0,2023-11-07T12:40:00Z,33832.4917,price,coindesk,EUR,bitcoin,Euro,&euro;
,,0,2023-11-07T12:52:00Z,33837.7385,price,coindesk,EUR,bitcoin,Euro,&euro;
,,0,2023-11-07T13:05:00Z,33854.2044,price,coindesk,EUR,bitcoin,Euro,&euro;
,,0,2023-11-07T13:21:00Z,33865.0291,price,coindesk,EUR,bitcoin,Euro,&euro;
,,0,2023-11-07T13:33:00Z,33812.9284,price,coindesk,EUR,bitcoin,Euro,&euro;
,,0,2023-11-07T13:48:00Z,33847.6453,price,coindesk,EUR,bitcoin,Euro,&euro;
,,0,2023-11-07T14:04:00Z,33884.2409,price,coindesk,EUR,bitcoin,Euro,&euro;
,,0,2023-11-07T14:21:00Z,33923.3307,price,coindesk,EUR,bitcoin,Euro,&euro;
,,0,2023-11-07T14:33:00Z,33869.6197,price,coindesk,EUR,bitcoin,Euro,&euro;
,,0,2023-11-07T14:48:00Z,33907.0701,price,coindesk,EUR,bitcoin,Euro,&euro;
,,0,2023-11-07T15:04:00Z,33928.0009,price,coindesk,EUR,bitcoin,Euro,&euro;
,,0,2023-11-07T15:20:00Z,33862.0947,price,coindesk,EUR,bitcoin,Euro,&euro;
,,0,2023-11-07T15:33:00Z,33809.6421,price,coindesk,EUR,bitcoin,Euro,&euro;
,,0,2023-11-07T15:48:00Z,33799.1294,price,coindesk,EUR,bitcoin,Euro,&euro;
,,0,2023-11-07T16:05:00Z,33823.8429,price,coindesk,EUR,bitcoin,Euro,&euro;
,,0,2023-11-07T16:23:00Z,33817.3493,price,coindesk,EUR,bitcoin,Euro,&euro;
,,0,2023-11-07T16:35:00Z,33828.2635,price,coindesk,EUR,bitcoin,Euro,&euro;
,,0,2023-11-07T16:47:00Z,33822.7495,price,coindesk,EUR,bitcoin,Euro,&euro;
,,0,2023-11-07T17:04:00Z,33731.4545,price,coindesk,EUR,bitcoin,Euro,&euro;
,,0,2023-11-07T17:20:00Z,33878.1467,price,coindesk,EUR,bitcoin,Euro,&euro;
,,0,2023-11-07T17:49:00Z,33918.1162,price,coindesk,EUR,bitcoin,Euro,&euro;
,,0,2023-11-07T18:04:00Z,33984.7813,price,coindesk,EUR,bitcoin,Euro,&euro;
,,0,2023-11-07T18:23:00Z,34371.8401,price,coindesk,EUR,bitcoin,Euro,&euro;
,,0,2023-11-07T18:33:00Z,34275.9026,price,coindesk,EUR,bitcoin,Euro,&euro;
,,0,2023-11-07T18:48:00Z,34449.3287,price,coindesk,EUR,bitcoin,Euro,&euro;
,,0,2023-11-07T19:04:00Z,34455.0488,price,coindesk,EUR,bitcoin,Euro,&euro;
,,0,2023-11-07T19:18:00Z,34465.025,price,coindesk,EUR,bitcoin,Euro,&euro;
,,0,2023-11-07T19:33:00Z,34427.0373,price,coindesk,EUR,bitcoin,Euro,&euro;
,,0,2023-11-07T19:48:00Z,34515.8405,price,coindesk,EUR,bitcoin,Euro,&euro;
,,0,2023-11-07T20:04:00Z,34579.0964,price,coindesk,EUR,bitcoin,Euro,&euro;
,,0,2023-11-07T20:20:00Z,34466.9411,price,coindesk,EUR,bitcoin,Euro,&euro;
,,0,2023-11-07T20:33:00Z,34477.6031,price,coindesk,EUR,bitcoin,Euro,&euro;
,,0,2023-11-07T20:48:00Z,34673.1114,price,coindesk,EUR,bitcoin,Euro,&euro;
,,0,2023-11-07T21:04:00Z,34734.3183,price,coindesk,EUR,bitcoin,Euro,&euro;
,,0,2023-11-07T21:19:00Z,34642.2951,price,coindesk,EUR,bitcoin,Euro,&euro;
,,0,2023-11-07T21:33:00Z,34665.1373,price,coindesk,EUR,bitcoin,Euro,&euro;
,,0,2023-11-07T21:48:00Z,34650.3387,price,coindesk,EUR,bitcoin,Euro,&euro;
,,0,2023-11-07T22:04:00Z,34503.7027,price,coindesk,EUR,bitcoin,Euro,&euro;
,,0,2023-11-07T22:20:00Z,34336.8025,price,coindesk,EUR,bitcoin,Euro,&euro;
,,0,2023-11-07T22:33:00Z,34400.343,price,coindesk,EUR,bitcoin,Euro,&euro;
,,0,2023-11-07T22:48:00Z,34522.0797,price,coindesk,EUR,bitcoin,Euro,&euro;
,,0,2023-11-07T23:04:00Z,34407.6766,price,coindesk,EUR,bitcoin,Euro,&euro;
,,0,2023-11-07T23:20:00Z,34520.7523,price,coindesk,EUR,bitcoin,Euro,&euro;
,,0,2023-11-07T23:33:00Z,34490.5794,price,coindesk,EUR,bitcoin,Euro,&euro;
,,0,2023-11-07T23:48:00Z,34495.8978,price,coindesk,EUR,bitcoin,Euro,&euro;
,,0,2023-11-08T00:17:00Z,34488.6784,price,coindesk,EUR,bitcoin,Euro,&euro;
,,0,2023-11-08T00:48:00Z,34428.493,price,coindesk,EUR,bitcoin,Euro,&euro;
,,0,2023-11-08T01:26:00Z,34510.8568,price,coindesk,EUR,bitcoin,Euro,&euro;
,,0,2023-11-08T01:50:00Z,34464.7262,price,coindesk,EUR,bitcoin,Euro,&euro;
,,0,2023-11-08T02:11:00Z,34491.3667,price,coindesk,EUR,bitcoin,Euro,&euro;
,,0,2023-11-08T02:25:00Z,34449.6737,price,coindesk,EUR,bitcoin,Euro,&euro;
,,0,2023-11-08T02:35:00Z,34455.7032,price,coindesk,EUR,bitcoin,Euro,&euro;
,,0,2023-11-08T02:48:00Z,34445.5789,price,coindesk,EUR,bitcoin,Euro,&euro;
,,0,2023-11-08T03:06:00Z,34386.9617,price,coindesk,EUR,bitcoin,Euro,&euro;
,,0,2023-11-08T03:20:00Z,34395.7673,price,coindesk,EUR,bitcoin,Euro,&euro;
,,0,2023-11-08T03:33:00Z,34361.8232,price,coindesk,EUR,bitcoin,Euro,&euro;
,,0,2023-11-08T03:48:00Z,34373.3711,price,coindesk,EUR,bitcoin,Euro,&euro;
,,0,2023-11-08T04:04:00Z,34401.8041,price,coindesk,EUR,bitcoin,Euro,&euro;
,,0,2023-11-08T04:22:00Z,34364.0224,price,coindesk,EUR,bitcoin,Euro,&euro;
,,0,2023-11-08T04:33:00Z,34416.3664,price,coindesk,EUR,bitcoin,Euro,&euro;
,,0,2023-11-08T04:48:00Z,34434.367,price,coindesk,EUR,bitcoin,Euro,&euro;
,,0,2023-11-08T05:04:00Z,34439.717,price,coindesk,EUR,bitcoin,Euro,&euro;
,,0,2023-11-08T05:21:00Z,34394.59,price,coindesk,EUR,bitcoin,Euro,&euro;
,,0,2023-11-08T05:33:00Z,34373.373,price,coindesk,EUR,bitcoin,Euro,&euro;
,,0,2023-11-08T05:48:00Z,34356.0717,price,coindesk,EUR,bitcoin,Euro,&euro;
,,0,2023-11-08T06:05:00Z,34323.5562,price,coindesk,EUR,bitcoin,Euro,&euro;
,,0,2023-11-08T06:23:00Z,34320.7911,price,coindesk,EUR,bitcoin,Euro,&euro;
,,0,2023-11-08T06:33:00Z,34394.8724,price,coindesk,EUR,bitcoin,Euro,&euro;
,,0,2023-11-08T06:48:00Z,34373.6567,price,coindesk,EUR,bitcoin,Euro,&euro;
,,0,2023-11-08T07:04:00Z,34347.0296,price,coindesk,EUR,bitcoin,Euro,&euro;
,,0,2023-11-08T07:19:00Z,34344.2626,price,coindesk,EUR,bitcoin,Euro,&euro;
,,0,2023-11-08T07:33:00Z,34411.9029,price,coindesk,EUR,bitcoin,Euro,&euro;
,,0,2023-11-08T07:48:00Z,34366.5077,price,coindesk,EUR,bitcoin,Euro,&euro;
,,0,2023-11-08T08:05:00Z,34307.6971,price,coindesk,EUR,bitcoin,Euro,&euro;
,,0,2023-11-08T08:22:00Z,34370.6603,price,coindesk,EUR,bitcoin,Euro,&euro;
,,0,2023-11-08T08:33:00Z,34369.2984,price,coindesk,EUR,bitcoin,Euro,&euro;
,,0,2023-11-08T08:48:00Z,34410.7743,price,coindesk,EUR,bitcoin,Euro,&euro;
,,0,2023-11-08T09:04:00Z,34423.6053,price,coindesk,EUR,bitcoin,Euro,&euro;
,,0,2023-11-08T09:20:00Z,34418.1624,price,coindesk,EUR,bitcoin,Euro,&euro;
,,0,2023-11-08T09:33:00Z,34395.7832,price,coindesk,EUR,bitcoin,Euro,&euro;
,,0,2023-11-08T09:48:00Z,34389.4682,price,coindesk,EUR,bitcoin,Euro,&euro;
,,0,2023-11-08T10:04:00Z,34403.7272,price,coindesk,EUR,bitcoin,Euro,&euro;
,,0,2023-11-08T10:21:00Z,34471.3044,price,coindesk,EUR,bitcoin,Euro,&euro;
,,0,2023-11-08T10:33:00Z,34482.4245,price,coindesk,EUR,bitcoin,Euro,&euro;
,,0,2023-11-08T10:48:00Z,34445.1745,price,coindesk,EUR,bitcoin,Euro,&euro;
,,0,2023-11-08T11:04:00Z,34519.4771,price,coindesk,EUR,bitcoin,Euro,&euro;
,,0,2023-11-08T11:18:00Z,34449.7705,price,coindesk,EUR,bitcoin,Euro,&euro;
,,0,2023-11-08T11:33:00Z,34425.1016,price,coindesk,EUR,bitcoin,Euro,&euro;
,,0,2023-11-08T11:48:00Z,34422.406,price,coindesk,EUR,bitcoin,Euro,&euro;
,,0,2023-11-08T12:06:00Z,34441.425,price,coindesk,EUR,bitcoin,Euro,&euro;
,,0,2023-11-08T12:24:00Z,34442.4936,price,coindesk,EUR,bitcoin,Euro,&euro;
,,0,2023-11-08T12:40:00Z,34408.7718,price,coindesk,EUR,bitcoin,Euro,&euro;
,,0,2023-11-08T12:52:00Z,34451.591,price,coindesk,EUR,bitcoin,Euro,&euro;
,,0,2023-11-08T13:05:00Z,34536.1325,price,coindesk,EUR,bitcoin,Euro,&euro;
,,0,2023-11-08T13:22:00Z,34419.8172,price,coindesk,EUR,bitcoin,Euro,&euro;
,,0,2023-11-08T13:33:00Z,34432.2168,price,coindesk,EUR,bitcoin,Euro,&euro;
,,0,2023-11-08T13:48:00Z,34457.6077,price,coindesk,EUR,bitcoin,Euro,&euro;
,,0,2023-11-08T14:04:00Z,34470.7672,price,coindesk,EUR,bitcoin,Euro,&euro;
,,0,2023-11-08T14:21:00Z,34495.6285,price,coindesk,EUR,bitcoin,Euro,&euro;
,,0,2023-11-08T14:33:00Z,34475.7008,price,coindesk,EUR,bitcoin,Euro,&euro;
,,0,2023-11-08T14:48:00Z,34375.636,price,coindesk,EUR,bitcoin,Euro,&euro;
,,0,2023-11-08T15:04:00Z,34356.0787,price,coindesk,EUR,bitcoin,Euro,&euro;
,,0,2023-11-08T15:20:00Z,34328.7868,price,coindesk,EUR,bitcoin,Euro,&euro;
,,0,2023-11-08T15:33:00Z,34279.0148,price,coindesk,EUR,bitcoin,Euro,&euro;
,,0,2023-11-08T15:48:00Z,34304.016,price,coindesk,EUR,bitcoin,Euro,&euro;
,,0,2023-11-08T16:05:00Z,34315.3555,price,coindesk,EUR,bitcoin,Euro,&euro;
,,0,2023-11-08T16:23:00Z,34303.5897,price,coindesk,EUR,bitcoin,Euro,&euro;
,,0,2023-11-08T16:35:00Z,34309.2546,price,coindesk,EUR,bitcoin,Euro,&euro;
,,0,2023-11-08T16:48:00Z,34421.3852,price,coindesk,EUR,bitcoin,Euro,&euro;
,,0,2023-11-08T17:04:00Z,34453.5252,price,coindesk,EUR,bitcoin,Euro,&euro;
,,0,2023-11-08T17:20:00Z,34450.3517,price,coindesk,EUR,bitcoin,Euro,&euro;
,,0,2023-11-08T17:33:00Z,34403.3527,price,coindesk,EUR,bitcoin,Euro,&euro;
,,0,2023-11-08T17:48:00Z,34393.2015,price,coindesk,EUR,bitcoin,Euro,&euro;
,,0,2023-11-08T18:04:00Z,34428.8406,price,coindesk,EUR,bitcoin,Euro,&euro;
,,0,2023-11-08T18:23:00Z,34482.7861,price,coindesk,EUR,bitcoin,Euro,&euro;
,,0,2023-11-08T18:33:00Z,34483.3677,price,coindesk,EUR,bitcoin,Euro,&euro;
,,0,2023-11-08T18:48:00Z,34611.6339,price,coindesk,EUR,bitcoin,Euro,&euro;
,,0,2023-11-08T19:04:00Z,34680.8976,price,coindesk,EUR,bitcoin,Euro,&euro;
,,0,2023-11-08T19:18:00Z,34813.3209,price,coindesk,EUR,bitcoin,Euro,&euro;
,,0,2023-11-08T19:33:00Z,34657.8871,price,coindesk,EUR,bitcoin,Euro,&euro;
,,0,2023-11-08T19:48:00Z,34778.4048,price,coindesk,EUR,bitcoin,Euro,&euro;
,,0,2023-11-08T20:04:00Z,34805.0742,price,coindesk,EUR,bitcoin,Euro,&euro;
,,0,2023-11-08T20:20:00Z,34759.9906,price,coindesk,EUR,bitcoin,Euro,&euro;
,,0,2023-11-08T20:33:00Z,34742.8691,price,coindesk,EUR,bitcoin,Euro,&euro;
,,0,2023-11-08T20:48:00Z,34675.7401,price,coindesk,EUR,bitcoin,Euro,&euro;
,,0,2023-11-08T21:04:00Z,34776.7266,price,coindesk,EUR,bitcoin,Euro,&euro;
,,0,2023-11-08T21:18:00Z,34587.1204,price,coindesk,EUR,bitcoin,Euro,&euro;
,,0,2023-11-08T21:33:00Z,34556.5805,price,coindesk,EUR,bitcoin,Euro,&euro;
,,0,2023-11-08T21:48:00Z,34623.3395,price,coindesk,EUR,bitcoin,Euro,&euro;
,,0,2023-11-08T22:04:00Z,34894.1489,price,coindesk,EUR,bitcoin,Euro,&euro;
,,0,2023-11-08T22:21:00Z,34989.2072,price,coindesk,EUR,bitcoin,Euro,&euro;
,,0,2023-11-08T22:33:00Z,34882.3747,price,coindesk,EUR,bitcoin,Euro,&euro;
,,0,2023-11-08T22:47:00Z,34831.507,price,coindesk,EUR,bitcoin,Euro,&euro;
,,0,2023-11-08T23:04:00Z,34905.668,price,coindesk,EUR,bitcoin,Euro,&euro;
,,0,2023-11-08T23:19:00Z,34826.8737,price,coindesk,EUR,bitcoin,Euro,&euro;
,,0,2023-11-08T23:33:00Z,34884.5175,price,coindesk,EUR,bitcoin,Euro,&euro;
,,0,2023-11-08T23:48:00Z,34915.6506,price,coindesk,EUR,bitcoin,Euro,&euro;
,,0,2023-11-09T00:17:00Z,34765.8555,price,coindesk,EUR,bitcoin,Euro,&euro;
,,0,2023-11-09T00:48:00Z,34921.8857,price,coindesk,EUR,bitcoin,Euro,&euro;
,,0,2023-11-09T01:26:00Z,34926.1515,price,coindesk,EUR,bitcoin,Euro,&euro;
,,0,2023-11-09T01:50:00Z,35083.6688,price,coindesk,EUR,bitcoin,Euro,&euro;
,,0,2023-11-09T02:11:00Z,35033.8323,price,coindesk,EUR,bitcoin,Euro,&euro;
,,0,2023-11-09T02:25:00Z,35335.8269,price,coindesk,EUR,bitcoin,Euro,&euro;
,,0,2023-11-09T02:34:00Z,35531.094,price,coindesk,EUR,bitcoin,Euro,&euro;
,,0,2023-11-09T02:48:00Z,35344.1622,price,coindesk,EUR,bitcoin,Euro,&euro;
,,0,2023-11-09T03:04:00Z,35454.9588,price,coindesk,EUR,bitcoin,Euro,&euro;
,,0,2023-11-09T03:20:00Z,35442.2112,price,coindesk,EUR,bitcoin,Euro,&euro;
,,0,2023-11-09T03:33:00Z,35553.3259,price,coindesk,EUR,bitcoin,Euro,&euro;
,,0,2023-11-09T03:48:00Z,35530.4919,price,coindesk,EUR,bitcoin,Euro,&euro;
,,0,2023-11-09T04:04:00Z,35550.4123,price,coindesk,EUR,bitcoin,Euro,&euro;
,,0,2023-11-09T04:22:00Z,35572.0054,price,coindesk,EUR,bitcoin,Euro,&euro;
,,0,2023-11-09T04:33:00Z,35648.0585,price,coindesk,EUR,bitcoin,Euro,&euro;
,,0,2023-11-09T04:48:00Z,35757.7201,price,coindesk,EUR,bitcoin,Euro,&euro;
,,0,2023-11-09T05:04:00Z,35691.6393,price,coindesk,EUR,bitcoin,Euro,&euro;
,,0,2023-11-09T05:21:00Z,35653.444,price,coindesk,EUR,bitcoin,Euro,&euro;
,,0,2023-11-09T05:33:00Z,35646.6039,price,coindesk,EUR,bitcoin,Euro,&euro;
,,0,2023-11-09T05:48:00Z,35692.4754,price,coindesk,EUR,bitcoin,Euro,&euro;
,,0,2023-11-09T06:04:00Z,35677.0653,price,coindesk,EUR,bitcoin,Euro,&euro;
,,0,2023-11-09T06:24:00Z,35808.6224,price,coindesk,EUR,bitcoin,Euro,&euro;
,,0,2023-11-09T06:33:00Z,35760.6569,price,coindesk,EUR,bitcoin,Euro,&euro;
,,0,2023-11-09T06:48:00Z,35813.6792,price,coindesk,EUR,bitcoin,Euro,&euro;
,,0,2023-11-09T07:04:00Z,35787.4585,price,coindesk,EUR,bitcoin,Euro,&euro;
,,0,2023-11-09T07:18:00Z,35780.6516,price,coindesk,EUR,bitcoin,Euro,&euro;
,,0,2023-11-09T07:33:00Z,35737.7656,price,coindesk,EUR,bitcoin,Euro,&euro;
,,0,2023-11-09T07:58:00Z,35606.9752,price,coindesk,EUR,bitcoin,Euro,&euro;
,,0,2023-11-09T08:05:00Z,35641.9517,price,coindesk,EUR,bitcoin,Euro,&euro;
,,0,2023-11-09T08:22:00Z,35636.5383,price,coindesk,EUR,bitcoin,Euro,&euro;
,,0,2023-11-09T08:33:00Z,35698.1762,price,coindesk,EUR,bitcoin,Euro,&euro;
,,0,2023-11-09T08:48:00Z,35693.8371,price,coindesk,EUR,bitcoin,Euro,&euro;
,,0,2023-11-09T09:04:00Z,35733.7112,price,coindesk,EUR,bitcoin,Euro,&euro;
,,0,2023-11-09T09:20:00Z,35741.0217,price,coindesk,EUR,bitcoin,Euro,&euro;
,,0,2023-11-09T09:33:00Z,35799.1478,price,coindesk,EUR,bitcoin,Euro,&euro;
,,0,2023-11-09T09:48:00Z,35812.1972,price,coindesk,EUR,bitcoin,Euro,&euro;
,,0,2023-11-09T10:04:00Z,35812.2155,price,coindesk,EUR,bitcoin,Euro,&euro;
,,0,2023-11-09T10:21:00Z,35962.2781,price,coindesk,EUR,bitcoin,Euro,&euro;
,,0,2023-11-09T10:33:00Z,35808.6019,price,coindesk,EUR,bitcoin,Euro,&euro;
,,0,2023-11-09T10:48:00Z,35901.69,price,coindesk,EUR,bitcoin,Euro,&euro;
,,0,2023-11-09T11:04:00Z,35815.9803,price,coindesk,EUR,bitcoin,Euro,&euro;
,,0,2023-11-09T11:18:00Z,35813.1736,price,coindesk,EUR,bitcoin,Euro,&euro;
,,0,2023-11-09T11:33:00Z,35787.6348,price,coindesk,EUR,bitcoin,Euro,&euro;
,,0,2023-11-09T11:48:00Z,35856.8071,price,coindesk,EUR,bitcoin,Euro,&euro;
,,0,2023-11-09T12:06:00Z,35865.2408,price,coindesk,EUR,bitcoin,Euro,&euro;
,,0,2023-11-09T12:24:00Z,35968.1375,price,coindesk,EUR,bitcoin,Euro,&euro;
,,0,2023-11-09T12:40:00Z,35944.1578,price,coindesk,EUR,bitcoin,Euro,&euro;
,,0,2023-11-09T12:52:00Z,35956.7134,price,coindesk,EUR,bitcoin,Euro,&euro;
,,0,2023-11-09T13:05:00Z,36010.1231,price,coindesk,EUR,bitcoin,Euro,&euro;
,,0,2023-11-09T13:23:00Z,36004.043,price,coindesk,EUR,bitcoin,Euro,&euro;
,,0,2023-11-09T13:33:00Z,35932.5257,price,coindesk,EUR,bitcoin,Euro,&euro;
,,0,2023-11-09T13:48:00Z,36046.251,price,coindesk,EUR,bitcoin,Euro,&euro;
,,0,2023-11-09T14:04:00Z,36252.8993,price,coindesk,EUR,bitcoin,Euro,&euro;
,,0,2023-11-09T14:20:00Z,36575.6707,price,coindesk,EUR,bitcoin,Euro,&euro;
,,0,2023-11-09T14:33:00Z,36577.6427,price,coindesk,EUR,bitcoin,Euro,&euro;
,,0,2023-11-09T14:48:00Z,36751.7924,price,coindesk,EUR,bitcoin,Euro,&euro;
,,0,2023-11-09T15:04:00Z,36798.6034,price,coindesk,EUR,bitcoin,Euro,&euro;
,,0,2023-11-09T15:20:00Z,36686.2868,price,coindesk,EUR,bitcoin,Euro,&euro;
,,0,2023-11-09T15:33:00Z,36455.1236,price,coindesk,EUR,bitcoin,Euro,&euro;
,,0,2023-11-09T15:48:00Z,36404.4217,price,coindesk,EUR,bitcoin,Euro,&euro;
,,0,2023-11-09T16:04:00Z,36192.4052,price,coindesk,EUR,bitcoin,Euro,&euro;
,,0,2023-11-09T16:23:00Z,35668.6614,price,coindesk,EUR,bitcoin,Euro,&euro;
,,0,2023-11-09T16:35:00Z,35484.1572,price,coindesk,EUR,bitcoin,Euro,&euro;
,,0,2023-11-09T16:48:00Z,35473.1276,price,coindesk,EUR,bitcoin,Euro,&euro;
,,0,2023-11-09T17:04:00Z,35545.5074,price,coindesk,EUR,bitcoin,Euro,&euro;
,,0,2023-11-09T17:20:00Z,35220.3133,price,coindesk,EUR,bitcoin,Euro,&euro;
,,0,2023-11-09T17:33:00Z,35384.1145,price,coindesk,EUR,bitcoin,Euro,&euro;
,,0,2023-11-09T17:48:00Z,35548.8817,price,coindesk,EUR,bitcoin,Euro,&euro;
,,0,2023-11-09T18:06:00Z,35601.4048,price,coindesk,EUR,bitcoin,Euro,&euro;
,,0,2023-11-09T18:22:00Z,35533.4031,price,coindesk,EUR,bitcoin,Euro,&euro;
,,0,2023-11-09T18:33:00Z,35509.3967,price,coindesk,EUR,bitcoin,Euro,&euro;
,,0,2023-11-09T18:48:00Z,35522.3958,price,coindesk,EUR,bitcoin,Euro,&euro;
,,0,2023-11-09T19:04:00Z,35520.3228,price,coindesk,EUR,bitcoin,Euro,&euro;
,,0,2023-11-09T19:18:00Z,35425.258,price,coindesk,EUR,bitcoin,Euro,&euro;
,,0,2023-11-09T19:34:00Z,35426.2257,price,coindesk,EUR,bitcoin,Euro,&euro;
,,0,2023-11-09T19:47:00Z,35322.5672,price,coindesk,EUR,bitcoin,Euro,&euro;
,,0,2023-11-09T20:04:00Z,35384.0431,price,coindesk,EUR,bitcoin,Euro,&euro;
,,0,2023-11-09T20:20:00Z,35388.4109,price,coindesk,EUR,bitcoin,Euro,&euro;
,,0,2023-11-09T20:33:00Z,35376.8517,price,coindesk,EUR,bitcoin,Euro,&euro;
,,0,2023-11-09T20:48:00Z,35499.2054,price,coindesk,EUR,bitcoin,Euro,&euro;
,,0,2023-11-09T21:04:00Z,35647.1355,price,coindesk,EUR,bitcoin,Euro,&euro;
,,0,2023-11-09T21:18:00Z,35617.6141,price,coindesk,EUR,bitcoin,Euro,&euro;
,,0,2023-11-09T21:33:00Z,35692.8655,price,coindesk,EUR,bitcoin,Euro,&euro;
,,0,2023-11-09T21:48:00Z,35556.8874,price,coindesk,EUR,bitcoin,Euro,&euro;
,,0,2023-11-09T22:04:00Z,35626.2588,price,coindesk,EUR,bitcoin,Euro,&euro;
,,0,2023-11-09T22:21:00Z,35619.8271,price,coindesk,EUR,bitcoin,Euro,&euro;
,,0,2023-11-09T22:33:00Z,35622.4913,price,coindesk,EUR,bitcoin,Euro,&euro;
,,0,2023-11-09T22:48:00Z,35613.5202,price,coindesk,EUR,bitcoin,Euro,&euro;
,,0,2023-11-09T23:19:00Z,35643.1438,price,coindesk,EUR,bitcoin,Euro,&euro;
,,0,2023-11-09T23:33:00Z,35716.9336,price,coindesk,EUR,bitcoin,Euro,&euro;
,,0,2023-11-09T23:48:00Z,35742.4568,price,coindesk,EUR,bitcoin,Euro,&euro;
,,0,2023-11-10T00:17:00Z,35801.3576,price,coindesk,EUR,bitcoin,Euro,&euro;
,,0,2023-11-10T00:48:00Z,35605.5988,price,coindesk,EUR,bitcoin,Euro,&euro;
,,0,2023-11-10T01:26:00Z,35669.7296,price,coindesk,EUR,bitcoin,Euro,&euro;
,,0,2023-11-10T01:50:00Z,35754.5193,price,coindesk,EUR,bitcoin,Euro,&euro;
,,0,2023-11-10T02:11:00Z,35727.7386,price,coindesk,EUR,bitcoin,Euro,&euro;
,,0,2023-11-10T02:25:00Z,35760.6009,price,coindesk,EUR,bitcoin,Euro,&euro;
,,0,2023-11-10T02:35:00Z,35804.2662,price,coindesk,EUR,bitcoin,Euro,&euro;
,,0,2023-11-10T02:48:00Z,35853.3893,price,coindesk,EUR,bitcoin,Euro,&euro;
,,0,2023-11-10T03:04:00Z,35871.4763,price,coindesk,EUR,bitcoin,Euro,&euro;
,,0,2023-11-10T03:20:00Z,35887.1425,price,coindesk,EUR,bitcoin,Euro,&euro;
,,0,2023-11-10T03:33:00Z,35780.5864,price,coindesk,EUR,bitcoin,Euro,&euro;
,,0,2023-11-10T03:48:00Z,35832.7698,price,coindesk,EUR,bitcoin,Euro,&euro;
,,0,2023-11-10T04:04:00Z,35777.1381,price,coindesk,EUR,bitcoin,Euro,&euro;
,,0,2023-11-10T04:22:00Z,35787.4809,price,coindesk,EUR,bitcoin,Euro,&euro;
,,0,2023-11-10T04:33:00Z,35800.7925,price,coindesk,EUR,bitcoin,Euro,&euro;
,,0,2023-11-10T04:48:00Z,35745.206,price,coindesk,EUR,bitcoin,Euro,&euro;
,,0,2023-11-10T05:04:00Z,35807.7652,price,coindesk,EUR,bitcoin,Euro,&euro;
,,0,2023-11-10T05:20:00Z,35748.0913,price,coindesk,EUR,bitcoin,Euro,&euro;
,,0,2023-11-10T05:33:00Z,35747.9805,price,coindesk,EUR,bitcoin,Euro,&euro;
,,0,2023-11-10T05:48:00Z,35752.7054,price,coindesk,EUR,bitcoin,Euro,&euro;
,,0,2023-11-10T06:06:00Z,35758.1736,price,coindesk,EUR,bitcoin,Euro,&euro;
,,0,2023-11-10T06:23:00Z,35689.4149,price,coindesk,EUR,bitcoin,Euro,&euro;
,,0,2023-11-10T06:33:00Z,35692.9749,price,coindesk,EUR,bitcoin,Euro,&euro;
,,0,2023-11-10T06:48:00Z,35704.698,price,coindesk,EUR,bitcoin,Euro,&euro;
,,0,2023-11-10T07:04:00Z,35709.911,price,coindesk,EUR,bitcoin,Euro,&euro;
,,0,2023-11-10T07:18:00Z,35682.5951,price,coindesk,EUR,bitcoin,Euro,&euro;
,,0,2023-11-10T07:33:00Z,35611.7608,price,coindesk,EUR,bitcoin,Euro,&euro;
,,0,2023-11-10T07:48:00Z,35561.2449,price,coindesk,EUR,bitcoin,Euro,&euro;
,,0,2023-11-10T08:05:00Z,35535.4635,price,coindesk,EUR,bitcoin,Euro,&euro;
,,0,2023-11-10T08:22:00Z,35504.799,price,coindesk,EUR,bitcoin,Euro,&euro;
,,0,2023-11-10T08:33:00Z,35483.3826,price,coindesk,EUR,bitcoin,Euro,&euro;
,,0,2023-11-10T08:48:00Z,35551.6467,price,coindesk,EUR,bitcoin,Euro,&euro;
,,0,2023-11-10T09:04:00Z,35568.0711,price,coindesk,EUR,bitcoin,Euro,&euro;
,,0,2023-11-10T09:19:00Z,35552.9954,price,coindesk,EUR,bitcoin,Euro,&euro;
,,0,2023-11-10T09:33:00Z,35547.9774,price,coindesk,EUR,bitcoin,Euro,&euro;
,,0,2023-11-10T09:48:00Z,35570.2795,price,coindesk,EUR,bitcoin,Euro,&euro;
,,0,2023-11-10T10:04:00Z,35611.5375,price,coindesk,EUR,bitcoin,Euro,&euro;
,,0,2023-11-10T10:21:00Z,35672.53,price,coindesk,EUR,bitcoin,Euro,&euro;
,,0,2023-11-10T10:33:00Z,35648.4147,price,coindesk,EUR,bitcoin,Euro,&euro;
,,0,2023-11-10T10:48:00Z,35643.7226,price,coindesk,EUR,bitcoin,Euro,&euro;
,,0,2023-11-10T11:04:00Z,35640.437,price,coindesk,EUR,bitcoin,Euro,&euro;
,,0,2023-11-10T11:18:00Z,35645.02,price,coindesk,EUR,bitcoin,Euro,&euro;
,,0,2023-11-10T11:33:00Z,35651.9593,price,coindesk,EUR,bitcoin,Euro,&euro;
,,0,2023-11-10T11:48:00Z,35659.5125,price,coindesk,EUR,bitcoin,Euro,&euro;
,,0,2023-11-10T12:06:00Z,35661.9808,price,coindesk,EUR,bitcoin,Euro,&euro;
,,0,2023-11-10T12:24:00Z,35657.3119,price,coindesk,EUR,bitcoin,Euro,&euro;
,,0,2023-11-10T12:40:00Z,35653.5421,price,coindesk,EUR,bitcoin,Euro,&euro;
,,0,2023-11-10T13:47:00Z,35649.2553,price,coindesk,EUR,bitcoin,Euro,&euro;
,,0,2023-11-10T14:04:00Z,35648.0723,price,coindesk,EUR,bitcoin,Euro,&euro;
,,0,2023-11-10T14:21:00Z,35653.3373,price,coindesk,EUR,bitcoin,Euro,&euro;
,,0,2023-11-10T14:33:00Z,35651.858,price,coindesk,EUR,bitcoin,Euro,&euro;
,,0,2023-11-10T14:48:00Z,35665.4078,price,coindesk,EUR,bitcoin,Euro,&euro;
,,0,2023-11-10T15:04:00Z,35678.024,price,coindesk,EUR,bitcoin,Euro,&euro;
,,0,2023-11-10T15:20:00Z,35669.8327,price,coindesk,EUR,bitcoin,Euro,&euro;
,,0,2023-11-10T15:33:00Z,35674.2401,price,coindesk,EUR,bitcoin,Euro,&euro;
,,0,2023-11-10T15:47:00Z,35653.8288,price,coindesk,EUR,bitcoin,Euro,&euro;
,,0,2023-11-10T16:04:00Z,35651.2356,price,coindesk,EUR,bitcoin,Euro,&euro;
,,0,2023-11-10T16:23:00Z,35653.9383,price,coindesk,EUR,bitcoin,Euro,&euro;
,,0,2023-11-10T16:34:00Z,35656.1728,price,coindesk,EUR,bitcoin,Euro,&euro;
,,0,2023-11-10T16:47:00Z,35654.1613,price,coindesk,EUR,bitcoin,Euro,&euro;
,,0,2023-11-10T17:04:00Z,35650.5194,price,coindesk,EUR,bitcoin,Euro,&euro;
,,0,2023-11-10T17:20:00Z,35653.9726,price,coindesk,EUR,bitcoin,Euro,&euro;
,,1,2023-10-11T17:33:00Z,22303.5334,price,coindesk,GBP,bitcoin,British Pound Sterling,&pound;
,,1,2023-10-11T17:48:00Z,22238.9011,price,coindesk,GBP,bitcoin,British Pound Sterling,&pound;
,,1,2023-10-11T18:05:00Z,22274.3485,price,coindesk,GBP,bitcoin,British Pound Sterling,&pound;
,,1,2023-10-11T18:24:00Z,22276.255,price,coindesk,GBP,bitcoin,British Pound Sterling,&pound;
,,1,2023-10-11T18:34:00Z,22264.5545,price,coindesk,GBP,bitcoin,British Pound Sterling,&pound;
,,1,2023-10-11T18:48:00Z,22246.2775,price,coindesk,GBP,bitcoin,British Pound Sterling,&pound;
,,1,2023-10-11T19:04:00Z,22290.9811,price,coindesk,GBP,bitcoin,British Pound Sterling,&pound;
,,1,2023-10-11T19:18:00Z,22326.7303,price,coindesk,GBP,bitcoin,British Pound Sterling,&pound;
,,1,2023-10-11T19:33:00Z,22301.5112,price,coindesk,GBP,bitcoin,British Pound Sterling,&pound;
,,1,2023-10-11T19:48:00Z,22340.7577,price,coindesk,GBP,bitcoin,British Pound Sterling,&pound;
,,1,2023-10-11T20:04:00Z,22349.7769,price,coindesk,GBP,bitcoin,British Pound Sterling,&pound;
,,1,2023-10-11T20:20:00Z,22308.1627,price,coindesk,GBP,bitcoin,British Pound Sterling,&pound;
,,1,2023-10-11T20:33:00Z,22314.546,price,coindesk,GBP,bitcoin,British Pound Sterling,&pound;
,,1,2023-10-11T20:48:00Z,22300.6736,price,coindesk,GBP,bitcoin,British Pound Sterling,&pound;
,,1,2023-10-11T21:04:00Z,22310.1786,price,coindesk,GBP,bitcoin,British Pound Sterling,&pound;
,,1,2023-10-11T21:19:00Z,22331.735,price,coindesk,GBP,bitcoin,British Pound Sterling,&pound;
,,1,2023-10-11T21:33:00Z,22317.321,price,coindesk,GBP,bitcoin,British Pound Sterling,&pound;
,,1,2023-10-11T21:48:00Z,22297.3267,price,coindesk,GBP,bitcoin,British Pound Sterling,&pound;
,,1,2023-10-11T22:04:00Z,22327.6156,price,coindesk,GBP,bitcoin,British Pound Sterling,&pound;
,,1,2023-10-11T22:21:00Z,22349.5741,price,coindesk,GBP,bitcoin,British Pound Sterling,&pound;
,,1,2023-10-11T22:33:00Z,22374.0305,price,coindesk,GBP,bitcoin,British Pound Sterling,&pound;
,,1,2023-10-11T22:48:00Z,22370.2855,price,coindesk,GBP,bitcoin,British Pound Sterling,&pound;
,,1,2023-10-11T23:04:00Z,22366.7679,price,coindesk,GBP,bitcoin,British Pound Sterling,&pound;
,,1,2023-10-11T23:19:00Z,22369.6755,price,coindesk,GBP,bitcoin,British Pound Sterling,&pound;
,,1,2023-10-11T23:33:00Z,22404.2033,price,coindesk,GBP,bitcoin,British Pound Sterling,&pound;
,,1,2023-10-11T23:48:00Z,22423.1163,price,coindesk,GBP,bitcoin,British Pound Sterling,&pound;
,,1,2023-10-12T00:16:00Z,22426.6703,price,coindesk,GBP,bitcoin,British Pound Sterling,&pound;
,,1,2023-10-12T00:48:00Z,22391.1792,price,coindesk,GBP,bitcoin,British Pound Sterling,&pound;
,,1,2023-10-12T01:24:00Z,22347.6067,price,coindesk,GBP,bitcoin,British Pound Sterling,&pound;
,,1,2023-10-12T01:47:00Z,22360.9736,price,coindesk,GBP,bitcoin,British Pound Sterling,&pound;
,,1,2023-10-12T02:09:00Z,22370.6288,price,coindesk,GBP,bitcoin,British Pound Sterling,&pound;
,,1,2023-10-12T02:22:00Z,22401.7206,price,coindesk,GBP,bitcoin,British Pound Sterling,&pound;
,,1,2023-10-12T02:33:00Z,22409.2994,price,coindesk,GBP,bitcoin,British Pound Sterling,&pound;
,,1,2023-10-12T02:48:00Z,22461.0422,price,coindesk,GBP,bitcoin,British Pound Sterling,&pound;
,,1,2023-10-12T03:04:00Z,22457.5718,price,coindesk,GBP,bitcoin,British Pound Sterling,&pound;
,,1,2023-10-12T03:20:00Z,22430.2654,price,coindesk,GBP,bitcoin,British Pound Sterling,&pound;
,,1,2023-10-12T03:33:00Z,22424.7467,price,coindesk,GBP,bitcoin,British Pound Sterling,&pound;
,,1,2023-10-12T03:48:00Z,22419.0923,price,coindesk,GBP,bitcoin,British Pound Sterling,&pound;
,,1,2023-10-12T04:04:00Z,22419.3481,price,coindesk,GBP,bitcoin,British Pound Sterling,&pound;
,,1,2023-10-12T04:22:00Z,22425.0711,price,coindesk,GBP,bitcoin,British Pound Sterling,&pound;
,,1,2023-10-12T04:33:00Z,22423.1175,price,coindesk,GBP,bitcoin,British Pound Sterling,&pound;
,,1,2023-10-12T04:48:00Z,22420.8277,price,coindesk,GBP,bitcoin,British Pound Sterling,&pound;
,,1,2023-10-12T05:04:00Z,22401.7021,price,coindesk,GBP,bitcoin,British Pound Sterling,&pound;
,,1,2023-10-12T05:21:00Z,22388.8434,price,coindesk,GBP,bitcoin,British Pound Sterling,&pound;
,,1,2023-10-12T05:33:00Z,22404.8643,price,coindesk,GBP,bitcoin,British Pound Sterling,&pound;
,,1,2023-10-12T05:48:00Z,22430.2365,price,coindesk,GBP,bitcoin,British Pound Sterling,&pound;
,,1,2023-10-12T06:05:00Z,22437.0611,price,coindesk,GBP,bitcoin,British Pound Sterling,&pound;
,,1,2023-10-12T06:23:00Z,22449.2846,price,coindesk,GBP,bitcoin,British Pound Sterling,&pound;
,,1,2023-10-12T06:34:00Z,22468.6368,price,coindesk,GBP,bitcoin,British Pound Sterling,&pound;
,,1,2023-10-12T06:48:00Z,22470.8625,price,coindesk,GBP,bitcoin,British Pound Sterling,&pound;
,,1,2023-10-12T07:19:00Z,22418.7612,price,coindesk,GBP,bitcoin,British Pound Sterling,&pound;
,,1,2023-10-12T07:33:00Z,22428.0193,price,coindesk,GBP,bitcoin,British Pound Sterling,&pound;
,,1,2023-10-12T07:48:00Z,22428.3371,price,coindesk,GBP,bitcoin,British Pound Sterling,&pound;
,,1,2023-10-12T08:05:00Z,22408.1415,price,coindesk,GBP,bitcoin,British Pound Sterling,&pound;
,,1,2023-10-12T08:23:00Z,22400.9604,price,coindesk,GBP,bitcoin,British Pound Sterling,&pound;
,,1,2023-10-12T08:33:00Z,22408.0204,price,coindesk,GBP,bitcoin,British Pound Sterling,&pound;
,,1,2023-10-12T08:48:00Z,22412.7948,price,coindesk,GBP,bitcoin,British Pound Sterling,&pound;
,,1,2023-10-12T09:04:00Z,22389.7667,price,coindesk,GBP,bitcoin,British Pound Sterling,&pound;
,,1,2023-10-12T09:20:00Z,22402.8451,price,coindesk,GBP,bitcoin,British Pound Sterling,&pound;
,,1,2023-10-12T09:33:00Z,22328.6888,price,coindesk,GBP,bitcoin,British Pound Sterling,&pound;
,,1,2023-10-12T09:48:00Z,22322.1652,price,coindesk,GBP,bitcoin,British Pound Sterling,&pound;
,,1,2023-10-12T10:04:00Z,22358.7314,price,coindesk,GBP,bitcoin,British Pound Sterling,&pound;
,,1,2023-10-12T10:22:00Z,22344.0623,price,coindesk,GBP,bitcoin,British Pound Sterling,&pound;
,,1,2023-10-12T10:34:00Z,22341.5289,price,coindesk,GBP,bitcoin,British Pound Sterling,&pound;
,,1,2023-10-12T10:48:00Z,22367.0313,price,coindesk,GBP,bitcoin,British Pound Sterling,&pound;
,,1,2023-10-12T11:04:00Z,22368.4514,price,coindesk,GBP,bitcoin,British Pound Sterling,&pound;
,,1,2023-10-12T11:18:00Z,22356.7642,price,coindesk,GBP,bitcoin,British Pound Sterling,&pound;
,,1,2023-10-12T11:33:00Z,22350.5197,price,coindesk,GBP,bitcoin,British Pound Sterling,&pound;
,,1,2023-10-12T11:48:00Z,22382.7945,price,coindesk,GBP,bitcoin,British Pound Sterling,&pound;
,,1,2023-10-12T12:06:00Z,22404.4832,price,coindesk,GBP,bitcoin,British Pound Sterling,&pound;
,,1,2023-10-12T12:25:00Z,22393.3238,price,coindesk,GBP,bitcoin,British Pound Sterling,&pound;
,,1,2023-10-12T12:41:00Z,22441.7521,price,coindesk,GBP,bitcoin,British Pound Sterling,&pound;
,,1,2023-10-12T12:54:00Z,22429.7069,price,coindesk,GBP,bitcoin,British Pound Sterling,&pound;
,,1,2023-10-12T13:06:00Z,22447.8353,price,coindesk,GBP,bitcoin,British Pound Sterling,&pound;
,,1,2023-10-12T13:23:00Z,22433.6796,price,coindesk,GBP,bitcoin,British Pound Sterling,&pound;
,,1,2023-10-12T13:34:00Z,22377.5962,price,coindesk,GBP,bitcoin,British Pound Sterling,&pound;
,,1,2023-10-12T13:48:00Z,22352.9056,price,coindesk,GBP,bitcoin,British Pound Sterling,&pound;
,,1,2023-10-12T14:04:00Z,22360.0622,price,coindesk,GBP,bitcoin,British Pound Sterling,&pound;
,,1,2023-10-12T14:21:00Z,22337.3463,price,coindesk,GBP,bitcoin,British Pound Sterling,&pound;
,,1,2023-10-12T14:33:00Z,22316.1098,price,coindesk,GBP,bitcoin,British Pound Sterling,&pound;
,,1,2023-10-12T14:48:00Z,22324.3568,price,coindesk,GBP,bitcoin,British Pound Sterling,&pound;
,,1,2023-10-12T15:04:00Z,22284.1152,price,coindesk,GBP,bitcoin,British Pound Sterling,&pound;
,,1,2023-10-12T15:21:00Z,22315.7615,price,coindesk,GBP,bitcoin,British Pound Sterling,&pound;
,,1,2023-10-12T15:34:00Z,22283.8673,price,coindesk,GBP,bitcoin,British Pound Sterling,&pound;
,,1,2023-10-12T15:48:00Z,22273.9906,price,coindesk,GBP,bitcoin,British Pound Sterling,&pound;
,,1,2023-10-12T16:05:00Z,22281.8067,price,coindesk,GBP,bitcoin,British Pound Sterling,&pound;
,,1,2023-10-12T16:23:00Z,22292.035,price,coindesk,GBP,bitcoin,British Pound Sterling,&pound;
,,1,2023-10-12T16:35:00Z,22362.7632,price,coindesk,GBP,bitcoin,British Pound Sterling,&pound;
,,1,2023-10-12T16:48:00Z,22330.0456,price,coindesk,GBP,bitcoin,British Pound Sterling,&pound;
,,1,2023-10-12T17:04:00Z,22258.0555,price,coindesk,GBP,bitcoin,British Pound Sterling,&pound;
,,1,2023-10-12T17:21:00Z,22242.6571,price,coindesk,GBP,bitcoin,British Pound Sterling,&pound;
,,1,2023-10-12T17:33:00Z,22214.044,price,coindesk,GBP,bitcoin,British Pound Sterling,&pound;
,,1,2023-10-12T17:48:00Z,22257.8844,price,coindesk,GBP,bitcoin,British Pound Sterling,&pound;
,,1,2023-10-12T18:05:00Z,22251.9651,price,coindesk,GBP,bitcoin,British Pound Sterling,&pound;
,,1,2023-10-12T18:23:00Z,22277.513,price,coindesk,GBP,bitcoin,British Pound Sterling,&pound;
,,1,2023-10-12T18:34:00Z,22314.7412,price,coindesk,GBP,bitcoin,British Pound Sterling,&pound;
,,1,2023-10-12T18:49:00Z,22308.8823,price,coindesk,GBP,bitcoin,British Pound Sterling,&pound;
,,1,2023-10-12T19:04:00Z,22265.6999,price,coindesk,GBP,bitcoin,British Pound Sterling,&pound;
,,1,2023-10-12T19:18:00Z,22275.3398,price,coindesk,GBP,bitcoin,British Pound Sterling,&pound;
,,1,2023-10-12T19:33:00Z,22302.1833,price,coindesk,GBP,bitcoin,British Pound Sterling,&pound;
,,1,2023-10-12T19:48:00Z,22320.0052,price,coindesk,GBP,bitcoin,British Pound Sterling,&pound;
,,1,2023-10-12T20:05:00Z,22312.3177,price,coindesk,GBP,bitcoin,British Pound Sterling,&pound;
,,1,2023-10-12T20:20:00Z,22322.9184,price,coindesk,GBP,bitcoin,British Pound Sterling,&pound;
,,1,2023-10-12T20:33:00Z,22336.8516,price,coindesk,GBP,bitcoin,British Pound Sterling,&pound;
,,1,2023-10-12T20:48:00Z,22334.3407,price,coindesk,GBP,bitcoin,British Pound Sterling,&pound;
,,1,2023-10-12T21:04:00Z,22332.3603,price,coindesk,GBP,bitcoin,British Pound Sterling,&pound;
,,1,2023-10-12T21:18:00Z,22327.4906,price,coindesk,GBP,bitcoin,British Pound Sterling,&pound;
,,1,2023-10-12T21:33:00Z,22353.8871,price,coindesk,GBP,bitcoin,British Pound Sterling,&pound;
,,1,2023-10-12T21:48:00Z,22323.1393,price,coindesk,GBP,bitcoin,British Pound Sterling,&pound;
,,1,2023-10-12T22:04:00Z,22336.6793,price,coindesk,GBP,bitcoin,British Pound Sterling,&pound;
,,1,2023-10-12T22:21:00Z,22334.3694,price,coindesk,GBP,bitcoin,British Pound Sterling,&pound;
,,1,2023-10-12T22:33:00Z,22340.7647,price,coindesk,GBP,bitcoin,British Pound Sterling,&pound;
,,1,2023-10-12T22:48:00Z,22334.1094,price,coindesk,GBP,bitcoin,British Pound Sterling,&pound;
,,1,2023-10-12T23:04:00Z,22342.6258,price,coindesk,GBP,bitcoin,British Pound Sterling,&pound;
,,1,2023-10-12T23:20:00Z,22314.4973,price,coindesk,GBP,bitcoin,British Pound Sterling,&pound;
,,1,2023-10-12T23:33:00Z,22336.288,price,coindesk,GBP,bitcoin,British Pound Sterling,&pound;
,,1,2023-10-12T23:48:00Z,22336.5382,price,coindesk,GBP,bitcoin,British Pound Sterling,&pound;
,,1,2023-10-13T00:18:00Z,22416.3679,price,coindesk,GBP,bitcoin,British Pound Sterling,&pound;
,,1,2023-10-13T00:48:00Z,22405.8822,price,coindesk,GBP,bitcoin,British Pound Sterling,&pound;
,,1,2023-10-13T01:26:00Z,22387.0194,price,coindesk,GBP,bitcoin,British Pound Sterling,&pound;
,,1,2023-10-13T01:51:00Z,22398.1788,price,coindesk,GBP,bitcoin,British Pound Sterling,&pound;
,,1,2023-10-13T02:12:00Z,22386.1211,price,coindesk,GBP,bitcoin,British Pound Sterling,&pound;
,,1,2023-10-13T02:27:00Z,22391.278,price,coindesk,GBP,bitcoin,British Pound Sterling,&pound;
,,1,2023-10-13T02:37:00Z,22380.2363,price,coindesk,GBP,bitcoin,British Pound Sterling,&pound;
,,1,2023-10-13T02:48:00Z,22375.8272,price,coindesk,GBP,bitcoin,British Pound Sterling,&pound;
,,1,2023-10-13T03:04:00Z,22400.9722,price,coindesk,GBP,bitcoin,British Pound Sterling,&pound;
,,1,2023-10-13T03:20:00Z,22393.4597,price,coindesk,GBP,bitcoin,British Pound Sterling,&pound;
,,1,2023-10-13T03:33:00Z,22378.7156,price,coindesk,GBP,bitcoin,British Pound Sterling,&pound;
,,1,2023-10-13T03:48:00Z,22369.8029,price,coindesk,GBP,bitcoin,British Pound Sterling,&pound;
,,1,2023-10-13T04:05:00Z,22374.0426,price,coindesk,GBP,bitcoin,British Pound Sterling,&pound;
,,1,2023-10-13T04:22:00Z,22379.4546,price,coindesk,GBP,bitcoin,British Pound Sterling,&pound;
,,1,2023-10-13T04:34:00Z,22390.1395,price,coindesk,GBP,bitcoin,British Pound Sterling,&pound;
,,1,2023-10-13T04:48:00Z,22383.4836,price,coindesk,GBP,bitcoin,British Pound Sterling,&pound;
,,1,2023-10-13T05:05:00Z,22399.9099,price,coindesk,GBP,bitcoin,British Pound Sterling,&pound;
,,1,2023-10-13T05:21:00Z,22397.3413,price,coindesk,GBP,bitcoin,British Pound Sterling,&pound;
,,1,2023-10-13T05:33:00Z,22377.9192,price,coindesk,GBP,bitcoin,British Pound Sterling,&pound;
,,1,2023-10-13T05:48:00Z,22385.2074,price,coindesk,GBP,bitcoin,British Pound Sterling,&pound;
,,1,2023-10-13T06:05:00Z,22399.0801,price,coindesk,GBP,bitcoin,British Pound Sterling,&pound;
,,1,2023-10-13T06:23:00Z,22402.0929,price,coindesk,GBP,bitcoin,British Pound Sterling,&pound;
,,1,2023-10-13T06:34:00Z,22400.6306,price,coindesk,GBP,bitcoin,British Pound Sterling,&pound;
,,1,2023-10-13T06:48:00Z,22431.6393,price,coindesk,GBP,bitcoin,British Pound Sterling,&pound;
,,1,2023-10-13T07:05:00Z,22419.0734,price,coindesk,GBP,bitcoin,British Pound Sterling,&pound;
,,1,2023-10-13T07:19:00Z,22445.396,price,coindesk,GBP,bitcoin,British Pound Sterling,&pound;
,,1,2023-10-13T07:33:00Z,22480.7241,price,coindesk,GBP,bitcoin,British Pound Sterling,&pound;
,,1,2023-10-13T07:48:00Z,22433.9924,price,coindesk,GBP,bitcoin,British Pound Sterling,&pound;
,,1,2023-10-13T08:05:00Z,22452.1967,price,coindesk,GBP,bitcoin,British Pound Sterling,&pound;
,,1,2023-10-13T08:23:00Z,22419.8595,price,coindesk,GBP,bitcoin,British Pound Sterling,&pound;
,,1,2023-10-13T08:34:00Z,22420.5303,price,coindesk,GBP,bitcoin,British Pound Sterling,&pound;
,,1,2023-10-13T08:48:00Z,22387.5833,price,coindesk,GBP,bitcoin,British Pound Sterling,&pound;
,,1,2023-10-13T09:05:00Z,22391.414,price,coindesk,GBP,bitcoin,British Pound Sterling,&pound;
,,1,2023-10-13T09:20:00Z,22405.4084,price,coindesk,GBP,bitcoin,British Pound Sterling,&pound;
,,1,2023-10-13T09:33:00Z,22403.7607,price,coindesk,GBP,bitcoin,British Pound Sterling,&pound;
,,1,2023-10-13T09:48:00Z,22376.0157,price,coindesk,GBP,bitcoin,British Pound Sterling,&pound;
,,1,2023-10-13T10:08:00Z,22373.5274,price,coindesk,GBP,bitcoin,British Pound Sterling,&pound;
,,1,2023-10-13T10:22:00Z,22380.0466,price,coindesk,GBP,bitcoin,British Pound Sterling,&pound;
,,1,2023-10-13T10:34:00Z,22386.2325,price,coindesk,GBP,bitcoin,British Pound Sterling,&pound;
,,1,2023-10-13T10:48:00Z,22386.2267,price,coindesk,GBP,bitcoin,British Pound Sterling,&pound;
,,1,2023-10-13T11:04:00Z,22379.3829,price,coindesk,GBP,bitcoin,British Pound Sterling,&pound;
,,1,2023-10-13T11:18:00Z,22405.9876,price,coindesk,GBP,bitcoin,British Pound Sterling,&pound;
,,1,2023-10-13T11:33:00Z,22425.3556,price,coindesk,GBP,bitcoin,British Pound Sterling,&pound;
,,1,2023-10-13T11:48:00Z,22412.1925,price,coindesk,GBP,bitcoin,British Pound Sterling,&pound;
,,1,2023-10-13T12:06:00Z,22367.5367,price,coindesk,GBP,bitcoin,British Pound Sterling,&pound;
,,1,2023-10-13T12:25:00Z,22424.7719,price,coindesk,GBP,bitcoin,British Pound Sterling,&pound;
,,1,2023-10-13T12:41:00Z,22437.7673,price,coindesk,GBP,bitcoin,British Pound Sterling,&pound;
,,1,2023-10-13T12:54:00Z,22468.1597,price,coindesk,GBP,bitcoin,British Pound Sterling,&pound;
,,1,2023-10-13T13:06:00Z,22441.3863,price,coindesk,GBP,bitcoin,British Pound Sterling,&pound;
,,1,2023-10-13T13:23:00Z,22453.4607,price,coindesk,GBP,bitcoin,British Pound Sterling,&pound;
,,1,2023-10-13T13:33:00Z,22456.8778,price,coindesk,GBP,bitcoin,British Pound Sterling,&pound;
,,1,2023-10-13T13:48:00Z,22426.6077,price,coindesk,GBP,bitcoin,British Pound Sterling,&pound;
,,1,2023-10-13T14:04:00Z,22423.6482,price,coindesk,GBP,bitcoin,British Pound Sterling,&pound;
,,1,2023-10-13T14:21:00Z,22414.9871,price,coindesk,GBP,bitcoin,British Pound Sterling,&pound;
,,1,2023-10-13T14:33:00Z,22411.7765,price,coindesk,GBP,bitcoin,British Pound Sterling,&pound;
,,1,2023-10-13T14:48:00Z,22416.8104,price,coindesk,GBP,bitcoin,British Pound Sterling,&pound;
,,1,2023-10-13T15:04:00Z,22384.6471,price,coindesk,GBP,bitcoin,British Pound Sterling,&pound;
,,1,2023-10-13T15:20:00Z,22381.7916,price,coindesk,GBP,bitcoin,British Pound Sterling,&pound;
,,1,2023-10-13T15:33:00Z,22332.2568,price,coindesk,GBP,bitcoin,British Pound Sterling,&pound;
,,1,2023-10-13T15:48:00Z,22335.4164,price,coindesk,GBP,bitcoin,British Pound Sterling,&pound;
,,1,2023-10-13T16:05:00Z,22317.1056,price,coindesk,GBP,bitcoin,British Pound Sterling,&pound;
,,1,2023-10-13T16:23:00Z,22354.4554,price,coindesk,GBP,bitcoin,British Pound Sterling,&pound;
,,1,2023-10-13T16:34:00Z,22373.1982,price,coindesk,GBP,bitcoin,British Pound Sterling,&pound;
,,1,2023-10-13T16:48:00Z,22379.2805,price,coindesk,GBP,bitcoin,British Pound Sterling,&pound;
,,1,2023-10-13T17:04:00Z,22376.3202,price,coindesk,GBP,bitcoin,British Pound Sterling,&pound;
,,1,2023-10-13T17:20:00Z,22343.8302,price,coindesk,GBP,bitcoin,British Pound Sterling,&pound;
,,1,2023-10-13T17:37:00Z,22304.6008,price,coindesk,GBP,bitcoin,British Pound Sterling,&pound;
,,1,2023-10-13T17:48:00Z,22345.5519,price,coindesk,GBP,bitcoin,British Pound Sterling,&pound;
,,1,2023-10-13T18:05:00Z,22360.8602,price,coindesk,GBP,bitcoin,British Pound Sterling,&pound;
,,1,2023-10-13T18:23:00Z,22362.8405,price,coindesk,GBP,bitcoin,British Pound Sterling,&pound;
,,1,2023-10-13T18:34:00Z,22364.2961,price,coindesk,GBP,bitcoin,British Pound Sterling,&pound;
,,1,2023-10-13T18:48:00Z,22349.741,price,coindesk,GBP,bitcoin,British Pound Sterling,&pound;
,,1,2023-10-13T19:04:00Z,22344.9481,price,coindesk,GBP,bitcoin,British Pound Sterling,&pound;
,,1,2023-10-13T19:18:00Z,22354.5802,price,coindesk,GBP,bitcoin,British Pound Sterling,&pound;
,,1,2023-10-13T19:33:00Z,22362.4625,price,coindesk,GBP,bitcoin,British Pound Sterling,&pound;
,,1,2023-10-13T19:48:00Z,22338.1811,price,coindesk,GBP,bitcoin,British Pound Sterling,&pound;
,,1,2023-10-13T20:04:00Z,22381.7424,price,coindesk,GBP,bitcoin,British Pound Sterling,&pound;
,,1,2023-10-13T20:21:00Z,22359.2559,price,coindesk,GBP,bitcoin,British Pound Sterling,&pound;
,,1,2023-10-13T20:33:00Z,22346.4873,price,coindesk,GBP,bitcoin,British Pound Sterling,&pound;
,,1,2023-10-13T20:48:00Z,22363.5976,price,coindesk,GBP,bitcoin,British Pound Sterling,&pound;
,,1,2023-10-13T21:04:00Z,22643.979,price,coindesk,GBP,bitcoin,British Pound Sterling,&pound;
,,1,2023-10-13T21:18:00Z,22490.3092,price,coindesk,GBP,bitcoin,British Pound Sterling,&pound;
,,1,2023-10-13T21:33:00Z,22578.5744,price,coindesk,GBP,bitcoin,British Pound Sterling,&pound;
,,1,2023-10-13T21:48:00Z,22591.1594,price,coindesk,GBP,bitcoin,British Pound Sterling,&pound;
,,1,2023-10-13T22:04:00Z,22571.7848,price,coindesk,GBP,bitcoin,British Pound Sterling,&pound;
,,1,2023-10-13T22:21:00Z,22607.4223,price,coindesk,GBP,bitcoin,British Pound Sterling,&pound;
,,1,2023-10-13T22:33:00Z,22524.2166,price,coindesk,GBP,bitcoin,British Pound Sterling,&pound;
,,1,2023-10-13T22:48:00Z,22464.8726,price,coindesk,GBP,bitcoin,British Pound Sterling,&pound;
,,1,2023-10-13T23:04:00Z,22423.8534,price,coindesk,GBP,bitcoin,British Pound Sterling,&pound;
,,1,2023-10-13T23:19:00Z,22401.2342,price,coindesk,GBP,bitcoin,British Pound Sterling,&pound;
,,1,2023-10-13T23:33:00Z,22414.0639,price,coindesk,GBP,bitcoin,British Pound Sterling,&pound;
,,1,2023-10-13T23:48:00Z,22437.6106,price,coindesk,GBP,bitcoin,British Pound Sterling,&pound;
,,1,2023-10-14T00:17:00Z,22444.368,price,coindesk,GBP,bitcoin,British Pound Sterling,&pound;
,,1,2023-10-14T00:48:00Z,22459.1449,price,coindesk,GBP,bitcoin,British Pound Sterling,&pound;
,,1,2023-10-14T01:24:00Z,22442.5557,price,coindesk,GBP,bitcoin,British Pound Sterling,&pound;
,,1,2023-10-14T01:47:00Z,22468.6033,price,coindesk,GBP,bitcoin,British Pound Sterling,&pound;
,,1,2023-10-14T02:08:00Z,22478.2265,price,coindesk,GBP,bitcoin,British Pound Sterling,&pound;
,,1,2023-10-14T02:22:00Z,22472.2168,price,coindesk,GBP,bitcoin,British Pound Sterling,&pound;
,,1,2023-10-14T02:33:00Z,22476.1397,price,coindesk,GBP,bitcoin,British Pound Sterling,&pound;
,,1,2023-10-14T02:48:00Z,22486.9629,price,coindesk,GBP,bitcoin,British Pound Sterling,&pound;
,,1,2023-10-14T03:04:00Z,22495.3182,price,coindesk,GBP,bitcoin,British Pound Sterling,&pound;
,,1,2023-10-14T03:19:00Z,22502.6334,price,coindesk,GBP,bitcoin,British Pound Sterling,&pound;
,,1,2023-10-14T03:33:00Z,22507.7522,price,coindesk,GBP,bitcoin,British Pound Sterling,&pound;
,,1,2023-10-14T03:48:00Z,22502.3854,price,coindesk,GBP,bitcoin,British Pound Sterling,&pound;
,,1,2023-10-14T04:04:00Z,22500.9988,price,coindesk,GBP,bitcoin,British Pound Sterling,&pound;
,,1,2023-10-14T04:21:00Z,22496.0129,price,coindesk,GBP,bitcoin,British Pound Sterling,&pound;
,,1,2023-10-14T04:33:00Z,22495.1532,price,coindesk,GBP,bitcoin,British Pound Sterling,&pound;
,,1,2023-10-14T04:48:00Z,22486.6393,price,coindesk,GBP,bitcoin,British Pound Sterling,&pound;
,,1,2023-10-14T05:07:00Z,22483.7454,price,coindesk,GBP,bitcoin,British Pound Sterling,&pound;
,,1,2023-10-14T05:20:00Z,22497.5135,price,coindesk,GBP,bitcoin,British Pound Sterling,&pound;
,,1,2023-10-14T05:34:00Z,22514.9546,price,coindesk,GBP,bitcoin,British Pound Sterling,&pound;
,,1,2023-10-14T05:48:00Z,22479.2445,price,coindesk,GBP,bitcoin,British Pound Sterling,&pound;
,,1,2023-10-14T06:05:00Z,22468.6278,price,coindesk,GBP,bitcoin,British Pound Sterling,&pound;
,,1,2023-10-14T06:22:00Z,22457.2514,price,coindesk,GBP,bitcoin,British Pound Sterling,&pound;
,,1,2023-10-14T06:33:00Z,22451.1602,price,coindesk,GBP,bitcoin,British Pound Sterling,&pound;
,,1,2023-10-14T06:48:00Z,22457.9274,price,coindesk,GBP,bitcoin,British Pound Sterling,&pound;
,,1,2023-10-14T07:04:00Z,22430.1139,price,coindesk,GBP,bitcoin,British Pound Sterling,&pound;
,,1,2023-10-14T07:18:00Z,22447.2047,price,coindesk,GBP,bitcoin,British Pound Sterling,&pound;
,,1,2023-10-14T07:33:00Z,22454.5034,price,coindesk,GBP,bitcoin,British Pound Sterling,&pound;
,,1,2023-10-14T07:48:00Z,22452.1468,price,coindesk,GBP,bitcoin,British Pound Sterling,&pound;
,,1,2023-10-14T08:04:00Z,22463.9331,price,coindesk,GBP,bitcoin,British Pound Sterling,&pound;
,,1,2023-10-14T08:21:00Z,22446.8501,price,coindesk,GBP,bitcoin,British Pound Sterling,&pound;
,,1,2023-10-14T08:33:00Z,22451.7634,price,coindesk,GBP,bitcoin,British Pound Sterling,&pound;
,,1,2023-10-14T08:48:00Z,22445.6096,price,coindesk,GBP,bitcoin,British Pound Sterling,&pound;
,,1,2023-10-14T09:04:00Z,22457.2228,price,coindesk,GBP,bitcoin,British Pound Sterling,&pound;
,,1,2023-10-14T09:19:00Z,22462.6243,price,coindesk,GBP,bitcoin,British Pound Sterling,&pound;
,,1,2023-10-14T09:33:00Z,22461.2496,price,coindesk,GBP,bitcoin,British Pound Sterling,&pound;
,,1,2023-10-14T09:48:00Z,22453.7656,price,coindesk,GBP,bitcoin,British Pound Sterling,&pound;
,,1,2023-10-14T10:04:00Z,22466.4328,price,coindesk,GBP,bitcoin,British Pound Sterling,&pound;
,,1,2023-10-14T10:21:00Z,22472.2236,price,coindesk,GBP,bitcoin,British Pound Sterling,&pound;
,,1,2023-10-14T10:41:00Z,22478.8537,price,coindesk,GBP,bitcoin,British Pound Sterling,&pound;
,,1,2023-10-14T10:48:00Z,22464.1815,price,coindesk,GBP,bitcoin,British Pound Sterling,&pound;
,,1,2023-10-14T11:04:00Z,22455.5601,price,coindesk,GBP,bitcoin,British Pound Sterling,&pound;
,,1,2023-10-14T11:18:00Z,22448.9902,price,coindesk,GBP,bitcoin,British Pound Sterling,&pound;
,,1,2023-10-14T11:33:00Z,22455.1582,price,coindesk,GBP,bitcoin,British Pound Sterling,&pound;
,,1,2023-10-14T11:48:00Z,22438.24,price,coindesk,GBP,bitcoin,British Pound Sterling,&pound;
,,1,2023-10-14T12:05:00Z,22455.4657,price,coindesk,GBP,bitcoin,British Pound Sterling,&pound;
,,1,2023-10-14T12:24:00Z,22442.1302,price,coindesk,GBP,bitcoin,British Pound Sterling,&pound;
,,1,2023-10-14T12:41:00Z,22440.5605,price,coindesk,GBP,bitcoin,British Pound Sterling,&pound;
,,1,2023-10-14T12:51:00Z,22463.6115,price,coindesk,GBP,bitcoin,British Pound Sterling,&pound;
,,1,2023-10-14T13:04:00Z,22477.7177,price,coindesk,GBP,bitcoin,British Pound Sterling,&pound;
,,1,2023-10-14T13:20:00Z,22476.6011,price,coindesk,GBP,bitcoin,British Pound Sterling,&pound;
,,1,2023-10-14T13:33:00Z,22467.0348,price,coindesk,GBP,bitcoin,British Pound Sterling,&pound;
,,1,2023-10-14T13:48:00Z,22475.4344,price,coindesk,GBP,bitcoin,British Pound Sterling,&pound;
,,1,2023-10-14T14:04:00Z,22484.7092,price,coindesk,GBP,bitcoin,British Pound Sterling,&pound;
,,1,2023-10-14T14:20:00Z,22478.625,price,coindesk,GBP,bitcoin,British Pound Sterling,&pound;
,,1,2023-10-14T14:33:00Z,22466.1575,price,coindesk,GBP,bitcoin,British Pound Sterling,&pound;
,,1,2023-10-14T14:48:00Z,22471.308,price,coindesk,GBP,bitcoin,British Pound Sterling,&pound;
,,1,2023-10-14T15:04:00Z,22471.7278,price,coindesk,GBP,bitcoin,British Pound Sterling,&pound;
,,1,2023-10-14T15:19:00Z,22495.5334,price,coindesk,GBP,bitcoin,British Pound Sterling,&pound;
,,1,2023-10-14T15:33:00Z,22473.1334,price,coindesk,GBP,bitcoin,British Pound Sterling,&pound;
,,1,2023-10-14T15:48:00Z,22500.1585,price,coindesk,GBP,bitcoin,British Pound Sterling,&pound;
,,1,2023-10-14T16:04:00Z,22509.2244,price,coindesk,GBP,bitcoin,British Pound Sterling,&pound;
,,1,2023-10-14T16:22:00Z,22488.1652,price,coindesk,GBP,bitcoin,British Pound Sterling,&pound;
,,1,2023-10-14T16:33:00Z,22488.0051,price,coindesk,GBP,bitcoin,British Pound Sterling,&pound;
,,1,2023-10-14T16:48:00Z,22483.5963,price,coindesk,GBP,bitcoin,British Pound Sterling,&pound;
,,1,2023-10-14T17:04:00Z,22501.3536,price,coindesk,GBP,bitcoin,British Pound Sterling,&pound;
,,1,2023-10-14T17:20:00Z,22488.2291,price,coindesk,GBP,bitcoin,British Pound Sterling,&pound;
,,1,2023-10-14T17:33:00Z,22470.8078,price,coindesk,GBP,bitcoin,British Pound Sterling,&pound;
,,1,2023-10-14T17:48:00Z,22475.2589,price,coindesk,GBP,bitcoin,British Pound Sterling,&pound;
,,1,2023-10-14T18:04:00Z,22471.2881,price,coindesk,GBP,bitcoin,British Pound Sterling,&pound;
,,1,2023-10-14T18:22:00Z,22459.5586,price,coindesk,GBP,bitcoin,British Pound Sterling,&pound;
,,1,2023-10-14T18:33:00Z,22457.194,price,coindesk,GBP,bitcoin,British Pound Sterling,&pound;
,,1,2023-10-14T18:48:00Z,22456.8424,price,coindesk,GBP,bitcoin,British Pound Sterling,&pound;
,,1,2023-10-14T19:04:00Z,22453.0637,price,coindesk,GBP,bitcoin,British Pound Sterling,&pound;
,,1,2023-10-14T19:18:00Z,22447.2381,price,coindesk,GBP,bitcoin,British Pound Sterling,&pound;
,,1,2023-10-14T19:33:00Z,22456.4705,price,coindesk,GBP,bitcoin,British Pound Sterling,&pound;
,,1,2023-10-14T19:48:00Z,22444.5673,price,coindesk,GBP,bitcoin,British Pound Sterling,&pound;
,,1,2023-10-14T20:04:00Z,22446.9014,price,coindesk,GBP,bitcoin,British Pound Sterling,&pound;
,,1,2023-10-14T20:19:00Z,22441.2484,price,coindesk,GBP,bitcoin,British Pound Sterling,&pound;
,,1,2023-10-14T20:33:00Z,22434.1347,price,coindesk,GBP,bitcoin,British Pound Sterling,&pound;
,,1,2023-10-14T20:48:00Z,22437.258,price,coindesk,GBP,bitcoin,British Pound Sterling,&pound;
,,1,2023-10-14T21:04:00Z,22455.6306,price,coindesk,GBP,bitcoin,British Pound Sterling,&pound;
,,1,2023-10-14T21:18:00Z,22455.0123,price,coindesk,GBP,bitcoin,British Pound Sterling,&pound;
,,1,2023-10-14T21:33:00Z,22428.4334,price,coindesk,GBP,bitcoin,British Pound Sterling,&pound;
,,1,2023-10-14T21:48:00Z,22424.1002,price,coindesk,GBP,bitcoin,British Pound Sterling,&pound;
,,1,2023-10-14T22:04:00Z,22422.5874,price,coindesk,GBP,bitcoin,British Pound Sterling,&pound;
,,1,2023-10-14T22:20:00Z,22425.7282,price,coindesk,GBP,bitcoin,British Pound Sterling,&pound;
,,1,2023-10-14T22:33:00Z,22423.7458,price,coindesk,GBP,bitcoin,British Pound Sterling,&pound;
,,1,2023-10-14T22:48:00Z,22428.9386,price,coindesk,GBP,bitcoin,British Pound Sterling,&pound;
,,1,2023-10-14T23:04:00Z,22449.0505,price,coindesk,GBP,bitcoin,British Pound Sterling,&pound;
,,1,2023-10-14T23:19:00Z,22452.5765,price,coindesk,GBP,bitcoin,British Pound Sterling,&pound;
,,1,2023-10-14T23:33:00Z,22448.2929,price,coindesk,GBP,bitcoin,British Pound Sterling,&pound;
,,1,2023-10-14T23:48:00Z,22448.5143,price,coindesk,GBP,bitcoin,British Pound Sterling,&pound;
,,1,2023-10-15T00:19:00Z,22431.9321,price,coindesk,GBP,bitcoin,British Pound Sterling,&pound;
,,1,2023-10-15T00:48:00Z,22429.2932,price,coindesk,GBP,bitcoin,British Pound Sterling,&pound;
,,1,2023-10-15T01:28:00Z,22450.316,price,coindesk,GBP,bitcoin,British Pound Sterling,&pound;
,,1,2023-10-15T01:53:00Z,22477.8309,price,coindesk,GBP,bitcoin,British Pound Sterling,&pound;
,,1,2023-10-15T02:12:00Z,22471.4652,price,coindesk,GBP,bitcoin,British Pound Sterling,&pound;
,,1,2023-10-15T02:26:00Z,22458.0462,price,coindesk,GBP,bitcoin,British Pound Sterling,&pound;
,,1,2023-10-15T02:35:00Z,22467.3229,price,coindesk,GBP,bitcoin,British Pound Sterling,&pound;
,,1,2023-10-15T02:48:00Z,22470.406,price,coindesk,GBP,bitcoin,British Pound Sterling,&pound;
,,1,2023-10-15T03:04:00Z,22464.0706,price,coindesk,GBP,bitcoin,British Pound Sterling,&pound;
,,1,2023-10-15T03:20:00Z,22481.1663,price,coindesk,GBP,bitcoin,British Pound Sterling,&pound;
,,1,2023-10-15T03:33:00Z,22485.5223,price,coindesk,GBP,bitcoin,British Pound Sterling,&pound;
,,1,2023-10-15T03:48:00Z,22471.1392,price,coindesk,GBP,bitcoin,British Pound Sterling,&pound;
,,1,2023-10-15T04:04:00Z,22473.7257,price,coindesk,GBP,bitcoin,British Pound Sterling,&pound;
,,1,2023-10-15T04:21:00Z,22459.5504,price,coindesk,GBP,bitcoin,British Pound Sterling,&pound;
,,1,2023-10-15T04:33:00Z,22469.278,price,coindesk,GBP,bitcoin,British Pound Sterling,&pound;
,,1,2023-10-15T04:48:00Z,22462.0349,price,coindesk,GBP,bitcoin,British Pound Sterling,&pound;
,,1,2023-10-15T05:04:00Z,22464.5977,price,coindesk,GBP,bitcoin,British Pound Sterling,&pound;
,,1,2023-10-15T05:20:00Z,22467.8601,price,coindesk,GBP,bitcoin,British Pound Sterling,&pound;
,,1,2023-10-15T05:33:00Z,22466.3119,price,coindesk,GBP,bitcoin,British Pound Sterling,&pound;
,,1,2023-10-15T05:48:00Z,22464.6557,price,coindesk,GBP,bitcoin,British Pound Sterling,&pound;
,,1,2023-10-15T06:04:00Z,22464.8996,price,coindesk,GBP,bitcoin,British Pound Sterling,&pound;
,,1,2023-10-15T06:22:00Z,22461.1874,price,coindesk,GBP,bitcoin,British Pound Sterling,&pound;
,,1,2023-10-15T06:33:00Z,22460.3986,price,coindesk,GBP,bitcoin,British Pound Sterling,&pound;
,,1,2023-10-15T06:48:00Z,22461.164,price,coindesk,GBP,bitcoin,British Pound Sterling,&pound;
,,1,2023-10-15T07:04:00Z,22463.19,price,coindesk,GBP,bitcoin,British Pound Sterling,&pound;
,,1,2023-10-15T07:18:00Z,22456.6571,price,coindesk,GBP,bitcoin,British Pound Sterling,&pound;
,,1,2023-10-15T07:33:00Z,22458.8162,price,coindesk,GBP,bitcoin,British Pound Sterling,&pound;
,,1,2023-10-15T07:48:00Z,22462.9045,price,coindesk,GBP,bitcoin,British Pound Sterling,&pound;
,,1,2023-10-15T08:04:00Z,22469.9752,price,coindesk,GBP,bitcoin,British Pound Sterling,&pound;
,,1,2023-10-15T08:21:00Z,22473.5451,price,coindesk,GBP,bitcoin,British Pound Sterling,&pound;
,,1,2023-10-15T08:33:00Z,22478.5918,price,coindesk,GBP,bitcoin,British Pound Sterling,&pound;
,,1,2023-10-15T08:48:00Z,22485.7922,price,coindesk,GBP,bitcoin,British Pound Sterling,&pound;
,,1,2023-10-15T09:04:00Z,22487.1983,price,coindesk,GBP,bitcoin,British Pound Sterling,&pound;
,,1,2023-10-15T09:19:00Z,22496.1106,price,coindesk,GBP,bitcoin,British Pound Sterling,&pound;
,,1,2023-10-15T09:33:00Z,22483.7247,price,coindesk,GBP,bitcoin,British Pound Sterling,&pound;
,,1,2023-10-15T09:48:00Z,22479.8338,price,coindesk,GBP,bitcoin,British Pound Sterling,&pound;
,,1,2023-10-15T10:04:00Z,22487.4071,price,coindesk,GBP,bitcoin,British Pound Sterling,&pound;
,,1,2023-10-15T10:21:00Z,22481.2309,price,coindesk,GBP,bitcoin,British Pound Sterling,&pound;
,,1,2023-10-15T10:33:00Z,22473.4584,price,coindesk,GBP,bitcoin,British Pound Sterling,&pound;
,,1,2023-10-15T10:48:00Z,22483.1477,price,coindesk,GBP,bitcoin,British Pound Sterling,&pound;
,,1,2023-10-15T11:04:00Z,22455.8268,price,coindesk,GBP,bitcoin,British Pound Sterling,&pound;
,,1,2023-10-15T11:18:00Z,22443.0792,price,coindesk,GBP,bitcoin,British Pound Sterling,&pound;
,,1,2023-10-15T11:33:00Z,22459.1822,price,coindesk,GBP,bitcoin,British Pound Sterling,&pound;
,,1,2023-10-15T11:48:00Z,22449.9466,price,coindesk,GBP,bitcoin,British Pound Sterling,&pound;
,,1,2023-10-15T12:05:00Z,22432.1685,price,coindesk,GBP,bitcoin,British Pound Sterling,&pound;
,,1,2023-10-15T12:24:00Z,22434.1799,price,coindesk,GBP,bitcoin,British Pound Sterling,&pound;
,,1,2023-10-15T12:39:00Z,22426.2006,price,coindesk,GBP,bitcoin,British Pound Sterling,&pound;
,,1,2023-10-15T12:51:00Z,22424.273,price,coindesk,GBP,bitcoin,British Pound Sterling,&pound;
,,1,2023-10-15T13:04:00Z,22410.5996,price,coindesk,GBP,bitcoin,British Pound Sterling,&pound;
,,1,2023-10-15T13:20:00Z,22475.6487,price,coindesk,GBP,bitcoin,British Pound Sterling,&pound;
,,1,2023-10-15T13:33:00Z,22500.8641,price,coindesk,GBP,bitcoin,British Pound Sterling,&pound;
,,1,2023-10-15T13:48:00Z,22454.3685,price,coindesk,GBP,bitcoin,British Pound Sterling,&pound;
,,1,2023-10-15T14:04:00Z,22462.4706,price,coindesk,GBP,bitcoin,British Pound Sterling,&pound;
,,1,2023-10-15T14:20:00Z,22471.9174,price,coindesk,GBP,bitcoin,British Pound Sterling,&pound;
,,1,2023-10-15T14:33:00Z,22486.3708,price,coindesk,GBP,bitcoin,British Pound Sterling,&pound;
,,1,2023-10-15T14:48:00Z,22464.6093,price,coindesk,GBP,bitcoin,British Pound Sterling,&pound;
,,1,2023-10-15T15:04:00Z,22459.1844,price,coindesk,GBP,bitcoin,British Pound Sterling,&pound;
,,1,2023-10-15T15:19:00Z,22469.2339,price,coindesk,GBP,bitcoin,British Pound Sterling,&pound;
,,1,2023-10-15T15:33:00Z,22476.4099,price,coindesk,GBP,bitcoin,British Pound Sterling,&pound;
,,1,2023-10-15T15:48:00Z,22481.8668,price,coindesk,GBP,bitcoin,British Pound Sterling,&pound;
,,1,2023-10-15T16:04:00Z,22488.7576,price,coindesk,GBP,bitcoin,British Pound Sterling,&pound;
,,1,2023-10-15T16:22:00Z,22474.8101,price,coindesk,GBP,bitcoin,British Pound Sterling,&pound;
,,1,2023-10-15T16:34:00Z,22485.5286,price,coindesk,GBP,bitcoin,British Pound Sterling,&pound;
,,1,2023-10-15T16:48:00Z,22497.2689,price,coindesk,GBP,bitcoin,British Pound Sterling,&pound;
,,1,2023-10-15T17:04:00Z,22501.211,price,coindesk,GBP,bitcoin,British Pound Sterling,&pound;
,,1,2023-10-15T17:20:00Z,22513.2944,price,coindesk,GBP,bitcoin,British Pound Sterling,&pound;
,,1,2023-10-15T17:33:00Z,22547.4231,price,coindesk,GBP,bitcoin,British Pound Sterling,&pound;
,,1,2023-10-15T17:48:00Z,22534.061,price,coindesk,GBP,bitcoin,British Pound Sterling,&pound;
,,1,2023-10-15T18:05:00Z,22541.3125,price,coindesk,GBP,bitcoin,British Pound Sterling,&pound;
,,1,2023-10-15T18:22:00Z,22534.1733,price,coindesk,GBP,bitcoin,British Pound Sterling,&pound;
,,1,2023-10-15T18:33:00Z,22554.8461,price,coindesk,GBP,bitcoin,British Pound Sterling,&pound;
,,1,2023-10-15T18:48:00Z,22605.1477,price,coindesk,GBP,bitcoin,British Pound Sterling,&pound;
,,1,2023-10-15T19:04:00Z,22594.6868,price,coindesk,GBP,bitcoin,British Pound Sterling,&pound;
,,1,2023-10-15T19:18:00Z,22612.9663,price,coindesk,GBP,bitcoin,British Pound Sterling,&pound;
,,1,2023-10-15T19:33:00Z,22596.8533,price,coindesk,GBP,bitcoin,British Pound Sterling,&pound;
,,1,2023-10-15T19:48:00Z,22572.8526,price,coindesk,GBP,bitcoin,British Pound Sterling,&pound;
,,1,2023-10-15T20:04:00Z,22596.6555,price,coindesk,GBP,bitcoin,British Pound Sterling,&pound;
,,1,2023-10-15T20:19:00Z,22589.1727,price,coindesk,GBP,bitcoin,British Pound Sterling,&pound;
,,1,2023-10-15T20:33:00Z,22643.1023,price,coindesk,GBP,bitcoin,British Pound Sterling,&pound;
,,1,2023-10-15T20:48:00Z,22728.4126,price,coindesk,GBP,bitcoin,British Pound Sterling,&pound;
,,1,2023-10-15T21:04:00Z,22747.8317,price,coindesk,GBP,bitcoin,British Pound Sterling,&pound;
,,1,2023-10-15T21:18:00Z,22678.964,price,coindesk,GBP,bitcoin,British Pound Sterling,&pound;
,,1,2023-10-15T21:33:00Z,22714.3486,price,coindesk,GBP,bitcoin,British Pound Sterling,&pound;
,,1,2023-10-15T21:48:00Z,22704.8128,price,coindesk,GBP,bitcoin,British Pound Sterling,&pound;
,,1,2023-10-15T22:04:00Z,22729.9734,price,coindesk,GBP,bitcoin,British Pound Sterling,&pound;
,,1,2023-10-15T22:20:00Z,22772.9323,price,coindesk,GBP,bitcoin,British Pound Sterling,&pound;
,,1,2023-10-15T22:33:00Z,22782.7769,price,coindesk,GBP,bitcoin,British Pound Sterling,&pound;
,,1,2023-10-15T22:48:00Z,22668.6947,price,coindesk,GBP,bitcoin,British Pound Sterling,&pound;
,,1,2023-10-15T23:04:00Z,22623.8516,price,coindesk,GBP,bitcoin,British Pound Sterling,&pound;
,,1,2023-10-15T23:19:00Z,22611.8267,price,coindesk,GBP,bitcoin,British Pound Sterling,&pound;
,,1,2023-10-15T23:33:00Z,22612.1566,price,coindesk,GBP,bitcoin,British Pound Sterling,&pound;
,,1,2023-10-15T23:48:00Z,22671.2989,price,coindesk,GBP,bitcoin,British Pound Sterling,&pound;
,,1,2023-10-16T00:18:00Z,22681.3821,price,coindesk,GBP,bitcoin,British Pound Sterling,&pound;
,,1,2023-10-16T00:48:00Z,22669.4316,price,coindesk,GBP,bitcoin,British Pound Sterling,&pound;
,,1,2023-10-16T01:27:00Z,22738.9252,price,coindesk,GBP,bitcoin,British Pound Sterling,&pound;
,,1,2023-10-16T01:50:00Z,22747.7028,price,coindesk,GBP,bitcoin,British Pound Sterling,&pound;
,,1,2023-10-16T02:12:00Z,22732.6134,price,coindesk,GBP,bitcoin,British Pound Sterling,&pound;
,,1,2023-10-16T02:25:00Z,22772.6652,price,coindesk,GBP,bitcoin,British Pound Sterling,&pound;
,,1,2023-10-16T02:35:00Z,22758.4519,price,coindesk,GBP,bitcoin,British Pound Sterling,&pound;
,,1,2023-10-16T02:48:00Z,22726.2086,price,coindesk,GBP,bitcoin,British Pound Sterling,&pound;
,,1,2023-10-16T03:04:00Z,22708.0025,price,coindesk,GBP,bitcoin,British Pound Sterling,&pound;
,,1,2023-10-16T03:20:00Z,22703.6843,price,coindesk,GBP,bitcoin,British Pound Sterling,&pound;
,,1,2023-10-16T03:33:00Z,22746.9574,price,coindesk,GBP,bitcoin,British Pound Sterling,&pound;
,,1,2023-10-16T03:48:00Z,22750.4687,price,coindesk,GBP,bitcoin,British Pound Sterling,&pound;
,,1,2023-10-16T04:05:00Z,22768.2333,price,coindesk,GBP,bitcoin,British Pound Sterling,&pound;
,,1,2023-10-16T04:22:00Z,22743.6178,price,coindesk,GBP,bitcoin,British Pound Sterling,&pound;
,,1,2023-10-16T04:33:00Z,22732.3991,price,coindesk,GBP,bitcoin,British Pound Sterling,&pound;
,,1,2023-10-16T04:48:00Z,22760.3,price,coindesk,GBP,bitcoin,British Pound Sterling,&pound;
,,1,2023-10-16T05:04:00Z,22789.563,price,coindesk,GBP,bitcoin,British Pound Sterling,&pound;
,,1,2023-10-16T05:21:00Z,23198.6598,price,coindesk,GBP,bitcoin,British Pound Sterling,&pound;
,,1,2023-10-16T05:33:00Z,23225.7736,price,coindesk,GBP,bitcoin,British Pound Sterling,&pound;
,,1,2023-10-16T05:48:00Z,23258.1213,price,coindesk,GBP,bitcoin,British Pound Sterling,&pound;
,,1,2023-10-16T06:05:00Z,23346.379,price,coindesk,GBP,bitcoin,British Pound Sterling,&pound;
,,1,2023-10-16T06:23:00Z,23282.2681,price,coindesk,GBP,bitcoin,British Pound Sterling,&pound;
,,1,2023-10-16T06:34:00Z,23283.6679,price,coindesk,GBP,bitcoin,British Pound Sterling,&pound;
,,1,2023-10-16T06:48:00Z,23252.0166,price,coindesk,GBP,bitcoin,British Pound Sterling,&pound;
,,1,2023-10-16T07:05:00Z,23263.1339,price,coindesk,GBP,bitcoin,British Pound Sterling,&pound;
,,1,2023-10-16T07:19:00Z,23273.3114,price,coindesk,GBP,bitcoin,British Pound Sterling,&pound;
,,1,2023-10-16T07:33:00Z,23317.9058,price,coindesk,GBP,bitcoin,British Pound Sterling,&pound;
,,1,2023-10-16T07:48:00Z,23283.3742,price,coindesk,GBP,bitcoin,British Pound Sterling,&pound;
,,1,2023-10-16T08:05:00Z,23304.4697,price,coindesk,GBP,bitcoin,British Pound Sterling,&pound;
,,1,2023-10-16T08:23:00Z,23251.0352,price,coindesk,GBP,bitcoin,British Pound Sterling,&pound;
,,1,2023-10-16T08:34:00Z,23277.4945,price,coindesk,GBP,bitcoin,British Pound Sterling,&pound;
,,1,2023-10-16T08:48:00Z,23248.6809,price,coindesk,GBP,bitcoin,British Pound Sterling,&pound;
,,1,2023-10-16T09:05:00Z,23219.1613,price,coindesk,GBP,bitcoin,British Pound Sterling,&pound;
,,1,2023-10-16T09:20:00Z,23115.7049,price,coindesk,GBP,bitcoin,British Pound Sterling,&pound;
,,1,2023-10-16T09:33:00Z,23144.1192,price,coindesk,GBP,bitcoin,British Pound Sterling,&pound;
,,1,2023-10-16T09:48:00Z,23170.7248,price,coindesk,GBP,bitcoin,British Pound Sterling,&pound;
,,1,2023-10-16T10:04:00Z,23198.3095,price,coindesk,GBP,bitcoin,British Pound Sterling,&pound;
,,1,2023-10-16T10:22:00Z,23176.575,price,coindesk,GBP,bitcoin,British Pound Sterling,&pound;
,,1,2023-10-16T10:34:00Z,23184.0919,price,coindesk,GBP,bitcoin,British Pound Sterling,&pound;
,,1,2023-10-16T10:48:00Z,23191.7118,price,coindesk,GBP,bitcoin,British Pound Sterling,&pound;
,,1,2023-10-16T11:04:00Z,23192.8731,price,coindesk,GBP,bitcoin,British Pound Sterling,&pound;
,,1,2023-10-16T11:18:00Z,23196.612,price,coindesk,GBP,bitcoin,British Pound Sterling,&pound;
,,1,2023-10-16T11:33:00Z,23166.5403,price,coindesk,GBP,bitcoin,British Pound Sterling,&pound;
,,1,2023-10-16T11:48:00Z,23168.2941,price,coindesk,GBP,bitcoin,British Pound Sterling,&pound;
,,1,2023-10-16T12:07:00Z,23168.6416,price,coindesk,GBP,bitcoin,British Pound Sterling,&pound;
,,1,2023-10-16T12:25:00Z,23223.4935,price,coindesk,GBP,bitcoin,British Pound Sterling,&pound;
,,1,2023-10-16T12:42:00Z,23229.8149,price,coindesk,GBP,bitcoin,British Pound Sterling,&pound;
,,1,2023-10-16T12:55:00Z,23260.0788,price,coindesk,GBP,bitcoin,British Pound Sterling,&pound;
,,1,2023-10-16T13:06:00Z,23317.4931,price,coindesk,GBP,bitcoin,British Pound Sterling,&pound;
,,1,2023-10-16T13:23:00Z,23339.6056,price,coindesk,GBP,bitcoin,British Pound Sterling,&pound;
,,1,2023-10-16T13:33:00Z,24586.3939,price,coindesk,GBP,bitcoin,British Pound Sterling,&pound;
,,1,2023-10-16T13:48:00Z,23453.0709,price,coindesk,GBP,bitcoin,British Pound Sterling,&pound;
,,1,2023-10-16T14:04:00Z,23405.8874,price,coindesk,GBP,bitcoin,British Pound Sterling,&pound;
,,1,2023-10-16T14:21:00Z,23457.4383,price,coindesk,GBP,bitcoin,British Pound Sterling,&pound;
,,1,2023-10-16T14:34:00Z,23662.8442,price,coindesk,GBP,bitcoin,British Pound Sterling,&pound;
,,1,2023-10-16T14:48:00Z,23533.9738,price,coindesk,GBP,bitcoin,British Pound Sterling,&pound;
,,1,2023-10-16T15:04:00Z,23544.8443,price,coindesk,GBP,bitcoin,British Pound Sterling,&pound;
,,1,2023-10-16T15:20:00Z,23466.9302,price,coindesk,GBP,bitcoin,British Pound Sterling,&pound;
,,1,2023-10-16T15:33:00Z,23494.2914,price,coindesk,GBP,bitcoin,British Pound Sterling,&pound;
,,1,2023-10-16T15:48:00Z,23431.8978,price,coindesk,GBP,bitcoin,British Pound Sterling,&pound;
,,1,2023-10-16T16:05:00Z,23485.1676,price,coindesk,GBP,bitcoin,British Pound Sterling,&pound;
,,1,2023-10-16T16:23:00Z,23515.874,price,coindesk,GBP,bitcoin,British Pound Sterling,&pound;
,,1,2023-10-16T16:36:00Z,23468.5566,price,coindesk,GBP,bitcoin,British Pound Sterling,&pound;
,,1,2023-10-16T16:48:00Z,23490.8059,price,coindesk,GBP,bitcoin,British Pound Sterling,&pound;
,,1,2023-10-16T17:04:00Z,23513.4942,price,coindesk,GBP,bitcoin,British Pound Sterling,&pound;
,,1,2023-10-16T17:21:00Z,23561.1963,price,coindesk,GBP,bitcoin,British Pound Sterling,&pound;
,,1,2023-10-16T17:33:00Z,23508.9437,price,coindesk,GBP,bitcoin,British Pound Sterling,&pound;
,,1,2023-10-16T17:48:00Z,23546.5396,price,coindesk,GBP,bitcoin,British Pound Sterling,&pound;
,,1,2023-10-16T18:05:00Z,23626.5619,price,coindesk,GBP,bitcoin,British Pound Sterling,&pound;
,,1,2023-10-16T18:23:00Z,23717.0012,price,coindesk,GBP,bitcoin,British Pound Sterling,&pound;
,,1,2023-10-16T18:34:00Z,23649.3914,price,coindesk,GBP,bitcoin,British Pound Sterling,&pound;
,,1,2023-10-16T18:48:00Z,23744.3709,price,coindesk,GBP,bitcoin,British Pound Sterling,&pound;
,,1,2023-10-16T19:04:00Z,23901.7847,price,coindesk,GBP,bitcoin,British Pound Sterling,&pound;
,,1,2023-10-16T19:18:00Z,23917.173,price,coindesk,GBP,bitcoin,British Pound Sterling,&pound;
,,1,2023-10-16T19:33:00Z,23891.9205,price,coindesk,GBP,bitcoin,British Pound Sterling,&pound;
,,1,2023-10-16T19:48:00Z,23783.673,price,coindesk,GBP,bitcoin,British Pound Sterling,&pound;
,,1,2023-10-16T20:04:00Z,23774.1597,price,coindesk,GBP,bitcoin,British Pound Sterling,&pound;
,,1,2023-10-16T20:21:00Z,23862.6183,price,coindesk,GBP,bitcoin,British Pound Sterling,&pound;
,,1,2023-10-16T20:33:00Z,23853.1845,price,coindesk,GBP,bitcoin,British Pound Sterling,&pound;
,,1,2023-10-16T20:48:00Z,23769.3431,price,coindesk,GBP,bitcoin,British Pound Sterling,&pound;
,,1,2023-10-16T21:04:00Z,23715.8458,price,coindesk,GBP,bitcoin,British Pound Sterling,&pound;
,,1,2023-10-16T21:19:00Z,23695.976,price,coindesk,GBP,bitcoin,British Pound Sterling,&pound;
,,1,2023-10-16T21:33:00Z,23731.3892,price,coindesk,GBP,bitcoin,British Pound Sterling,&pound;
,,1,2023-10-16T21:48:00Z,23766.1519,price,coindesk,GBP,bitcoin,British Pound Sterling,&pound;
,,1,2023-10-16T22:04:00Z,23773.3889,price,coindesk,GBP,bitcoin,British Pound Sterling,&pound;
,,1,2023-10-16T22:21:00Z,23753.0732,price,coindesk,GBP,bitcoin,British Pound Sterling,&pound;
,,1,2023-10-16T22:33:00Z,23730.1181,price,coindesk,GBP,bitcoin,British Pound Sterling,&pound;
,,1,2023-10-16T22:48:00Z,23837.1816,price,coindesk,GBP,bitcoin,British Pound Sterling,&pound;
,,1,2023-10-16T23:04:00Z,23809.1471,price,coindesk,GBP,bitcoin,British Pound Sterling,&pound;
,,1,2023-10-16T23:24:00Z,23785.9952,price,coindesk,GBP,bitcoin,British Pound Sterling,&pound;
,,1,2023-10-16T23:33:00Z,23769.5373,price,coindesk,GBP,bitcoin,British Pound Sterling,&pound;
,,1,2023-10-16T23:48:00Z,23818.266,price,coindesk,GBP,bitcoin,British Pound Sterling,&pound;
,,1,2023-10-17T00:18:00Z,23785.0754,price,coindesk,GBP,bitcoin,British Pound Sterling,&pound;
,,1,2023-10-17T00:48:00Z,23703.2049,price,coindesk,GBP,bitcoin,British Pound Sterling,&pound;
,,1,2023-10-17T01:26:00Z,23699.8057,price,coindesk,GBP,bitcoin,British Pound Sterling,&pound;
,,1,2023-10-17T01:49:00Z,23730.1143,price,coindesk,GBP,bitcoin,British Pound Sterling,&pound;
,,1,2023-10-17T02:11:00Z,23698.3005,price,coindesk,GBP,bitcoin,British Pound Sterling,&pound;
,,1,2023-10-17T02:24:00Z,23656.9921,price,coindesk,GBP,bitcoin,British Pound Sterling,&pound;
,,1,2023-10-17T02:34:00Z,23712.8071,price,coindesk,GBP,bitcoin,British Pound Sterling,&pound;
,,1,2023-10-17T02:48:00Z,23722.9741,price,coindesk,GBP,bitcoin,British Pound Sterling,&pound;
,,1,2023-10-17T03:04:00Z,23717.0889,price,coindesk,GBP,bitcoin,British Pound Sterling,&pound;
,,1,2023-10-17T03:20:00Z,23669.0976,price,coindesk,GBP,bitcoin,British Pound Sterling,&pound;
,,1,2023-10-17T03:33:00Z,23646.0665,price,coindesk,GBP,bitcoin,British Pound Sterling,&pound;
,,1,2023-10-17T03:48:00Z,23640.9393,price,coindesk,GBP,bitcoin,British Pound Sterling,&pound;
,,1,2023-10-17T04:04:00Z,23551.1056,price,coindesk,GBP,bitcoin,British Pound Sterling,&pound;
,,1,2023-10-17T04:22:00Z,23573.5211,price,coindesk,GBP,bitcoin,British Pound Sterling,&pound;
,,1,2023-10-17T04:33:00Z,23587.0761,price,coindesk,GBP,bitcoin,British Pound Sterling,&pound;
,,1,2023-10-17T04:48:00Z,23553.8855,price,coindesk,GBP,bitcoin,British Pound Sterling,&pound;
,,1,2023-10-17T05:04:00Z,23571.1498,price,coindesk,GBP,bitcoin,British Pound Sterling,&pound;
,,1,2023-10-17T05:21:00Z,23560.2063,price,coindesk,GBP,bitcoin,British Pound Sterling,&pound;
,,1,2023-10-17T05:33:00Z,23561.6116,price,coindesk,GBP,bitcoin,British Pound Sterling,&pound;
,,1,2023-10-17T05:48:00Z,23568.9443,price,coindesk,GBP,bitcoin,British Pound Sterling,&pound;
,,1,2023-10-17T06:05:00Z,23560.9881,price,coindesk,GBP,bitcoin,British Pound Sterling,&pound;
,,1,2023-10-17T06:23:00Z,23536.2642,price,coindesk,GBP,bitcoin,British Pound Sterling,&pound;
,,1,2023-10-17T06:34:00Z,23548.7778,price,coindesk,GBP,bitcoin,British Pound Sterling,&pound;
,,1,2023-10-17T06:48:00Z,23538.2116,price,coindesk,GBP,bitcoin,British Pound Sterling,&pound;
,,1,2023-10-17T07:04:00Z,23612.3691,price,coindesk,GBP,bitcoin,British Pound Sterling,&pound;
,,1,2023-10-17T07:19:00Z,23622.4604,price,coindesk,GBP,bitcoin,British Pound Sterling,&pound;
,,1,2023-10-17T07:33:00Z,23585.0137,price,coindesk,GBP,bitcoin,British Pound Sterling,&pound;
,,1,2023-10-17T07:48:00Z,23700.5573,price,coindesk,GBP,bitcoin,British Pound Sterling,&pound;
,,1,2023-10-17T08:05:00Z,23798.4124,price,coindesk,GBP,bitcoin,British Pound Sterling,&pound;
,,1,2023-10-17T08:23:00Z,23734.5489,price,coindesk,GBP,bitcoin,British Pound Sterling,&pound;
,,1,2023-10-17T08:33:00Z,23735.4059,price,coindesk,GBP,bitcoin,British Pound Sterling,&pound;
,,1,2023-10-17T08:48:00Z,23746.5042,price,coindesk,GBP,bitcoin,British Pound Sterling,&pound;
,,1,2023-10-17T09:04:00Z,23766.9733,price,coindesk,GBP,bitcoin,British Pound Sterling,&pound;
,,1,2023-10-17T09:20:00Z,23727.4506,price,coindesk,GBP,bitcoin,British Pound Sterling,&pound;
,,1,2023-10-17T09:33:00Z,23745.9118,price,coindesk,GBP,bitcoin,British Pound Sterling,&pound;
,,1,2023-10-17T09:48:00Z,23735.6244,price,coindesk,GBP,bitcoin,British Pound Sterling,&pound;
,,1,2023-10-17T10:04:00Z,23772.4372,price,coindesk,GBP,bitcoin,British Pound Sterling,&pound;
,,1,2023-10-17T10:22:00Z,23891.8502,price,coindesk,GBP,bitcoin,British Pound Sterling,&pound;
,,1,2023-10-17T10:34:00Z,23741.7092,price,coindesk,GBP,bitcoin,British Pound Sterling,&pound;
,,1,2023-10-17T10:48:00Z,23841.7298,price,coindesk,GBP,bitcoin,British Pound Sterling,&pound;
,,1,2023-10-17T11:04:00Z,23841.8496,price,coindesk,GBP,bitcoin,British Pound Sterling,&pound;
,,1,2023-10-17T11:18:00Z,23789.1442,price,coindesk,GBP,bitcoin,British Pound Sterling,&pound;
,,1,2023-10-17T11:33:00Z,23770.8909,price,coindesk,GBP,bitcoin,British Pound Sterling,&pound;
,,1,2023-10-17T11:48:00Z,23782.3168,price,coindesk,GBP,bitcoin,British Pound Sterling,&pound;
,,1,2023-10-17T12:06:00Z,23760.2273,price,coindesk,GBP,bitcoin,British Pound Sterling,&pound;
,,1,2023-10-17T12:25:00Z,23767.4459,price,coindesk,GBP,bitcoin,British Pound Sterling,&pound;
,,1,2023-10-17T12:41:00Z,23704.8489,price,coindesk,GBP,bitcoin,British Pound Sterling,&pound;
,,1,2023-10-17T12:54:00Z,23721.5244,price,coindesk,GBP,bitcoin,British Pound Sterling,&pound;
,,1,2023-10-17T13:06:00Z,23597.7583,price,coindesk,GBP,bitcoin,British Pound Sterling,&pound;
,,1,2023-10-17T13:22:00Z,23705.471,price,coindesk,GBP,bitcoin,British Pound Sterling,&pound;
,,1,2023-10-17T13:33:00Z,23642.4819,price,coindesk,GBP,bitcoin,British Pound Sterling,&pound;
,,1,2023-10-17T13:48:00Z,23583.722,price,coindesk,GBP,bitcoin,British Pound Sterling,&pound;
,,1,2023-10-17T14:04:00Z,23667.0448,price,coindesk,GBP,bitcoin,British Pound Sterling,&pound;
,,1,2023-10-17T14:21:00Z,23712.9096,price,coindesk,GBP,bitcoin,British Pound Sterling,&pound;
,,1,2023-10-17T14:33:00Z,23707.6559,price,coindesk,GBP,bitcoin,British Pound Sterling,&pound;
,,1,2023-10-17T14:48:00Z,23753.8632,price,coindesk,GBP,bitcoin,British Pound Sterling,&pound;
,,1,2023-10-17T15:04:00Z,23788.491,price,coindesk,GBP,bitcoin,British Pound Sterling,&pound;
,,1,2023-10-17T15:21:00Z,23834.524,price,coindesk,GBP,bitcoin,British Pound Sterling,&pound;
,,1,2023-10-17T15:33:00Z,23777.391,price,coindesk,GBP,bitcoin,British Pound Sterling,&pound;
,,1,2023-10-17T15:48:00Z,23784.7179,price,coindesk,GBP,bitcoin,British Pound Sterling,&pound;
,,1,2023-10-17T16:05:00Z,23770.1585,price,coindesk,GBP,bitcoin,British Pound Sterling,&pound;
,,1,2023-10-17T16:23:00Z,23841.1057,price,coindesk,GBP,bitcoin,British Pound Sterling,&pound;
,,1,2023-10-17T16:35:00Z,23828.1592,price,coindesk,GBP,bitcoin,British Pound Sterling,&pound;
,,1,2023-10-17T16:50:00Z,23871.4752,price,coindesk,GBP,bitcoin,British Pound Sterling,&pound;
,,1,2023-10-17T17:04:00Z,23847.4424,price,coindesk,GBP,bitcoin,British Pound Sterling,&pound;
,,1,2023-10-17T17:20:00Z,23760.7963,price,coindesk,GBP,bitcoin,British Pound Sterling,&pound;
,,1,2023-10-17T17:33:00Z,23754.3331,price,coindesk,GBP,bitcoin,British Pound Sterling,&pound;
,,1,2023-10-17T17:48:00Z,23780.9802,price,coindesk,GBP,bitcoin,British Pound Sterling,&pound;
,,1,2023-10-17T18:05:00Z,23770.6333,price,coindesk,GBP,bitcoin,British Pound Sterling,&pound;
,,1,2023-10-17T18:23:00Z,23800.7871,price,coindesk,GBP,bitcoin,British Pound Sterling,&pound;
,,1,2023-10-17T18:34:00Z,23772.2805,price,coindesk,GBP,bitcoin,British Pound Sterling,&pound;
,,1,2023-10-17T18:48:00Z,23783.4894,price,coindesk,GBP,bitcoin,British Pound Sterling,&pound;
,,1,2023-10-17T19:04:00Z,23712.2988,price,coindesk,GBP,bitcoin,British Pound Sterling,&pound;
,,1,2023-10-17T19:18:00Z,23742.3441,price,coindesk,GBP,bitcoin,British Pound Sterling,&pound;
,,1,2023-10-17T19:34:00Z,23776.7162,price,coindesk,GBP,bitcoin,British Pound Sterling,&pound;
,,1,2023-10-17T19:48:00Z,23793.8095,price,coindesk,GBP,bitcoin,British Pound Sterling,&pound;
,,1,2023-10-17T20:05:00Z,23822.9509,price,coindesk,GBP,bitcoin,British Pound Sterling,&pound;
,,1,2023-10-17T20:20:00Z,23802.1381,price,coindesk,GBP,bitcoin,British Pound Sterling,&pound;
,,1,2023-10-17T20:33:00Z,23829.8871,price,coindesk,GBP,bitcoin,British Pound Sterling,&pound;
,,1,2023-10-17T20:48:00Z,23809.5959,price,coindesk,GBP,bitcoin,British Pound Sterling,&pound;
,,1,2023-10-17T21:04:00Z,23767.7288,price,coindesk,GBP,bitcoin,British Pound Sterling,&pound;
,,1,2023-10-17T21:19:00Z,23848.7651,price,coindesk,GBP,bitcoin,British Pound Sterling,&pound;
,,1,2023-10-17T21:33:00Z,23847.263,price,coindesk,GBP,bitcoin,British Pound Sterling,&pound;
,,1,2023-10-17T21:48:00Z,23788.8903,price,coindesk,GBP,bitcoin,British Pound Sterling,&pound;
,,1,2023-10-17T22:04:00Z,23770.5906,price,coindesk,GBP,bitcoin,British Pound Sterling,&pound;
,,1,2023-10-17T22:21:00Z,23782.4055,price,coindesk,GBP,bitcoin,British Pound Sterling,&pound;
,,1,2023-10-17T22:33:00Z,23804.8948,price,coindesk,GBP,bitcoin,British Pound Sterling,&pound;
,,1,2023-10-17T22:48:00Z,23729.1826,price,coindesk,GBP,bitcoin,British Pound Sterling,&pound;
,,1,2023-10-17T23:04:00Z,23747.6144,price,coindesk,GBP,bitcoin,British Pound Sterling,&pound;
,,1,2023-10-17T23:19:00Z,23771.2413,price,coindesk,GBP,bitcoin,British Pound Sterling,&pound;
,,1,2023-10-17T23:33:00Z,23762.9126,price,coindesk,GBP,bitcoin,British Pound Sterling,&pound;
,,1,2023-10-17T23:48:00Z,23733.8097,price,coindesk,GBP,bitcoin,British Pound Sterling,&pound;
,,1,2023-10-18T00:17:00Z,23745.0573,price,coindesk,GBP,bitcoin,British Pound Sterling,&pound;
,,1,2023-10-18T00:48:00Z,23698.6703,price,coindesk,GBP,bitcoin,British Pound Sterling,&pound;
,,1,2023-10-18T01:26:00Z,23699.2482,price,coindesk,GBP,bitcoin,British Pound Sterling,&pound;
,,1,2023-10-18T01:49:00Z,23712.2034,price,coindesk,GBP,bitcoin,British Pound Sterling,&pound;
,,1,2023-10-18T02:11:00Z,23705.5478,price,coindesk,GBP,bitcoin,British Pound Sterling,&pound;
,,1,2023-10-18T02:24:00Z,23732.0511,price,coindesk,GBP,bitcoin,British Pound Sterling,&pound;
,,1,2023-10-18T02:33:00Z,23774.7872,price,coindesk,GBP,bitcoin,British Pound Sterling,&pound;
,,1,2023-10-18T02:48:00Z,23758.0859,price,coindesk,GBP,bitcoin,British Pound Sterling,&pound;
,,1,2023-10-18T03:04:00Z,23799.1888,price,coindesk,GBP,bitcoin,British Pound Sterling,&pound;
,,1,2023-10-18T03:20:00Z,23789.2045,price,coindesk,GBP,bitcoin,British Pound Sterling,&pound;
,,1,2023-10-18T03:33:00Z,23783.7193,price,coindesk,GBP,bitcoin,British Pound Sterling,&pound;
,,1,2023-10-18T03:48:00Z,23807.9682,price,coindesk,GBP,bitcoin,British Pound Sterling,&pound;
,,1,2023-10-18T04:05:00Z,23813.8068,price,coindesk,GBP,bitcoin,British Pound Sterling,&pound;
,,1,2023-10-18T04:22:00Z,23804.5869,price,coindesk,GBP,bitcoin,British Pound Sterling,&pound;
,,1,2023-10-18T04:33:00Z,23780.3053,price,coindesk,GBP,bitcoin,British Pound Sterling,&pound;
,,1,2023-10-18T04:48:00Z,23841.1785,price,coindesk,GBP,bitcoin,British Pound Sterling,&pound;
,,1,2023-10-18T05:04:00Z,23958.852,price,coindesk,GBP,bitcoin,British Pound Sterling,&pound;
,,1,2023-10-18T05:21:00Z,23969.1204,price,coindesk,GBP,bitcoin,British Pound Sterling,&pound;
,,1,2023-10-18T05:33:00Z,24026.3688,price,coindesk,GBP,bitcoin,British Pound Sterling,&pound;
,,1,2023-10-18T05:48:00Z,23980.3456,price,coindesk,GBP,bitcoin,British Pound Sterling,&pound;
,,1,2023-10-18T06:05:00Z,23984.6074,price,coindesk,GBP,bitcoin,British Pound Sterling,&pound;
,,1,2023-10-18T06:23:00Z,23986.408,price,coindesk,GBP,bitcoin,British Pound Sterling,&pound;
,,1,2023-10-18T06:34:00Z,23936.3545,price,coindesk,GBP,bitcoin,British Pound Sterling,&pound;
,,1,2023-10-18T06:48:00Z,23938.4792,price,coindesk,GBP,bitcoin,British Pound Sterling,&pound;
,,1,2023-10-18T07:05:00Z,23887.987,price,coindesk,GBP,bitcoin,British Pound Sterling,&pound;
,,1,2023-10-18T07:19:00Z,23890.6253,price,coindesk,GBP,bitcoin,British Pound Sterling,&pound;
,,1,2023-10-18T07:33:00Z,23878.8648,price,coindesk,GBP,bitcoin,British Pound Sterling,&pound;
,,1,2023-10-18T07:48:00Z,23829.7318,price,coindesk,GBP,bitcoin,British Pound Sterling,&pound;
,,1,2023-10-18T08:05:00Z,23833.384,price,coindesk,GBP,bitcoin,British Pound Sterling,&pound;
,,1,2023-10-18T08:23:00Z,23823.2855,price,coindesk,GBP,bitcoin,British Pound Sterling,&pound;
,,1,2023-10-18T08:33:00Z,23837.6797,price,coindesk,GBP,bitcoin,British Pound Sterling,&pound;
,,1,2023-10-18T08:48:00Z,23825.0057,price,coindesk,GBP,bitcoin,British Pound Sterling,&pound;
,,1,2023-10-18T09:04:00Z,23848.4947,price,coindesk,GBP,bitcoin,British Pound Sterling,&pound;
,,1,2023-10-18T09:20:00Z,23876.8218,price,coindesk,GBP,bitcoin,British Pound Sterling,&pound;
,,1,2023-10-18T09:33:00Z,23897.5278,price,coindesk,GBP,bitcoin,British Pound Sterling,&pound;
,,1,2023-10-18T09:48:00Z,23876.5801,price,coindesk,GBP,bitcoin,British Pound Sterling,&pound;
,,1,2023-10-18T10:04:00Z,23681.1107,price,coindesk,GBP,bitcoin,British Pound Sterling,&pound;
,,1,2023-10-18T10:22:00Z,23768.7967,price,coindesk,GBP,bitcoin,British Pound Sterling,&pound;
,,1,2023-10-18T10:33:00Z,23732.4119,price,coindesk,GBP,bitcoin,British Pound Sterling,&pound;
,,1,2023-10-18T10:48:00Z,23743.8392,price,coindesk,GBP,bitcoin,British Pound Sterling,&pound;
,,1,2023-10-18T11:04:00Z,23721.1792,price,coindesk,GBP,bitcoin,British Pound Sterling,&pound;
,,1,2023-10-18T11:18:00Z,23728.0739,price,coindesk,GBP,bitcoin,British Pound Sterling,&pound;
,,1,2023-10-18T11:33:00Z,23722.7177,price,coindesk,GBP,bitcoin,British Pound Sterling,&pound;
,,1,2023-10-18T11:48:00Z,23732.4368,price,coindesk,GBP,bitcoin,British Pound Sterling,&pound;
,,1,2023-10-18T12:06:00Z,23682.0856,price,coindesk,GBP,bitcoin,British Pound Sterling,&pound;
,,1,2023-10-18T12:25:00Z,23695.576,price,coindesk,GBP,bitcoin,British Pound Sterling,&pound;
,,1,2023-10-18T12:41:00Z,23694.7457,price,coindesk,GBP,bitcoin,British Pound Sterling,&pound;
,,1,2023-10-18T12:53:00Z,23681.574,price,coindesk,GBP,bitcoin,British Pound Sterling,&pound;
,,1,2023-10-18T13:06:00Z,23664.127,price,coindesk,GBP,bitcoin,British Pound Sterling,&pound;
,,1,2023-10-18T13:22:00Z,23708.0411,price,coindesk,GBP,bitcoin,British Pound Sterling,&pound;
,,1,2023-10-18T13:33:00Z,23706.2764,price,coindesk,GBP,bitcoin,British Pound Sterling,&pound;
,,1,2023-10-18T13:48:00Z,23704.3832,price,coindesk,GBP,bitcoin,British Pound Sterling,&pound;
,,1,2023-10-18T14:04:00Z,23670.0856,price,coindesk,GBP,bitcoin,British Pound Sterling,&pound;
,,1,2023-10-18T14:21:00Z,23689.4643,price,coindesk,GBP,bitcoin,British Pound Sterling,&pound;
,,1,2023-10-18T14:33:00Z,23647.2567,price,coindesk,GBP,bitcoin,British Pound Sterling,&pound;
,,1,2023-10-18T14:48:00Z,23582.8578,price,coindesk,GBP,bitcoin,British Pound Sterling,&pound;
,,1,2023-10-18T15:04:00Z,23588.095,price,coindesk,GBP,bitcoin,British Pound Sterling,&pound;
,,1,2023-10-18T15:21:00Z,23609.3989,price,coindesk,GBP,bitcoin,British Pound Sterling,&pound;
,,1,2023-10-18T15:33:00Z,23632.5723,price,coindesk,GBP,bitcoin,British Pound Sterling,&pound;
,,1,2023-10-18T15:48:00Z,23618.6975,price,coindesk,GBP,bitcoin,British Pound Sterling,&pound;
,,1,2023-10-18T16:05:00Z,23650.6984,price,coindesk,GBP,bitcoin,British Pound Sterling,&pound;
,,1,2023-10-18T16:24:00Z,23680.5446,price,coindesk,GBP,bitcoin,British Pound Sterling,&pound;
,,1,2023-10-18T16:35:00Z,23669.4132,price,coindesk,GBP,bitcoin,British Pound Sterling,&pound;
,,1,2023-10-18T16:48:00Z,23705.9035,price,coindesk,GBP,bitcoin,British Pound Sterling,&pound;
,,1,2023-10-18T17:04:00Z,23698.3927,price,coindesk,GBP,bitcoin,British Pound Sterling,&pound;
,,1,2023-10-18T17:20:00Z,23723.3461,price,coindesk,GBP,bitcoin,British Pound Sterling,&pound;
,,1,2023-10-18T17:33:00Z,23711.9007,price,coindesk,GBP,bitcoin,British Pound Sterling,&pound;
,,1,2023-10-18T17:48:00Z,23677.5989,price,coindesk,GBP,bitcoin,British Pound Sterling,&pound;
,,1,2023-10-18T18:05:00Z,23656.8357,price,coindesk,GBP,bitcoin,British Pound Sterling,&pound;
,,1,2023-10-18T18:23:00Z,23703.4127,price,coindesk,GBP,bitcoin,British Pound Sterling,&pound;
,,1,2023-10-18T18:34:00Z,23702.6348,price,coindesk,GBP,bitcoin,British Pound Sterling,&pound;
,,1,2023-10-18T18:48:00Z,23681.697,price,coindesk,GBP,bitcoin,British Pound Sterling,&pound;
,,1,2023-10-18T19:04:00Z,23651.1806,price,coindesk,GBP,bitcoin,British Pound Sterling,&pound;
,,1,2023-10-18T19:18:00Z,23643.4702,price,coindesk,GBP,bitcoin,British Pound Sterling,&pound;
,,1,2023-10-18T19:33:00Z,23625.084,price,coindesk,GBP,bitcoin,British Pound Sterling,&pound;
,,1,2023-10-18T19:48:00Z,23666.064,price,coindesk,GBP,bitcoin,British Pound Sterling,&pound;
,,1,2023-10-18T20:05:00Z,23604.5253,price,coindesk,GBP,bitcoin,British Pound Sterling,&pound;
,,1,2023-10-18T20:20:00Z,23627.3655,price,coindesk,GBP,bitcoin,British Pound Sterling,&pound;
,,1,2023-10-18T20:33:00Z,23619.2049,price,coindesk,GBP,bitcoin,British Pound Sterling,&pound;
,,1,2023-10-18T20:48:00Z,23581.0744,price,coindesk,GBP,bitcoin,British Pound Sterling,&pound;
,,1,2023-10-18T21:04:00Z,23604.1662,price,coindesk,GBP,bitcoin,British Pound Sterling,&pound;
,,1,2023-10-18T21:18:00Z,23605.0068,price,coindesk,GBP,bitcoin,British Pound Sterling,&pound;
,,1,2023-10-18T21:33:00Z,23631.7195,price,coindesk,GBP,bitcoin,British Pound Sterling,&pound;
,,1,2023-10-18T21:48:00Z,23624.8207,price,coindesk,GBP,bitcoin,British Pound Sterling,&pound;
,,1,2023-10-18T22:04:00Z,23625.4896,price,coindesk,GBP,bitcoin,British Pound Sterling,&pound;
,,1,2023-10-18T22:21:00Z,23667.4128,price,coindesk,GBP,bitcoin,British Pound Sterling,&pound;
,,1,2023-10-18T22:33:00Z,23665.0998,price,coindesk,GBP,bitcoin,British Pound Sterling,&pound;
,,1,2023-10-18T22:48:00Z,23666.4791,price,coindesk,GBP,bitcoin,British Pound Sterling,&pound;
,,1,2023-10-18T23:04:00Z,23698.8394,price,coindesk,GBP,bitcoin,British Pound Sterling,&pound;
,,1,2023-10-18T23:19:00Z,23669.5434,price,coindesk,GBP,bitcoin,British Pound Sterling,&pound;
,,1,2023-10-18T23:33:00Z,23670.2798,price,coindesk,GBP,bitcoin,British Pound Sterling,&pound;
,,1,2023-10-18T23:48:00Z,23674.6767,price,coindesk,GBP,bitcoin,British Pound Sterling,&pound;
,,1,2023-10-19T00:17:00Z,23662.0962,price,coindesk,GBP,bitcoin,British Pound Sterling,&pound;
,,1,2023-10-19T00:48:00Z,23707.6563,price,coindesk,GBP,bitcoin,British Pound Sterling,&pound;
,,1,2023-10-19T01:26:00Z,23713.8268,price,coindesk,GBP,bitcoin,British Pound Sterling,&pound;
,,1,2023-10-19T01:49:00Z,23591.8816,price,coindesk,GBP,bitcoin,British Pound Sterling,&pound;
,,1,2023-10-19T02:10:00Z,23599.2946,price,coindesk,GBP,bitcoin,British Pound Sterling,&pound;
,,1,2023-10-19T02:23:00Z,23568.5225,price,coindesk,GBP,bitcoin,British Pound Sterling,&pound;
,,1,2023-10-19T02:33:00Z,23566.1567,price,coindesk,GBP,bitcoin,British Pound Sterling,&pound;
,,1,2023-10-19T02:48:00Z,23596.2524,price,coindesk,GBP,bitcoin,British Pound Sterling,&pound;
,,1,2023-10-19T03:04:00Z,23597.536,price,coindesk,GBP,bitcoin,British Pound Sterling,&pound;
,,1,2023-10-19T03:20:00Z,23613.3809,price,coindesk,GBP,bitcoin,British Pound Sterling,&pound;
,,1,2023-10-19T03:33:00Z,23617.5904,price,coindesk,GBP,bitcoin,British Pound Sterling,&pound;
,,1,2023-10-19T03:48:00Z,23599.1653,price,coindesk,GBP,bitcoin,British Pound Sterling,&pound;
,,1,2023-10-19T04:09:00Z,23608.0013,price,coindesk,GBP,bitcoin,British Pound Sterling,&pound;
,,1,2023-10-19T04:22:00Z,23617.0125,price,coindesk,GBP,bitcoin,British Pound Sterling,&pound;
,,1,2023-10-19T04:33:00Z,23616.9201,price,coindesk,GBP,bitcoin,British Pound Sterling,&pound;
,,1,2023-10-19T04:48:00Z,23639.1157,price,coindesk,GBP,bitcoin,British Pound Sterling,&pound;
,,1,2023-10-19T05:04:00Z,23654.5809,price,coindesk,GBP,bitcoin,British Pound Sterling,&pound;
,,1,2023-10-19T05:21:00Z,23672.4738,price,coindesk,GBP,bitcoin,British Pound Sterling,&pound;
,,1,2023-10-19T05:33:00Z,23675.2232,price,coindesk,GBP,bitcoin,British Pound Sterling,&pound;
,,1,2023-10-19T05:48:00Z,23650.9099,price,coindesk,GBP,bitcoin,British Pound Sterling,&pound;
,,1,2023-10-19T06:05:00Z,23663.0326,price,coindesk,GBP,bitcoin,British Pound Sterling,&pound;
,,1,2023-10-19T06:23:00Z,23659.826,price,coindesk,GBP,bitcoin,British Pound Sterling,&pound;
,,1,2023-10-19T06:34:00Z,23648.4996,price,coindesk,GBP,bitcoin,British Pound Sterling,&pound;
,,1,2023-10-19T06:48:00Z,23641.0623,price,coindesk,GBP,bitcoin,British Pound Sterling,&pound;
,,1,2023-10-19T07:04:00Z,23642.0507,price,coindesk,GBP,bitcoin,British Pound Sterling,&pound;
,,1,2023-10-19T07:19:00Z,23600.2991,price,coindesk,GBP,bitcoin,British Pound Sterling,&pound;
,,1,2023-10-19T07:33:00Z,23612.9722,price,coindesk,GBP,bitcoin,British Pound Sterling,&pound;
,,1,2023-10-19T07:48:00Z,23665.2604,price,coindesk,GBP,bitcoin,British Pound Sterling,&pound;
,,1,2023-10-19T08:05:00Z,23675.6573,price,coindesk,GBP,bitcoin,British Pound Sterling,&pound;
,,1,2023-10-19T08:23:00Z,23701.7822,price,coindesk,GBP,bitcoin,British Pound Sterling,&pound;
,,1,2023-10-19T08:33:00Z,23688.6878,price,coindesk,GBP,bitcoin,British Pound Sterling,&pound;
,,1,2023-10-19T08:48:00Z,23687.468,price,coindesk,GBP,bitcoin,British Pound Sterling,&pound;
,,1,2023-10-19T09:05:00Z,23665.8237,price,coindesk,GBP,bitcoin,British Pound Sterling,&pound;
,,1,2023-10-19T09:20:00Z,23692.6581,price,coindesk,GBP,bitcoin,British Pound Sterling,&pound;
,,1,2023-10-19T09:33:00Z,23705.088,price,coindesk,GBP,bitcoin,British Pound Sterling,&pound;
,,1,2023-10-19T09:48:00Z,23731.1983,price,coindesk,GBP,bitcoin,British Pound Sterling,&pound;
,,1,2023-10-19T10:04:00Z,23736.7415,price,coindesk,GBP,bitcoin,British Pound Sterling,&pound;
,,1,2023-10-19T10:22:00Z,23788.9392,price,coindesk,GBP,bitcoin,British Pound Sterling,&pound;
,,1,2023-10-19T10:34:00Z,23763.0278,price,coindesk,GBP,bitcoin,British Pound Sterling,&pound;
,,1,2023-10-19T10:48:00Z,23769.333,price,coindesk,GBP,bitcoin,British Pound Sterling,&pound;
,,1,2023-10-19T11:04:00Z,23766.3893,price,coindesk,GBP,bitcoin,British Pound Sterling,&pound;
,,1,2023-10-19T11:18:00Z,23758.5584,price,coindesk,GBP,bitcoin,British Pound Sterling,&pound;
,,1,2023-10-19T11:33:00Z,23735.8407,price,coindesk,GBP,bitcoin,British Pound Sterling,&pound;
,,1,2023-10-19T11:48:00Z,23740.971,price,coindesk,GBP,bitcoin,British Pound Sterling,&pound;
,,1,2023-10-19T12:06:00Z,23784.0341,price,coindesk,GBP,bitcoin,British Pound Sterling,&pound;
,,1,2023-10-19T12:25:00Z,23796.3627,price,coindesk,GBP,bitcoin,British Pound Sterling,&pound;
,,1,2023-10-19T12:41:00Z,23767.8725,price,coindesk,GBP,bitcoin,British Pound Sterling,&pound;
,,1,2023-10-19T12:54:00Z,23825.9979,price,coindesk,GBP,bitcoin,British Pound Sterling,&pound;
,,1,2023-10-19T13:05:00Z,23776.0834,price,coindesk,GBP,bitcoin,British Pound Sterling,&pound;
,,1,2023-10-19T13:23:00Z,23845.5641,price,coindesk,GBP,bitcoin,British Pound Sterling,&pound;
,,1,2023-10-19T13:34:00Z,23835.2401,price,coindesk,GBP,bitcoin,British Pound Sterling,&pound;
,,1,2023-10-19T13:48:00Z,23807.8701,price,coindesk,GBP,bitcoin,British Pound Sterling,&pound;
,,1,2023-10-19T14:04:00Z,23788.4414,price,coindesk,GBP,bitcoin,British Pound Sterling,&pound;
,,1,2023-10-19T14:21:00Z,23875.6273,price,coindesk,GBP,bitcoin,British Pound Sterling,&pound;
,,1,2023-10-19T14:33:00Z,23835.0875,price,coindesk,GBP,bitcoin,British Pound Sterling,&pound;
,,1,2023-10-19T14:48:00Z,23906.5461,price,coindesk,GBP,bitcoin,British Pound Sterling,&pound;
,,1,2023-10-19T15:04:00Z,24042.8468,price,coindesk,GBP,bitcoin,British Pound Sterling,&pound;
,,1,2023-10-19T15:20:00Z,23964.8096,price,coindesk,GBP,bitcoin,British Pound Sterling,&pound;
,,1,2023-10-19T15:38:00Z,23946.8478,price,coindesk,GBP,bitcoin,British Pound Sterling,&pound;
,,1,2023-10-19T15:48:00Z,24027.2506,price,coindesk,GBP,bitcoin,British Pound Sterling,&pound;
,,1,2023-10-19T16:05:00Z,23989.4661,price,coindesk,GBP,bitcoin,British Pound Sterling,&pound;
,,1,2023-10-19T16:23:00Z,24059.9031,price,coindesk,GBP,bitcoin,British Pound Sterling,&pound;
,,1,2023-10-19T16:35:00Z,23970.1412,price,coindesk,GBP,bitcoin,British Pound Sterling,&pound;
,,1,2023-10-19T16:48:00Z,23976.5097,price,coindesk,GBP,bitcoin,British Pound Sterling,&pound;
,,1,2023-10-19T17:04:00Z,23931.6803,price,coindesk,GBP,bitcoin,British Pound Sterling,&pound;
,,1,2023-10-19T17:21:00Z,23941.9628,price,coindesk,GBP,bitcoin,British Pound Sterling,&pound;
,,1,2023-10-19T17:33:00Z,23901.7027,price,coindesk,GBP,bitcoin,British Pound Sterling,&pound;
,,1,2023-10-19T17:48:00Z,23850.3534,price,coindesk,GBP,bitcoin,British Pound Sterling,&pound;
,,1,2023-10-19T18:05:00Z,23880.1368,price,coindesk,GBP,bitcoin,British Pound Sterling,&pound;
,,1,2023-10-19T18:23:00Z,23943.013,price,coindesk,GBP,bitcoin,British Pound Sterling,&pound;
,,1,2023-10-19T18:34:00Z,23936.3718,price,coindesk,GBP,bitcoin,British Pound Sterling,&pound;
,,1,2023-10-19T18:48:00Z,23992.3125,price,coindesk,GBP,bitcoin,British Pound Sterling,&pound;
,,1,2023-10-19T19:04:00Z,23989.3924,price,coindesk,GBP,bitcoin,British Pound Sterling,&pound;
,,1,2023-10-19T19:18:00Z,24009.2905,price,coindesk,GBP,bitcoin,British Pound Sterling,&pound;
,,1,2023-10-19T19:33:00Z,24010.002,price,coindesk,GBP,bitcoin,British Pound Sterling,&pound;
,,1,2023-10-19T19:48:00Z,24029.7434,price,coindesk,GBP,bitcoin,British Pound Sterling,&pound;
,,1,2023-10-19T20:05:00Z,24013.0349,price,coindesk,GBP,bitcoin,British Pound Sterling,&pound;
,,1,2023-10-19T20:20:00Z,24041.9431,price,coindesk,GBP,bitcoin,British Pound Sterling,&pound;
,,1,2023-10-19T20:33:00Z,24004.8643,price,coindesk,GBP,bitcoin,British Pound Sterling,&pound;
,,1,2023-10-19T20:48:00Z,24064.6086,price,coindesk,GBP,bitcoin,British Pound Sterling,&pound;
,,1,2023-10-19T21:04:00Z,24001.3683,price,coindesk,GBP,bitcoin,British Pound Sterling,&pound;
,,1,2023-10-19T21:18:00Z,23990.3282,price,coindesk,GBP,bitcoin,British Pound Sterling,&pound;
,,1,2023-10-19T21:33:00Z,23941.7564,price,coindesk,GBP,bitcoin,British Pound Sterling,&pound;
,,1,2023-10-19T21:48:00Z,23931.574,price,coindesk,GBP,bitcoin,British Pound Sterling,&pound;
,,1,2023-10-19T22:04:00Z,23928.0764,price,coindesk,GBP,bitcoin,British Pound Sterling,&pound;
,,1,2023-10-19T22:21:00Z,23953.9711,price,coindesk,GBP,bitcoin,British Pound Sterling,&pound;
,,1,2023-10-19T22:33:00Z,23982.3135,price,coindesk,GBP,bitcoin,British Pound Sterling,&pound;
,,1,2023-10-19T22:48:00Z,23982.6965,price,coindesk,GBP,bitcoin,British Pound Sterling,&pound;
,,1,2023-10-19T23:04:00Z,23956.5412,price,coindesk,GBP,bitcoin,British Pound Sterling,&pound;
,,1,2023-10-19T23:19:00Z,23969.9258,price,coindesk,GBP,bitcoin,British Pound Sterling,&pound;
,,1,2023-10-19T23:33:00Z,23958.2592,price,coindesk,GBP,bitcoin,British Pound Sterling,&pound;
,,1,2023-10-19T23:48:00Z,23972.8037,price,coindesk,GBP,bitcoin,British Pound Sterling,&pound;
,,1,2023-10-20T00:17:00Z,24003.8655,price,coindesk,GBP,bitcoin,British Pound Sterling,&pound;
,,1,2023-10-20T00:48:00Z,23953.6234,price,coindesk,GBP,bitcoin,British Pound Sterling,&pound;
,,1,2023-10-20T01:25:00Z,23930.5754,price,coindesk,GBP,bitcoin,British Pound Sterling,&pound;
,,1,2023-10-20T01:49:00Z,23957.1213,price,coindesk,GBP,bitcoin,British Pound Sterling,&pound;
,,1,2023-10-20T02:10:00Z,23958.9299,price,coindesk,GBP,bitcoin,British Pound Sterling,&pound;
,,1,2023-10-20T02:23:00Z,24084.0165,price,coindesk,GBP,bitcoin,British Pound Sterling,&pound;
,,1,2023-10-20T02:36:00Z,24143.3545,price,coindesk,GBP,bitcoin,British Pound Sterling,&pound;
,,1,2023-10-20T02:48:00Z,24224.6904,price,coindesk,GBP,bitcoin,British Pound Sterling,&pound;
,,1,2023-10-20T03:04:00Z,24190.4309,price,coindesk,GBP,bitcoin,British Pound Sterling,&pound;
,,1,2023-10-20T03:20:00Z,24339.8173,price,coindesk,GBP,bitcoin,British Pound Sterling,&pound;
,,1,2023-10-20T03:33:00Z,24402.4207,price,coindesk,GBP,bitcoin,British Pound Sterling,&pound;
,,1,2023-10-20T03:48:00Z,24386.3387,price,coindesk,GBP,bitcoin,British Pound Sterling,&pound;
,,1,2023-10-20T04:05:00Z,24488.6188,price,coindesk,GBP,bitcoin,British Pound Sterling,&pound;
,,1,2023-10-20T04:22:00Z,24448.6979,price,coindesk,GBP,bitcoin,British Pound Sterling,&pound;
,,1,2023-10-20T04:33:00Z,24461.1845,price,coindesk,GBP,bitcoin,British Pound Sterling,&pound;
,,1,2023-10-20T04:48:00Z,24439.9626,price,coindesk,GBP,bitcoin,British Pound Sterling,&pound;
,,1,2023-10-20T05:04:00Z,24485.5749,price,coindesk,GBP,bitcoin,British Pound Sterling,&pound;
,,1,2023-10-20T05:21:00Z,24438.5607,price,coindesk,GBP,bitcoin,British Pound Sterling,&pound;
,,1,2023-10-20T05:33:00Z,24356.9153,price,coindesk,GBP,bitcoin,British Pound Sterling,&pound;
,,1,2023-10-20T05:48:00Z,24419.0792,price,coindesk,GBP,bitcoin,British Pound Sterling,&pound;
,,1,2023-10-20T06:05:00Z,24415.5159,price,coindesk,GBP,bitcoin,British Pound Sterling,&pound;
,,1,2023-10-20T06:23:00Z,24411.0256,price,coindesk,GBP,bitcoin,British Pound Sterling,&pound;
,,1,2023-10-20T06:34:00Z,24449.6838,price,coindesk,GBP,bitcoin,British Pound Sterling,&pound;
,,1,2023-10-20T06:48:00Z,24454.1928,price,coindesk,GBP,bitcoin,British Pound Sterling,&pound;
,,1,2023-10-20T07:05:00Z,24462.083,price,coindesk,GBP,bitcoin,British Pound Sterling,&pound;
,,1,2023-10-20T07:19:00Z,24465.3249,price,coindesk,GBP,bitcoin,British Pound Sterling,&pound;
,,1,2023-10-20T07:33:00Z,24452.6844,price,coindesk,GBP,bitcoin,British Pound Sterling,&pound;
,,1,2023-10-20T07:48:00Z,24523.6519,price,coindesk,GBP,bitcoin,British Pound Sterling,&pound;
,,1,2023-10-20T08:05:00Z,24470.9363,price,coindesk,GBP,bitcoin,British Pound Sterling,&pound;
,,1,2023-10-20T08:22:00Z,24583.0194,price,coindesk,GBP,bitcoin,British Pound Sterling,&pound;
,,1,2023-10-20T08:33:00Z,24820.0135,price,coindesk,GBP,bitcoin,British Pound Sterling,&pound;
,,1,2023-10-20T08:48:00Z,24868.6588,price,coindesk,GBP,bitcoin,British Pound Sterling,&pound;
,,1,2023-10-20T09:04:00Z,24787.2675,price,coindesk,GBP,bitcoin,British Pound Sterling,&pound;
,,1,2023-10-20T09:20:00Z,24806.8271,price,coindesk,GBP,bitcoin,British Pound Sterling,&pound;
,,1,2023-10-20T09:33:00Z,24863.7168,price,coindesk,GBP,bitcoin,British Pound Sterling,&pound;
,,1,2023-10-20T09:48:00Z,24839.5482,price,coindesk,GBP,bitcoin,British Pound Sterling,&pound;
,,1,2023-10-20T10:04:00Z,24889.9965,price,coindesk,GBP,bitcoin,British Pound Sterling,&pound;
,,1,2023-10-20T10:21:00Z,25021.075,price,coindesk,GBP,bitcoin,British Pound Sterling,&pound;
,,1,2023-10-20T10:33:00Z,24984.8427,price,coindesk,GBP,bitcoin,British Pound Sterling,&pound;
,,1,2023-10-20T10:48:00Z,25024.2,price,coindesk,GBP,bitcoin,British Pound Sterling,&pound;
,,1,2023-10-20T11:04:00Z,24957.0733,price,coindesk,GBP,bitcoin,British Pound Sterling,&pound;
,,1,2023-10-20T11:18:00Z,25064.4413,price,coindesk,GBP,bitcoin,British Pound Sterling,&pound;
,,1,2023-10-20T11:33:00Z,25090.0602,price,coindesk,GBP,bitcoin,British Pound Sterling,&pound;
,,1,2023-10-20T11:48:00Z,25009.0655,price,coindesk,GBP,bitcoin,British Pound Sterling,&pound;
,,1,2023-10-20T12:06:00Z,24977.7579,price,coindesk,GBP,bitcoin,British Pound Sterling,&pound;
,,1,2023-10-20T12:24:00Z,24895.6107,price,coindesk,GBP,bitcoin,British Pound Sterling,&pound;
,,1,2023-10-20T12:40:00Z,24823.8957,price,coindesk,GBP,bitcoin,British Pound Sterling,&pound;
,,1,2023-10-20T12:53:00Z,24626.1643,price,coindesk,GBP,bitcoin,British Pound Sterling,&pound;
,,1,2023-10-20T13:05:00Z,24707.0022,price,coindesk,GBP,bitcoin,British Pound Sterling,&pound;
,,1,2023-10-20T13:22:00Z,24687.2113,price,coindesk,GBP,bitcoin,British Pound Sterling,&pound;
,,1,2023-10-20T13:33:00Z,24649.6057,price,coindesk,GBP,bitcoin,British Pound Sterling,&pound;
,,1,2023-10-20T13:48:00Z,24749.6191,price,coindesk,GBP,bitcoin,British Pound Sterling,&pound;
,,1,2023-10-20T14:04:00Z,24811.4643,price,coindesk,GBP,bitcoin,British Pound Sterling,&pound;
,,1,2023-10-20T14:21:00Z,24680.3339,price,coindesk,GBP,bitcoin,British Pound Sterling,&pound;
,,1,2023-10-20T14:33:00Z,24626.3495,price,coindesk,GBP,bitcoin,British Pound Sterling,&pound;
,,1,2023-10-20T14:48:00Z,24725.5068,price,coindesk,GBP,bitcoin,British Pound Sterling,&pound;
,,1,2023-10-20T15:04:00Z,24682.0021,price,coindesk,GBP,bitcoin,British Pound Sterling,&pound;
,,1,2023-10-20T15:20:00Z,24665.164,price,coindesk,GBP,bitcoin,British Pound Sterling,&pound;
,,1,2023-10-20T15:33:00Z,24679.8498,price,coindesk,GBP,bitcoin,British Pound Sterling,&pound;
,,1,2023-10-20T15:48:00Z,24647.6002,price,coindesk,GBP,bitcoin,British Pound Sterling,&pound;
,,1,2023-10-20T16:04:00Z,24663.442,price,coindesk,GBP,bitcoin,British Pound Sterling,&pound;
,,1,2023-10-20T16:23:00Z,24679.2275,price,coindesk,GBP,bitcoin,British Pound Sterling,&pound;
,,1,2023-10-20T16:35:00Z,24719.3554,price,coindesk,GBP,bitcoin,British Pound Sterling,&pound;
,,1,2023-10-20T16:48:00Z,24685.8111,price,coindesk,GBP,bitcoin,British Pound Sterling,&pound;
,,1,2023-10-20T17:04:00Z,24612.5545,price,coindesk,GBP,bitcoin,British Pound Sterling,&pound;
,,1,2023-10-20T17:20:00Z,24601.9444,price,coindesk,GBP,bitcoin,British Pound Sterling,&pound;
,,1,2023-10-20T17:33:00Z,24636.1154,price,coindesk,GBP,bitcoin,British Pound Sterling,&pound;
,,1,2023-10-20T17:48:00Z,24641.9116,price,coindesk,GBP,bitcoin,British Pound Sterling,&pound;
,,1,2023-10-20T18:04:00Z,24676.776,price,coindesk,GBP,bitcoin,British Pound Sterling,&pound;
,,1,2023-10-20T18:22:00Z,24643.4177,price,coindesk,GBP,bitcoin,British Pound Sterling,&pound;
,,1,2023-10-20T18:33:00Z,24653.7736,price,coindesk,GBP,bitcoin,British Pound Sterling,&pound;
,,1,2023-10-20T18:48:00Z,24651.3791,price,coindesk,GBP,bitcoin,British Pound Sterling,&pound;
,,1,2023-10-20T19:04:00Z,24649.8436,price,coindesk,GBP,bitcoin,British Pound Sterling,&pound;
,,1,2023-10-20T19:18:00Z,24622.1794,price,coindesk,GBP,bitcoin,British Pound Sterling,&pound;
,,1,2023-10-20T19:33:00Z,24601.8894,price,coindesk,GBP,bitcoin,British Pound Sterling,&pound;
,,1,2023-10-20T19:48:00Z,24622.5553,price,coindesk,GBP,bitcoin,British Pound Sterling,&pound;
,,1,2023-10-20T20:04:00Z,24689.7461,price,coindesk,GBP,bitcoin,British Pound Sterling,&pound;
,,1,2023-10-20T20:20:00Z,24713.3607,price,coindesk,GBP,bitcoin,British Pound Sterling,&pound;
,,1,2023-10-20T20:33:00Z,24712.2706,price,coindesk,GBP,bitcoin,British Pound Sterling,&pound;
,,1,2023-10-20T20:48:00Z,24732.3473,price,coindesk,GBP,bitcoin,British Pound Sterling,&pound;
,,1,2023-10-20T21:04:00Z,24733.8035,price,coindesk,GBP,bitcoin,British Pound Sterling,&pound;
,,1,2023-10-20T21:18:00Z,24741.0155,price,coindesk,GBP,bitcoin,British Pound Sterling,&pound;
,,1,2023-10-20T21:33:00Z,24754.1977,price,coindesk,GBP,bitcoin,British Pound Sterling,&pound;
,,1,2023-10-20T21:48:00Z,24756.4592,price,coindesk,GBP,bitcoin,British Pound Sterling,&pound;
,,1,2023-10-20T22:04:00Z,24743.9487,price,coindesk,GBP,bitcoin,British Pound Sterling,&pound;
,,1,2023-10-20T22:20:00Z,24766.0397,price,coindesk,GBP,bitcoin,British Pound Sterling,&pound;
,,1,2023-10-20T22:33:00Z,24767.0232,price,coindesk,GBP,bitcoin,British Pound Sterling,&pound;
,,1,2023-10-20T22:48:00Z,24752.3126,price,coindesk,GBP,bitcoin,British Pound Sterling,&pound;
,,1,2023-10-20T23:04:00Z,24833.9691,price,coindesk,GBP,bitcoin,British Pound Sterling,&pound;
,,1,2023-10-20T23:19:00Z,24825.608,price,coindesk,GBP,bitcoin,British Pound Sterling,&pound;
,,1,2023-10-20T23:33:00Z,24829.324,price,coindesk,GBP,bitcoin,British Pound Sterling,&pound;
,,1,2023-10-20T23:48:00Z,24806.1124,price,coindesk,GBP,bitcoin,British Pound Sterling,&pound;
,,1,2023-10-21T00:16:00Z,24799.5129,price,coindesk,GBP,bitcoin,British Pound Sterling,&pound;
,,1,2023-10-21T00:48:00Z,24746.0984,price,coindesk,GBP,bitcoin,British Pound Sterling,&pound;
,,1,2023-10-21T01:24:00Z,24745.283,price,coindesk,GBP,bitcoin,British Pound Sterling,&pound;
,,1,2023-10-21T01:47:00Z,24705.4691,price,coindesk,GBP,bitcoin,British Pound Sterling,&pound;
,,1,2023-10-21T02:08:00Z,24672.913,price,coindesk,GBP,bitcoin,British Pound Sterling,&pound;
,,1,2023-10-21T02:26:00Z,24667.9829,price,coindesk,GBP,bitcoin,British Pound Sterling,&pound;
,,1,2023-10-21T02:33:00Z,24666.8853,price,coindesk,GBP,bitcoin,British Pound Sterling,&pound;
,,1,2023-10-21T02:48:00Z,24656.1317,price,coindesk,GBP,bitcoin,British Pound Sterling,&pound;
,,1,2023-10-21T03:05:00Z,24647.5404,price,coindesk,GBP,bitcoin,British Pound Sterling,&pound;
,,1,2023-10-21T03:20:00Z,24676.0422,price,coindesk,GBP,bitcoin,British Pound Sterling,&pound;
,,1,2023-10-21T03:33:00Z,24718.1497,price,coindesk,GBP,bitcoin,British Pound Sterling,&pound;
,,1,2023-10-21T03:48:00Z,24744.6247,price,coindesk,GBP,bitcoin,British Pound Sterling,&pound;
,,1,2023-10-21T04:04:00Z,24743.7167,price,coindesk,GBP,bitcoin,British Pound Sterling,&pound;
,,1,2023-10-21T04:22:00Z,24745.6287,price,coindesk,GBP,bitcoin,British Pound Sterling,&pound;
,,1,2023-10-21T04:33:00Z,24735.2403,price,coindesk,GBP,bitcoin,British Pound Sterling,&pound;
,,1,2023-10-21T04:48:00Z,24731.5356,price,coindesk,GBP,bitcoin,British Pound Sterling,&pound;
,,1,2023-10-21T05:04:00Z,24697.6156,price,coindesk,GBP,bitcoin,British Pound Sterling,&pound;
,,1,2023-10-21T05:20:00Z,24708.9154,price,coindesk,GBP,bitcoin,British Pound Sterling,&pound;
,,1,2023-10-21T05:33:00Z,24722.0715,price,coindesk,GBP,bitcoin,British Pound Sterling,&pound;
,,1,2023-10-21T05:48:00Z,24722.2135,price,coindesk,GBP,bitcoin,British Pound Sterling,&pound;
,,1,2023-10-21T06:05:00Z,24733.0152,price,coindesk,GBP,bitcoin,British Pound Sterling,&pound;
,,1,2023-10-21T06:22:00Z,24741.5206,price,coindesk,GBP,bitcoin,British Pound Sterling,&pound;
,,1,2023-10-21T06:33:00Z,24813.0875,price,coindesk,GBP,bitcoin,British Pound Sterling,&pound;
,,1,2023-10-21T06:48:00Z,24819.1476,price,coindesk,GBP,bitcoin,British Pound Sterling,&pound;
,,1,2023-10-21T07:04:00Z,24798.5991,price,coindesk,GBP,bitcoin,British Pound Sterling,&pound;
,,1,2023-10-21T07:18:00Z,24796.7597,price,coindesk,GBP,bitcoin,British Pound Sterling,&pound;
,,1,2023-10-21T07:33:00Z,24832.7171,price,coindesk,GBP,bitcoin,British Pound Sterling,&pound;
,,1,2023-10-21T07:48:00Z,24817.1465,price,coindesk,GBP,bitcoin,British Pound Sterling,&pound;
,,1,2023-10-21T08:04:00Z,24800.3024,price,coindesk,GBP,bitcoin,British Pound Sterling,&pound;
,,1,2023-10-21T08:21:00Z,24803.2894,price,coindesk,GBP,bitcoin,British Pound Sterling,&pound;
,,1,2023-10-21T08:33:00Z,24828.2959,price,coindesk,GBP,bitcoin,British Pound Sterling,&pound;
,,1,2023-10-21T08:48:00Z,24812.1602,price,coindesk,GBP,bitcoin,British Pound Sterling,&pound;
,,1,2023-10-21T09:04:00Z,24781.7066,price,coindesk,GBP,bitcoin,British Pound Sterling,&pound;
,,1,2023-10-21T09:19:00Z,24792.9667,price,coindesk,GBP,bitcoin,British Pound Sterling,&pound;
,,1,2023-10-21T09:33:00Z,24810.7189,price,coindesk,GBP,bitcoin,British Pound Sterling,&pound;
,,1,2023-10-21T09:48:00Z,24867.1914,price,coindesk,GBP,bitcoin,British Pound Sterling,&pound;
,,1,2023-10-21T10:04:00Z,24920.6322,price,coindesk,GBP,bitcoin,British Pound Sterling,&pound;
,,1,2023-10-21T10:21:00Z,24914.1634,price,coindesk,GBP,bitcoin,British Pound Sterling,&pound;
,,1,2023-10-21T10:33:00Z,24901.6466,price,coindesk,GBP,bitcoin,British Pound Sterling,&pound;
,,1,2023-10-21T10:48:00Z,24891.7796,price,coindesk,GBP,bitcoin,British Pound Sterling,&pound;
,,1,2023-10-21T11:04:00Z,24881.0496,price,coindesk,GBP,bitcoin,British Pound Sterling,&pound;
,,1,2023-10-21T11:18:00Z,24927.7355,price,coindesk,GBP,bitcoin,British Pound Sterling,&pound;
,,1,2023-10-21T11:33:00Z,24927.4768,price,coindesk,GBP,bitcoin,British Pound Sterling,&pound;
,,1,2023-10-21T11:48:00Z,24922.2672,price,coindesk,GBP,bitcoin,British Pound Sterling,&pound;
,,1,2023-10-21T12:05:00Z,24900.3164,price,coindesk,GBP,bitcoin,British Pound Sterling,&pound;
,,1,2023-10-21T12:24:00Z,24878.3955,price,coindesk,GBP,bitcoin,British Pound Sterling,&pound;
,,1,2023-10-21T12:39:00Z,24898.6122,price,coindesk,GBP,bitcoin,British Pound Sterling,&pound;
,,1,2023-10-21T12:50:00Z,24919.1554,price,coindesk,GBP,bitcoin,British Pound Sterling,&pound;
,,1,2023-10-21T13:04:00Z,24877.2573,price,coindesk,GBP,bitcoin,British Pound Sterling,&pound;
,,1,2023-10-21T13:20:00Z,24842.6027,price,coindesk,GBP,bitcoin,British Pound Sterling,&pound;
,,1,2023-10-21T13:33:00Z,24861.9529,price,coindesk,GBP,bitcoin,British Pound Sterling,&pound;
,,1,2023-10-21T13:48:00Z,24873.2739,price,coindesk,GBP,bitcoin,British Pound Sterling,&pound;
,,1,2023-10-21T14:04:00Z,24879.9073,price,coindesk,GBP,bitcoin,British Pound Sterling,&pound;
,,1,2023-10-21T14:20:00Z,24908.9586,price,coindesk,GBP,bitcoin,British Pound Sterling,&pound;
,,1,2023-10-21T14:33:00Z,24894.5837,price,coindesk,GBP,bitcoin,British Pound Sterling,&pound;
,,1,2023-10-21T14:48:00Z,24968.5848,price,coindesk,GBP,bitcoin,British Pound Sterling,&pound;
,,1,2023-10-21T15:04:00Z,25027.9037,price,coindesk,GBP,bitcoin,British Pound Sterling,&pound;
,,1,2023-10-21T15:19:00Z,24928.2704,price,coindesk,GBP,bitcoin,British Pound Sterling,&pound;
,,1,2023-10-21T15:33:00Z,24933.1494,price,coindesk,GBP,bitcoin,British Pound Sterling,&pound;
,,1,2023-10-21T15:48:00Z,24969.0222,price,coindesk,GBP,bitcoin,British Pound Sterling,&pound;
,,1,2023-10-21T16:04:00Z,24994.2039,price,coindesk,GBP,bitcoin,British Pound Sterling,&pound;
,,1,2023-10-21T16:22:00Z,24976.3608,price,coindesk,GBP,bitcoin,British Pound Sterling,&pound;
,,1,2023-10-21T16:34:00Z,24978.589,price,coindesk,GBP,bitcoin,British Pound Sterling,&pound;
,,1,2023-10-21T16:48:00Z,25018.4487,price,coindesk,GBP,bitcoin,British Pound Sterling,&pound;
,,1,2023-10-21T17:04:00Z,24949.8976,price,coindesk,GBP,bitcoin,British Pound Sterling,&pound;
,,1,2023-10-21T17:20:00Z,24976.0414,price,coindesk,GBP,bitcoin,British Pound Sterling,&pound;
,,1,2023-10-21T17:33:00Z,25012.3942,price,coindesk,GBP,bitcoin,British Pound Sterling,&pound;
,,1,2023-10-21T17:48:00Z,25139.5233,price,coindesk,GBP,bitcoin,British Pound Sterling,&pound;
,,1,2023-10-21T18:04:00Z,25224.7088,price,coindesk,GBP,bitcoin,British Pound Sterling,&pound;
,,1,2023-10-21T18:22:00Z,25147.9196,price,coindesk,GBP,bitcoin,British Pound Sterling,&pound;
,,1,2023-10-21T18:33:00Z,25105.3134,price,coindesk,GBP,bitcoin,British Pound Sterling,&pound;
,,1,2023-10-21T18:48:00Z,25158.1977,price,coindesk,GBP,bitcoin,British Pound Sterling,&pound;
,,1,2023-10-21T19:04:00Z,25233.7372,price,coindesk,GBP,bitcoin,British Pound Sterling,&pound;
,,1,2023-10-21T19:18:00Z,25152.4448,price,coindesk,GBP,bitcoin,British Pound Sterling,&pound;
,,1,2023-10-21T19:33:00Z,25120.9623,price,coindesk,GBP,bitcoin,British Pound Sterling,&pound;
,,1,2023-10-21T19:48:00Z,25176.2956,price,coindesk,GBP,bitcoin,British Pound Sterling,&pound;
,,1,2023-10-21T20:05:00Z,25169.1415,price,coindesk,GBP,bitcoin,British Pound Sterling,&pound;
,,1,2023-10-21T20:19:00Z,25122.7044,price,coindesk,GBP,bitcoin,British Pound Sterling,&pound;
,,1,2023-10-21T20:33:00Z,25103.5907,price,coindesk,GBP,bitcoin,British Pound Sterling,&pound;
,,1,2023-10-21T20:48:00Z,25070.5052,price,coindesk,GBP,bitcoin,British Pound Sterling,&pound;
,,1,2023-10-21T21:04:00Z,25102.0981,price,coindesk,GBP,bitcoin,British Pound Sterling,&pound;
,,1,2023-10-21T21:18:00Z,25092.4525,price,coindesk,GBP,bitcoin,British Pound Sterling,&pound;
,,1,2023-10-21T21:33:00Z,25123.63,price,coindesk,GBP,bitcoin,British Pound Sterling,&pound;
,,1,2023-10-21T21:48:00Z,25057.9786,price,coindesk,GBP,bitcoin,British Pound Sterling,&pound;
,,1,2023-10-21T22:04:00Z,25092.0482,price,coindesk,GBP,bitcoin,British Pound Sterling,&pound;
,,1,2023-10-21T22:20:00Z,25083.9916,price,coindesk,GBP,bitcoin,British Pound Sterling,&pound;
,,1,2023-10-21T22:33:00Z,25031.1567,price,coindesk,GBP,bitcoin,British Pound Sterling,&pound;
,,1,2023-10-21T22:48:00Z,25069.0323,price,coindesk,GBP,bitcoin,British Pound Sterling,&pound;
,,1,2023-10-21T23:04:00Z,25042.4401,price,coindesk,GBP,bitcoin,British Pound Sterling,&pound;
,,1,2023-10-21T23:19:00Z,25010.1879,price,coindesk,GBP,bitcoin,British Pound Sterling,&pound;
,,1,2023-10-21T23:33:00Z,25010.256,price,coindesk,GBP,bitcoin,British Pound Sterling,&pound;
,,1,2023-10-21T23:48:00Z,24987.201,price,coindesk,GBP,bitcoin,British Pound Sterling,&pound;
,,1,2023-10-22T00:19:00Z,25034.198,price,coindesk,GBP,bitcoin,British Pound Sterling,&pound;
,,1,2023-10-22T00:48:00Z,25038.7695,price,coindesk,GBP,bitcoin,British Pound Sterling,&pound;
,,1,2023-10-22T01:28:00Z,25027.9193,price,coindesk,GBP,bitcoin,British Pound Sterling,&pound;
,,1,2023-10-22T01:53:00Z,25009.4655,price,coindesk,GBP,bitcoin,British Pound Sterling,&pound;
,,1,2023-10-22T02:12:00Z,24982.388,price,coindesk,GBP,bitcoin,British Pound Sterling,&pound;
,,1,2023-10-22T02:26:00Z,24960.9876,price,coindesk,GBP,bitcoin,British Pound Sterling,&pound;
,,1,2023-10-22T02:35:00Z,24972.0591,price,coindesk,GBP,bitcoin,British Pound Sterling,&pound;
,,1,2023-10-22T02:48:00Z,24960.5604,price,coindesk,GBP,bitcoin,British Pound Sterling,&pound;
,,1,2023-10-22T03:04:00Z,24952.9897,price,coindesk,GBP,bitcoin,British Pound Sterling,&pound;
,,1,2023-10-22T03:20:00Z,24972.1958,price,coindesk,GBP,bitcoin,British Pound Sterling,&pound;
,,1,2023-10-22T03:33:00Z,24974.302,price,coindesk,GBP,bitcoin,British Pound Sterling,&pound;
,,1,2023-10-22T03:48:00Z,24993.197,price,coindesk,GBP,bitcoin,British Pound Sterling,&pound;
,,1,2023-10-22T04:04:00Z,24996.473,price,coindesk,GBP,bitcoin,British Pound Sterling,&pound;
,,1,2023-10-22T04:21:00Z,25005.565,price,coindesk,GBP,bitcoin,British Pound Sterling,&pound;
,,1,2023-10-22T04:33:00Z,25026.5158,price,coindesk,GBP,bitcoin,British Pound Sterling,&pound;
,,1,2023-10-22T04:48:00Z,25063.9215,price,coindesk,GBP,bitcoin,British Pound Sterling,&pound;
,,1,2023-10-22T05:04:00Z,25081.8517,price,coindesk,GBP,bitcoin,British Pound Sterling,&pound;
,,1,2023-10-22T05:20:00Z,25121.1504,price,coindesk,GBP,bitcoin,British Pound Sterling,&pound;
,,1,2023-10-22T05:33:00Z,25086.2175,price,coindesk,GBP,bitcoin,British Pound Sterling,&pound;
,,1,2023-10-22T05:48:00Z,25063.4774,price,coindesk,GBP,bitcoin,British Pound Sterling,&pound;
,,1,2023-10-22T06:05:00Z,25211.2438,price,coindesk,GBP,bitcoin,British Pound Sterling,&pound;
,,1,2023-10-22T06:22:00Z,25156.8416,price,coindesk,GBP,bitcoin,British Pound Sterling,&pound;
,,1,2023-10-22T06:33:00Z,25170.9389,price,coindesk,GBP,bitcoin,British Pound Sterling,&pound;
,,1,2023-10-22T06:48:00Z,25176.2667,price,coindesk,GBP,bitcoin,British Pound Sterling,&pound;
,,1,2023-10-22T07:04:00Z,25115.7409,price,coindesk,GBP,bitcoin,British Pound Sterling,&pound;
,,1,2023-10-22T07:18:00Z,25055.2952,price,coindesk,GBP,bitcoin,British Pound Sterling,&pound;
,,1,2023-10-22T07:33:00Z,25003.26,price,coindesk,GBP,bitcoin,British Pound Sterling,&pound;
,,1,2023-10-22T07:48:00Z,24909.9498,price,coindesk,GBP,bitcoin,British Pound Sterling,&pound;
,,1,2023-10-22T08:04:00Z,24952.7155,price,coindesk,GBP,bitcoin,British Pound Sterling,&pound;
,,1,2023-10-22T08:21:00Z,24941.4097,price,coindesk,GBP,bitcoin,British Pound Sterling,&pound;
,,1,2023-10-22T08:33:00Z,24906.2343,price,coindesk,GBP,bitcoin,British Pound Sterling,&pound;
,,1,2023-10-22T08:48:00Z,24947.8824,price,coindesk,GBP,bitcoin,British Pound Sterling,&pound;
,,1,2023-10-22T09:04:00Z,24959.4589,price,coindesk,GBP,bitcoin,British Pound Sterling,&pound;
,,1,2023-10-22T09:19:00Z,25041.2023,price,coindesk,GBP,bitcoin,British Pound Sterling,&pound;
,,1,2023-10-22T09:33:00Z,25035.5877,price,coindesk,GBP,bitcoin,British Pound Sterling,&pound;
,,1,2023-10-22T09:48:00Z,24988.5934,price,coindesk,GBP,bitcoin,British Pound Sterling,&pound;
,,1,2023-10-22T10:04:00Z,24988.675,price,coindesk,GBP,bitcoin,British Pound Sterling,&pound;
,,1,2023-10-22T10:21:00Z,25013.2633,price,coindesk,GBP,bitcoin,British Pound Sterling,&pound;
,,1,2023-10-22T10:33:00Z,24994.7446,price,coindesk,GBP,bitcoin,British Pound Sterling,&pound;
,,1,2023-10-22T10:48:00Z,25015.089,price,coindesk,GBP,bitcoin,British Pound Sterling,&pound;
,,1,2023-10-22T11:04:00Z,24979.0094,price,coindesk,GBP,bitcoin,British Pound Sterling,&pound;
,,1,2023-10-22T11:18:00Z,24988.5815,price,coindesk,GBP,bitcoin,British Pound Sterling,&pound;
,,1,2023-10-22T11:33:00Z,24974.1772,price,coindesk,GBP,bitcoin,British Pound Sterling,&pound;
,,1,2023-10-22T11:48:00Z,24965.9024,price,coindesk,GBP,bitcoin,British Pound Sterling,&pound;
,,1,2023-10-22T12:05:00Z,25022.2779,price,coindesk,GBP,bitcoin,British Pound Sterling,&pound;
,,1,2023-10-22T12:24:00Z,25022.8185,price,coindesk,GBP,bitcoin,British Pound Sterling,&pound;
,,1,2023-10-22T12:39:00Z,25010.3266,price,coindesk,GBP,bitcoin,British Pound Sterling,&pound;
,,1,2023-10-22T12:51:00Z,24996.3982,price,coindesk,GBP,bitcoin,British Pound Sterling,&pound;
,,1,2023-10-22T13:04:00Z,25000.517,price,coindesk,GBP,bitcoin,British Pound Sterling,&pound;
,,1,2023-10-22T13:20:00Z,25000.5142,price,coindesk,GBP,bitcoin,British Pound Sterling,&pound;
,,1,2023-10-22T13:33:00Z,25024.5225,price,coindesk,GBP,bitcoin,British Pound Sterling,&pound;
,,1,2023-10-22T13:48:00Z,25016.3025,price,coindesk,GBP,bitcoin,British Pound Sterling,&pound;
,,1,2023-10-22T14:04:00Z,25010.5368,price,coindesk,GBP,bitcoin,British Pound Sterling,&pound;
,,1,2023-10-22T14:20:00Z,24999.7811,price,coindesk,GBP,bitcoin,British Pound Sterling,&pound;
,,1,2023-10-22T14:33:00Z,24968.5116,price,coindesk,GBP,bitcoin,British Pound Sterling,&pound;
,,1,2023-10-22T14:48:00Z,24972.0781,price,coindesk,GBP,bitcoin,British Pound Sterling,&pound;
,,1,2023-10-22T15:05:00Z,24964.3706,price,coindesk,GBP,bitcoin,British Pound Sterling,&pound;
,,1,2023-10-22T15:20:00Z,24968.8272,price,coindesk,GBP,bitcoin,British Pound Sterling,&pound;
,,1,2023-10-22T15:33:00Z,24961.8104,price,coindesk,GBP,bitcoin,British Pound Sterling,&pound;
,,1,2023-10-22T15:48:00Z,24922.6896,price,coindesk,GBP,bitcoin,British Pound Sterling,&pound;
,,1,2023-10-22T16:04:00Z,24933.8836,price,coindesk,GBP,bitcoin,British Pound Sterling,&pound;
,,1,2023-10-22T16:22:00Z,24962.8561,price,coindesk,GBP,bitcoin,British Pound Sterling,&pound;
,,1,2023-10-22T16:34:00Z,24979.1109,price,coindesk,GBP,bitcoin,British Pound Sterling,&pound;
,,1,2023-10-22T16:48:00Z,24953.2968,price,coindesk,GBP,bitcoin,British Pound Sterling,&pound;
,,1,2023-10-22T17:04:00Z,24974.526,price,coindesk,GBP,bitcoin,British Pound Sterling,&pound;
,,1,2023-10-22T17:20:00Z,25015.1942,price,coindesk,GBP,bitcoin,British Pound Sterling,&pound;
,,1,2023-10-22T17:33:00Z,25007.608,price,coindesk,GBP,bitcoin,British Pound Sterling,&pound;
,,1,2023-10-22T17:48:00Z,25005.6214,price,coindesk,GBP,bitcoin,British Pound Sterling,&pound;
,,1,2023-10-22T18:04:00Z,25004.2037,price,coindesk,GBP,bitcoin,British Pound Sterling,&pound;
,,1,2023-10-22T18:22:00Z,24990.4738,price,coindesk,GBP,bitcoin,British Pound Sterling,&pound;
,,1,2023-10-22T18:33:00Z,24989.8414,price,coindesk,GBP,bitcoin,British Pound Sterling,&pound;
,,1,2023-10-22T18:48:00Z,24991.9211,price,coindesk,GBP,bitcoin,British Pound Sterling,&pound;
,,1,2023-10-22T19:04:00Z,24980.4552,price,coindesk,GBP,bitcoin,British Pound Sterling,&pound;
,,1,2023-10-22T19:18:00Z,24989.8498,price,coindesk,GBP,bitcoin,British Pound Sterling,&pound;
,,1,2023-10-22T19:33:00Z,24996.6286,price,coindesk,GBP,bitcoin,British Pound Sterling,&pound;
,,1,2023-10-22T19:48:00Z,24974.2406,price,coindesk,GBP,bitcoin,British Pound Sterling,&pound;
,,1,2023-10-22T20:04:00Z,24960.2029,price,coindesk,GBP,bitcoin,British Pound Sterling,&pound;
,,1,2023-10-22T20:19:00Z,24966.0747,price,coindesk,GBP,bitcoin,British Pound Sterling,&pound;
,,1,2023-10-22T20:33:00Z,24955.3265,price,coindesk,GBP,bitcoin,British Pound Sterling,&pound;
,,1,2023-10-22T20:48:00Z,24967.024,price,coindesk,GBP,bitcoin,British Pound Sterling,&pound;
,,1,2023-10-22T21:04:00Z,24937.7951,price,coindesk,GBP,bitcoin,British Pound Sterling,&pound;
,,1,2023-10-22T21:18:00Z,24911.4589,price,coindesk,GBP,bitcoin,British Pound Sterling,&pound;
,,1,2023-10-22T21:33:00Z,24938.2499,price,coindesk,GBP,bitcoin,British Pound Sterling,&pound;
,,1,2023-10-22T21:48:00Z,24912.2689,price,coindesk,GBP,bitcoin,British Pound Sterling,&pound;
,,1,2023-10-22T22:04:00Z,24858.6771,price,coindesk,GBP,bitcoin,British Pound Sterling,&pound;
,,1,2023-10-22T22:20:00Z,24930.1056,price,coindesk,GBP,bitcoin,British Pound Sterling,&pound;
,,1,2023-10-22T22:33:00Z,24931.5112,price,coindesk,GBP,bitcoin,British Pound Sterling,&pound;
,,1,2023-10-22T22:48:00Z,25032.2127,price,coindesk,GBP,bitcoin,British Pound Sterling,&pound;
,,1,2023-10-22T23:04:00Z,25032.1696,price,coindesk,GBP,bitcoin,British Pound Sterling,&pound;
,,1,2023-10-22T23:19:00Z,25037.1551,price,coindesk,GBP,bitcoin,British Pound Sterling,&pound;
,,1,2023-10-22T23:33:00Z,25034.3731,price,coindesk,GBP,bitcoin,British Pound Sterling,&pound;
,,1,2023-10-22T23:48:00Z,25054.709,price,coindesk,GBP,bitcoin,British Pound Sterling,&pound;
,,1,2023-10-23T00:18:00Z,25028.7286,price,coindesk,GBP,bitcoin,British Pound Sterling,&pound;
,,1,2023-10-23T00:48:00Z,25121.3536,price,coindesk,GBP,bitcoin,British Pound Sterling,&pound;
,,1,2023-10-23T01:26:00Z,25279.9912,price,coindesk,GBP,bitcoin,British Pound Sterling,&pound;
,,1,2023-10-23T01:49:00Z,25316.0988,price,coindesk,GBP,bitcoin,British Pound Sterling,&pound;
,,1,2023-10-23T02:11:00Z,25268.184,price,coindesk,GBP,bitcoin,British Pound Sterling,&pound;
,,1,2023-10-23T02:24:00Z,25294.0459,price,coindesk,GBP,bitcoin,British Pound Sterling,&pound;
,,1,2023-10-23T02:33:00Z,25305.6949,price,coindesk,GBP,bitcoin,British Pound Sterling,&pound;
,,1,2023-10-23T02:48:00Z,25359.1054,price,coindesk,GBP,bitcoin,British Pound Sterling,&pound;
,,1,2023-10-23T03:04:00Z,25362.2077,price,coindesk,GBP,bitcoin,British Pound Sterling,&pound;
,,1,2023-10-23T03:20:00Z,25343.7622,price,coindesk,GBP,bitcoin,British Pound Sterling,&pound;
,,1,2023-10-23T03:33:00Z,25398.5034,price,coindesk,GBP,bitcoin,British Pound Sterling,&pound;
,,1,2023-10-23T03:48:00Z,25517.5614,price,coindesk,GBP,bitcoin,British Pound Sterling,&pound;
,,1,2023-10-23T04:04:00Z,25707.1977,price,coindesk,GBP,bitcoin,British Pound Sterling,&pound;
,,1,2023-10-23T04:22:00Z,25565.5773,price,coindesk,GBP,bitcoin,British Pound Sterling,&pound;
,,1,2023-10-23T04:33:00Z,25585.3677,price,coindesk,GBP,bitcoin,British Pound Sterling,&pound;
,,1,2023-10-23T04:48:00Z,25610.691,price,coindesk,GBP,bitcoin,British Pound Sterling,&pound;
,,1,2023-10-23T05:04:00Z,25559.138,price,coindesk,GBP,bitcoin,British Pound Sterling,&pound;
,,1,2023-10-23T05:21:00Z,25734.1013,price,coindesk,GBP,bitcoin,British Pound Sterling,&pound;
,,1,2023-10-23T05:33:00Z,25773.2677,price,coindesk,GBP,bitcoin,British Pound Sterling,&pound;
,,1,2023-10-23T05:48:00Z,25749.1125,price,coindesk,GBP,bitcoin,British Pound Sterling,&pound;
,,1,2023-10-23T06:05:00Z,25744.1832,price,coindesk,GBP,bitcoin,British Pound Sterling,&pound;
,,1,2023-10-23T06:23:00Z,25666.7449,price,coindesk,GBP,bitcoin,British Pound Sterling,&pound;
,,1,2023-10-23T06:34:00Z,25661.8555,price,coindesk,GBP,bitcoin,British Pound Sterling,&pound;
,,1,2023-10-23T06:48:00Z,25705.0421,price,coindesk,GBP,bitcoin,British Pound Sterling,&pound;
,,1,2023-10-23T07:05:00Z,25635.8811,price,coindesk,GBP,bitcoin,British Pound Sterling,&pound;
,,1,2023-10-23T07:19:00Z,25654.0337,price,coindesk,GBP,bitcoin,British Pound Sterling,&pound;
,,1,2023-10-23T07:33:00Z,25673.7779,price,coindesk,GBP,bitcoin,British Pound Sterling,&pound;
,,1,2023-10-23T07:48:00Z,25660.7971,price,coindesk,GBP,bitcoin,British Pound Sterling,&pound;
,,1,2023-10-23T08:05:00Z,25491.7277,price,coindesk,GBP,bitcoin,British Pound Sterling,&pound;
,,1,2023-10-23T08:23:00Z,25475.4699,price,coindesk,GBP,bitcoin,British Pound Sterling,&pound;
,,1,2023-10-23T08:34:00Z,25516.1612,price,coindesk,GBP,bitcoin,British Pound Sterling,&pound;
,,1,2023-10-23T08:48:00Z,25548.336,price,coindesk,GBP,bitcoin,British Pound Sterling,&pound;
,,1,2023-10-23T09:05:00Z,25602.7062,price,coindesk,GBP,bitcoin,British Pound Sterling,&pound;
,,1,2023-10-23T09:20:00Z,25548.3595,price,coindesk,GBP,bitcoin,British Pound Sterling,&pound;
,,1,2023-10-23T09:33:00Z,25454.3169,price,coindesk,GBP,bitcoin,British Pound Sterling,&pound;
,,1,2023-10-23T09:48:00Z,25400.6964,price,coindesk,GBP,bitcoin,British Pound Sterling,&pound;
,,1,2023-10-23T10:05:00Z,25477.1019,price,coindesk,GBP,bitcoin,British Pound Sterling,&pound;
,,1,2023-10-23T10:22:00Z,25513.9542,price,coindesk,GBP,bitcoin,British Pound Sterling,&pound;
,,1,2023-10-23T10:34:00Z,25530.0499,price,coindesk,GBP,bitcoin,British Pound Sterling,&pound;
,,1,2023-10-23T10:48:00Z,25525.8944,price,coindesk,GBP,bitcoin,British Pound Sterling,&pound;
,,1,2023-10-23T11:04:00Z,25542.5948,price,coindesk,GBP,bitcoin,British Pound Sterling,&pound;
,,1,2023-10-23T11:18:00Z,25549.2343,price,coindesk,GBP,bitcoin,British Pound Sterling,&pound;
,,1,2023-10-23T11:33:00Z,25592.5262,price,coindesk,GBP,bitcoin,British Pound Sterling,&pound;
,,1,2023-10-23T11:48:00Z,25625.1391,price,coindesk,GBP,bitcoin,British Pound Sterling,&pound;
,,1,2023-10-23T12:06:00Z,25627.6355,price,coindesk,GBP,bitcoin,British Pound Sterling,&pound;
,,1,2023-10-23T12:24:00Z,25672.1064,price,coindesk,GBP,bitcoin,British Pound Sterling,&pound;
,,1,2023-10-23T12:41:00Z,25592.4027,price,coindesk,GBP,bitcoin,British Pound Sterling,&pound;
,,1,2023-10-23T12:54:00Z,25605.473,price,coindesk,GBP,bitcoin,British Pound Sterling,&pound;
,,1,2023-10-23T13:05:00Z,25607.2853,price,coindesk,GBP,bitcoin,British Pound Sterling,&pound;
,,1,2023-10-23T13:22:00Z,25593.8855,price,coindesk,GBP,bitcoin,British Pound Sterling,&pound;
,,1,2023-10-23T13:33:00Z,25476.3688,price,coindesk,GBP,bitcoin,British Pound Sterling,&pound;
,,1,2023-10-23T13:48:00Z,25539.0947,price,coindesk,GBP,bitcoin,British Pound Sterling,&pound;
,,1,2023-10-23T14:04:00Z,25571.8317,price,coindesk,GBP,bitcoin,British Pound Sterling,&pound;
,,1,2023-10-23T14:21:00Z,25645.7388,price,coindesk,GBP,bitcoin,British Pound Sterling,&pound;
,,1,2023-10-23T14:33:00Z,25610.0319,price,coindesk,GBP,bitcoin,British Pound Sterling,&pound;
,,1,2023-10-23T14:48:00Z,25684.5158,price,coindesk,GBP,bitcoin,British Pound Sterling,&pound;
,,1,2023-10-23T15:04:00Z,25720.261,price,coindesk,GBP,bitcoin,British Pound Sterling,&pound;
,,1,2023-10-23T15:20:00Z,25707.8736,price,coindesk,GBP,bitcoin,British Pound Sterling,&pound;
,,1,2023-10-23T15:33:00Z,25728.0609,price,coindesk,GBP,bitcoin,British Pound Sterling,&pound;
,,1,2023-10-23T15:48:00Z,25766.4758,price,coindesk,GBP,bitcoin,British Pound Sterling,&pound;
,,1,2023-10-23T16:04:00Z,25774.0216,price,coindesk,GBP,bitcoin,British Pound Sterling,&pound;
,,1,2023-10-23T16:23:00Z,25808.2082,price,coindesk,GBP,bitcoin,British Pound Sterling,&pound;
,,1,2023-10-23T16:38:00Z,25849.6764,price,coindesk,GBP,bitcoin,British Pound Sterling,&pound;
,,1,2023-10-23T16:48:00Z,25956.1533,price,coindesk,GBP,bitcoin,British Pound Sterling,&pound;
,,1,2023-10-23T17:04:00Z,25999.5185,price,coindesk,GBP,bitcoin,British Pound Sterling,&pound;
,,1,2023-10-23T17:20:00Z,25991.8927,price,coindesk,GBP,bitcoin,British Pound Sterling,&pound;
,,1,2023-10-23T17:33:00Z,25856.3534,price,coindesk,GBP,bitcoin,British Pound Sterling,&pound;
,,1,2023-10-23T17:48:00Z,25921.4485,price,coindesk,GBP,bitcoin,British Pound Sterling,&pound;
,,1,2023-10-23T18:04:00Z,25961.538,price,coindesk,GBP,bitcoin,British Pound Sterling,&pound;
,,1,2023-10-23T18:22:00Z,25934.2759,price,coindesk,GBP,bitcoin,British Pound Sterling,&pound;
,,1,2023-10-23T18:33:00Z,25902.2429,price,coindesk,GBP,bitcoin,British Pound Sterling,&pound;
,,1,2023-10-23T18:48:00Z,25890.5603,price,coindesk,GBP,bitcoin,British Pound Sterling,&pound;
,,1,2023-10-23T19:04:00Z,26177.2607,price,coindesk,GBP,bitcoin,British Pound Sterling,&pound;
,,1,2023-10-23T19:18:00Z,26079.1221,price,coindesk,GBP,bitcoin,British Pound Sterling,&pound;
,,1,2023-10-23T19:33:00Z,26051.6383,price,coindesk,GBP,bitcoin,British Pound Sterling,&pound;
,,1,2023-10-23T19:48:00Z,26165.4797,price,coindesk,GBP,bitcoin,British Pound Sterling,&pound;
,,1,2023-10-23T20:04:00Z,26258.0371,price,coindesk,GBP,bitcoin,British Pound Sterling,&pound;
,,1,2023-10-23T20:19:00Z,26426.4074,price,coindesk,GBP,bitcoin,British Pound Sterling,&pound;
,,1,2023-10-23T20:33:00Z,26450.029,price,coindesk,GBP,bitcoin,British Pound Sterling,&pound;
,,1,2023-10-23T20:48:00Z,26508.4689,price,coindesk,GBP,bitcoin,British Pound Sterling,&pound;
,,1,2023-10-23T21:04:00Z,26403.7464,price,coindesk,GBP,bitcoin,British Pound Sterling,&pound;
,,1,2023-10-23T21:18:00Z,26309.7802,price,coindesk,GBP,bitcoin,British Pound Sterling,&pound;
,,1,2023-10-23T21:33:00Z,26383.3646,price,coindesk,GBP,bitcoin,British Pound Sterling,&pound;
,,1,2023-10-23T21:48:00Z,26399.9359,price,coindesk,GBP,bitcoin,British Pound Sterling,&pound;
,,1,2023-10-23T22:04:00Z,26422.5964,price,coindesk,GBP,bitcoin,British Pound Sterling,&pound;
,,1,2023-10-23T22:21:00Z,26686.3648,price,coindesk,GBP,bitcoin,British Pound Sterling,&pound;
,,1,2023-10-23T22:33:00Z,26808.2959,price,coindesk,GBP,bitcoin,British Pound Sterling,&pound;
,,1,2023-10-23T22:48:00Z,27524.0914,price,coindesk,GBP,bitcoin,British Pound Sterling,&pound;
,,1,2023-10-23T23:04:00Z,27733.7413,price,coindesk,GBP,bitcoin,British Pound Sterling,&pound;
,,1,2023-10-23T23:20:00Z,27617.3805,price,coindesk,GBP,bitcoin,British Pound Sterling,&pound;
,,1,2023-10-23T23:33:00Z,27508.0596,price,coindesk,GBP,bitcoin,British Pound Sterling,&pound;
,,1,2023-10-23T23:48:00Z,27441.6364,price,coindesk,GBP,bitcoin,British Pound Sterling,&pound;
,,1,2023-10-24T00:17:00Z,27554.3397,price,coindesk,GBP,bitcoin,British Pound Sterling,&pound;
,,1,2023-10-24T00:48:00Z,27992.1669,price,coindesk,GBP,bitcoin,British Pound Sterling,&pound;
,,1,2023-10-24T01:25:00Z,28150.0672,price,coindesk,GBP,bitcoin,British Pound Sterling,&pound;
,,1,2023-10-24T01:48:00Z,28268.2643,price,coindesk,GBP,bitcoin,British Pound Sterling,&pound;
,,1,2023-10-24T02:10:00Z,28718.8102,price,coindesk,GBP,bitcoin,British Pound Sterling,&pound;
,,1,2023-10-24T02:23:00Z,29022.9904,price,coindesk,GBP,bitcoin,British Pound Sterling,&pound;
,,1,2023-10-24T02:33:00Z,29083.4317,price,coindesk,GBP,bitcoin,British Pound Sterling,&pound;
,,1,2023-10-24T02:48:00Z,29034.1422,price,coindesk,GBP,bitcoin,British Pound Sterling,&pound;
,,1,2023-10-24T03:04:00Z,28884.3688,price,coindesk,GBP,bitcoin,British Pound Sterling,&pound;
,,1,2023-10-24T03:20:00Z,28838.0016,price,coindesk,GBP,bitcoin,British Pound Sterling,&pound;
,,1,2023-10-24T03:33:00Z,28873.7073,price,coindesk,GBP,bitcoin,British Pound Sterling,&pound;
,,1,2023-10-24T03:48:00Z,28732.0291,price,coindesk,GBP,bitcoin,British Pound Sterling,&pound;
,,1,2023-10-24T04:11:00Z,28617.4317,price,coindesk,GBP,bitcoin,British Pound Sterling,&pound;
,,1,2023-10-24T04:21:00Z,28785.56,price,coindesk,GBP,bitcoin,British Pound Sterling,&pound;
,,1,2023-10-24T04:33:00Z,28763.9333,price,coindesk,GBP,bitcoin,British Pound Sterling,&pound;
,,1,2023-10-24T04:48:00Z,28682.9202,price,coindesk,GBP,bitcoin,British Pound Sterling,&pound;
,,1,2023-10-24T05:04:00Z,28758.4954,price,coindesk,GBP,bitcoin,British Pound Sterling,&pound;
,,1,2023-10-24T05:20:00Z,28771.1834,price,coindesk,GBP,bitcoin,British Pound Sterling,&pound;
,,1,2023-10-24T05:33:00Z,28787.7449,price,coindesk,GBP,bitcoin,British Pound Sterling,&pound;
,,1,2023-10-24T05:48:00Z,28574.2044,price,coindesk,GBP,bitcoin,British Pound Sterling,&pound;
,,1,2023-10-24T06:05:00Z,28458.3374,price,coindesk,GBP,bitcoin,British Pound Sterling,&pound;
,,1,2023-10-24T06:23:00Z,28309.43,price,coindesk,GBP,bitcoin,British Pound Sterling,&pound;
,,1,2023-10-24T06:34:00Z,28359.0265,price,coindesk,GBP,bitcoin,British Pound Sterling,&pound;
,,1,2023-10-24T06:48:00Z,28432.7786,price,coindesk,GBP,bitcoin,British Pound Sterling,&pound;
,,1,2023-10-24T07:04:00Z,28310.5983,price,coindesk,GBP,bitcoin,British Pound Sterling,&pound;
,,1,2023-10-24T07:19:00Z,28313.3497,price,coindesk,GBP,bitcoin,British Pound Sterling,&pound;
,,1,2023-10-24T07:33:00Z,28216.8127,price,coindesk,GBP,bitcoin,British Pound Sterling,&pound;
,,1,2023-10-24T07:48:00Z,28346.5555,price,coindesk,GBP,bitcoin,British Pound Sterling,&pound;
,,1,2023-10-24T08:05:00Z,28439.0836,price,coindesk,GBP,bitcoin,British Pound Sterling,&pound;
,,1,2023-10-24T08:22:00Z,28508.8308,price,coindesk,GBP,bitcoin,British Pound Sterling,&pound;
,,1,2023-10-24T08:33:00Z,28566.9253,price,coindesk,GBP,bitcoin,British Pound Sterling,&pound;
,,1,2023-10-24T08:48:00Z,28564.9437,price,coindesk,GBP,bitcoin,British Pound Sterling,&pound;
,,1,2023-10-24T09:05:00Z,28516.8203,price,coindesk,GBP,bitcoin,British Pound Sterling,&pound;
,,1,2023-10-24T09:20:00Z,28537.5032,price,coindesk,GBP,bitcoin,British Pound Sterling,&pound;
,,1,2023-10-24T09:33:00Z,28635.6607,price,coindesk,GBP,bitcoin,British Pound Sterling,&pound;
,,1,2023-10-24T09:48:00Z,28822.4466,price,coindesk,GBP,bitcoin,British Pound Sterling,&pound;
,,1,2023-10-24T10:04:00Z,28764.0816,price,coindesk,GBP,bitcoin,British Pound Sterling,&pound;
,,1,2023-10-24T10:22:00Z,28687.6372,price,coindesk,GBP,bitcoin,British Pound Sterling,&pound;
,,1,2023-10-24T10:34:00Z,28772.1717,price,coindesk,GBP,bitcoin,British Pound Sterling,&pound;
,,1,2023-10-24T10:48:00Z,28809.632,price,coindesk,GBP,bitcoin,British Pound Sterling,&pound;
,,1,2023-10-24T11:04:00Z,28836.4829,price,coindesk,GBP,bitcoin,British Pound Sterling,&pound;
,,1,2023-10-24T11:18:00Z,29029.5893,price,coindesk,GBP,bitcoin,British Pound Sterling,&pound;
,,1,2023-10-24T11:33:00Z,28987.2349,price,coindesk,GBP,bitcoin,British Pound Sterling,&pound;
,,1,2023-10-24T11:48:00Z,28815.703,price,coindesk,GBP,bitcoin,British Pound Sterling,&pound;
,,1,2023-10-24T12:06:00Z,28965.6491,price,coindesk,GBP,bitcoin,British Pound Sterling,&pound;
,,1,2023-10-24T12:24:00Z,28881.1421,price,coindesk,GBP,bitcoin,British Pound Sterling,&pound;
,,1,2023-10-24T12:40:00Z,29055.302,price,coindesk,GBP,bitcoin,British Pound Sterling,&pound;
,,1,2023-10-24T12:52:00Z,29022.1847,price,coindesk,GBP,bitcoin,British Pound Sterling,&pound;
,,1,2023-10-24T13:05:00Z,28852.5383,price,coindesk,GBP,bitcoin,British Pound Sterling,&pound;
,,1,2023-10-24T13:22:00Z,28800.5487,price,coindesk,GBP,bitcoin,British Pound Sterling,&pound;
,,1,2023-10-24T13:33:00Z,28812.6252,price,coindesk,GBP,bitcoin,British Pound Sterling,&pound;
,,1,2023-10-24T13:48:00Z,28762.4782,price,coindesk,GBP,bitcoin,British Pound Sterling,&pound;
,,1,2023-10-24T14:04:00Z,28732.7799,price,coindesk,GBP,bitcoin,British Pound Sterling,&pound;
,,1,2023-10-24T14:20:00Z,28582.4318,price,coindesk,GBP,bitcoin,British Pound Sterling,&pound;
,,1,2023-10-24T14:33:00Z,28588.1798,price,coindesk,GBP,bitcoin,British Pound Sterling,&pound;
,,1,2023-10-24T14:48:00Z,28721.4765,price,coindesk,GBP,bitcoin,British Pound Sterling,&pound;
,,1,2023-10-24T15:04:00Z,28767.606,price,coindesk,GBP,bitcoin,British Pound Sterling,&pound;
,,1,2023-10-24T15:21:00Z,28454.2125,price,coindesk,GBP,bitcoin,British Pound Sterling,&pound;
,,1,2023-10-24T15:33:00Z,28187.0658,price,coindesk,GBP,bitcoin,British Pound Sterling,&pound;
,,1,2023-10-24T15:48:00Z,28238.4148,price,coindesk,GBP,bitcoin,British Pound Sterling,&pound;
,,1,2023-10-24T16:04:00Z,28099.5746,price,coindesk,GBP,bitcoin,British Pound Sterling,&pound;
,,1,2023-10-24T16:23:00Z,28341.5259,price,coindesk,GBP,bitcoin,British Pound Sterling,&pound;
,,1,2023-10-24T16:34:00Z,28606.196,price,coindesk,GBP,bitcoin,British Pound Sterling,&pound;
,,1,2023-10-24T16:48:00Z,28431.0929,price,coindesk,GBP,bitcoin,British Pound Sterling,&pound;
,,1,2023-10-24T17:04:00Z,28426.384,price,coindesk,GBP,bitcoin,British Pound Sterling,&pound;
,,1,2023-10-24T17:21:00Z,28418.0553,price,coindesk,GBP,bitcoin,British Pound Sterling,&pound;
,,1,2023-10-24T17:33:00Z,28323.0264,price,coindesk,GBP,bitcoin,British Pound Sterling,&pound;
,,1,2023-10-24T17:48:00Z,28294.2307,price,coindesk,GBP,bitcoin,British Pound Sterling,&pound;
,,1,2023-10-24T18:04:00Z,28248.5075,price,coindesk,GBP,bitcoin,British Pound Sterling,&pound;
,,1,2023-10-24T18:23:00Z,27967.9972,price,coindesk,GBP,bitcoin,British Pound Sterling,&pound;
,,1,2023-10-24T18:34:00Z,28117.5381,price,coindesk,GBP,bitcoin,British Pound Sterling,&pound;
,,1,2023-10-24T18:48:00Z,28241.2984,price,coindesk,GBP,bitcoin,British Pound Sterling,&pound;
,,1,2023-10-24T19:04:00Z,28271.597,price,coindesk,GBP,bitcoin,British Pound Sterling,&pound;
,,1,2023-10-24T19:18:00Z,28193.7999,price,coindesk,GBP,bitcoin,British Pound Sterling,&pound;
,,1,2023-10-24T19:33:00Z,28292.8319,price,coindesk,GBP,bitcoin,British Pound Sterling,&pound;
,,1,2023-10-24T19:48:00Z,28228.1517,price,coindesk,GBP,bitcoin,British Pound Sterling,&pound;
,,1,2023-10-24T20:04:00Z,28170.4614,price,coindesk,GBP,bitcoin,British Pound Sterling,&pound;
,,1,2023-10-24T20:20:00Z,28258.0624,price,coindesk,GBP,bitcoin,British Pound Sterling,&pound;
,,1,2023-10-24T20:33:00Z,28289.5306,price,coindesk,GBP,bitcoin,British Pound Sterling,&pound;
,,1,2023-10-24T20:48:00Z,28209.3244,price,coindesk,GBP,bitcoin,British Pound Sterling,&pound;
,,1,2023-10-24T21:04:00Z,28112.0697,price,coindesk,GBP,bitcoin,British Pound Sterling,&pound;
,,1,2023-10-24T21:19:00Z,28152.7149,price,coindesk,GBP,bitcoin,British Pound Sterling,&pound;
,,1,2023-10-24T21:33:00Z,28181.6127,price,coindesk,GBP,bitcoin,British Pound Sterling,&pound;
,,1,2023-10-24T21:48:00Z,28094.7714,price,coindesk,GBP,bitcoin,British Pound Sterling,&pound;
,,1,2023-10-24T22:04:00Z,28339.4084,price,coindesk,GBP,bitcoin,British Pound Sterling,&pound;
,,1,2023-10-24T22:20:00Z,28458.0903,price,coindesk,GBP,bitcoin,British Pound Sterling,&pound;
,,1,2023-10-24T22:33:00Z,28480.9641,price,coindesk,GBP,bitcoin,British Pound Sterling,&pound;
,,1,2023-10-24T22:48:00Z,28520.3163,price,coindesk,GBP,bitcoin,British Pound Sterling,&pound;
,,1,2023-10-24T23:04:00Z,28547.3354,price,coindesk,GBP,bitcoin,British Pound Sterling,&pound;
,,1,2023-10-24T23:19:00Z,28370.3245,price,coindesk,GBP,bitcoin,British Pound Sterling,&pound;
,,1,2023-10-24T23:33:00Z,28298.125,price,coindesk,GBP,bitcoin,British Pound Sterling,&pound;
,,1,2023-10-24T23:48:00Z,28251.0218,price,coindesk,GBP,bitcoin,British Pound Sterling,&pound;
,,1,2023-10-25T00:17:00Z,28315.5827,price,coindesk,GBP,bitcoin,British Pound Sterling,&pound;
,,1,2023-10-25T00:48:00Z,28355.6488,price,coindesk,GBP,bitcoin,British Pound Sterling,&pound;
,,1,2023-10-25T01:25:00Z,28542.2685,price,coindesk,GBP,bitcoin,British Pound Sterling,&pound;
,,1,2023-10-25T01:48:00Z,28612.8706,price,coindesk,GBP,bitcoin,British Pound Sterling,&pound;
,,1,2023-10-25T02:10:00Z,28543.725,price,coindesk,GBP,bitcoin,British Pound Sterling,&pound;
,,1,2023-10-25T02:23:00Z,28469.8443,price,coindesk,GBP,bitcoin,British Pound Sterling,&pound;
,,1,2023-10-25T02:33:00Z,28501.2897,price,coindesk,GBP,bitcoin,British Pound Sterling,&pound;
,,1,2023-10-25T02:48:00Z,28425.8545,price,coindesk,GBP,bitcoin,British Pound Sterling,&pound;
,,1,2023-10-25T03:04:00Z,28392.5317,price,coindesk,GBP,bitcoin,British Pound Sterling,&pound;
,,1,2023-10-25T03:20:00Z,28420.9347,price,coindesk,GBP,bitcoin,British Pound Sterling,&pound;
,,1,2023-10-25T03:33:00Z,28405.3935,price,coindesk,GBP,bitcoin,British Pound Sterling,&pound;
,,1,2023-10-25T03:48:00Z,28394.3595,price,coindesk,GBP,bitcoin,British Pound Sterling,&pound;
,,1,2023-10-25T04:04:00Z,28430.4972,price,coindesk,GBP,bitcoin,British Pound Sterling,&pound;
,,1,2023-10-25T04:22:00Z,28410.5975,price,coindesk,GBP,bitcoin,British Pound Sterling,&pound;
,,1,2023-10-25T04:33:00Z,28446.3578,price,coindesk,GBP,bitcoin,British Pound Sterling,&pound;
,,1,2023-10-25T04:56:00Z,28549.7573,price,coindesk,GBP,bitcoin,British Pound Sterling,&pound;
,,1,2023-10-25T05:04:00Z,28531.613,price,coindesk,GBP,bitcoin,British Pound Sterling,&pound;
,,1,2023-10-25T05:21:00Z,28413.6179,price,coindesk,GBP,bitcoin,British Pound Sterling,&pound;
,,1,2023-10-25T05:33:00Z,28399.59,price,coindesk,GBP,bitcoin,British Pound Sterling,&pound;
,,1,2023-10-25T05:48:00Z,28383.4088,price,coindesk,GBP,bitcoin,British Pound Sterling,&pound;
,,1,2023-10-25T06:05:00Z,28445.5601,price,coindesk,GBP,bitcoin,British Pound Sterling,&pound;
,,1,2023-10-25T06:23:00Z,28531.3351,price,coindesk,GBP,bitcoin,British Pound Sterling,&pound;
,,1,2023-10-25T06:34:00Z,28528.6784,price,coindesk,GBP,bitcoin,British Pound Sterling,&pound;
,,1,2023-10-25T06:48:00Z,28543.6749,price,coindesk,GBP,bitcoin,British Pound Sterling,&pound;
,,1,2023-10-25T07:04:00Z,28575.012,price,coindesk,GBP,bitcoin,British Pound Sterling,&pound;
,,1,2023-10-25T07:19:00Z,28540.3195,price,coindesk,GBP,bitcoin,British Pound Sterling,&pound;
,,1,2023-10-25T07:33:00Z,28398.7334,price,coindesk,GBP,bitcoin,British Pound Sterling,&pound;
,,1,2023-10-25T07:48:00Z,28251.7622,price,coindesk,GBP,bitcoin,British Pound Sterling,&pound;
,,1,2023-10-25T08:05:00Z,28280.0993,price,coindesk,GBP,bitcoin,British Pound Sterling,&pound;
,,1,2023-10-25T08:23:00Z,28317.4965,price,coindesk,GBP,bitcoin,British Pound Sterling,&pound;
,,1,2023-10-25T08:34:00Z,28361.7327,price,coindesk,GBP,bitcoin,British Pound Sterling,&pound;
,,1,2023-10-25T08:48:00Z,28377.8078,price,coindesk,GBP,bitcoin,British Pound Sterling,&pound;
,,1,2023-10-25T09:04:00Z,28345.902,price,coindesk,GBP,bitcoin,British Pound Sterling,&pound;
,,1,2023-10-25T09:20:00Z,28470.492,price,coindesk,GBP,bitcoin,British Pound Sterling,&pound;
,,1,2023-10-25T09:33:00Z,28604.6982,price,coindesk,GBP,bitcoin,British Pound Sterling,&pound;
,,1,2023-10-25T09:48:00Z,28589.2475,price,coindesk,GBP,bitcoin,British Pound Sterling,&pound;
,,1,2023-10-25T10:04:00Z,28512.6534,price,coindesk,GBP,bitcoin,British Pound Sterling,&pound;
,,1,2023-10-25T10:22:00Z,28551.1959,price,coindesk,GBP,bitcoin,British Pound Sterling,&pound;
,,1,2023-10-25T10:33:00Z,28578.168,price,coindesk,GBP,bitcoin,British Pound Sterling,&pound;
,,1,2023-10-25T10:48:00Z,28578.3538,price,coindesk,GBP,bitcoin,British Pound Sterling,&pound;
,,1,2023-10-25T11:04:00Z,28551.8073,price,coindesk,GBP,bitcoin,British Pound Sterling,&pound;
,,1,2023-10-25T11:18:00Z,28700.757,price,coindesk,GBP,bitcoin,British Pound Sterling,&pound;
,,1,2023-10-25T11:33:00Z,28599.4759,price,coindesk,GBP,bitcoin,British Pound Sterling,&pound;
,,1,2023-10-25T11:48:00Z,28568.9926,price,coindesk,GBP,bitcoin,British Pound Sterling,&pound;
,,1,2023-10-25T12:06:00Z,28643.2928,price,coindesk,GBP,bitcoin,British Pound Sterling,&pound;
,,1,2023-10-25T12:24:00Z,28689.8128,price,coindesk,GBP,bitcoin,British Pound Sterling,&pound;
,,1,2023-10-25T12:40:00Z,28655.2496,price,coindesk,GBP,bitcoin,British Pound Sterling,&pound;
,,1,2023-10-25T12:52:00Z,28661.2297,price,coindesk,GBP,bitcoin,British Pound Sterling,&pound;
,,1,2023-10-25T13:05:00Z,28742.6677,price,coindesk,GBP,bitcoin,British Pound Sterling,&pound;
,,1,2023-10-25T13:21:00Z,28838.3932,price,coindesk,GBP,bitcoin,British Pound Sterling,&pound;
,,1,2023-10-25T13:33:00Z,28770.8317,price,coindesk,GBP,bitcoin,British Pound Sterling,&pound;
,,1,2023-10-25T13:48:00Z,28715.2107,price,coindesk,GBP,bitcoin,British Pound Sterling,&pound;
,,1,2023-10-25T14:04:00Z,28739.2772,price,coindesk,GBP,bitcoin,British Pound Sterling,&pound;
,,1,2023-10-25T14:20:00Z,28707.4867,price,coindesk,GBP,bitcoin,British Pound Sterling,&pound;
,,1,2023-10-25T14:33:00Z,28916.5797,price,coindesk,GBP,bitcoin,British Pound Sterling,&pound;
,,1,2023-10-25T14:48:00Z,28935.4202,price,coindesk,GBP,bitcoin,British Pound Sterling,&pound;
,,1,2023-10-25T15:04:00Z,29070.1974,price,coindesk,GBP,bitcoin,British Pound Sterling,&pound;
,,1,2023-10-25T15:20:00Z,29006.801,price,coindesk,GBP,bitcoin,British Pound Sterling,&pound;
,,1,2023-10-25T15:33:00Z,29099.0777,price,coindesk,GBP,bitcoin,British Pound Sterling,&pound;
,,1,2023-10-25T15:48:00Z,29099.6073,price,coindesk,GBP,bitcoin,British Pound Sterling,&pound;
,,1,2023-10-25T16:04:00Z,29163.7148,price,coindesk,GBP,bitcoin,British Pound Sterling,&pound;
,,1,2023-10-25T16:22:00Z,29124.398,price,coindesk,GBP,bitcoin,British Pound Sterling,&pound;
,,1,2023-10-25T16:34:00Z,29040.956,price,coindesk,GBP,bitcoin,British Pound Sterling,&pound;
,,1,2023-10-25T16:48:00Z,28997.7053,price,coindesk,GBP,bitcoin,British Pound Sterling,&pound;
,,1,2023-10-25T17:04:00Z,28828.2221,price,coindesk,GBP,bitcoin,British Pound Sterling,&pound;
,,1,2023-10-25T17:20:00Z,28854.4523,price,coindesk,GBP,bitcoin,British Pound Sterling,&pound;
,,1,2023-10-25T17:34:00Z,29006.4541,price,coindesk,GBP,bitcoin,British Pound Sterling,&pound;
,,1,2023-10-25T17:48:00Z,28948.2152,price,coindesk,GBP,bitcoin,British Pound Sterling,&pound;
,,1,2023-10-25T18:05:00Z,29016.3932,price,coindesk,GBP,bitcoin,British Pound Sterling,&pound;
,,1,2023-10-25T18:22:00Z,28957.5356,price,coindesk,GBP,bitcoin,British Pound Sterling,&pound;
,,1,2023-10-25T18:33:00Z,28862.1675,price,coindesk,GBP,bitcoin,British Pound Sterling,&pound;
,,1,2023-10-25T18:48:00Z,28885.9239,price,coindesk,GBP,bitcoin,British Pound Sterling,&pound;
,,1,2023-10-25T19:04:00Z,28943.6334,price,coindesk,GBP,bitcoin,British Pound Sterling,&pound;
,,1,2023-10-25T19:18:00Z,28918.7129,price,coindesk,GBP,bitcoin,British Pound Sterling,&pound;
,,1,2023-10-25T19:33:00Z,28923.063,price,coindesk,GBP,bitcoin,British Pound Sterling,&pound;
,,1,2023-10-25T19:48:00Z,28929.7397,price,coindesk,GBP,bitcoin,British Pound Sterling,&pound;
,,1,2023-10-25T20:04:00Z,29048.8285,price,coindesk,GBP,bitcoin,British Pound Sterling,&pound;
,,1,2023-10-25T20:20:00Z,29055.6179,price,coindesk,GBP,bitcoin,British Pound Sterling,&pound;
,,1,2023-10-25T20:33:00Z,29063.1069,price,coindesk,GBP,bitcoin,British Pound Sterling,&pound;
,,1,2023-10-25T20:48:00Z,29060.2977,price,coindesk,GBP,bitcoin,British Pound Sterling,&pound;
,,1,2023-10-25T21:04:00Z,29005.236,price,coindesk,GBP,bitcoin,British Pound Sterling,&pound;
,,1,2023-10-25T21:19:00Z,29040.3928,price,coindesk,GBP,bitcoin,British Pound Sterling,&pound;
,,1,2023-10-25T21:33:00Z,29009.1533,price,coindesk,GBP,bitcoin,British Pound Sterling,&pound;
,,1,2023-10-25T21:48:00Z,28868.6114,price,coindesk,GBP,bitcoin,British Pound Sterling,&pound;
,,1,2023-10-25T22:04:00Z,28894.0415,price,coindesk,GBP,bitcoin,British Pound Sterling,&pound;
,,1,2023-10-25T22:20:00Z,28943.6398,price,coindesk,GBP,bitcoin,British Pound Sterling,&pound;
,,1,2023-10-25T22:33:00Z,28925.853,price,coindesk,GBP,bitcoin,British Pound Sterling,&pound;
,,1,2023-10-25T22:48:00Z,28907.1821,price,coindesk,GBP,bitcoin,British Pound Sterling,&pound;
,,1,2023-10-25T23:04:00Z,28723.9084,price,coindesk,GBP,bitcoin,British Pound Sterling,&pound;
,,1,2023-10-25T23:19:00Z,28823.3661,price,coindesk,GBP,bitcoin,British Pound Sterling,&pound;
,,1,2023-10-25T23:33:00Z,28865.8417,price,coindesk,GBP,bitcoin,British Pound Sterling,&pound;
,,1,2023-10-25T23:48:00Z,28815.8989,price,coindesk,GBP,bitcoin,British Pound Sterling,&pound;
,,1,2023-10-26T00:17:00Z,28859.3452,price,coindesk,GBP,bitcoin,British Pound Sterling,&pound;
,,1,2023-10-26T00:48:00Z,28803.0745,price,coindesk,GBP,bitcoin,British Pound Sterling,&pound;
,,1,2023-10-26T01:24:00Z,29032.1845,price,coindesk,GBP,bitcoin,British Pound Sterling,&pound;
,,1,2023-10-26T01:47:00Z,29032.3823,price,coindesk,GBP,bitcoin,British Pound Sterling,&pound;
,,1,2023-10-26T02:10:00Z,29022.3021,price,coindesk,GBP,bitcoin,British Pound Sterling,&pound;
,,1,2023-10-26T02:22:00Z,29026.8055,price,coindesk,GBP,bitcoin,British Pound Sterling,&pound;
,,1,2023-10-26T02:33:00Z,29055.8899,price,coindesk,GBP,bitcoin,British Pound Sterling,&pound;
,,1,2023-10-26T02:48:00Z,29059.5395,price,coindesk,GBP,bitcoin,British Pound Sterling,&pound;
,,1,2023-10-26T03:04:00Z,29084.9441,price,coindesk,GBP,bitcoin,British Pound Sterling,&pound;
,,1,2023-10-26T03:19:00Z,29043.8645,price,coindesk,GBP,bitcoin,British Pound Sterling,&pound;
,,1,2023-10-26T03:35:00Z,29084.5075,price,coindesk,GBP,bitcoin,British Pound Sterling,&pound;
,,1,2023-10-26T03:48:00Z,29059.7727,price,coindesk,GBP,bitcoin,British Pound Sterling,&pound;
,,1,2023-10-26T04:04:00Z,29064.0037,price,coindesk,GBP,bitcoin,British Pound Sterling,&pound;
,,1,2023-10-26T04:21:00Z,29015.4938,price,coindesk,GBP,bitcoin,British Pound Sterling,&pound;
,,1,2023-10-26T04:33:00Z,28985.2029,price,coindesk,GBP,bitcoin,British Pound Sterling,&pound;
,,1,2023-10-26T04:48:00Z,28983.0595,price,coindesk,GBP,bitcoin,British Pound Sterling,&pound;
,,1,2023-10-26T05:04:00Z,28988.6163,price,coindesk,GBP,bitcoin,British Pound Sterling,&pound;
,,1,2023-10-26T05:20:00Z,28956.971,price,coindesk,GBP,bitcoin,British Pound Sterling,&pound;
,,1,2023-10-26T05:33:00Z,28942.3605,price,coindesk,GBP,bitcoin,British Pound Sterling,&pound;
,,1,2023-10-26T05:48:00Z,28891.015,price,coindesk,GBP,bitcoin,British Pound Sterling,&pound;
,,1,2023-10-26T06:04:00Z,28798.0599,price,coindesk,GBP,bitcoin,British Pound Sterling,&pound;
,,1,2023-10-26T06:23:00Z,28824.3179,price,coindesk,GBP,bitcoin,British Pound Sterling,&pound;
,,1,2023-10-26T06:33:00Z,28868.9324,price,coindesk,GBP,bitcoin,British Pound Sterling,&pound;
,,1,2023-10-26T06:48:00Z,28903.7243,price,coindesk,GBP,bitcoin,British Pound Sterling,&pound;
,,1,2023-10-26T07:04:00Z,28889.0161,price,coindesk,GBP,bitcoin,British Pound Sterling,&pound;
,,1,2023-10-26T07:19:00Z,28995.8294,price,coindesk,GBP,bitcoin,British Pound Sterling,&pound;
,,1,2023-10-26T07:33:00Z,29023.0761,price,coindesk,GBP,bitcoin,British Pound Sterling,&pound;
,,1,2023-10-26T07:48:00Z,28969.3553,price,coindesk,GBP,bitcoin,British Pound Sterling,&pound;
,,1,2023-10-26T08:04:00Z,29006.3538,price,coindesk,GBP,bitcoin,British Pound Sterling,&pound;
,,1,2023-10-26T08:22:00Z,28859.4646,price,coindesk,GBP,bitcoin,British Pound Sterling,&pound;
,,1,2023-10-26T08:33:00Z,28851.553,price,coindesk,GBP,bitcoin,British Pound Sterling,&pound;
,,1,2023-10-26T08:48:00Z,28902.6038,price,coindesk,GBP,bitcoin,British Pound Sterling,&pound;
,,1,2023-10-26T09:04:00Z,28865.6872,price,coindesk,GBP,bitcoin,British Pound Sterling,&pound;
,,1,2023-10-26T09:19:00Z,28809.6385,price,coindesk,GBP,bitcoin,British Pound Sterling,&pound;
,,1,2023-10-26T09:33:00Z,28811.0791,price,coindesk,GBP,bitcoin,British Pound Sterling,&pound;
,,1,2023-10-26T09:49:00Z,28787.049,price,coindesk,GBP,bitcoin,British Pound Sterling,&pound;
,,1,2023-10-26T10:05:00Z,28725.2714,price,coindesk,GBP,bitcoin,British Pound Sterling,&pound;
,,1,2023-10-26T10:21:00Z,28783.5179,price,coindesk,GBP,bitcoin,British Pound Sterling,&pound;
,,1,2023-10-26T10:33:00Z,28774.8892,price,coindesk,GBP,bitcoin,British Pound Sterling,&pound;
,,1,2023-10-26T10:48:00Z,28616.2076,price,coindesk,GBP,bitcoin,British Pound Sterling,&pound;
,,1,2023-10-26T11:04:00Z,28692.5081,price,coindesk,GBP,bitcoin,British Pound Sterling,&pound;
,,1,2023-10-26T11:18:00Z,28682.5687,price,coindesk,GBP,bitcoin,British Pound Sterling,&pound;
,,1,2023-10-26T11:35:00Z,28589.8206,price,coindesk,GBP,bitcoin,British Pound Sterling,&pound;
,,1,2023-10-26T11:48:00Z,28451.4537,price,coindesk,GBP,bitcoin,British Pound Sterling,&pound;
,,1,2023-10-26T12:06:00Z,28534.3033,price,coindesk,GBP,bitcoin,British Pound Sterling,&pound;
,,1,2023-10-26T12:24:00Z,28579.6185,price,coindesk,GBP,bitcoin,British Pound Sterling,&pound;
,,1,2023-10-26T12:40:00Z,28637.2208,price,coindesk,GBP,bitcoin,British Pound Sterling,&pound;
,,1,2023-10-26T12:52:00Z,28665.8751,price,coindesk,GBP,bitcoin,British Pound Sterling,&pound;
,,1,2023-10-26T13:05:00Z,28643.2177,price,coindesk,GBP,bitcoin,British Pound Sterling,&pound;
,,1,2023-10-26T13:23:00Z,28611.2271,price,coindesk,GBP,bitcoin,British Pound Sterling,&pound;
,,1,2023-10-26T13:33:00Z,28662.1139,price,coindesk,GBP,bitcoin,British Pound Sterling,&pound;
,,1,2023-10-26T13:48:00Z,28642.0043,price,coindesk,GBP,bitcoin,British Pound Sterling,&pound;
,,1,2023-10-26T14:04:00Z,28654.2586,price,coindesk,GBP,bitcoin,British Pound Sterling,&pound;
,,1,2023-10-26T14:21:00Z,28690.7834,price,coindesk,GBP,bitcoin,British Pound Sterling,&pound;
,,1,2023-10-26T14:33:00Z,28573.6513,price,coindesk,GBP,bitcoin,British Pound Sterling,&pound;
,,1,2023-10-26T14:48:00Z,28546.0589,price,coindesk,GBP,bitcoin,British Pound Sterling,&pound;
,,1,2023-10-26T15:04:00Z,28580.7879,price,coindesk,GBP,bitcoin,British Pound Sterling,&pound;
,,1,2023-10-26T15:20:00Z,28369.4679,price,coindesk,GBP,bitcoin,British Pound Sterling,&pound;
,,1,2023-10-26T15:33:00Z,28394.4932,price,coindesk,GBP,bitcoin,British Pound Sterling,&pound;
,,1,2023-10-26T15:48:00Z,28421.9522,price,coindesk,GBP,bitcoin,British Pound Sterling,&pound;
,,1,2023-10-26T16:04:00Z,28475.5659,price,coindesk,GBP,bitcoin,British Pound Sterling,&pound;
,,1,2023-10-26T16:22:00Z,28401.561,price,coindesk,GBP,bitcoin,British Pound Sterling,&pound;
,,1,2023-10-26T16:34:00Z,28367.0151,price,coindesk,GBP,bitcoin,British Pound Sterling,&pound;
,,1,2023-10-26T16:48:00Z,28322.6875,price,coindesk,GBP,bitcoin,British Pound Sterling,&pound;
,,1,2023-10-26T17:04:00Z,28266.9302,price,coindesk,GBP,bitcoin,British Pound Sterling,&pound;
,,1,2023-10-26T17:20:00Z,28294.4454,price,coindesk,GBP,bitcoin,British Pound Sterling,&pound;
,,1,2023-10-26T17:33:00Z,28271.4685,price,coindesk,GBP,bitcoin,British Pound Sterling,&pound;
,,1,2023-10-26T17:48:00Z,28305.7333,price,coindesk,GBP,bitcoin,British Pound Sterling,&pound;
,,1,2023-10-26T18:04:00Z,28372.4958,price,coindesk,GBP,bitcoin,British Pound Sterling,&pound;
,,1,2023-10-26T18:22:00Z,28415.3225,price,coindesk,GBP,bitcoin,British Pound Sterling,&pound;
,,1,2023-10-26T18:33:00Z,28408.1871,price,coindesk,GBP,bitcoin,British Pound Sterling,&pound;
,,1,2023-10-26T18:48:00Z,28400.398,price,coindesk,GBP,bitcoin,British Pound Sterling,&pound;
,,1,2023-10-26T19:04:00Z,28422.2304,price,coindesk,GBP,bitcoin,British Pound Sterling,&pound;
,,1,2023-10-26T19:18:00Z,28396.5358,price,coindesk,GBP,bitcoin,British Pound Sterling,&pound;
,,1,2023-10-26T19:33:00Z,28371.656,price,coindesk,GBP,bitcoin,British Pound Sterling,&pound;
,,1,2023-10-26T19:48:00Z,28420.1265,price,coindesk,GBP,bitcoin,British Pound Sterling,&pound;
,,1,2023-10-26T20:04:00Z,28500.2126,price,coindesk,GBP,bitcoin,British Pound Sterling,&pound;
,,1,2023-10-26T20:21:00Z,28495.6668,price,coindesk,GBP,bitcoin,British Pound Sterling,&pound;
,,1,2023-10-26T20:33:00Z,28573.6208,price,coindesk,GBP,bitcoin,British Pound Sterling,&pound;
,,1,2023-10-26T20:48:00Z,28537.1391,price,coindesk,GBP,bitcoin,British Pound Sterling,&pound;
,,1,2023-10-26T21:04:00Z,28542.7442,price,coindesk,GBP,bitcoin,British Pound Sterling,&pound;
,,1,2023-10-26T21:18:00Z,28536.735,price,coindesk,GBP,bitcoin,British Pound Sterling,&pound;
,,1,2023-10-26T21:33:00Z,28514.6902,price,coindesk,GBP,bitcoin,British Pound Sterling,&pound;
,,1,2023-10-26T21:48:00Z,28501.715,price,coindesk,GBP,bitcoin,British Pound Sterling,&pound;
,,1,2023-10-26T22:07:00Z,28551.1106,price,coindesk,GBP,bitcoin,British Pound Sterling,&pound;
,,1,2023-10-26T22:21:00Z,28552.3297,price,coindesk,GBP,bitcoin,British Pound Sterling,&pound;
,,1,2023-10-26T22:33:00Z,28564.8426,price,coindesk,GBP,bitcoin,British Pound Sterling,&pound;
,,1,2023-10-26T22:48:00Z,28581.3387,price,coindesk,GBP,bitcoin,British Pound Sterling,&pound;
,,1,2023-10-26T23:04:00Z,28592.6222,price,coindesk,GBP,bitcoin,British Pound Sterling,&pound;
,,1,2023-10-26T23:19:00Z,28629.9965,price,coindesk,GBP,bitcoin,British Pound Sterling,&pound;
,,1,2023-10-26T23:33:00Z,28550.76,price,coindesk,GBP,bitcoin,British Pound Sterling,&pound;
,,1,2023-10-26T23:48:00Z,28535.5716,price,coindesk,GBP,bitcoin,British Pound Sterling,&pound;
,,1,2023-10-27T00:17:00Z,28487.7779,price,coindesk,GBP,bitcoin,British Pound Sterling,&pound;
,,1,2023-10-27T00:47:00Z,28436.5976,price,coindesk,GBP,bitcoin,British Pound Sterling,&pound;
,,1,2023-10-27T01:24:00Z,28377.5127,price,coindesk,GBP,bitcoin,British Pound Sterling,&pound;
,,1,2023-10-27T01:47:00Z,28344.4224,price,coindesk,GBP,bitcoin,British Pound Sterling,&pound;
,,1,2023-10-27T02:09:00Z,28333.6245,price,coindesk,GBP,bitcoin,British Pound Sterling,&pound;
,,1,2023-10-27T02:22:00Z,28455.6706,price,coindesk,GBP,bitcoin,British Pound Sterling,&pound;
,,1,2023-10-27T02:33:00Z,28524.7777,price,coindesk,GBP,bitcoin,British Pound Sterling,&pound;
,,1,2023-10-27T02:48:00Z,28486.589,price,coindesk,GBP,bitcoin,British Pound Sterling,&pound;
,,1,2023-10-27T03:04:00Z,28455.9185,price,coindesk,GBP,bitcoin,British Pound Sterling,&pound;
,,1,2023-10-27T03:19:00Z,28518.5967,price,coindesk,GBP,bitcoin,British Pound Sterling,&pound;
,,1,2023-10-27T03:33:00Z,28523.1691,price,coindesk,GBP,bitcoin,British Pound Sterling,&pound;
,,1,2023-10-27T03:48:00Z,28481.9349,price,coindesk,GBP,bitcoin,British Pound Sterling,&pound;
,,1,2023-10-27T04:04:00Z,28489.2083,price,coindesk,GBP,bitcoin,British Pound Sterling,&pound;
,,1,2023-10-27T04:21:00Z,28457.8493,price,coindesk,GBP,bitcoin,British Pound Sterling,&pound;
,,1,2023-10-27T04:33:00Z,28412.7244,price,coindesk,GBP,bitcoin,British Pound Sterling,&pound;
,,1,2023-10-27T04:48:00Z,28531.7591,price,coindesk,GBP,bitcoin,British Pound Sterling,&pound;
,,1,2023-10-27T05:04:00Z,28449.0653,price,coindesk,GBP,bitcoin,British Pound Sterling,&pound;
,,1,2023-10-27T05:20:00Z,28417.1629,price,coindesk,GBP,bitcoin,British Pound Sterling,&pound;
,,1,2023-10-27T05:33:00Z,28460.879,price,coindesk,GBP,bitcoin,British Pound Sterling,&pound;
,,1,2023-10-27T05:48:00Z,28471.73,price,coindesk,GBP,bitcoin,British Pound Sterling,&pound;
,,1,2023-10-27T06:05:00Z,28478.383,price,coindesk,GBP,bitcoin,British Pound Sterling,&pound;
,,1,2023-10-27T06:23:00Z,28516.1801,price,coindesk,GBP,bitcoin,British Pound Sterling,&pound;
,,1,2023-10-27T06:33:00Z,28512.953,price,coindesk,GBP,bitcoin,British Pound Sterling,&pound;
,,1,2023-10-27T06:48:00Z,28564.7775,price,coindesk,GBP,bitcoin,British Pound Sterling,&pound;
,,1,2023-10-27T07:04:00Z,28584.448,price,coindesk,GBP,bitcoin,British Pound Sterling,&pound;
,,1,2023-10-27T07:19:00Z,28564.3201,price,coindesk,GBP,bitcoin,British Pound Sterling,&pound;
,,1,2023-10-27T07:33:00Z,28513.0318,price,coindesk,GBP,bitcoin,British Pound Sterling,&pound;
,,1,2023-10-27T07:48:00Z,28436.243,price,coindesk,GBP,bitcoin,British Pound Sterling,&pound;
,,1,2023-10-27T08:05:00Z,28398.1724,price,coindesk,GBP,bitcoin,British Pound Sterling,&pound;
,,1,2023-10-27T08:22:00Z,28438.1224,price,coindesk,GBP,bitcoin,British Pound Sterling,&pound;
,,1,2023-10-27T08:33:00Z,28426.7884,price,coindesk,GBP,bitcoin,British Pound Sterling,&pound;
,,1,2023-10-27T08:48:00Z,28490.029,price,coindesk,GBP,bitcoin,British Pound Sterling,&pound;
,,1,2023-10-27T09:04:00Z,28488.1164,price,coindesk,GBP,bitcoin,British Pound Sterling,&pound;
,,1,2023-10-27T09:19:00Z,28540.8369,price,coindesk,GBP,bitcoin,British Pound Sterling,&pound;
,,1,2023-10-27T09:33:00Z,28535.9077,price,coindesk,GBP,bitcoin,British Pound Sterling,&pound;
,,1,2023-10-27T09:48:00Z,28512.0289,price,coindesk,GBP,bitcoin,British Pound Sterling,&pound;
,,1,2023-10-27T10:04:00Z,28551.7183,price,coindesk,GBP,bitcoin,British Pound Sterling,&pound;
,,1,2023-10-27T10:21:00Z,28519.2033,price,coindesk,GBP,bitcoin,British Pound Sterling,&pound;
,,1,2023-10-27T10:33:00Z,28508.8961,price,coindesk,GBP,bitcoin,British Pound Sterling,&pound;
,,1,2023-10-27T10:48:00Z,28488.8802,price,coindesk,GBP,bitcoin,British Pound Sterling,&pound;
,,1,2023-10-27T11:04:00Z,28491.8654,price,coindesk,GBP,bitcoin,British Pound Sterling,&pound;
,,1,2023-10-27T11:18:00Z,28485.5498,price,coindesk,GBP,bitcoin,British Pound Sterling,&pound;
,,1,2023-10-27T11:33:00Z,28423.7994,price,coindesk,GBP,bitcoin,British Pound Sterling,&pound;
,,1,2023-10-27T11:48:00Z,28452.2709,price,coindesk,GBP,bitcoin,British Pound Sterling,&pound;
,,1,2023-10-27T12:06:00Z,28425.03,price,coindesk,GBP,bitcoin,British Pound Sterling,&pound;
,,1,2023-10-27T12:24:00Z,28477.1975,price,coindesk,GBP,bitcoin,British Pound Sterling,&pound;
,,1,2023-10-27T12:39:00Z,28426.7244,price,coindesk,GBP,bitcoin,British Pound Sterling,&pound;
,,1,2023-10-27T12:51:00Z,28572.1972,price,coindesk,GBP,bitcoin,British Pound Sterling,&pound;
,,1,2023-10-27T13:04:00Z,28530.1903,price,coindesk,GBP,bitcoin,British Pound Sterling,&pound;
,,1,2023-10-27T13:21:00Z,28483.8111,price,coindesk,GBP,bitcoin,British Pound Sterling,&pound;
,,1,2023-10-27T13:33:00Z,28519.5533,price,coindesk,GBP,bitcoin,British Pound Sterling,&pound;
,,1,2023-10-27T13:48:00Z,28485.1864,price,coindesk,GBP,bitcoin,British Pound Sterling,&pound;
,,1,2023-10-27T14:04:00Z,28461.0315,price,coindesk,GBP,bitcoin,British Pound Sterling,&pound;
,,1,2023-10-27T14:20:00Z,28392.2747,price,coindesk,GBP,bitcoin,British Pound Sterling,&pound;
,,1,2023-10-27T14:33:00Z,28301.4983,price,coindesk,GBP,bitcoin,British Pound Sterling,&pound;
,,1,2023-10-27T14:48:00Z,28365.8525,price,coindesk,GBP,bitcoin,British Pound Sterling,&pound;
,,1,2023-10-27T15:04:00Z,28311.3422,price,coindesk,GBP,bitcoin,British Pound Sterling,&pound;
,,1,2023-10-27T15:20:00Z,28350.0419,price,coindesk,GBP,bitcoin,British Pound Sterling,&pound;
,,1,2023-10-27T15:33:00Z,28391.9418,price,coindesk,GBP,bitcoin,British Pound Sterling,&pound;
,,1,2023-10-27T15:48:00Z,28432.3814,price,coindesk,GBP,bitcoin,British Pound Sterling,&pound;
,,1,2023-10-27T16:04:00Z,28378.8139,price,coindesk,GBP,bitcoin,British Pound Sterling,&pound;
,,1,2023-10-27T16:22:00Z,28391.138,price,coindesk,GBP,bitcoin,British Pound Sterling,&pound;
,,1,2023-10-27T16:34:00Z,28346.7367,price,coindesk,GBP,bitcoin,British Pound Sterling,&pound;
,,1,2023-10-27T16:48:00Z,28318.9647,price,coindesk,GBP,bitcoin,British Pound Sterling,&pound;
,,1,2023-10-27T17:04:00Z,28295.2605,price,coindesk,GBP,bitcoin,British Pound Sterling,&pound;
,,1,2023-10-27T17:20:00Z,28189.3423,price,coindesk,GBP,bitcoin,British Pound Sterling,&pound;
,,1,2023-10-27T17:33:00Z,28172.3018,price,coindesk,GBP,bitcoin,British Pound Sterling,&pound;
,,1,2023-10-27T17:48:00Z,28184.5479,price,coindesk,GBP,bitcoin,British Pound Sterling,&pound;
,,1,2023-10-27T18:04:00Z,28138.96,price,coindesk,GBP,bitcoin,British Pound Sterling,&pound;
,,1,2023-10-27T18:22:00Z,28061.7906,price,coindesk,GBP,bitcoin,British Pound Sterling,&pound;
,,1,2023-10-27T18:33:00Z,27997.351,price,coindesk,GBP,bitcoin,British Pound Sterling,&pound;
,,1,2023-10-27T18:48:00Z,28082.3883,price,coindesk,GBP,bitcoin,British Pound Sterling,&pound;
,,1,2023-10-27T19:04:00Z,28084.1769,price,coindesk,GBP,bitcoin,British Pound Sterling,&pound;
,,1,2023-10-27T19:18:00Z,28125.6721,price,coindesk,GBP,bitcoin,British Pound Sterling,&pound;
,,1,2023-10-27T19:33:00Z,28117.0905,price,coindesk,GBP,bitcoin,British Pound Sterling,&pound;
,,1,2023-10-27T19:48:00Z,28157.5566,price,coindesk,GBP,bitcoin,British Pound Sterling,&pound;
,,1,2023-10-27T20:04:00Z,28160.5829,price,coindesk,GBP,bitcoin,British Pound Sterling,&pound;
,,1,2023-10-27T20:20:00Z,28208.0922,price,coindesk,GBP,bitcoin,British Pound Sterling,&pound;
,,1,2023-10-27T20:33:00Z,28223.5018,price,coindesk,GBP,bitcoin,British Pound Sterling,&pound;
,,1,2023-10-27T20:48:00Z,28229.1414,price,coindesk,GBP,bitcoin,British Pound Sterling,&pound;
,,1,2023-10-27T21:04:00Z,28270.0248,price,coindesk,GBP,bitcoin,British Pound Sterling,&pound;
,,1,2023-10-27T21:18:00Z,28283.1467,price,coindesk,GBP,bitcoin,British Pound Sterling,&pound;
,,1,2023-10-27T21:33:00Z,28288.3608,price,coindesk,GBP,bitcoin,British Pound Sterling,&pound;
,,1,2023-10-27T21:48:00Z,28281.3847,price,coindesk,GBP,bitcoin,British Pound Sterling,&pound;
,,1,2023-10-27T22:04:00Z,28276.8145,price,coindesk,GBP,bitcoin,British Pound Sterling,&pound;
,,1,2023-10-27T22:20:00Z,28250.8294,price,coindesk,GBP,bitcoin,British Pound Sterling,&pound;
,,1,2023-10-27T22:33:00Z,28280.5682,price,coindesk,GBP,bitcoin,British Pound Sterling,&pound;
,,1,2023-10-27T22:48:00Z,28261.8179,price,coindesk,GBP,bitcoin,British Pound Sterling,&pound;
,,1,2023-10-27T23:04:00Z,28257.3906,price,coindesk,GBP,bitcoin,British Pound Sterling,&pound;
,,1,2023-10-27T23:19:00Z,28281.9432,price,coindesk,GBP,bitcoin,British Pound Sterling,&pound;
,,1,2023-10-27T23:33:00Z,28293.6433,price,coindesk,GBP,bitcoin,British Pound Sterling,&pound;
,,1,2023-10-27T23:48:00Z,28335.4126,price,coindesk,GBP,bitcoin,British Pound Sterling,&pound;
,,1,2023-10-28T00:16:00Z,28323.3248,price,coindesk,GBP,bitcoin,British Pound Sterling,&pound;
,,1,2023-10-28T00:48:00Z,28320.9346,price,coindesk,GBP,bitcoin,British Pound Sterling,&pound;
,,1,2023-10-28T01:23:00Z,28318.4157,price,coindesk,GBP,bitcoin,British Pound Sterling,&pound;
,,1,2023-10-28T01:46:00Z,28318.2324,price,coindesk,GBP,bitcoin,British Pound Sterling,&pound;
,,1,2023-10-28T02:08:00Z,28343.1168,price,coindesk,GBP,bitcoin,British Pound Sterling,&pound;
,,1,2023-10-28T02:21:00Z,28345.5893,price,coindesk,GBP,bitcoin,British Pound Sterling,&pound;
,,1,2023-10-28T02:33:00Z,28349.0896,price,coindesk,GBP,bitcoin,British Pound Sterling,&pound;
,,1,2023-10-28T02:48:00Z,28384.1489,price,coindesk,GBP,bitcoin,British Pound Sterling,&pound;
,,1,2023-10-28T03:04:00Z,28465.3275,price,coindesk,GBP,bitcoin,British Pound Sterling,&pound;
,,1,2023-10-28T03:19:00Z,28474.4701,price,coindesk,GBP,bitcoin,British Pound Sterling,&pound;
,,1,2023-10-28T03:33:00Z,28459.4216,price,coindesk,GBP,bitcoin,British Pound Sterling,&pound;
,,1,2023-10-28T03:48:00Z,28459.713,price,coindesk,GBP,bitcoin,British Pound Sterling,&pound;
,,1,2023-10-28T04:05:00Z,28467.6872,price,coindesk,GBP,bitcoin,British Pound Sterling,&pound;
,,1,2023-10-28T04:21:00Z,28454.2298,price,coindesk,GBP,bitcoin,British Pound Sterling,&pound;
,,1,2023-10-28T04:33:00Z,28461.0731,price,coindesk,GBP,bitcoin,British Pound Sterling,&pound;
,,1,2023-10-28T04:48:00Z,28472.8044,price,coindesk,GBP,bitcoin,British Pound Sterling,&pound;
,,1,2023-10-28T05:04:00Z,28512.1524,price,coindesk,GBP,bitcoin,British Pound Sterling,&pound;
,,1,2023-10-28T05:20:00Z,28542.8331,price,coindesk,GBP,bitcoin,British Pound Sterling,&pound;
,,1,2023-10-28T05:33:00Z,28487.8081,price,coindesk,GBP,bitcoin,British Pound Sterling,&pound;
,,1,2023-10-28T05:48:00Z,28517.0974,price,coindesk,GBP,bitcoin,British Pound Sterling,&pound;
,,1,2023-10-28T06:04:00Z,28505.4413,price,coindesk,GBP,bitcoin,British Pound Sterling,&pound;
,,1,2023-10-28T06:22:00Z,28511.8324,price,coindesk,GBP,bitcoin,British Pound Sterling,&pound;
,,1,2023-10-28T06:33:00Z,28486.835,price,coindesk,GBP,bitcoin,British Pound Sterling,&pound;
,,1,2023-10-28T06:48:00Z,28495.9361,price,coindesk,GBP,bitcoin,British Pound Sterling,&pound;
,,1,2023-10-28T07:04:00Z,28478.6167,price,coindesk,GBP,bitcoin,British Pound Sterling,&pound;
,,1,2023-10-28T07:18:00Z,28477.4413,price,coindesk,GBP,bitcoin,British Pound Sterling,&pound;
,,1,2023-10-28T07:33:00Z,28485.156,price,coindesk,GBP,bitcoin,British Pound Sterling,&pound;
,,1,2023-10-28T07:48:00Z,28458.4467,price,coindesk,GBP,bitcoin,British Pound Sterling,&pound;
,,1,2023-10-28T08:04:00Z,28466.5029,price,coindesk,GBP,bitcoin,British Pound Sterling,&pound;
,,1,2023-10-28T08:21:00Z,28469.9469,price,coindesk,GBP,bitcoin,British Pound Sterling,&pound;
,,1,2023-10-28T08:33:00Z,28469.7228,price,coindesk,GBP,bitcoin,British Pound Sterling,&pound;
,,1,2023-10-28T08:48:00Z,28499.6911,price,coindesk,GBP,bitcoin,British Pound Sterling,&pound;
,,1,2023-10-28T09:04:00Z,28475.8054,price,coindesk,GBP,bitcoin,British Pound Sterling,&pound;
,,1,2023-10-28T09:18:00Z,28497.3956,price,coindesk,GBP,bitcoin,British Pound Sterling,&pound;
,,1,2023-10-28T09:33:00Z,28487.527,price,coindesk,GBP,bitcoin,British Pound Sterling,&pound;
,,1,2023-10-28T09:48:00Z,28500.1571,price,coindesk,GBP,bitcoin,British Pound Sterling,&pound;
,,1,2023-10-28T10:04:00Z,28502.2334,price,coindesk,GBP,bitcoin,British Pound Sterling,&pound;
,,1,2023-10-28T10:21:00Z,28498.0118,price,coindesk,GBP,bitcoin,British Pound Sterling,&pound;
,,1,2023-10-28T10:33:00Z,28498.4933,price,coindesk,GBP,bitcoin,British Pound Sterling,&pound;
,,1,2023-10-28T10:48:00Z,28491.828,price,coindesk,GBP,bitcoin,British Pound Sterling,&pound;
,,1,2023-10-28T11:04:00Z,28510.3452,price,coindesk,GBP,bitcoin,British Pound Sterling,&pound;
,,1,2023-10-28T11:18:00Z,28564.4695,price,coindesk,GBP,bitcoin,British Pound Sterling,&pound;
,,1,2023-10-28T11:33:00Z,28711.5395,price,coindesk,GBP,bitcoin,British Pound Sterling,&pound;
,,1,2023-10-28T11:48:00Z,28564.7513,price,coindesk,GBP,bitcoin,British Pound Sterling,&pound;
,,1,2023-10-28T12:05:00Z,28584.968,price,coindesk,GBP,bitcoin,British Pound Sterling,&pound;
,,1,2023-10-28T12:24:00Z,28560.8091,price,coindesk,GBP,bitcoin,British Pound Sterling,&pound;
,,1,2023-10-28T12:38:00Z,28536.5642,price,coindesk,GBP,bitcoin,British Pound Sterling,&pound;
,,1,2023-10-28T12:50:00Z,28441.7087,price,coindesk,GBP,bitcoin,British Pound Sterling,&pound;
,,1,2023-10-28T13:04:00Z,28426.6217,price,coindesk,GBP,bitcoin,British Pound Sterling,&pound;
,,1,2023-10-28T13:19:00Z,28474.9885,price,coindesk,GBP,bitcoin,British Pound Sterling,&pound;
,,1,2023-10-28T13:33:00Z,28489.4215,price,coindesk,GBP,bitcoin,British Pound Sterling,&pound;
,,1,2023-10-28T13:48:00Z,28486.5311,price,coindesk,GBP,bitcoin,British Pound Sterling,&pound;
,,1,2023-10-28T14:04:00Z,28495.4698,price,coindesk,GBP,bitcoin,British Pound Sterling,&pound;
,,1,2023-10-28T14:20:00Z,28515.6917,price,coindesk,GBP,bitcoin,British Pound Sterling,&pound;
,,1,2023-10-28T14:33:00Z,28511.8392,price,coindesk,GBP,bitcoin,British Pound Sterling,&pound;
,,1,2023-10-28T14:48:00Z,28488.2641,price,coindesk,GBP,bitcoin,British Pound Sterling,&pound;
,,1,2023-10-28T15:04:00Z,28500.3287,price,coindesk,GBP,bitcoin,British Pound Sterling,&pound;
,,1,2023-10-28T15:19:00Z,28526.2272,price,coindesk,GBP,bitcoin,British Pound Sterling,&pound;
,,1,2023-10-28T15:33:00Z,28538.7285,price,coindesk,GBP,bitcoin,British Pound Sterling,&pound;
,,1,2023-10-28T15:48:00Z,28570.3811,price,coindesk,GBP,bitcoin,British Pound Sterling,&pound;
,,1,2023-10-28T16:04:00Z,28568.0046,price,coindesk,GBP,bitcoin,British Pound Sterling,&pound;
,,1,2023-10-28T16:22:00Z,28527.0389,price,coindesk,GBP,bitcoin,British Pound Sterling,&pound;
,,1,2023-10-28T16:33:00Z,28546.9263,price,coindesk,GBP,bitcoin,British Pound Sterling,&pound;
,,1,2023-10-28T16:48:00Z,28530.4043,price,coindesk,GBP,bitcoin,British Pound Sterling,&pound;
,,1,2023-10-28T17:04:00Z,28523.8634,price,coindesk,GBP,bitcoin,British Pound Sterling,&pound;
,,1,2023-10-28T17:20:00Z,28528.8855,price,coindesk,GBP,bitcoin,British Pound Sterling,&pound;
,,1,2023-10-28T17:34:00Z,28533.3288,price,coindesk,GBP,bitcoin,British Pound Sterling,&pound;
,,1,2023-10-28T17:48:00Z,28509.8458,price,coindesk,GBP,bitcoin,British Pound Sterling,&pound;
,,1,2023-10-28T18:04:00Z,28520.0265,price,coindesk,GBP,bitcoin,British Pound Sterling,&pound;
,,1,2023-10-28T18:21:00Z,28509.2741,price,coindesk,GBP,bitcoin,British Pound Sterling,&pound;
,,1,2023-10-28T18:33:00Z,28497.5046,price,coindesk,GBP,bitcoin,British Pound Sterling,&pound;
,,1,2023-10-28T18:48:00Z,28541.9223,price,coindesk,GBP,bitcoin,British Pound Sterling,&pound;
,,1,2023-10-28T19:04:00Z,28556.1649,price,coindesk,GBP,bitcoin,British Pound Sterling,&pound;
,,1,2023-10-28T19:18:00Z,28546.1894,price,coindesk,GBP,bitcoin,British Pound Sterling,&pound;
,,1,2023-10-28T19:33:00Z,28541.7143,price,coindesk,GBP,bitcoin,British Pound Sterling,&pound;
,,1,2023-10-28T19:48:00Z,28533.7831,price,coindesk,GBP,bitcoin,British Pound Sterling,&pound;
,,1,2023-10-28T20:04:00Z,28522.8375,price,coindesk,GBP,bitcoin,British Pound Sterling,&pound;
,,1,2023-10-28T20:19:00Z,28528.4383,price,coindesk,GBP,bitcoin,British Pound Sterling,&pound;
,,1,2023-10-28T20:33:00Z,28515.427,price,coindesk,GBP,bitcoin,British Pound Sterling,&pound;
,,1,2023-10-28T20:48:00Z,28521.3767,price,coindesk,GBP,bitcoin,British Pound Sterling,&pound;
,,1,2023-10-28T21:04:00Z,28542.2143,price,coindesk,GBP,bitcoin,British Pound Sterling,&pound;
,,1,2023-10-28T21:18:00Z,28581.7655,price,coindesk,GBP,bitcoin,British Pound Sterling,&pound;
,,1,2023-10-28T21:33:00Z,28571.2094,price,coindesk,GBP,bitcoin,British Pound Sterling,&pound;
,,1,2023-10-28T21:48:00Z,28575.539,price,coindesk,GBP,bitcoin,British Pound Sterling,&pound;
,,1,2023-10-28T22:04:00Z,28566.9844,price,coindesk,GBP,bitcoin,British Pound Sterling,&pound;
,,1,2023-10-28T22:20:00Z,28547.7886,price,coindesk,GBP,bitcoin,British Pound Sterling,&pound;
,,1,2023-10-28T22:33:00Z,28510.7799,price,coindesk,GBP,bitcoin,British Pound Sterling,&pound;
,,1,2023-10-28T22:48:00Z,28517.2331,price,coindesk,GBP,bitcoin,British Pound Sterling,&pound;
,,1,2023-10-28T23:04:00Z,28516.4776,price,coindesk,GBP,bitcoin,British Pound Sterling,&pound;
,,1,2023-10-28T23:19:00Z,28488.2115,price,coindesk,GBP,bitcoin,British Pound Sterling,&pound;
,,1,2023-10-28T23:33:00Z,28483.9643,price,coindesk,GBP,bitcoin,British Pound Sterling,&pound;
,,1,2023-10-28T23:48:00Z,28495.1093,price,coindesk,GBP,bitcoin,British Pound Sterling,&pound;
,,1,2023-10-29T00:18:00Z,28483.8354,price,coindesk,GBP,bitcoin,British Pound Sterling,&pound;
,,1,2023-10-29T00:48:00Z,28500.224,price,coindesk,GBP,bitcoin,British Pound Sterling,&pound;
,,1,2023-10-29T01:28:00Z,28414.0098,price,coindesk,GBP,bitcoin,British Pound Sterling,&pound;
,,1,2023-10-29T01:52:00Z,28430.4096,price,coindesk,GBP,bitcoin,British Pound Sterling,&pound;
,,1,2023-10-29T02:11:00Z,28425.9362,price,coindesk,GBP,bitcoin,British Pound Sterling,&pound;
,,1,2023-10-29T02:25:00Z,28419.679,price,coindesk,GBP,bitcoin,British Pound Sterling,&pound;
,,1,2023-10-29T02:33:00Z,28424.9711,price,coindesk,GBP,bitcoin,British Pound Sterling,&pound;
,,1,2023-10-29T02:48:00Z,28425.8651,price,coindesk,GBP,bitcoin,British Pound Sterling,&pound;
,,1,2023-10-29T03:04:00Z,28437.471,price,coindesk,GBP,bitcoin,British Pound Sterling,&pound;
,,1,2023-10-29T03:19:00Z,28420.758,price,coindesk,GBP,bitcoin,British Pound Sterling,&pound;
,,1,2023-10-29T03:33:00Z,28419.4069,price,coindesk,GBP,bitcoin,British Pound Sterling,&pound;
,,1,2023-10-29T03:48:00Z,28420.056,price,coindesk,GBP,bitcoin,British Pound Sterling,&pound;
,,1,2023-10-29T04:04:00Z,28379.1046,price,coindesk,GBP,bitcoin,British Pound Sterling,&pound;
,,1,2023-10-29T04:21:00Z,28434.7446,price,coindesk,GBP,bitcoin,British Pound Sterling,&pound;
,,1,2023-10-29T04:33:00Z,28430.3977,price,coindesk,GBP,bitcoin,British Pound Sterling,&pound;
,,1,2023-10-29T04:48:00Z,28460.1008,price,coindesk,GBP,bitcoin,British Pound Sterling,&pound;
,,1,2023-10-29T05:04:00Z,28428.9335,price,coindesk,GBP,bitcoin,British Pound Sterling,&pound;
,,1,2023-10-29T05:20:00Z,28441.7668,price,coindesk,GBP,bitcoin,British Pound Sterling,&pound;
,,1,2023-10-29T05:33:00Z,28431.2204,price,coindesk,GBP,bitcoin,British Pound Sterling,&pound;
,,1,2023-10-29T05:48:00Z,28447.0716,price,coindesk,GBP,bitcoin,British Pound Sterling,&pound;
,,1,2023-10-29T06:04:00Z,28436.3076,price,coindesk,GBP,bitcoin,British Pound Sterling,&pound;
,,1,2023-10-29T06:22:00Z,28463.445,price,coindesk,GBP,bitcoin,British Pound Sterling,&pound;
,,1,2023-10-29T06:33:00Z,28473.1761,price,coindesk,GBP,bitcoin,British Pound Sterling,&pound;
,,1,2023-10-29T06:48:00Z,28519.4535,price,coindesk,GBP,bitcoin,British Pound Sterling,&pound;
,,1,2023-10-29T07:04:00Z,28499.4666,price,coindesk,GBP,bitcoin,British Pound Sterling,&pound;
,,1,2023-10-29T07:18:00Z,28479.0977,price,coindesk,GBP,bitcoin,British Pound Sterling,&pound;
,,1,2023-10-29T07:33:00Z,28494.5354,price,coindesk,GBP,bitcoin,British Pound Sterling,&pound;
,,1,2023-10-29T07:48:00Z,28498.324,price,coindesk,GBP,bitcoin,British Pound Sterling,&pound;
,,1,2023-10-29T08:04:00Z,28504.1849,price,coindesk,GBP,bitcoin,British Pound Sterling,&pound;
,,1,2023-10-29T08:21:00Z,28541.6902,price,coindesk,GBP,bitcoin,British Pound Sterling,&pound;
,,1,2023-10-29T08:33:00Z,28533.3809,price,coindesk,GBP,bitcoin,British Pound Sterling,&pound;
,,1,2023-10-29T08:47:00Z,28559.0926,price,coindesk,GBP,bitcoin,British Pound Sterling,&pound;
,,1,2023-10-29T09:04:00Z,28609.1019,price,coindesk,GBP,bitcoin,British Pound Sterling,&pound;
,,1,2023-10-29T09:18:00Z,28582.2503,price,coindesk,GBP,bitcoin,British Pound Sterling,&pound;
,,1,2023-10-29T09:33:00Z,28639.3344,price,coindesk,GBP,bitcoin,British Pound Sterling,&pound;
,,1,2023-10-29T09:48:00Z,28631.7518,price,coindesk,GBP,bitcoin,British Pound Sterling,&pound;
,,1,2023-10-29T10:04:00Z,28591.8613,price,coindesk,GBP,bitcoin,British Pound Sterling,&pound;
,,1,2023-10-29T10:21:00Z,28586.3692,price,coindesk,GBP,bitcoin,British Pound Sterling,&pound;
,,1,2023-10-29T10:33:00Z,28583.2635,price,coindesk,GBP,bitcoin,British Pound Sterling,&pound;
,,1,2023-10-29T10:48:00Z,28573.5829,price,coindesk,GBP,bitcoin,British Pound Sterling,&pound;
,,1,2023-10-29T11:04:00Z,28577.1826,price,coindesk,GBP,bitcoin,British Pound Sterling,&pound;
,,1,2023-10-29T11:18:00Z,28612.4155,price,coindesk,GBP,bitcoin,British Pound Sterling,&pound;
,,1,2023-10-29T11:33:00Z,28675.6702,price,coindesk,GBP,bitcoin,British Pound Sterling,&pound;
,,1,2023-10-29T11:48:00Z,28657.1012,price,coindesk,GBP,bitcoin,British Pound Sterling,&pound;
,,1,2023-10-29T12:05:00Z,28662.9286,price,coindesk,GBP,bitcoin,British Pound Sterling,&pound;
,,1,2023-10-29T12:24:00Z,28700.605,price,coindesk,GBP,bitcoin,British Pound Sterling,&pound;
,,1,2023-10-29T12:38:00Z,28707.373,price,coindesk,GBP,bitcoin,British Pound Sterling,&pound;
,,1,2023-10-29T12:51:00Z,28771.6934,price,coindesk,GBP,bitcoin,British Pound Sterling,&pound;
,,1,2023-10-29T13:04:00Z,28752.8426,price,coindesk,GBP,bitcoin,British Pound Sterling,&pound;
,,1,2023-10-29T13:20:00Z,28729.9947,price,coindesk,GBP,bitcoin,British Pound Sterling,&pound;
,,1,2023-10-29T13:33:00Z,28759.0693,price,coindesk,GBP,bitcoin,British Pound Sterling,&pound;
,,1,2023-10-29T13:48:00Z,28730.1534,price,coindesk,GBP,bitcoin,British Pound Sterling,&pound;
,,1,2023-10-29T14:04:00Z,28738.931,price,coindesk,GBP,bitcoin,British Pound Sterling,&pound;
,,1,2023-10-29T14:20:00Z,28762.0172,price,coindesk,GBP,bitcoin,British Pound Sterling,&pound;
,,1,2023-10-29T14:33:00Z,28798.6231,price,coindesk,GBP,bitcoin,British Pound Sterling,&pound;
,,1,2023-10-29T14:48:00Z,28810.3938,price,coindesk,GBP,bitcoin,British Pound Sterling,&pound;
,,1,2023-10-29T15:04:00Z,28868.2058,price,coindesk,GBP,bitcoin,British Pound Sterling,&pound;
,,1,2023-10-29T15:19:00Z,28877.9927,price,coindesk,GBP,bitcoin,British Pound Sterling,&pound;
,,1,2023-10-29T15:33:00Z,28813.1197,price,coindesk,GBP,bitcoin,British Pound Sterling,&pound;
,,1,2023-10-29T15:48:00Z,28834.4219,price,coindesk,GBP,bitcoin,British Pound Sterling,&pound;
,,1,2023-10-29T16:04:00Z,28792.8066,price,coindesk,GBP,bitcoin,British Pound Sterling,&pound;
,,1,2023-10-29T16:22:00Z,28762.0565,price,coindesk,GBP,bitcoin,British Pound Sterling,&pound;
,,1,2023-10-29T16:33:00Z,28757.3245,price,coindesk,GBP,bitcoin,British Pound Sterling,&pound;
,,1,2023-10-29T16:48:00Z,28758.2803,price,coindesk,GBP,bitcoin,British Pound Sterling,&pound;
,,1,2023-10-29T17:04:00Z,28749.2781,price,coindesk,GBP,bitcoin,British Pound Sterling,&pound;
,,1,2023-10-29T17:20:00Z,28790.1542,price,coindesk,GBP,bitcoin,British Pound Sterling,&pound;
,,1,2023-10-29T17:33:00Z,28819.7474,price,coindesk,GBP,bitcoin,British Pound Sterling,&pound;
,,1,2023-10-29T17:48:00Z,29012.4359,price,coindesk,GBP,bitcoin,British Pound Sterling,&pound;
,,1,2023-10-29T18:04:00Z,28947.5107,price,coindesk,GBP,bitcoin,British Pound Sterling,&pound;
,,1,2023-10-29T18:21:00Z,29035.8405,price,coindesk,GBP,bitcoin,British Pound Sterling,&pound;
,,1,2023-10-29T18:33:00Z,29002.0172,price,coindesk,GBP,bitcoin,British Pound Sterling,&pound;
,,1,2023-10-29T18:48:00Z,28994.8476,price,coindesk,GBP,bitcoin,British Pound Sterling,&pound;
,,1,2023-10-29T19:04:00Z,28946.4479,price,coindesk,GBP,bitcoin,British Pound Sterling,&pound;
,,1,2023-10-29T19:17:00Z,28949.9199,price,coindesk,GBP,bitcoin,British Pound Sterling,&pound;
,,1,2023-10-29T19:33:00Z,28906.4044,price,coindesk,GBP,bitcoin,British Pound Sterling,&pound;
,,1,2023-10-29T19:48:00Z,28931.4021,price,coindesk,GBP,bitcoin,British Pound Sterling,&pound;
,,1,2023-10-29T20:04:00Z,28931.8084,price,coindesk,GBP,bitcoin,British Pound Sterling,&pound;
,,1,2023-10-29T20:19:00Z,28923.6996,price,coindesk,GBP,bitcoin,British Pound Sterling,&pound;
,,1,2023-10-29T20:33:00Z,28899.0501,price,coindesk,GBP,bitcoin,British Pound Sterling,&pound;
,,1,2023-10-29T20:48:00Z,28929.9821,price,coindesk,GBP,bitcoin,British Pound Sterling,&pound;
,,1,2023-10-29T21:04:00Z,28904.3777,price,coindesk,GBP,bitcoin,British Pound Sterling,&pound;
,,1,2023-10-29T21:18:00Z,28957.5517,price,coindesk,GBP,bitcoin,British Pound Sterling,&pound;
,,1,2023-10-29T21:33:00Z,28934.4481,price,coindesk,GBP,bitcoin,British Pound Sterling,&pound;
,,1,2023-10-29T21:48:00Z,28911.9309,price,coindesk,GBP,bitcoin,British Pound Sterling,&pound;
,,1,2023-10-29T22:04:00Z,28873.6922,price,coindesk,GBP,bitcoin,British Pound Sterling,&pound;
,,1,2023-10-29T22:20:00Z,28930.5574,price,coindesk,GBP,bitcoin,British Pound Sterling,&pound;
,,1,2023-10-29T22:33:00Z,28954.2783,price,coindesk,GBP,bitcoin,British Pound Sterling,&pound;
,,1,2023-10-29T22:48:00Z,28974.694,price,coindesk,GBP,bitcoin,British Pound Sterling,&pound;
,,1,2023-10-29T23:04:00Z,28992.7034,price,coindesk,GBP,bitcoin,British Pound Sterling,&pound;
,,1,2023-10-29T23:19:00Z,28957.3461,price,coindesk,GBP,bitcoin,British Pound Sterling,&pound;
,,1,2023-10-29T23:33:00Z,28917.1803,price,coindesk,GBP,bitcoin,British Pound Sterling,&pound;
,,1,2023-10-29T23:48:00Z,28865.1828,price,coindesk,GBP,bitcoin,British Pound Sterling,&pound;
,,1,2023-10-30T00:17:00Z,28878.8578,price,coindesk,GBP,bitcoin,British Pound Sterling,&pound;
,,1,2023-10-30T00:48:00Z,28817.1006,price,coindesk,GBP,bitcoin,British Pound Sterling,&pound;
,,1,2023-10-30T01:26:00Z,28842.3188,price,coindesk,GBP,bitcoin,British Pound Sterling,&pound;
,,1,2023-10-30T01:49:00Z,28826.1232,price,coindesk,GBP,bitcoin,British Pound Sterling,&pound;
,,1,2023-10-30T02:11:00Z,28674.5546,price,coindesk,GBP,bitcoin,British Pound Sterling,&pound;
,,1,2023-10-30T02:24:00Z,28632.3632,price,coindesk,GBP,bitcoin,British Pound Sterling,&pound;
,,1,2023-10-30T02:34:00Z,28632.8401,price,coindesk,GBP,bitcoin,British Pound Sterling,&pound;
,,1,2023-10-30T02:47:00Z,28658.0203,price,coindesk,GBP,bitcoin,British Pound Sterling,&pound;
,,1,2023-10-30T03:04:00Z,28663.6586,price,coindesk,GBP,bitcoin,British Pound Sterling,&pound;
,,1,2023-10-30T03:20:00Z,28637.9249,price,coindesk,GBP,bitcoin,British Pound Sterling,&pound;
,,1,2023-10-30T03:33:00Z,28623.1372,price,coindesk,GBP,bitcoin,British Pound Sterling,&pound;
,,1,2023-10-30T03:48:00Z,28657.8426,price,coindesk,GBP,bitcoin,British Pound Sterling,&pound;
,,1,2023-10-30T04:04:00Z,28626.1981,price,coindesk,GBP,bitcoin,British Pound Sterling,&pound;
,,1,2023-10-30T04:22:00Z,28665.9171,price,coindesk,GBP,bitcoin,British Pound Sterling,&pound;
,,1,2023-10-30T04:33:00Z,28670.3246,price,coindesk,GBP,bitcoin,British Pound Sterling,&pound;
,,1,2023-10-30T04:48:00Z,28685.1604,price,coindesk,GBP,bitcoin,British Pound Sterling,&pound;
,,1,2023-10-30T05:04:00Z,28683.971,price,coindesk,GBP,bitcoin,British Pound Sterling,&pound;
,,1,2023-10-30T05:21:00Z,28644.9449,price,coindesk,GBP,bitcoin,British Pound Sterling,&pound;
,,1,2023-10-30T05:33:00Z,28652.7551,price,coindesk,GBP,bitcoin,British Pound Sterling,&pound;
,,1,2023-10-30T05:48:00Z,28635.9334,price,coindesk,GBP,bitcoin,British Pound Sterling,&pound;
,,1,2023-10-30T06:05:00Z,28625.6836,price,coindesk,GBP,bitcoin,British Pound Sterling,&pound;
,,1,2023-10-30T06:23:00Z,28666.6234,price,coindesk,GBP,bitcoin,British Pound Sterling,&pound;
,,1,2023-10-30T06:33:00Z,28642.1209,price,coindesk,GBP,bitcoin,British Pound Sterling,&pound;
,,1,2023-10-30T06:48:00Z,28664.5045,price,coindesk,GBP,bitcoin,British Pound Sterling,&pound;
,,1,2023-10-30T07:04:00Z,28665.968,price,coindesk,GBP,bitcoin,British Pound Sterling,&pound;
,,1,2023-10-30T07:19:00Z,28643.6606,price,coindesk,GBP,bitcoin,British Pound Sterling,&pound;
,,1,2023-10-30T07:33:00Z,28576.1511,price,coindesk,GBP,bitcoin,British Pound Sterling,&pound;
,,1,2023-10-30T07:48:00Z,28588.9421,price,coindesk,GBP,bitcoin,British Pound Sterling,&pound;
,,1,2023-10-30T08:05:00Z,28583.2461,price,coindesk,GBP,bitcoin,British Pound Sterling,&pound;
,,1,2023-10-30T08:22:00Z,28607.4769,price,coindesk,GBP,bitcoin,British Pound Sterling,&pound;
,,1,2023-10-30T08:33:00Z,28587.3927,price,coindesk,GBP,bitcoin,British Pound Sterling,&pound;
,,1,2023-10-30T08:48:00Z,28709.1911,price,coindesk,GBP,bitcoin,British Pound Sterling,&pound;
,,1,2023-10-30T09:04:00Z,28718.9711,price,coindesk,GBP,bitcoin,British Pound Sterling,&pound;
,,1,2023-10-30T09:20:00Z,28817.1542,price,coindesk,GBP,bitcoin,British Pound Sterling,&pound;
,,1,2023-10-30T09:33:00Z,28893.9504,price,coindesk,GBP,bitcoin,British Pound Sterling,&pound;
,,1,2023-10-30T09:48:00Z,28830.4789,price,coindesk,GBP,bitcoin,British Pound Sterling,&pound;
,,1,2023-10-30T10:04:00Z,28825.1179,price,coindesk,GBP,bitcoin,British Pound Sterling,&pound;
,,1,2023-10-30T10:22:00Z,28762.3286,price,coindesk,GBP,bitcoin,British Pound Sterling,&pound;
,,1,2023-10-30T10:33:00Z,28751.0201,price,coindesk,GBP,bitcoin,British Pound Sterling,&pound;
,,1,2023-10-30T10:48:00Z,28753.8567,price,coindesk,GBP,bitcoin,British Pound Sterling,&pound;
,,1,2023-10-30T11:04:00Z,28772.5397,price,coindesk,GBP,bitcoin,British Pound Sterling,&pound;
,,1,2023-10-30T11:18:00Z,28777.8448,price,coindesk,GBP,bitcoin,British Pound Sterling,&pound;
,,1,2023-10-30T11:33:00Z,28774.1875,price,coindesk,GBP,bitcoin,British Pound Sterling,&pound;
,,1,2023-10-30T11:48:00Z,28762.7066,price,coindesk,GBP,bitcoin,British Pound Sterling,&pound;
,,1,2023-10-30T12:06:00Z,28763.1818,price,coindesk,GBP,bitcoin,British Pound Sterling,&pound;
,,1,2023-10-30T12:24:00Z,28990.2708,price,coindesk,GBP,bitcoin,British Pound Sterling,&pound;
,,1,2023-10-30T12:40:00Z,28990.1858,price,coindesk,GBP,bitcoin,British Pound Sterling,&pound;
,,1,2023-10-30T12:52:00Z,28773.1197,price,coindesk,GBP,bitcoin,British Pound Sterling,&pound;
,,1,2023-10-30T13:05:00Z,28762.4244,price,coindesk,GBP,bitcoin,British Pound Sterling,&pound;
,,1,2023-10-30T13:21:00Z,28767.3554,price,coindesk,GBP,bitcoin,British Pound Sterling,&pound;
,,1,2023-10-30T13:33:00Z,28763.596,price,coindesk,GBP,bitcoin,British Pound Sterling,&pound;
,,1,2023-10-30T13:48:00Z,28760.3846,price,coindesk,GBP,bitcoin,British Pound Sterling,&pound;
,,1,2023-10-30T14:04:00Z,28779.0473,price,coindesk,GBP,bitcoin,British Pound Sterling,&pound;
,,1,2023-10-30T14:21:00Z,29056.7568,price,coindesk,GBP,bitcoin,British Pound Sterling,&pound;
,,1,2023-10-30T14:33:00Z,28951.4355,price,coindesk,GBP,bitcoin,British Pound Sterling,&pound;
,,1,2023-10-30T14:48:00Z,28918.7792,price,coindesk,GBP,bitcoin,British Pound Sterling,&pound;
,,1,2023-10-30T15:04:00Z,28959.9692,price,coindesk,GBP,bitcoin,British Pound Sterling,&pound;
,,1,2023-10-30T15:20:00Z,29021.4968,price,coindesk,GBP,bitcoin,British Pound Sterling,&pound;
,,1,2023-10-30T15:33:00Z,28959.4093,price,coindesk,GBP,bitcoin,British Pound Sterling,&pound;
,,1,2023-10-30T15:48:00Z,28970.1345,price,coindesk,GBP,bitcoin,British Pound Sterling,&pound;
,,1,2023-10-30T16:04:00Z,28915.0166,price,coindesk,GBP,bitcoin,British Pound Sterling,&pound;
,,1,2023-10-30T16:23:00Z,28848.7769,price,coindesk,GBP,bitcoin,British Pound Sterling,&pound;
,,1,2023-10-30T16:35:00Z,28849.9393,price,coindesk,GBP,bitcoin,British Pound Sterling,&pound;
,,1,2023-10-30T16:48:00Z,28791.1055,price,coindesk,GBP,bitcoin,British Pound Sterling,&pound;
,,1,2023-10-30T17:04:00Z,28818.8729,price,coindesk,GBP,bitcoin,British Pound Sterling,&pound;
,,1,2023-10-30T17:20:00Z,28542.1943,price,coindesk,GBP,bitcoin,British Pound Sterling,&pound;
,,1,2023-10-30T17:33:00Z,28639.3467,price,coindesk,GBP,bitcoin,British Pound Sterling,&pound;
,,1,2023-10-30T17:48:00Z,28700.2414,price,coindesk,GBP,bitcoin,British Pound Sterling,&pound;
,,1,2023-10-30T18:05:00Z,28702.2285,price,coindesk,GBP,bitcoin,British Pound Sterling,&pound;
,,1,2023-10-30T18:23:00Z,28666.4475,price,coindesk,GBP,bitcoin,British Pound Sterling,&pound;
,,1,2023-10-30T18:33:00Z,28677.6136,price,coindesk,GBP,bitcoin,British Pound Sterling,&pound;
,,1,2023-10-30T18:48:00Z,28693.3334,price,coindesk,GBP,bitcoin,British Pound Sterling,&pound;
,,1,2023-10-30T19:04:00Z,28681.3199,price,coindesk,GBP,bitcoin,British Pound Sterling,&pound;
,,1,2023-10-30T19:18:00Z,28700.945,price,coindesk,GBP,bitcoin,British Pound Sterling,&pound;
,,1,2023-10-30T19:33:00Z,28753.0077,price,coindesk,GBP,bitcoin,British Pound Sterling,&pound;
,,1,2023-10-30T19:48:00Z,28751.7198,price,coindesk,GBP,bitcoin,British Pound Sterling,&pound;
,,1,2023-10-30T20:20:00Z,28721.3962,price,coindesk,GBP,bitcoin,British Pound Sterling,&pound;
,,1,2023-10-30T20:33:00Z,28737.3677,price,coindesk,GBP,bitcoin,British Pound Sterling,&pound;
,,1,2023-10-30T20:48:00Z,28767.3118,price,coindesk,GBP,bitcoin,British Pound Sterling,&pound;
,,1,2023-10-30T21:04:00Z,28789.4203,price,coindesk,GBP,bitcoin,British Pound Sterling,&pound;
,,1,2023-10-30T21:19:00Z,28763.9009,price,coindesk,GBP,bitcoin,British Pound Sterling,&pound;
,,1,2023-10-30T21:33:00Z,28832.4043,price,coindesk,GBP,bitcoin,British Pound Sterling,&pound;
,,1,2023-10-30T21:48:00Z,28874.3815,price,coindesk,GBP,bitcoin,British Pound Sterling,&pound;
,,1,2023-10-30T22:04:00Z,28845.5876,price,coindesk,GBP,bitcoin,British Pound Sterling,&pound;
,,1,2023-10-30T22:20:00Z,28818.9393,price,coindesk,GBP,bitcoin,British Pound Sterling,&pound;
,,1,2023-10-30T22:33:00Z,28807.0764,price,coindesk,GBP,bitcoin,British Pound Sterling,&pound;
,,1,2023-10-30T22:48:00Z,28822.4867,price,coindesk,GBP,bitcoin,British Pound Sterling,&pound;
,,1,2023-10-30T23:04:00Z,28813.4081,price,coindesk,GBP,bitcoin,British Pound Sterling,&pound;
,,1,2023-10-30T23:19:00Z,28846.4311,price,coindesk,GBP,bitcoin,British Pound Sterling,&pound;
,,1,2023-10-30T23:33:00Z,28816.2209,price,coindesk,GBP,bitcoin,British Pound Sterling,&pound;
,,1,2023-10-30T23:48:00Z,28838.8504,price,coindesk,GBP,bitcoin,British Pound Sterling,&pound;
,,1,2023-10-31T00:17:00Z,28879.2661,price,coindesk,GBP,bitcoin,British Pound Sterling,&pound;
,,1,2023-10-31T00:48:00Z,28896.0964,price,coindesk,GBP,bitcoin,British Pound Sterling,&pound;
,,1,2023-10-31T01:26:00Z,28787.8103,price,coindesk,GBP,bitcoin,British Pound Sterling,&pound;
,,1,2023-10-31T01:49:00Z,28810.6443,price,coindesk,GBP,bitcoin,British Pound Sterling,&pound;
,,1,2023-10-31T02:11:00Z,28782.0146,price,coindesk,GBP,bitcoin,British Pound Sterling,&pound;
,,1,2023-10-31T02:24:00Z,28748.1009,price,coindesk,GBP,bitcoin,British Pound Sterling,&pound;
,,1,2023-10-31T02:33:00Z,28728.967,price,coindesk,GBP,bitcoin,British Pound Sterling,&pound;
,,1,2023-10-31T02:48:00Z,28683.9413,price,coindesk,GBP,bitcoin,British Pound Sterling,&pound;
,,1,2023-10-31T03:04:00Z,28739.9826,price,coindesk,GBP,bitcoin,British Pound Sterling,&pound;
,,1,2023-10-31T03:20:00Z,28697.0136,price,coindesk,GBP,bitcoin,British Pound Sterling,&pound;
,,1,2023-10-31T03:33:00Z,28689.8478,price,coindesk,GBP,bitcoin,British Pound Sterling,&pound;
,,1,2023-10-31T03:49:00Z,28646.2163,price,coindesk,GBP,bitcoin,British Pound Sterling,&pound;
,,1,2023-10-31T04:04:00Z,28609.7848,price,coindesk,GBP,bitcoin,British Pound Sterling,&pound;
,,1,2023-10-31T04:22:00Z,28631.113,price,coindesk,GBP,bitcoin,British Pound Sterling,&pound;
,,1,2023-10-31T04:33:00Z,28657.6508,price,coindesk,GBP,bitcoin,British Pound Sterling,&pound;
,,1,2023-10-31T04:48:00Z,28639.17,price,coindesk,GBP,bitcoin,British Pound Sterling,&pound;
,,1,2023-10-31T05:04:00Z,28624.3902,price,coindesk,GBP,bitcoin,British Pound Sterling,&pound;
,,1,2023-10-31T05:21:00Z,28609.8988,price,coindesk,GBP,bitcoin,British Pound Sterling,&pound;
,,1,2023-10-31T05:33:00Z,28679.8486,price,coindesk,GBP,bitcoin,British Pound Sterling,&pound;
,,1,2023-10-31T05:48:00Z,28675.4414,price,coindesk,GBP,bitcoin,British Pound Sterling,&pound;
,,1,2023-10-31T06:05:00Z,28657.6708,price,coindesk,GBP,bitcoin,British Pound Sterling,&pound;
,,1,2023-10-31T06:23:00Z,28675.6918,price,coindesk,GBP,bitcoin,British Pound Sterling,&pound;
,,1,2023-10-31T06:33:00Z,28592.6444,price,coindesk,GBP,bitcoin,British Pound Sterling,&pound;
,,1,2023-10-31T06:48:00Z,28655.4048,price,coindesk,GBP,bitcoin,British Pound Sterling,&pound;
,,1,2023-10-31T07:04:00Z,28644.2881,price,coindesk,GBP,bitcoin,British Pound Sterling,&pound;
,,1,2023-10-31T07:18:00Z,28645.841,price,coindesk,GBP,bitcoin,British Pound Sterling,&pound;
,,1,2023-10-31T07:33:00Z,28532.0938,price,coindesk,GBP,bitcoin,British Pound Sterling,&pound;
,,1,2023-10-31T07:48:00Z,28549.7975,price,coindesk,GBP,bitcoin,British Pound Sterling,&pound;
,,1,2023-10-31T08:05:00Z,28494.3192,price,coindesk,GBP,bitcoin,British Pound Sterling,&pound;
,,1,2023-10-31T08:22:00Z,28608.1676,price,coindesk,GBP,bitcoin,British Pound Sterling,&pound;
,,1,2023-10-31T08:33:00Z,28657.5267,price,coindesk,GBP,bitcoin,British Pound Sterling,&pound;
,,1,2023-10-31T08:48:00Z,28729.3169,price,coindesk,GBP,bitcoin,British Pound Sterling,&pound;
,,1,2023-10-31T09:04:00Z,28724.5569,price,coindesk,GBP,bitcoin,British Pound Sterling,&pound;
,,1,2023-10-31T09:19:00Z,28717.6476,price,coindesk,GBP,bitcoin,British Pound Sterling,&pound;
,,1,2023-10-31T09:33:00Z,28723.778,price,coindesk,GBP,bitcoin,British Pound Sterling,&pound;
,,1,2023-10-31T09:48:00Z,28743.4793,price,coindesk,GBP,bitcoin,British Pound Sterling,&pound;
,,1,2023-10-31T10:04:00Z,28780.9521,price,coindesk,GBP,bitcoin,British Pound Sterling,&pound;
,,1,2023-10-31T10:22:00Z,28723.6711,price,coindesk,GBP,bitcoin,British Pound Sterling,&pound;
,,1,2023-10-31T10:34:00Z,28744.6063,price,coindesk,GBP,bitcoin,British Pound Sterling,&pound;
,,1,2023-10-31T10:48:00Z,28765.9114,price,coindesk,GBP,bitcoin,British Pound Sterling,&pound;
,,1,2023-10-31T11:04:00Z,28810.1553,price,coindesk,GBP,bitcoin,British Pound Sterling,&pound;
,,1,2023-10-31T11:18:00Z,28791.4336,price,coindesk,GBP,bitcoin,British Pound Sterling,&pound;
,,1,2023-10-31T11:33:00Z,28828.5211,price,coindesk,GBP,bitcoin,British Pound Sterling,&pound;
,,1,2023-10-31T11:48:00Z,28858.0693,price,coindesk,GBP,bitcoin,British Pound Sterling,&pound;
,,1,2023-10-31T12:06:00Z,28847.4312,price,coindesk,GBP,bitcoin,British Pound Sterling,&pound;
,,1,2023-10-31T12:24:00Z,28728.4137,price,coindesk,GBP,bitcoin,British Pound Sterling,&pound;
,,1,2023-10-31T12:40:00Z,28784.4634,price,coindesk,GBP,bitcoin,British Pound Sterling,&pound;
,,1,2023-10-31T12:52:00Z,28726.9983,price,coindesk,GBP,bitcoin,British Pound Sterling,&pound;
,,1,2023-10-31T13:05:00Z,28709.9008,price,coindesk,GBP,bitcoin,British Pound Sterling,&pound;
,,1,2023-10-31T13:21:00Z,28740.7318,price,coindesk,GBP,bitcoin,British Pound Sterling,&pound;
,,1,2023-10-31T13:33:00Z,28732.6809,price,coindesk,GBP,bitcoin,British Pound Sterling,&pound;
,,1,2023-10-31T13:48:00Z,28690.6564,price,coindesk,GBP,bitcoin,British Pound Sterling,&pound;
,,1,2023-10-31T14:04:00Z,28609.1136,price,coindesk,GBP,bitcoin,British Pound Sterling,&pound;
,,1,2023-10-31T14:21:00Z,28736.0731,price,coindesk,GBP,bitcoin,British Pound Sterling,&pound;
,,1,2023-10-31T14:33:00Z,28672.3279,price,coindesk,GBP,bitcoin,British Pound Sterling,&pound;
,,1,2023-10-31T14:48:00Z,28691.5935,price,coindesk,GBP,bitcoin,British Pound Sterling,&pound;
,,1,2023-10-31T15:04:00Z,28704.508,price,coindesk,GBP,bitcoin,British Pound Sterling,&pound;
,,1,2023-10-31T15:20:00Z,28629.3809,price,coindesk,GBP,bitcoin,British Pound Sterling,&pound;
,,1,2023-10-31T15:33:00Z,28702.8406,price,coindesk,GBP,bitcoin,British Pound Sterling,&pound;
,,1,2023-10-31T15:48:00Z,28628.2681,price,coindesk,GBP,bitcoin,British Pound Sterling,&pound;
,,1,2023-10-31T16:05:00Z,28670.5983,price,coindesk,GBP,bitcoin,British Pound Sterling,&pound;
,,1,2023-10-31T16:23:00Z,28729.8663,price,coindesk,GBP,bitcoin,British Pound Sterling,&pound;
,,1,2023-10-31T16:35:00Z,28744.3327,price,coindesk,GBP,bitcoin,British Pound Sterling,&pound;
,,1,2023-10-31T16:48:00Z,28850.3219,price,coindesk,GBP,bitcoin,British Pound Sterling,&pound;
,,1,2023-10-31T17:04:00Z,28746.2106,price,coindesk,GBP,bitcoin,British Pound Sterling,&pound;
,,1,2023-10-31T17:20:00Z,28737.8832,price,coindesk,GBP,bitcoin,British Pound Sterling,&pound;
,,1,2023-10-31T17:33:00Z,28726.939,price,coindesk,GBP,bitcoin,British Pound Sterling,&pound;
,,1,2023-10-31T17:48:00Z,28720.8898,price,coindesk,GBP,bitcoin,British Pound Sterling,&pound;
,,1,2023-10-31T18:04:00Z,28742.3511,price,coindesk,GBP,bitcoin,British Pound Sterling,&pound;
,,1,2023-10-31T18:23:00Z,28743.0641,price,coindesk,GBP,bitcoin,British Pound Sterling,&pound;
,,1,2023-10-31T18:33:00Z,28701.2345,price,coindesk,GBP,bitcoin,British Pound Sterling,&pound;
,,1,2023-10-31T18:48:00Z,28723.1316,price,coindesk,GBP,bitcoin,British Pound Sterling,&pound;
,,1,2023-10-31T19:04:00Z,28840.344,price,coindesk,GBP,bitcoin,British Pound Sterling,&pound;
,,1,2023-10-31T19:18:00Z,28839.4666,price,coindesk,GBP,bitcoin,British Pound Sterling,&pound;
,,1,2023-10-31T19:33:00Z,28829.8503,price,coindesk,GBP,bitcoin,British Pound Sterling,&pound;
,,1,2023-10-31T19:48:00Z,28795.9375,price,coindesk,GBP,bitcoin,British Pound Sterling,&pound;
,,1,2023-10-31T20:04:00Z,28880.6155,price,coindesk,GBP,bitcoin,British Pound Sterling,&pound;
,,1,2023-10-31T20:20:00Z,28951.8487,price,coindesk,GBP,bitcoin,British Pound Sterling,&pound;
,,1,2023-10-31T20:33:00Z,28941.1307,price,coindesk,GBP,bitcoin,British Pound Sterling,&pound;
,,1,2023-10-31T20:48:00Z,28997.1057,price,coindesk,GBP,bitcoin,British Pound Sterling,&pound;
,,1,2023-10-31T21:04:00Z,28911.4042,price,coindesk,GBP,bitcoin,British Pound Sterling,&pound;
,,1,2023-10-31T21:18:00Z,28929.9521,price,coindesk,GBP,bitcoin,British Pound Sterling,&pound;
,,1,2023-10-31T21:33:00Z,28906.2049,price,coindesk,GBP,bitcoin,British Pound Sterling,&pound;
,,1,2023-10-31T21:48:00Z,28817.274,price,coindesk,GBP,bitcoin,British Pound Sterling,&pound;
,,1,2023-10-31T22:04:00Z,28819.0175,price,coindesk,GBP,bitcoin,British Pound Sterling,&pound;
,,1,2023-10-31T22:20:00Z,28858.3297,price,coindesk,GBP,bitcoin,British Pound Sterling,&pound;
,,1,2023-10-31T22:33:00Z,28850.6313,price,coindesk,GBP,bitcoin,British Pound Sterling,&pound;
,,1,2023-10-31T22:48:00Z,28918.0145,price,coindesk,GBP,bitcoin,British Pound Sterling,&pound;
,,1,2023-10-31T23:04:00Z,28860.3245,price,coindesk,GBP,bitcoin,British Pound Sterling,&pound;
,,1,2023-10-31T23:19:00Z,28903.3155,price,coindesk,GBP,bitcoin,British Pound Sterling,&pound;
,,1,2023-10-31T23:33:00Z,28940.621,price,coindesk,GBP,bitcoin,British Pound Sterling,&pound;
,,1,2023-10-31T23:48:00Z,28938.0562,price,coindesk,GBP,bitcoin,British Pound Sterling,&pound;
,,1,2023-11-01T00:18:00Z,28921.9475,price,coindesk,GBP,bitcoin,British Pound Sterling,&pound;
,,1,2023-11-01T00:48:00Z,28873.7364,price,coindesk,GBP,bitcoin,British Pound Sterling,&pound;
,,1,2023-11-01T01:28:00Z,28871.277,price,coindesk,GBP,bitcoin,British Pound Sterling,&pound;
,,1,2023-11-01T01:53:00Z,28837.166,price,coindesk,GBP,bitcoin,British Pound Sterling,&pound;
,,1,2023-11-01T02:13:00Z,28827.4505,price,coindesk,GBP,bitcoin,British Pound Sterling,&pound;
,,1,2023-11-01T02:27:00Z,28817.3153,price,coindesk,GBP,bitcoin,British Pound Sterling,&pound;
,,1,2023-11-01T02:37:00Z,28827.1528,price,coindesk,GBP,bitcoin,British Pound Sterling,&pound;
,,1,2023-11-01T02:48:00Z,28821.8966,price,coindesk,GBP,bitcoin,British Pound Sterling,&pound;
,,1,2023-11-01T03:04:00Z,28805.9076,price,coindesk,GBP,bitcoin,British Pound Sterling,&pound;
,,1,2023-11-01T03:20:00Z,28794.1455,price,coindesk,GBP,bitcoin,British Pound Sterling,&pound;
,,1,2023-11-01T03:33:00Z,28757.5662,price,coindesk,GBP,bitcoin,British Pound Sterling,&pound;
,,1,2023-11-01T03:48:00Z,28764.2235,price,coindesk,GBP,bitcoin,British Pound Sterling,&pound;
,,1,2023-11-01T04:04:00Z,28752.8376,price,coindesk,GBP,bitcoin,British Pound Sterling,&pound;
,,1,2023-11-01T04:22:00Z,28787.3063,price,coindesk,GBP,bitcoin,British Pound Sterling,&pound;
,,1,2023-11-01T04:33:00Z,28800.014,price,coindesk,GBP,bitcoin,British Pound Sterling,&pound;
,,1,2023-11-01T04:48:00Z,28800.2743,price,coindesk,GBP,bitcoin,British Pound Sterling,&pound;
,,1,2023-11-01T05:04:00Z,28780.1665,price,coindesk,GBP,bitcoin,British Pound Sterling,&pound;
,,1,2023-11-01T05:21:00Z,28754.9467,price,coindesk,GBP,bitcoin,British Pound Sterling,&pound;
,,1,2023-11-01T05:33:00Z,28770.3123,price,coindesk,GBP,bitcoin,British Pound Sterling,&pound;
,,1,2023-11-01T05:48:00Z,28754.4414,price,coindesk,GBP,bitcoin,British Pound Sterling,&pound;
,,1,2023-11-01T06:05:00Z,28686.1949,price,coindesk,GBP,bitcoin,British Pound Sterling,&pound;
,,1,2023-11-01T06:23:00Z,28737.8964,price,coindesk,GBP,bitcoin,British Pound Sterling,&pound;
,,1,2023-11-01T06:33:00Z,28725.8035,price,coindesk,GBP,bitcoin,British Pound Sterling,&pound;
,,1,2023-11-01T06:48:00Z,28753.0859,price,coindesk,GBP,bitcoin,British Pound Sterling,&pound;
,,1,2023-11-01T07:04:00Z,28741.4829,price,coindesk,GBP,bitcoin,British Pound Sterling,&pound;
,,1,2023-11-01T07:19:00Z,28790.6157,price,coindesk,GBP,bitcoin,British Pound Sterling,&pound;
,,1,2023-11-01T07:33:00Z,28800.0998,price,coindesk,GBP,bitcoin,British Pound Sterling,&pound;
,,1,2023-11-01T07:48:00Z,28832.4748,price,coindesk,GBP,bitcoin,British Pound Sterling,&pound;
,,1,2023-11-01T08:05:00Z,28801.6781,price,coindesk,GBP,bitcoin,British Pound Sterling,&pound;
,,1,2023-11-01T08:22:00Z,28785.585,price,coindesk,GBP,bitcoin,British Pound Sterling,&pound;
,,1,2023-11-01T08:33:00Z,28813.6157,price,coindesk,GBP,bitcoin,British Pound Sterling,&pound;
,,1,2023-11-01T08:48:00Z,28804.2513,price,coindesk,GBP,bitcoin,British Pound Sterling,&pound;
,,1,2023-11-01T09:04:00Z,28783.4522,price,coindesk,GBP,bitcoin,British Pound Sterling,&pound;
,,1,2023-11-01T09:20:00Z,28803.7793,price,coindesk,GBP,bitcoin,British Pound Sterling,&pound;
,,1,2023-11-01T09:33:00Z,28814.6569,price,coindesk,GBP,bitcoin,British Pound Sterling,&pound;
,,1,2023-11-01T09:48:00Z,28809.1072,price,coindesk,GBP,bitcoin,British Pound Sterling,&pound;
,,1,2023-11-01T10:04:00Z,28818.3804,price,coindesk,GBP,bitcoin,British Pound Sterling,&pound;
,,1,2023-11-01T10:21:00Z,28801.3207,price,coindesk,GBP,bitcoin,British Pound Sterling,&pound;
,,1,2023-11-01T10:33:00Z,28778.1949,price,coindesk,GBP,bitcoin,British Pound Sterling,&pound;
,,1,2023-11-01T10:48:00Z,28731.3447,price,coindesk,GBP,bitcoin,British Pound Sterling,&pound;
,,1,2023-11-01T11:04:00Z,28737.6372,price,coindesk,GBP,bitcoin,British Pound Sterling,&pound;
,,1,2023-11-01T11:18:00Z,28730.2459,price,coindesk,GBP,bitcoin,British Pound Sterling,&pound;
,,1,2023-11-01T11:33:00Z,28746.2306,price,coindesk,GBP,bitcoin,British Pound Sterling,&pound;
,,1,2023-11-01T11:48:00Z,28741.7685,price,coindesk,GBP,bitcoin,British Pound Sterling,&pound;
,,1,2023-11-01T12:06:00Z,28773.054,price,coindesk,GBP,bitcoin,British Pound Sterling,&pound;
,,1,2023-11-01T12:24:00Z,28722.1987,price,coindesk,GBP,bitcoin,British Pound Sterling,&pound;
,,1,2023-11-01T12:40:00Z,28791.6352,price,coindesk,GBP,bitcoin,British Pound Sterling,&pound;
,,1,2023-11-01T12:52:00Z,28944.2781,price,coindesk,GBP,bitcoin,British Pound Sterling,&pound;
,,1,2023-11-01T13:05:00Z,29121.3298,price,coindesk,GBP,bitcoin,British Pound Sterling,&pound;
,,1,2023-11-01T13:21:00Z,29285.4358,price,coindesk,GBP,bitcoin,British Pound Sterling,&pound;
,,1,2023-11-01T13:33:00Z,28881.6164,price,coindesk,GBP,bitcoin,British Pound Sterling,&pound;
,,1,2023-11-01T13:48:00Z,28827.6808,price,coindesk,GBP,bitcoin,British Pound Sterling,&pound;
,,1,2023-11-01T14:04:00Z,28892.3504,price,coindesk,GBP,bitcoin,British Pound Sterling,&pound;
,,1,2023-11-01T14:21:00Z,28895.4722,price,coindesk,GBP,bitcoin,British Pound Sterling,&pound;
,,1,2023-11-01T14:33:00Z,28867.3124,price,coindesk,GBP,bitcoin,British Pound Sterling,&pound;
,,1,2023-11-01T14:48:00Z,28775.532,price,coindesk,GBP,bitcoin,British Pound Sterling,&pound;
,,1,2023-11-01T15:04:00Z,28590.3826,price,coindesk,GBP,bitcoin,British Pound Sterling,&pound;
,,1,2023-11-01T15:20:00Z,28639.8954,price,coindesk,GBP,bitcoin,British Pound Sterling,&pound;
,,1,2023-11-01T15:33:00Z,28614.6615,price,coindesk,GBP,bitcoin,British Pound Sterling,&pound;
,,1,2023-11-01T15:48:00Z,28627.2749,price,coindesk,GBP,bitcoin,British Pound Sterling,&pound;
,,1,2023-11-01T16:04:00Z,28673.3768,price,coindesk,GBP,bitcoin,British Pound Sterling,&pound;
,,1,2023-11-01T16:23:00Z,28752.1479,price,coindesk,GBP,bitcoin,British Pound Sterling,&pound;
,,1,2023-11-01T16:35:00Z,28845.7195,price,coindesk,GBP,bitcoin,British Pound Sterling,&pound;
,,1,2023-11-01T16:48:00Z,28773.9725,price,coindesk,GBP,bitcoin,British Pound Sterling,&pound;
,,1,2023-11-01T17:04:00Z,28832.4154,price,coindesk,GBP,bitcoin,British Pound Sterling,&pound;
,,1,2023-11-01T17:20:00Z,28804.9477,price,coindesk,GBP,bitcoin,British Pound Sterling,&pound;
,,1,2023-11-01T17:33:00Z,28729.5271,price,coindesk,GBP,bitcoin,British Pound Sterling,&pound;
,,1,2023-11-01T17:48:00Z,28824.07,price,coindesk,GBP,bitcoin,British Pound Sterling,&pound;
,,1,2023-11-01T18:04:00Z,28851.7292,price,coindesk,GBP,bitcoin,British Pound Sterling,&pound;
,,1,2023-11-01T18:23:00Z,28870.1383,price,coindesk,GBP,bitcoin,British Pound Sterling,&pound;
,,1,2023-11-01T18:33:00Z,28918.9974,price,coindesk,GBP,bitcoin,British Pound Sterling,&pound;
,,1,2023-11-01T18:48:00Z,28839.8338,price,coindesk,GBP,bitcoin,British Pound Sterling,&pound;
,,1,2023-11-01T19:04:00Z,28920.0722,price,coindesk,GBP,bitcoin,British Pound Sterling,&pound;
,,1,2023-11-01T19:18:00Z,28850.8223,price,coindesk,GBP,bitcoin,British Pound Sterling,&pound;
,,1,2023-11-01T19:33:00Z,28897.9498,price,coindesk,GBP,bitcoin,British Pound Sterling,&pound;
,,1,2023-11-01T19:48:00Z,28872.8608,price,coindesk,GBP,bitcoin,British Pound Sterling,&pound;
,,1,2023-11-01T20:04:00Z,28886.8902,price,coindesk,GBP,bitcoin,British Pound Sterling,&pound;
,,1,2023-11-01T20:20:00Z,28966.4161,price,coindesk,GBP,bitcoin,British Pound Sterling,&pound;
,,1,2023-11-01T20:33:00Z,29035.019,price,coindesk,GBP,bitcoin,British Pound Sterling,&pound;
,,1,2023-11-01T20:48:00Z,29220.4509,price,coindesk,GBP,bitcoin,British Pound Sterling,&pound;
,,1,2023-11-01T21:04:00Z,29560.1875,price,coindesk,GBP,bitcoin,British Pound Sterling,&pound;
,,1,2023-11-01T21:19:00Z,29566.5165,price,coindesk,GBP,bitcoin,British Pound Sterling,&pound;
,,1,2023-11-01T21:33:00Z,29473.912,price,coindesk,GBP,bitcoin,British Pound Sterling,&pound;
,,1,2023-11-01T21:48:00Z,29424.921,price,coindesk,GBP,bitcoin,British Pound Sterling,&pound;
,,1,2023-11-01T22:04:00Z,29655.8336,price,coindesk,GBP,bitcoin,British Pound Sterling,&pound;
,,1,2023-11-01T22:21:00Z,29608.3297,price,coindesk,GBP,bitcoin,British Pound Sterling,&pound;
,,1,2023-11-01T22:33:00Z,29503.2858,price,coindesk,GBP,bitcoin,British Pound Sterling,&pound;
,,1,2023-11-01T22:48:00Z,29473.0932,price,coindesk,GBP,bitcoin,British Pound Sterling,&pound;
,,1,2023-11-01T23:04:00Z,29457.939,price,coindesk,GBP,bitcoin,British Pound Sterling,&pound;
,,1,2023-11-01T23:19:00Z,29555.2225,price,coindesk,GBP,bitcoin,British Pound Sterling,&pound;
,,1,2023-11-01T23:33:00Z,29594.9147,price,coindesk,GBP,bitcoin,British Pound Sterling,&pound;
,,1,2023-11-01T23:48:00Z,29606.7436,price,coindesk,GBP,bitcoin,British Pound Sterling,&pound;
,,1,2023-11-02T00:17:00Z,29697.6197,price,coindesk,GBP,bitcoin,British Pound Sterling,&pound;
,,1,2023-11-02T00:48:00Z,29570.1564,price,coindesk,GBP,bitcoin,British Pound Sterling,&pound;
,,1,2023-11-02T01:25:00Z,29683.4282,price,coindesk,GBP,bitcoin,British Pound Sterling,&pound;
,,1,2023-11-02T01:49:00Z,29726.414,price,coindesk,GBP,bitcoin,British Pound Sterling,&pound;
,,1,2023-11-02T02:10:00Z,29734.7869,price,coindesk,GBP,bitcoin,British Pound Sterling,&pound;
,,1,2023-11-02T02:23:00Z,29717.3323,price,coindesk,GBP,bitcoin,British Pound Sterling,&pound;
,,1,2023-11-02T02:33:00Z,29805.9851,price,coindesk,GBP,bitcoin,British Pound Sterling,&pound;
,,1,2023-11-02T02:48:00Z,29975.3242,price,coindesk,GBP,bitcoin,British Pound Sterling,&pound;
,,1,2023-11-02T03:04:00Z,29814.3022,price,coindesk,GBP,bitcoin,British Pound Sterling,&pound;
,,1,2023-11-02T03:19:00Z,29924.6141,price,coindesk,GBP,bitcoin,British Pound Sterling,&pound;
,,1,2023-11-02T03:33:00Z,29803.885,price,coindesk,GBP,bitcoin,British Pound Sterling,&pound;
,,1,2023-11-02T03:48:00Z,29751.3817,price,coindesk,GBP,bitcoin,British Pound Sterling,&pound;
,,1,2023-11-02T04:04:00Z,29752.9141,price,coindesk,GBP,bitcoin,British Pound Sterling,&pound;
,,1,2023-11-02T04:22:00Z,29713.5729,price,coindesk,GBP,bitcoin,British Pound Sterling,&pound;
,,1,2023-11-02T04:33:00Z,29708.7648,price,coindesk,GBP,bitcoin,British Pound Sterling,&pound;
,,1,2023-11-02T04:48:00Z,29672.2037,price,coindesk,GBP,bitcoin,British Pound Sterling,&pound;
,,1,2023-11-02T05:04:00Z,29651.5085,price,coindesk,GBP,bitcoin,British Pound Sterling,&pound;
,,1,2023-11-02T05:20:00Z,29555.6418,price,coindesk,GBP,bitcoin,British Pound Sterling,&pound;
,,1,2023-11-02T05:33:00Z,29473.8485,price,coindesk,GBP,bitcoin,British Pound Sterling,&pound;
,,1,2023-11-02T05:48:00Z,29469.8247,price,coindesk,GBP,bitcoin,British Pound Sterling,&pound;
,,1,2023-11-02T06:05:00Z,29426.2552,price,coindesk,GBP,bitcoin,British Pound Sterling,&pound;
,,1,2023-11-02T06:23:00Z,29384.2386,price,coindesk,GBP,bitcoin,British Pound Sterling,&pound;
,,1,2023-11-02T06:33:00Z,29470.6564,price,coindesk,GBP,bitcoin,British Pound Sterling,&pound;
,,1,2023-11-02T06:48:00Z,29430.1899,price,coindesk,GBP,bitcoin,British Pound Sterling,&pound;
,,1,2023-11-02T07:04:00Z,29485.3427,price,coindesk,GBP,bitcoin,British Pound Sterling,&pound;
,,1,2023-11-02T07:19:00Z,29484.9053,price,coindesk,GBP,bitcoin,British Pound Sterling,&pound;
,,1,2023-11-02T07:33:00Z,29487.0191,price,coindesk,GBP,bitcoin,British Pound Sterling,&pound;
,,1,2023-11-02T07:48:00Z,29464.6615,price,coindesk,GBP,bitcoin,British Pound Sterling,&pound;
,,1,2023-11-02T08:05:00Z,29416.2403,price,coindesk,GBP,bitcoin,British Pound Sterling,&pound;
,,1,2023-11-02T08:22:00Z,29449.3438,price,coindesk,GBP,bitcoin,British Pound Sterling,&pound;
,,1,2023-11-02T08:33:00Z,29462.5399,price,coindesk,GBP,bitcoin,British Pound Sterling,&pound;
,,1,2023-11-02T08:48:00Z,29492.6232,price,coindesk,GBP,bitcoin,British Pound Sterling,&pound;
,,1,2023-11-02T09:04:00Z,29513.1288,price,coindesk,GBP,bitcoin,British Pound Sterling,&pound;
,,1,2023-11-02T09:19:00Z,29507.3719,price,coindesk,GBP,bitcoin,British Pound Sterling,&pound;
,,1,2023-11-02T09:33:00Z,29538.1426,price,coindesk,GBP,bitcoin,British Pound Sterling,&pound;
,,1,2023-11-02T09:48:00Z,29574.9214,price,coindesk,GBP,bitcoin,British Pound Sterling,&pound;
,,1,2023-11-02T10:04:00Z,29544.0145,price,coindesk,GBP,bitcoin,British Pound Sterling,&pound;
,,1,2023-11-02T10:21:00Z,29596.5305,price,coindesk,GBP,bitcoin,British Pound Sterling,&pound;
,,1,2023-11-02T10:33:00Z,29626.3064,price,coindesk,GBP,bitcoin,British Pound Sterling,&pound;
,,1,2023-11-02T10:48:00Z,29563.3652,price,coindesk,GBP,bitcoin,British Pound Sterling,&pound;
,,1,2023-11-02T11:04:00Z,29563.4335,price,coindesk,GBP,bitcoin,British Pound Sterling,&pound;
,,1,2023-11-02T11:18:00Z,29557.6614,price,coindesk,GBP,bitcoin,British Pound Sterling,&pound;
,,1,2023-11-02T11:33:00Z,29573.1443,price,coindesk,GBP,bitcoin,British Pound Sterling,&pound;
,,1,2023-11-02T11:48:00Z,29584.6368,price,coindesk,GBP,bitcoin,British Pound Sterling,&pound;
,,1,2023-11-02T12:06:00Z,29542.7759,price,coindesk,GBP,bitcoin,British Pound Sterling,&pound;
,,1,2023-11-02T12:24:00Z,29582.4906,price,coindesk,GBP,bitcoin,British Pound Sterling,&pound;
,,1,2023-11-02T12:40:00Z,29589.6507,price,coindesk,GBP,bitcoin,British Pound Sterling,&pound;
,,1,2023-11-02T12:52:00Z,29591.5698,price,coindesk,GBP,bitcoin,British Pound Sterling,&pound;
,,1,2023-11-02T13:04:00Z,29529.7799,price,coindesk,GBP,bitcoin,British Pound Sterling,&pound;
,,1,2023-11-02T13:23:00Z,29438.1559,price,coindesk,GBP,bitcoin,British Pound Sterling,&pound;
,,1,2023-11-02T13:33:00Z,29382.4423,price,coindesk,GBP,bitcoin,British Pound Sterling,&pound;
,,1,2023-11-02T13:48:00Z,29208.4019,price,coindesk,GBP,bitcoin,British Pound Sterling,&pound;
,,1,2023-11-02T14:04:00Z,29283.7257,price,coindesk,GBP,bitcoin,British Pound Sterling,&pound;
,,1,2023-11-02T14:21:00Z,29192.9407,price,coindesk,GBP,bitcoin,British Pound Sterling,&pound;
,,1,2023-11-02T14:33:00Z,29133.3499,price,coindesk,GBP,bitcoin,British Pound Sterling,&pound;
,,1,2023-11-02T14:48:00Z,29216.6234,price,coindesk,GBP,bitcoin,British Pound Sterling,&pound;
,,1,2023-11-02T15:04:00Z,29189.2414,price,coindesk,GBP,bitcoin,British Pound Sterling,&pound;
,,1,2023-11-02T15:20:00Z,29105.9349,price,coindesk,GBP,bitcoin,British Pound Sterling,&pound;
,,1,2023-11-02T15:33:00Z,28942.4084,price,coindesk,GBP,bitcoin,British Pound Sterling,&pound;
,,1,2023-11-02T15:48:00Z,29050.1666,price,coindesk,GBP,bitcoin,British Pound Sterling,&pound;
,,1,2023-11-02T16:04:00Z,28949.0712,price,coindesk,GBP,bitcoin,British Pound Sterling,&pound;
,,1,2023-11-02T16:23:00Z,28847.2259,price,coindesk,GBP,bitcoin,British Pound Sterling,&pound;
,,1,2023-11-02T16:35:00Z,28842.433,price,coindesk,GBP,bitcoin,British Pound Sterling,&pound;
,,1,2023-11-02T16:47:00Z,28963.3686,price,coindesk,GBP,bitcoin,British Pound Sterling,&pound;
,,1,2023-11-02T17:04:00Z,28908.619,price,coindesk,GBP,bitcoin,British Pound Sterling,&pound;
,,1,2023-11-02T17:20:00Z,28910.9206,price,coindesk,GBP,bitcoin,British Pound Sterling,&pound;
,,1,2023-11-02T17:33:00Z,28948.4852,price,coindesk,GBP,bitcoin,British Pound Sterling,&pound;
,,1,2023-11-02T17:48:00Z,29005.4067,price,coindesk,GBP,bitcoin,British Pound Sterling,&pound;
,,1,2023-11-02T18:04:00Z,29052.2459,price,coindesk,GBP,bitcoin,British Pound Sterling,&pound;
,,1,2023-11-02T18:23:00Z,29083.9187,price,coindesk,GBP,bitcoin,British Pound Sterling,&pound;
,,1,2023-11-02T18:33:00Z,29104.3541,price,coindesk,GBP,bitcoin,British Pound Sterling,&pound;
,,1,2023-11-02T18:48:00Z,29100.3896,price,coindesk,GBP,bitcoin,British Pound Sterling,&pound;
,,1,2023-11-02T19:04:00Z,29131.3962,price,coindesk,GBP,bitcoin,British Pound Sterling,&pound;
,,1,2023-11-02T19:18:00Z,29142.8823,price,coindesk,GBP,bitcoin,British Pound Sterling,&pound;
,,1,2023-11-02T19:33:00Z,29185.8683,price,coindesk,GBP,bitcoin,British Pound Sterling,&pound;
,,1,2023-11-02T19:48:00Z,29207.2803,price,coindesk,GBP,bitcoin,British Pound Sterling,&pound;
,,1,2023-11-02T20:04:00Z,29221.6395,price,coindesk,GBP,bitcoin,British Pound Sterling,&pound;
,,1,2023-11-02T20:20:00Z,29315.6546,price,coindesk,GBP,bitcoin,British Pound Sterling,&pound;
,,1,2023-11-02T20:33:00Z,29141.4536,price,coindesk,GBP,bitcoin,British Pound Sterling,&pound;
,,1,2023-11-02T20:48:00Z,29143.7565,price,coindesk,GBP,bitcoin,British Pound Sterling,&pound;
,,1,2023-11-02T21:04:00Z,29141.7176,price,coindesk,GBP,bitcoin,British Pound Sterling,&pound;
,,1,2023-11-02T21:18:00Z,29194.256,price,coindesk,GBP,bitcoin,British Pound Sterling,&pound;
,,1,2023-11-02T21:33:00Z,29164.1746,price,coindesk,GBP,bitcoin,British Pound Sterling,&pound;
,,1,2023-11-02T21:48:00Z,29145.3393,price,coindesk,GBP,bitcoin,British Pound Sterling,&pound;
,,1,2023-11-02T22:04:00Z,29177.4112,price,coindesk,GBP,bitcoin,British Pound Sterling,&pound;
,,1,2023-11-02T22:20:00Z,29148.4129,price,coindesk,GBP,bitcoin,British Pound Sterling,&pound;
,,1,2023-11-02T22:33:00Z,29154.3915,price,coindesk,GBP,bitcoin,British Pound Sterling,&pound;
,,1,2023-11-02T22:48:00Z,29078.3673,price,coindesk,GBP,bitcoin,British Pound Sterling,&pound;
,,1,2023-11-02T23:04:00Z,29060.9019,price,coindesk,GBP,bitcoin,British Pound Sterling,&pound;
,,1,2023-11-02T23:19:00Z,29113.8196,price,coindesk,GBP,bitcoin,British Pound Sterling,&pound;
,,1,2023-11-02T23:33:00Z,29143.6591,price,coindesk,GBP,bitcoin,British Pound Sterling,&pound;
,,1,2023-11-02T23:48:00Z,29144.7321,price,coindesk,GBP,bitcoin,British Pound Sterling,&pound;
,,1,2023-11-03T00:17:00Z,29116.9859,price,coindesk,GBP,bitcoin,British Pound Sterling,&pound;
,,1,2023-11-03T00:48:00Z,28993.7326,price,coindesk,GBP,bitcoin,British Pound Sterling,&pound;
,,1,2023-11-03T01:25:00Z,28851.5662,price,coindesk,GBP,bitcoin,British Pound Sterling,&pound;
,,1,2023-11-03T01:49:00Z,28886.5405,price,coindesk,GBP,bitcoin,British Pound Sterling,&pound;
,,1,2023-11-03T02:11:00Z,28930.2545,price,coindesk,GBP,bitcoin,British Pound Sterling,&pound;
,,1,2023-11-03T02:24:00Z,28955.3292,price,coindesk,GBP,bitcoin,British Pound Sterling,&pound;
,,1,2023-11-03T02:33:00Z,28996.8179,price,coindesk,GBP,bitcoin,British Pound Sterling,&pound;
,,1,2023-11-03T02:48:00Z,28957.2813,price,coindesk,GBP,bitcoin,British Pound Sterling,&pound;
,,1,2023-11-03T03:04:00Z,28985.4416,price,coindesk,GBP,bitcoin,British Pound Sterling,&pound;
,,1,2023-11-03T03:20:00Z,28967.206,price,coindesk,GBP,bitcoin,British Pound Sterling,&pound;
,,1,2023-11-03T03:33:00Z,28975.7042,price,coindesk,GBP,bitcoin,British Pound Sterling,&pound;
,,1,2023-11-03T03:48:00Z,28970.1711,price,coindesk,GBP,bitcoin,British Pound Sterling,&pound;
,,1,2023-11-03T04:04:00Z,29010.0306,price,coindesk,GBP,bitcoin,British Pound Sterling,&pound;
,,1,2023-11-03T04:22:00Z,28945.6142,price,coindesk,GBP,bitcoin,British Pound Sterling,&pound;
,,1,2023-11-03T04:33:00Z,28943.8579,price,coindesk,GBP,bitcoin,British Pound Sterling,&pound;
,,1,2023-11-03T04:47:00Z,28813.6115,price,coindesk,GBP,bitcoin,British Pound Sterling,&pound;
,,1,2023-11-03T05:04:00Z,28781.4251,price,coindesk,GBP,bitcoin,British Pound Sterling,&pound;
,,1,2023-11-03T05:21:00Z,28765.1139,price,coindesk,GBP,bitcoin,British Pound Sterling,&pound;
,,1,2023-11-03T05:33:00Z,28834.0457,price,coindesk,GBP,bitcoin,British Pound Sterling,&pound;
,,1,2023-11-03T05:48:00Z,28775.8987,price,coindesk,GBP,bitcoin,British Pound Sterling,&pound;
,,1,2023-11-03T06:04:00Z,28855.0321,price,coindesk,GBP,bitcoin,British Pound Sterling,&pound;
,,1,2023-11-03T06:23:00Z,28860.4729,price,coindesk,GBP,bitcoin,British Pound Sterling,&pound;
,,1,2023-11-03T06:33:00Z,28865.2103,price,coindesk,GBP,bitcoin,British Pound Sterling,&pound;
,,1,2023-11-03T06:48:00Z,28824.4482,price,coindesk,GBP,bitcoin,British Pound Sterling,&pound;
,,1,2023-11-03T07:04:00Z,28790.6448,price,coindesk,GBP,bitcoin,British Pound Sterling,&pound;
,,1,2023-11-03T07:18:00Z,28832.515,price,coindesk,GBP,bitcoin,British Pound Sterling,&pound;
,,1,2023-11-03T07:33:00Z,28828.3056,price,coindesk,GBP,bitcoin,British Pound Sterling,&pound;
,,1,2023-11-03T07:48:00Z,28739.3788,price,coindesk,GBP,bitcoin,British Pound Sterling,&pound;
,,1,2023-11-03T08:05:00Z,28768.513,price,coindesk,GBP,bitcoin,British Pound Sterling,&pound;
,,1,2023-11-03T08:22:00Z,28895.3361,price,coindesk,GBP,bitcoin,British Pound Sterling,&pound;
,,1,2023-11-03T08:33:00Z,28859.6903,price,coindesk,GBP,bitcoin,British Pound Sterling,&pound;
,,1,2023-11-03T08:48:00Z,28722.7931,price,coindesk,GBP,bitcoin,British Pound Sterling,&pound;
,,1,2023-11-03T09:04:00Z,28731.2731,price,coindesk,GBP,bitcoin,British Pound Sterling,&pound;
,,1,2023-11-03T09:20:00Z,28702.8888,price,coindesk,GBP,bitcoin,British Pound Sterling,&pound;
,,1,2023-11-03T09:33:00Z,28672.5305,price,coindesk,GBP,bitcoin,British Pound Sterling,&pound;
,,1,2023-11-03T09:48:00Z,28691.4787,price,coindesk,GBP,bitcoin,British Pound Sterling,&pound;
,,1,2023-11-03T10:04:00Z,28566.6769,price,coindesk,GBP,bitcoin,British Pound Sterling,&pound;
,,1,2023-11-03T10:21:00Z,28570.0471,price,coindesk,GBP,bitcoin,British Pound Sterling,&pound;
,,1,2023-11-03T10:33:00Z,28556.5436,price,coindesk,GBP,bitcoin,British Pound Sterling,&pound;
,,1,2023-11-03T10:48:00Z,28592.4912,price,coindesk,GBP,bitcoin,British Pound Sterling,&pound;
,,1,2023-11-03T11:04:00Z,28643.0292,price,coindesk,GBP,bitcoin,British Pound Sterling,&pound;
,,1,2023-11-03T11:18:00Z,28617.2827,price,coindesk,GBP,bitcoin,British Pound Sterling,&pound;
,,1,2023-11-03T11:33:00Z,28586.4711,price,coindesk,GBP,bitcoin,British Pound Sterling,&pound;
,,1,2023-11-03T11:48:00Z,28614.4678,price,coindesk,GBP,bitcoin,British Pound Sterling,&pound;
,,1,2023-11-03T12:06:00Z,28565.5522,price,coindesk,GBP,bitcoin,British Pound Sterling,&pound;
,,1,2023-11-03T12:24:00Z,28624.8603,price,coindesk,GBP,bitcoin,British Pound Sterling,&pound;
,,1,2023-11-03T12:40:00Z,28678.5734,price,coindesk,GBP,bitcoin,British Pound Sterling,&pound;
,,1,2023-11-03T12:53:00Z,28715.7859,price,coindesk,GBP,bitcoin,British Pound Sterling,&pound;
,,1,2023-11-03T13:05:00Z,28742.5311,price,coindesk,GBP,bitcoin,British Pound Sterling,&pound;
,,1,2023-11-03T13:22:00Z,28689.5722,price,coindesk,GBP,bitcoin,British Pound Sterling,&pound;
,,1,2023-11-03T13:33:00Z,28722.2336,price,coindesk,GBP,bitcoin,British Pound Sterling,&pound;
,,1,2023-11-03T13:48:00Z,28747.3384,price,coindesk,GBP,bitcoin,British Pound Sterling,&pound;
,,1,2023-11-03T14:04:00Z,28898.7113,price,coindesk,GBP,bitcoin,British Pound Sterling,&pound;
,,1,2023-11-03T14:21:00Z,28876.7407,price,coindesk,GBP,bitcoin,British Pound Sterling,&pound;
,,1,2023-11-03T14:33:00Z,29004.4754,price,coindesk,GBP,bitcoin,British Pound Sterling,&pound;
,,1,2023-11-03T14:48:00Z,29052.1519,price,coindesk,GBP,bitcoin,British Pound Sterling,&pound;
,,1,2023-11-03T15:04:00Z,29054.8111,price,coindesk,GBP,bitcoin,British Pound Sterling,&pound;
,,1,2023-11-03T15:20:00Z,29065.2228,price,coindesk,GBP,bitcoin,British Pound Sterling,&pound;
,,1,2023-11-03T15:33:00Z,29084.9249,price,coindesk,GBP,bitcoin,British Pound Sterling,&pound;
,,1,2023-11-03T15:48:00Z,29087.6793,price,coindesk,GBP,bitcoin,British Pound Sterling,&pound;
,,1,2023-11-03T16:04:00Z,29088.4091,price,coindesk,GBP,bitcoin,British Pound Sterling,&pound;
,,1,2023-11-03T16:23:00Z,28986.1577,price,coindesk,GBP,bitcoin,British Pound Sterling,&pound;
,,1,2023-11-03T16:34:00Z,28985.9072,price,coindesk,GBP,bitcoin,British Pound Sterling,&pound;
,,1,2023-11-03T16:48:00Z,28952.3221,price,coindesk,GBP,bitcoin,British Pound Sterling,&pound;
,,1,2023-11-03T17:04:00Z,28960.8687,price,coindesk,GBP,bitcoin,British Pound Sterling,&pound;
,,1,2023-11-03T17:20:00Z,28896.8246,price,coindesk,GBP,bitcoin,British Pound Sterling,&pound;
,,1,2023-11-03T17:33:00Z,28845.1945,price,coindesk,GBP,bitcoin,British Pound Sterling,&pound;
,,1,2023-11-03T17:48:00Z,28727.672,price,coindesk,GBP,bitcoin,British Pound Sterling,&pound;
,,1,2023-11-03T18:04:00Z,28743.6784,price,coindesk,GBP,bitcoin,British Pound Sterling,&pound;
,,1,2023-11-03T18:23:00Z,28819.7798,price,coindesk,GBP,bitcoin,British Pound Sterling,&pound;
,,1,2023-11-03T18:33:00Z,28914.0806,price,coindesk,GBP,bitcoin,British Pound Sterling,&pound;
,,1,2023-11-03T19:18:00Z,28829.3107,price,coindesk,GBP,bitcoin,British Pound Sterling,&pound;
,,1,2023-11-03T19:33:00Z,28813.1978,price,coindesk,GBP,bitcoin,British Pound Sterling,&pound;
,,1,2023-11-03T19:48:00Z,28847.1843,price,coindesk,GBP,bitcoin,British Pound Sterling,&pound;
,,1,2023-11-03T20:04:00Z,28891.7811,price,coindesk,GBP,bitcoin,British Pound Sterling,&pound;
,,1,2023-11-03T20:20:00Z,28957.3638,price,coindesk,GBP,bitcoin,British Pound Sterling,&pound;
,,1,2023-11-03T20:33:00Z,28923.4754,price,coindesk,GBP,bitcoin,British Pound Sterling,&pound;
,,1,2023-11-03T20:48:00Z,28965.4234,price,coindesk,GBP,bitcoin,British Pound Sterling,&pound;
,,1,2023-11-03T21:04:00Z,28948.1598,price,coindesk,GBP,bitcoin,British Pound Sterling,&pound;
,,1,2023-11-03T21:18:00Z,28995.484,price,coindesk,GBP,bitcoin,British Pound Sterling,&pound;
,,1,2023-11-03T21:33:00Z,28994.4228,price,coindesk,GBP,bitcoin,British Pound Sterling,&pound;
,,1,2023-11-03T21:48:00Z,28974.444,price,coindesk,GBP,bitcoin,British Pound Sterling,&pound;
,,1,2023-11-03T22:04:00Z,28942.4201,price,coindesk,GBP,bitcoin,British Pound Sterling,&pound;
,,1,2023-11-03T22:21:00Z,28929.3382,price,coindesk,GBP,bitcoin,British Pound Sterling,&pound;
,,1,2023-11-03T22:33:00Z,28946.1607,price,coindesk,GBP,bitcoin,British Pound Sterling,&pound;
,,1,2023-11-03T22:48:00Z,28939.8312,price,coindesk,GBP,bitcoin,British Pound Sterling,&pound;
,,1,2023-11-03T23:04:00Z,28990.8298,price,coindesk,GBP,bitcoin,British Pound Sterling,&pound;
,,1,2023-11-03T23:19:00Z,28974.205,price,coindesk,GBP,bitcoin,British Pound Sterling,&pound;
,,1,2023-11-03T23:33:00Z,29041.1415,price,coindesk,GBP,bitcoin,British Pound Sterling,&pound;
,,1,2023-11-03T23:48:00Z,29013.2222,price,coindesk,GBP,bitcoin,British Pound Sterling,&pound;
,,1,2023-11-04T00:17:00Z,29001.6187,price,coindesk,GBP,bitcoin,British Pound Sterling,&pound;
,,1,2023-11-04T00:48:00Z,28989.3934,price,coindesk,GBP,bitcoin,British Pound Sterling,&pound;
,,1,2023-11-04T01:25:00Z,28983.0413,price,coindesk,GBP,bitcoin,British Pound Sterling,&pound;
,,1,2023-11-04T01:48:00Z,29037.0148,price,coindesk,GBP,bitcoin,British Pound Sterling,&pound;
,,1,2023-11-04T02:10:00Z,29066.0997,price,coindesk,GBP,bitcoin,British Pound Sterling,&pound;
,,1,2023-11-04T02:23:00Z,29057.5041,price,coindesk,GBP,bitcoin,British Pound Sterling,&pound;
,,1,2023-11-04T02:33:00Z,29027.9381,price,coindesk,GBP,bitcoin,British Pound Sterling,&pound;
,,1,2023-11-04T02:48:00Z,29021.5846,price,coindesk,GBP,bitcoin,British Pound Sterling,&pound;
,,1,2023-11-04T03:04:00Z,28983.9557,price,coindesk,GBP,bitcoin,British Pound Sterling,&pound;
,,1,2023-11-04T03:19:00Z,28985.4119,price,coindesk,GBP,bitcoin,British Pound Sterling,&pound;
,,1,2023-11-04T03:33:00Z,28987.0326,price,coindesk,GBP,bitcoin,British Pound Sterling,&pound;
,,1,2023-11-04T03:48:00Z,29042.8094,price,coindesk,GBP,bitcoin,British Pound Sterling,&pound;
,,1,2023-11-04T04:04:00Z,29013.726,price,coindesk,GBP,bitcoin,British Pound Sterling,&pound;
,,1,2023-11-04T04:21:00Z,29010.4164,price,coindesk,GBP,bitcoin,British Pound Sterling,&pound;
,,1,2023-11-04T04:33:00Z,29001.1734,price,coindesk,GBP,bitcoin,British Pound Sterling,&pound;
,,1,2023-11-04T04:48:00Z,28986.6654,price,coindesk,GBP,bitcoin,British Pound Sterling,&pound;
,,1,2023-11-04T05:04:00Z,28966.713,price,coindesk,GBP,bitcoin,British Pound Sterling,&pound;
,,1,2023-11-04T05:20:00Z,28944.2513,price,coindesk,GBP,bitcoin,British Pound Sterling,&pound;
,,1,2023-11-04T05:33:00Z,28948.0044,price,coindesk,GBP,bitcoin,British Pound Sterling,&pound;
,,1,2023-11-04T05:48:00Z,29002.9056,price,coindesk,GBP,bitcoin,British Pound Sterling,&pound;
,,1,2023-11-04T06:04:00Z,29112.3159,price,coindesk,GBP,bitcoin,British Pound Sterling,&pound;
,,1,2023-11-04T06:22:00Z,29119.8585,price,coindesk,GBP,bitcoin,British Pound Sterling,&pound;
,,1,2023-11-04T06:33:00Z,29055.8635,price,coindesk,GBP,bitcoin,British Pound Sterling,&pound;
,,1,2023-11-04T06:47:00Z,29121.3529,price,coindesk,GBP,bitcoin,British Pound Sterling,&pound;
,,1,2023-11-04T07:04:00Z,29098.6621,price,coindesk,GBP,bitcoin,British Pound Sterling,&pound;
,,1,2023-11-04T07:18:00Z,29113.3166,price,coindesk,GBP,bitcoin,British Pound Sterling,&pound;
,,1,2023-11-04T07:33:00Z,29114.0747,price,coindesk,GBP,bitcoin,British Pound Sterling,&pound;
,,1,2023-11-04T07:48:00Z,29096.0023,price,coindesk,GBP,bitcoin,British Pound Sterling,&pound;
,,1,2023-11-04T08:04:00Z,29040.5256,price,coindesk,GBP,bitcoin,British Pound Sterling,&pound;
,,1,2023-11-04T08:21:00Z,29095.7484,price,coindesk,GBP,bitcoin,British Pound Sterling,&pound;
,,1,2023-11-04T08:33:00Z,29095.1878,price,coindesk,GBP,bitcoin,British Pound Sterling,&pound;
,,1,2023-11-04T08:48:00Z,29107.9845,price,coindesk,GBP,bitcoin,British Pound Sterling,&pound;
,,1,2023-11-04T09:04:00Z,29128.0554,price,coindesk,GBP,bitcoin,British Pound Sterling,&pound;
,,1,2023-11-04T09:19:00Z,29111.8251,price,coindesk,GBP,bitcoin,British Pound Sterling,&pound;
,,1,2023-11-04T09:33:00Z,29102.4468,price,coindesk,GBP,bitcoin,British Pound Sterling,&pound;
,,1,2023-11-04T09:48:00Z,29092.7055,price,coindesk,GBP,bitcoin,British Pound Sterling,&pound;
,,1,2023-11-04T10:04:00Z,29055.1376,price,coindesk,GBP,bitcoin,British Pound Sterling,&pound;
,,1,2023-11-04T10:21:00Z,29097.1983,price,coindesk,GBP,bitcoin,British Pound Sterling,&pound;
,,1,2023-11-04T10:33:00Z,29086.9945,price,coindesk,GBP,bitcoin,British Pound Sterling,&pound;
,,1,2023-11-04T10:48:00Z,29059.3357,price,coindesk,GBP,bitcoin,British Pound Sterling,&pound;
,,1,2023-11-04T11:04:00Z,29061.0156,price,coindesk,GBP,bitcoin,British Pound Sterling,&pound;
,,1,2023-11-04T11:18:00Z,29067.7087,price,coindesk,GBP,bitcoin,British Pound Sterling,&pound;
,,1,2023-11-04T11:33:00Z,29067.1355,price,coindesk,GBP,bitcoin,British Pound Sterling,&pound;
,,1,2023-11-04T11:48:00Z,29081.6595,price,coindesk,GBP,bitcoin,British Pound Sterling,&pound;
,,1,2023-11-04T12:05:00Z,29020.943,price,coindesk,GBP,bitcoin,British Pound Sterling,&pound;
,,1,2023-11-04T12:24:00Z,29033.6221,price,coindesk,GBP,bitcoin,British Pound Sterling,&pound;
,,1,2023-11-04T12:38:00Z,29039.3947,price,coindesk,GBP,bitcoin,British Pound Sterling,&pound;
,,1,2023-11-04T12:50:00Z,29048.481,price,coindesk,GBP,bitcoin,British Pound Sterling,&pound;
,,1,2023-11-04T13:04:00Z,29071.6937,price,coindesk,GBP,bitcoin,British Pound Sterling,&pound;
,,1,2023-11-04T13:20:00Z,29056.1348,price,coindesk,GBP,bitcoin,British Pound Sterling,&pound;
,,1,2023-11-04T13:33:00Z,29022.4439,price,coindesk,GBP,bitcoin,British Pound Sterling,&pound;
,,1,2023-11-04T13:48:00Z,29020.1714,price,coindesk,GBP,bitcoin,British Pound Sterling,&pound;
,,1,2023-11-04T14:04:00Z,29007.8376,price,coindesk,GBP,bitcoin,British Pound Sterling,&pound;
,,1,2023-11-04T14:20:00Z,29043.6999,price,coindesk,GBP,bitcoin,British Pound Sterling,&pound;
,,1,2023-11-04T14:33:00Z,29074.3734,price,coindesk,GBP,bitcoin,British Pound Sterling,&pound;
,,1,2023-11-04T14:48:00Z,29060.295,price,coindesk,GBP,bitcoin,British Pound Sterling,&pound;
,,1,2023-11-04T15:04:00Z,29050.7249,price,coindesk,GBP,bitcoin,British Pound Sterling,&pound;
,,1,2023-11-04T15:19:00Z,28981.4876,price,coindesk,GBP,bitcoin,British Pound Sterling,&pound;
,,1,2023-11-04T15:33:00Z,29023.8319,price,coindesk,GBP,bitcoin,British Pound Sterling,&pound;
,,1,2023-11-04T15:48:00Z,29007.8289,price,coindesk,GBP,bitcoin,British Pound Sterling,&pound;
,,1,2023-11-04T16:04:00Z,29036.6886,price,coindesk,GBP,bitcoin,British Pound Sterling,&pound;
,,1,2023-11-04T16:22:00Z,29017.3165,price,coindesk,GBP,bitcoin,British Pound Sterling,&pound;
,,1,2023-11-04T16:34:00Z,29067.6346,price,coindesk,GBP,bitcoin,British Pound Sterling,&pound;
,,1,2023-11-04T16:48:00Z,29047.0213,price,coindesk,GBP,bitcoin,British Pound Sterling,&pound;
,,1,2023-11-04T17:04:00Z,29018.9382,price,coindesk,GBP,bitcoin,British Pound Sterling,&pound;
,,1,2023-11-04T17:20:00Z,29030.7771,price,coindesk,GBP,bitcoin,British Pound Sterling,&pound;
,,1,2023-11-04T17:33:00Z,29038.5583,price,coindesk,GBP,bitcoin,British Pound Sterling,&pound;
,,1,2023-11-04T17:48:00Z,29053.3358,price,coindesk,GBP,bitcoin,British Pound Sterling,&pound;
,,1,2023-11-04T18:04:00Z,29059.5906,price,coindesk,GBP,bitcoin,British Pound Sterling,&pound;
,,1,2023-11-04T18:22:00Z,29045.6245,price,coindesk,GBP,bitcoin,British Pound Sterling,&pound;
,,1,2023-11-04T18:33:00Z,29041.4372,price,coindesk,GBP,bitcoin,British Pound Sterling,&pound;
,,1,2023-11-04T18:48:00Z,29061.2456,price,coindesk,GBP,bitcoin,British Pound Sterling,&pound;
,,1,2023-11-04T19:04:00Z,29084.4496,price,coindesk,GBP,bitcoin,British Pound Sterling,&pound;
,,1,2023-11-04T19:18:00Z,29067.1279,price,coindesk,GBP,bitcoin,British Pound Sterling,&pound;
,,1,2023-11-04T19:33:00Z,29061.1884,price,coindesk,GBP,bitcoin,British Pound Sterling,&pound;
,,1,2023-11-04T19:48:00Z,29065.5303,price,coindesk,GBP,bitcoin,British Pound Sterling,&pound;
,,1,2023-11-04T20:04:00Z,29042.1011,price,coindesk,GBP,bitcoin,British Pound Sterling,&pound;
,,1,2023-11-04T20:19:00Z,29052.2929,price,coindesk,GBP,bitcoin,British Pound Sterling,&pound;
,,1,2023-11-04T20:33:00Z,29045.1889,price,coindesk,GBP,bitcoin,British Pound Sterling,&pound;
,,1,2023-11-04T20:48:00Z,29045.8756,price,coindesk,GBP,bitcoin,British Pound Sterling,&pound;
,,1,2023-11-04T21:04:00Z,29070.3041,price,coindesk,GBP,bitcoin,British Pound Sterling,&pound;
,,1,2023-11-04T21:18:00Z,29091.2217,price,coindesk,GBP,bitcoin,British Pound Sterling,&pound;
,,1,2023-11-04T21:33:00Z,29149.5739,price,coindesk,GBP,bitcoin,British Pound Sterling,&pound;
,,1,2023-11-04T21:48:00Z,29126.0678,price,coindesk,GBP,bitcoin,British Pound Sterling,&pound;
,,1,2023-11-04T22:04:00Z,29140.0828,price,coindesk,GBP,bitcoin,British Pound Sterling,&pound;
,,1,2023-11-04T22:20:00Z,29202.5279,price,coindesk,GBP,bitcoin,British Pound Sterling,&pound;
,,1,2023-11-04T22:33:00Z,29248.7926,price,coindesk,GBP,bitcoin,British Pound Sterling,&pound;
,,1,2023-11-04T22:48:00Z,29307.4739,price,coindesk,GBP,bitcoin,British Pound Sterling,&pound;
,,1,2023-11-04T23:04:00Z,29426.717,price,coindesk,GBP,bitcoin,British Pound Sterling,&pound;
,,1,2023-11-04T23:19:00Z,29354.7801,price,coindesk,GBP,bitcoin,British Pound Sterling,&pound;
,,1,2023-11-04T23:33:00Z,29334.1558,price,coindesk,GBP,bitcoin,British Pound Sterling,&pound;
,,1,2023-11-04T23:48:00Z,29331.8096,price,coindesk,GBP,bitcoin,British Pound Sterling,&pound;
,,1,2023-11-05T00:19:00Z,29272.5154,price,coindesk,GBP,bitcoin,British Pound Sterling,&pound;
,,1,2023-11-05T00:48:00Z,29257.6589,price,coindesk,GBP,bitcoin,British Pound Sterling,&pound;
,,1,2023-11-05T01:29:00Z,29232.9046,price,coindesk,GBP,bitcoin,British Pound Sterling,&pound;
,,1,2023-11-05T01:54:00Z,29295.6143,price,coindesk,GBP,bitcoin,British Pound Sterling,&pound;
,,1,2023-11-05T02:13:00Z,29277.1994,price,coindesk,GBP,bitcoin,British Pound Sterling,&pound;
,,1,2023-11-05T02:27:00Z,29237.0535,price,coindesk,GBP,bitcoin,British Pound Sterling,&pound;
,,1,2023-11-05T02:37:00Z,29256.5087,price,coindesk,GBP,bitcoin,British Pound Sterling,&pound;
,,1,2023-11-05T02:48:00Z,29294.985,price,coindesk,GBP,bitcoin,British Pound Sterling,&pound;
,,1,2023-11-05T03:05:00Z,29297.8488,price,coindesk,GBP,bitcoin,British Pound Sterling,&pound;
,,1,2023-11-05T03:21:00Z,29337.7663,price,coindesk,GBP,bitcoin,British Pound Sterling,&pound;
,,1,2023-11-05T03:33:00Z,29348.9709,price,coindesk,GBP,bitcoin,British Pound Sterling,&pound;
,,1,2023-11-05T03:48:00Z,29390.3133,price,coindesk,GBP,bitcoin,British Pound Sterling,&pound;
,,1,2023-11-05T04:04:00Z,29520.7459,price,coindesk,GBP,bitcoin,British Pound Sterling,&pound;
,,1,2023-11-05T04:21:00Z,29448.0424,price,coindesk,GBP,bitcoin,British Pound Sterling,&pound;
,,1,2023-11-05T04:33:00Z,29405.9766,price,coindesk,GBP,bitcoin,British Pound Sterling,&pound;
,,1,2023-11-05T04:48:00Z,29389.8431,price,coindesk,GBP,bitcoin,British Pound Sterling,&pound;
,,1,2023-11-05T05:04:00Z,29388.8969,price,coindesk,GBP,bitcoin,British Pound Sterling,&pound;
,,1,2023-11-05T05:20:00Z,29424.9067,price,coindesk,GBP,bitcoin,British Pound Sterling,&pound;
,,1,2023-11-05T05:33:00Z,29433.4204,price,coindesk,GBP,bitcoin,British Pound Sterling,&pound;
,,1,2023-11-05T05:48:00Z,29407.4623,price,coindesk,GBP,bitcoin,British Pound Sterling,&pound;
,,1,2023-11-05T06:04:00Z,29386.8207,price,coindesk,GBP,bitcoin,British Pound Sterling,&pound;
,,1,2023-11-05T06:22:00Z,29384.03,price,coindesk,GBP,bitcoin,British Pound Sterling,&pound;
,,1,2023-11-05T06:33:00Z,29334.6077,price,coindesk,GBP,bitcoin,British Pound Sterling,&pound;
,,1,2023-11-05T06:48:00Z,29334.4408,price,coindesk,GBP,bitcoin,British Pound Sterling,&pound;
,,1,2023-11-05T07:04:00Z,29336.6778,price,coindesk,GBP,bitcoin,British Pound Sterling,&pound;
,,1,2023-11-05T07:18:00Z,29323.5558,price,coindesk,GBP,bitcoin,British Pound Sterling,&pound;
,,1,2023-11-05T07:33:00Z,29370.5266,price,coindesk,GBP,bitcoin,British Pound Sterling,&pound;
,,1,2023-11-05T07:48:00Z,29375.1932,price,coindesk,GBP,bitcoin,British Pound Sterling,&pound;
,,1,2023-11-05T08:04:00Z,29409.6936,price,coindesk,GBP,bitcoin,British Pound Sterling,&pound;
,,1,2023-11-05T08:21:00Z,29377.0101,price,coindesk,GBP,bitcoin,British Pound Sterling,&pound;
,,1,2023-11-05T08:33:00Z,29377.1357,price,coindesk,GBP,bitcoin,British Pound Sterling,&pound;
,,1,2023-11-05T08:48:00Z,29312.041,price,coindesk,GBP,bitcoin,British Pound Sterling,&pound;
,,1,2023-11-05T09:04:00Z,29307.1953,price,coindesk,GBP,bitcoin,British Pound Sterling,&pound;
,,1,2023-11-05T09:19:00Z,29339.3169,price,coindesk,GBP,bitcoin,British Pound Sterling,&pound;
,,1,2023-11-05T09:33:00Z,29316.2493,price,coindesk,GBP,bitcoin,British Pound Sterling,&pound;
,,1,2023-11-05T09:48:00Z,29379.7078,price,coindesk,GBP,bitcoin,British Pound Sterling,&pound;
,,1,2023-11-05T10:04:00Z,29347.6096,price,coindesk,GBP,bitcoin,British Pound Sterling,&pound;
,,1,2023-11-05T10:21:00Z,29320.1999,price,coindesk,GBP,bitcoin,British Pound Sterling,&pound;
,,1,2023-11-05T10:33:00Z,29339.9659,price,coindesk,GBP,bitcoin,British Pound Sterling,&pound;
,,1,2023-11-05T10:48:00Z,29366.2302,price,coindesk,GBP,bitcoin,British Pound Sterling,&pound;
,,1,2023-11-05T11:04:00Z,29383.7792,price,coindesk,GBP,bitcoin,British Pound Sterling,&pound;
,,1,2023-11-05T11:18:00Z,29358.7649,price,coindesk,GBP,bitcoin,British Pound Sterling,&pound;
,,1,2023-11-05T11:33:00Z,29381.5567,price,coindesk,GBP,bitcoin,British Pound Sterling,&pound;
,,1,2023-11-05T11:48:00Z,29341.2128,price,coindesk,GBP,bitcoin,British Pound Sterling,&pound;
,,1,2023-11-05T12:05:00Z,29390.8211,price,coindesk,GBP,bitcoin,British Pound Sterling,&pound;
,,1,2023-11-05T12:24:00Z,29394.31,price,coindesk,GBP,bitcoin,British Pound Sterling,&pound;
,,1,2023-11-05T12:39:00Z,29381.4702,price,coindesk,GBP,bitcoin,British Pound Sterling,&pound;
,,1,2023-11-05T12:51:00Z,29354.6541,price,coindesk,GBP,bitcoin,British Pound Sterling,&pound;
,,1,2023-11-05T13:04:00Z,29355.7053,price,coindesk,GBP,bitcoin,British Pound Sterling,&pound;
,,1,2023-11-05T13:20:00Z,29341.2181,price,coindesk,GBP,bitcoin,British Pound Sterling,&pound;
,,1,2023-11-05T13:33:00Z,29319.6367,price,coindesk,GBP,bitcoin,British Pound Sterling,&pound;
,,1,2023-11-05T13:48:00Z,29328.037,price,coindesk,GBP,bitcoin,British Pound Sterling,&pound;
,,1,2023-11-05T14:04:00Z,29168.8202,price,coindesk,GBP,bitcoin,British Pound Sterling,&pound;
,,1,2023-11-05T14:20:00Z,29164.8025,price,coindesk,GBP,bitcoin,British Pound Sterling,&pound;
,,1,2023-11-05T14:33:00Z,29201.1173,price,coindesk,GBP,bitcoin,British Pound Sterling,&pound;
,,1,2023-11-05T14:48:00Z,29184.4694,price,coindesk,GBP,bitcoin,British Pound Sterling,&pound;
,,1,2023-11-05T15:04:00Z,29171.1903,price,coindesk,GBP,bitcoin,British Pound Sterling,&pound;
,,1,2023-11-05T15:19:00Z,29157.0811,price,coindesk,GBP,bitcoin,British Pound Sterling,&pound;
,,1,2023-11-05T15:33:00Z,29189.1193,price,coindesk,GBP,bitcoin,British Pound Sterling,&pound;
,,1,2023-11-05T15:48:00Z,29145.4296,price,coindesk,GBP,bitcoin,British Pound Sterling,&pound;
,,1,2023-11-05T16:04:00Z,29168.4714,price,coindesk,GBP,bitcoin,British Pound Sterling,&pound;
,,1,2023-11-05T16:22:00Z,29191.8649,price,coindesk,GBP,bitcoin,British Pound Sterling,&pound;
,,1,2023-11-05T16:34:00Z,29211.7088,price,coindesk,GBP,bitcoin,British Pound Sterling,&pound;
,,1,2023-11-05T16:48:00Z,29233.7774,price,coindesk,GBP,bitcoin,British Pound Sterling,&pound;
,,1,2023-11-05T17:04:00Z,29247.3394,price,coindesk,GBP,bitcoin,British Pound Sterling,&pound;
,,1,2023-11-05T17:20:00Z,29347.5281,price,coindesk,GBP,bitcoin,British Pound Sterling,&pound;
,,1,2023-11-05T17:33:00Z,29341.6916,price,coindesk,GBP,bitcoin,British Pound Sterling,&pound;
,,1,2023-11-05T17:48:00Z,29413.8223,price,coindesk,GBP,bitcoin,British Pound Sterling,&pound;
,,1,2023-11-05T18:04:00Z,29349.1852,price,coindesk,GBP,bitcoin,British Pound Sterling,&pound;
,,1,2023-11-05T18:22:00Z,29295.8571,price,coindesk,GBP,bitcoin,British Pound Sterling,&pound;
,,1,2023-11-05T18:33:00Z,29313.4572,price,coindesk,GBP,bitcoin,British Pound Sterling,&pound;
,,1,2023-11-05T18:48:00Z,29300.8876,price,coindesk,GBP,bitcoin,British Pound Sterling,&pound;
,,1,2023-11-05T19:04:00Z,29318.8488,price,coindesk,GBP,bitcoin,British Pound Sterling,&pound;
,,1,2023-11-05T19:18:00Z,29345.9644,price,coindesk,GBP,bitcoin,British Pound Sterling,&pound;
,,1,2023-11-05T19:33:00Z,29316.1393,price,coindesk,GBP,bitcoin,British Pound Sterling,&pound;
,,1,2023-11-05T19:48:00Z,29294.9304,price,coindesk,GBP,bitcoin,British Pound Sterling,&pound;
,,1,2023-11-05T20:04:00Z,29287.7273,price,coindesk,GBP,bitcoin,British Pound Sterling,&pound;
,,1,2023-11-05T20:19:00Z,29305.0728,price,coindesk,GBP,bitcoin,British Pound Sterling,&pound;
,,1,2023-11-05T20:33:00Z,29334.8694,price,coindesk,GBP,bitcoin,British Pound Sterling,&pound;
,,1,2023-11-05T20:48:00Z,29297.7706,price,coindesk,GBP,bitcoin,British Pound Sterling,&pound;
,,1,2023-11-05T21:04:00Z,29274.6217,price,coindesk,GBP,bitcoin,British Pound Sterling,&pound;
,,1,2023-11-05T21:18:00Z,29246.9785,price,coindesk,GBP,bitcoin,British Pound Sterling,&pound;
,,1,2023-11-05T21:33:00Z,29141.7893,price,coindesk,GBP,bitcoin,British Pound Sterling,&pound;
,,1,2023-11-05T21:48:00Z,29103.7558,price,coindesk,GBP,bitcoin,British Pound Sterling,&pound;
,,1,2023-11-05T22:04:00Z,29023.5555,price,coindesk,GBP,bitcoin,British Pound Sterling,&pound;
,,1,2023-11-05T22:20:00Z,29043.9831,price,coindesk,GBP,bitcoin,British Pound Sterling,&pound;
,,1,2023-11-05T22:33:00Z,29050.7661,price,coindesk,GBP,bitcoin,British Pound Sterling,&pound;
,,1,2023-11-05T22:48:00Z,29126.025,price,coindesk,GBP,bitcoin,British Pound Sterling,&pound;
,,1,2023-11-05T23:04:00Z,29515.5564,price,coindesk,GBP,bitcoin,British Pound Sterling,&pound;
,,1,2023-11-05T23:19:00Z,29462.3085,price,coindesk,GBP,bitcoin,British Pound Sterling,&pound;
,,1,2023-11-05T23:33:00Z,29339.6649,price,coindesk,GBP,bitcoin,British Pound Sterling,&pound;
,,1,2023-11-05T23:48:00Z,29281.0021,price,coindesk,GBP,bitcoin,British Pound Sterling,&pound;
,,1,2023-11-06T00:18:00Z,29260.6763,price,coindesk,GBP,bitcoin,British Pound Sterling,&pound;
,,1,2023-11-06T00:48:00Z,29316.1167,price,coindesk,GBP,bitcoin,British Pound Sterling,&pound;
,,1,2023-11-06T01:27:00Z,29334.704,price,coindesk,GBP,bitcoin,British Pound Sterling,&pound;
,,1,2023-11-06T01:52:00Z,29158.0763,price,coindesk,GBP,bitcoin,British Pound Sterling,&pound;
,,1,2023-11-06T02:13:00Z,29213.319,price,coindesk,GBP,bitcoin,British Pound Sterling,&pound;
,,1,2023-11-06T02:28:00Z,29151.8712,price,coindesk,GBP,bitcoin,British Pound Sterling,&pound;
,,1,2023-11-06T02:37:00Z,29168.2738,price,coindesk,GBP,bitcoin,British Pound Sterling,&pound;
,,1,2023-11-06T02:48:00Z,29153.163,price,coindesk,GBP,bitcoin,British Pound Sterling,&pound;
,,1,2023-11-06T03:04:00Z,29166.3803,price,coindesk,GBP,bitcoin,British Pound Sterling,&pound;
,,1,2023-11-06T03:20:00Z,29187.0828,price,coindesk,GBP,bitcoin,British Pound Sterling,&pound;
,,1,2023-11-06T03:33:00Z,29199.4507,price,coindesk,GBP,bitcoin,British Pound Sterling,&pound;
,,1,2023-11-06T03:48:00Z,29230.1595,price,coindesk,GBP,bitcoin,British Pound Sterling,&pound;
,,1,2023-11-06T04:04:00Z,29268.987,price,coindesk,GBP,bitcoin,British Pound Sterling,&pound;
,,1,2023-11-06T04:22:00Z,29183.2498,price,coindesk,GBP,bitcoin,British Pound Sterling,&pound;
,,1,2023-11-06T04:33:00Z,29193.2213,price,coindesk,GBP,bitcoin,British Pound Sterling,&pound;
,,1,2023-11-06T04:48:00Z,29149.1246,price,coindesk,GBP,bitcoin,British Pound Sterling,&pound;
,,1,2023-11-06T05:04:00Z,29154.2041,price,coindesk,GBP,bitcoin,British Pound Sterling,&pound;
,,1,2023-11-06T05:21:00Z,29111.2283,price,coindesk,GBP,bitcoin,British Pound Sterling,&pound;
,,1,2023-11-06T05:33:00Z,29090.8781,price,coindesk,GBP,bitcoin,British Pound Sterling,&pound;
,,1,2023-11-06T05:48:00Z,29064.1081,price,coindesk,GBP,bitcoin,British Pound Sterling,&pound;
,,1,2023-11-06T06:05:00Z,29116.2654,price,coindesk,GBP,bitcoin,British Pound Sterling,&pound;
,,1,2023-11-06T06:23:00Z,29101.3949,price,coindesk,GBP,bitcoin,British Pound Sterling,&pound;
,,1,2023-11-06T06:34:00Z,29128.6133,price,coindesk,GBP,bitcoin,British Pound Sterling,&pound;
,,1,2023-11-06T06:48:00Z,29146.3107,price,coindesk,GBP,bitcoin,British Pound Sterling,&pound;
,,1,2023-11-06T07:04:00Z,29159.6307,price,coindesk,GBP,bitcoin,British Pound Sterling,&pound;
,,1,2023-11-06T07:19:00Z,29168.8162,price,coindesk,GBP,bitcoin,British Pound Sterling,&pound;
,,1,2023-11-06T07:33:00Z,29141.2589,price,coindesk,GBP,bitcoin,British Pound Sterling,&pound;
,,1,2023-11-06T07:48:00Z,29178.4027,price,coindesk,GBP,bitcoin,British Pound Sterling,&pound;
,,1,2023-11-06T08:05:00Z,29202.6078,price,coindesk,GBP,bitcoin,British Pound Sterling,&pound;
,,1,2023-11-06T08:23:00Z,29143.6022,price,coindesk,GBP,bitcoin,British Pound Sterling,&pound;
,,1,2023-11-06T08:34:00Z,29161.6993,price,coindesk,GBP,bitcoin,British Pound Sterling,&pound;
,,1,2023-11-06T08:48:00Z,29167.2976,price,coindesk,GBP,bitcoin,British Pound Sterling,&pound;
,,1,2023-11-06T09:04:00Z,29198.1734,price,coindesk,GBP,bitcoin,British Pound Sterling,&pound;
,,1,2023-11-06T09:21:00Z,29249.8925,price,coindesk,GBP,bitcoin,British Pound Sterling,&pound;
,,1,2023-11-06T09:33:00Z,29304.3378,price,coindesk,GBP,bitcoin,British Pound Sterling,&pound;
,,1,2023-11-06T09:48:00Z,29343.4431,price,coindesk,GBP,bitcoin,British Pound Sterling,&pound;
,,1,2023-11-06T10:05:00Z,29342.3984,price,coindesk,GBP,bitcoin,British Pound Sterling,&pound;
,,1,2023-11-06T10:22:00Z,29385.3226,price,coindesk,GBP,bitcoin,British Pound Sterling,&pound;
,,1,2023-11-06T10:34:00Z,29444.6654,price,coindesk,GBP,bitcoin,British Pound Sterling,&pound;
,,1,2023-11-06T10:48:00Z,29408.7699,price,coindesk,GBP,bitcoin,British Pound Sterling,&pound;
,,1,2023-11-06T11:04:00Z,29408.2886,price,coindesk,GBP,bitcoin,British Pound Sterling,&pound;
,,1,2023-11-06T11:19:00Z,29401.0372,price,coindesk,GBP,bitcoin,British Pound Sterling,&pound;
,,1,2023-11-06T11:33:00Z,29390.9098,price,coindesk,GBP,bitcoin,British Pound Sterling,&pound;
,,1,2023-11-06T11:48:00Z,29413.4776,price,coindesk,GBP,bitcoin,British Pound Sterling,&pound;
,,1,2023-11-06T12:06:00Z,29432.2978,price,coindesk,GBP,bitcoin,British Pound Sterling,&pound;
,,1,2023-11-06T12:24:00Z,29392.6574,price,coindesk,GBP,bitcoin,British Pound Sterling,&pound;
,,1,2023-11-06T12:41:00Z,29432.9733,price,coindesk,GBP,bitcoin,British Pound Sterling,&pound;
,,1,2023-11-06T12:54:00Z,29394.5594,price,coindesk,GBP,bitcoin,British Pound Sterling,&pound;
,,1,2023-11-06T13:06:00Z,29402.1913,price,coindesk,GBP,bitcoin,British Pound Sterling,&pound;
,,1,2023-11-06T13:22:00Z,29248.3713,price,coindesk,GBP,bitcoin,British Pound Sterling,&pound;
,,1,2023-11-06T13:33:00Z,29306.7964,price,coindesk,GBP,bitcoin,British Pound Sterling,&pound;
,,1,2023-11-06T13:48:00Z,29208.6341,price,coindesk,GBP,bitcoin,British Pound Sterling,&pound;
,,1,2023-11-06T14:04:00Z,29299.7703,price,coindesk,GBP,bitcoin,British Pound Sterling,&pound;
,,1,2023-11-06T14:21:00Z,29332.4724,price,coindesk,GBP,bitcoin,British Pound Sterling,&pound;
,,1,2023-11-06T14:34:00Z,29331.1749,price,coindesk,GBP,bitcoin,British Pound Sterling,&pound;
,,1,2023-11-06T14:48:00Z,29352.9234,price,coindesk,GBP,bitcoin,British Pound Sterling,&pound;
,,1,2023-11-06T15:04:00Z,29394.0676,price,coindesk,GBP,bitcoin,British Pound Sterling,&pound;
,,1,2023-11-06T15:21:00Z,29395.8046,price,coindesk,GBP,bitcoin,British Pound Sterling,&pound;
,,1,2023-11-06T15:33:00Z,29358.9524,price,coindesk,GBP,bitcoin,British Pound Sterling,&pound;
,,1,2023-11-06T15:49:00Z,29331.6047,price,coindesk,GBP,bitcoin,British Pound Sterling,&pound;
,,1,2023-11-06T16:04:00Z,29319.7246,price,coindesk,GBP,bitcoin,British Pound Sterling,&pound;
,,1,2023-11-06T16:23:00Z,29266.7128,price,coindesk,GBP,bitcoin,British Pound Sterling,&pound;
,,1,2023-11-06T16:36:00Z,29303.4865,price,coindesk,GBP,bitcoin,British Pound Sterling,&pound;
,,1,2023-11-06T16:48:00Z,29218.1532,price,coindesk,GBP,bitcoin,British Pound Sterling,&pound;
,,1,2023-11-06T17:04:00Z,29209.826,price,coindesk,GBP,bitcoin,British Pound Sterling,&pound;
,,1,2023-11-06T17:20:00Z,29242.7498,price,coindesk,GBP,bitcoin,British Pound Sterling,&pound;
,,1,2023-11-06T17:33:00Z,29239.9612,price,coindesk,GBP,bitcoin,British Pound Sterling,&pound;
,,1,2023-11-06T17:48:00Z,29215.0084,price,coindesk,GBP,bitcoin,British Pound Sterling,&pound;
,,1,2023-11-06T18:04:00Z,29247.8829,price,coindesk,GBP,bitcoin,British Pound Sterling,&pound;
,,1,2023-11-06T18:23:00Z,29173.6654,price,coindesk,GBP,bitcoin,British Pound Sterling,&pound;
,,1,2023-11-06T18:33:00Z,29173.6196,price,coindesk,GBP,bitcoin,British Pound Sterling,&pound;
,,1,2023-11-06T18:48:00Z,29250.3127,price,coindesk,GBP,bitcoin,British Pound Sterling,&pound;
,,1,2023-11-06T19:04:00Z,29206.5339,price,coindesk,GBP,bitcoin,British Pound Sterling,&pound;
,,1,2023-11-06T19:18:00Z,29238.0034,price,coindesk,GBP,bitcoin,British Pound Sterling,&pound;
,,1,2023-11-06T19:33:00Z,29256.9078,price,coindesk,GBP,bitcoin,British Pound Sterling,&pound;
,,1,2023-11-06T19:48:00Z,29310.5516,price,coindesk,GBP,bitcoin,British Pound Sterling,&pound;
,,1,2023-11-06T20:04:00Z,29287.7338,price,coindesk,GBP,bitcoin,British Pound Sterling,&pound;
,,1,2023-11-06T20:20:00Z,29241.1116,price,coindesk,GBP,bitcoin,British Pound Sterling,&pound;
,,1,2023-11-06T20:33:00Z,29219.4188,price,coindesk,GBP,bitcoin,British Pound Sterling,&pound;
,,1,2023-11-06T20:48:00Z,29235.6062,price,coindesk,GBP,bitcoin,British Pound Sterling,&pound;
,,1,2023-11-06T21:04:00Z,29258.2083,price,coindesk,GBP,bitcoin,British Pound Sterling,&pound;
,,1,2023-11-06T21:18:00Z,29221.2761,price,coindesk,GBP,bitcoin,British Pound Sterling,&pound;
,,1,2023-11-06T21:33:00Z,29237.7137,price,coindesk,GBP,bitcoin,British Pound Sterling,&pound;
,,1,2023-11-06T21:48:00Z,29253.1982,price,coindesk,GBP,bitcoin,British Pound Sterling,&pound;
,,1,2023-11-06T22:04:00Z,29290.0748,price,coindesk,GBP,bitcoin,British Pound Sterling,&pound;
,,1,2023-11-06T22:21:00Z,29307.31,price,coindesk,GBP,bitcoin,British Pound Sterling,&pound;
,,1,2023-11-06T22:33:00Z,29345.8301,price,coindesk,GBP,bitcoin,British Pound Sterling,&pound;
,,1,2023-11-06T22:47:00Z,29322.9118,price,coindesk,GBP,bitcoin,British Pound Sterling,&pound;
,,1,2023-11-06T23:04:00Z,29335.2206,price,coindesk,GBP,bitcoin,British Pound Sterling,&pound;
,,1,2023-11-06T23:19:00Z,29228.2496,price,coindesk,GBP,bitcoin,British Pound Sterling,&pound;
,,1,2023-11-06T23:33:00Z,29239.7084,price,coindesk,GBP,bitcoin,British Pound Sterling,&pound;
,,1,2023-11-06T23:48:00Z,29242.8129,price,coindesk,GBP,bitcoin,British Pound Sterling,&pound;
,,1,2023-11-07T00:18:00Z,29268.4133,price,coindesk,GBP,bitcoin,British Pound Sterling,&pound;
,,1,2023-11-07T00:48:00Z,29185.3606,price,coindesk,GBP,bitcoin,British Pound Sterling,&pound;
,,1,2023-11-07T01:27:00Z,29147.7242,price,coindesk,GBP,bitcoin,British Pound Sterling,&pound;
,,1,2023-11-07T01:51:00Z,29207.6355,price,coindesk,GBP,bitcoin,British Pound Sterling,&pound;
,,1,2023-11-07T02:12:00Z,29207.9324,price,coindesk,GBP,bitcoin,British Pound Sterling,&pound;
,,1,2023-11-07T02:26:00Z,29142.8029,price,coindesk,GBP,bitcoin,British Pound Sterling,&pound;
,,1,2023-11-07T02:35:00Z,29141.5921,price,coindesk,GBP,bitcoin,British Pound Sterling,&pound;
,,1,2023-11-07T02:48:00Z,29174.7984,price,coindesk,GBP,bitcoin,British Pound Sterling,&pound;
,,1,2023-11-07T03:04:00Z,29143.1913,price,coindesk,GBP,bitcoin,British Pound Sterling,&pound;
,,1,2023-11-07T03:20:00Z,29175.8324,price,coindesk,GBP,bitcoin,British Pound Sterling,&pound;
,,1,2023-11-07T03:33:00Z,29152.6102,price,coindesk,GBP,bitcoin,British Pound Sterling,&pound;
,,1,2023-11-07T03:48:00Z,29175.4958,price,coindesk,GBP,bitcoin,British Pound Sterling,&pound;
,,1,2023-11-07T04:04:00Z,29197.1145,price,coindesk,GBP,bitcoin,British Pound Sterling,&pound;
,,1,2023-11-07T04:22:00Z,29131.4261,price,coindesk,GBP,bitcoin,British Pound Sterling,&pound;
,,1,2023-11-07T04:33:00Z,29144.562,price,coindesk,GBP,bitcoin,British Pound Sterling,&pound;
,,1,2023-11-07T04:48:00Z,29164.9103,price,coindesk,GBP,bitcoin,British Pound Sterling,&pound;
,,1,2023-11-07T05:04:00Z,29151.1895,price,coindesk,GBP,bitcoin,British Pound Sterling,&pound;
,,1,2023-11-07T05:21:00Z,29157.6998,price,coindesk,GBP,bitcoin,British Pound Sterling,&pound;
,,1,2023-11-07T05:33:00Z,29136.0991,price,coindesk,GBP,bitcoin,British Pound Sterling,&pound;
,,1,2023-11-07T05:48:00Z,29169.494,price,coindesk,GBP,bitcoin,British Pound Sterling,&pound;
,,1,2023-11-07T06:05:00Z,29175.7288,price,coindesk,GBP,bitcoin,British Pound Sterling,&pound;
,,1,2023-11-07T06:23:00Z,29177.9107,price,coindesk,GBP,bitcoin,British Pound Sterling,&pound;
,,1,2023-11-07T06:33:00Z,29173.4901,price,coindesk,GBP,bitcoin,British Pound Sterling,&pound;
,,1,2023-11-07T06:48:00Z,29224.0275,price,coindesk,GBP,bitcoin,British Pound Sterling,&pound;
,,1,2023-11-07T07:04:00Z,29224.9692,price,coindesk,GBP,bitcoin,British Pound Sterling,&pound;
,,1,2023-11-07T07:19:00Z,29204.9951,price,coindesk,GBP,bitcoin,British Pound Sterling,&pound;
,,1,2023-11-07T07:33:00Z,29152.5849,price,coindesk,GBP,bitcoin,British Pound Sterling,&pound;
,,1,2023-11-07T07:48:00Z,29188.7935,price,coindesk,GBP,bitcoin,British Pound Sterling,&pound;
,,1,2023-11-07T08:05:00Z,29206.8272,price,coindesk,GBP,bitcoin,British Pound Sterling,&pound;
,,1,2023-11-07T08:22:00Z,29203.3181,price,coindesk,GBP,bitcoin,British Pound Sterling,&pound;
,,1,2023-11-07T08:33:00Z,29183.6594,price,coindesk,GBP,bitcoin,British Pound Sterling,&pound;
,,1,2023-11-07T08:48:00Z,29186.1936,price,coindesk,GBP,bitcoin,British Pound Sterling,&pound;
,,1,2023-11-07T09:04:00Z,29162.2014,price,coindesk,GBP,bitcoin,British Pound Sterling,&pound;
,,1,2023-11-07T09:19:00Z,29143.6566,price,coindesk,GBP,bitcoin,British Pound Sterling,&pound;
,,1,2023-11-07T09:33:00Z,29117.3151,price,coindesk,GBP,bitcoin,British Pound Sterling,&pound;
,,1,2023-11-07T09:48:00Z,29173.4548,price,coindesk,GBP,bitcoin,British Pound Sterling,&pound;
,,1,2023-11-07T10:04:00Z,29078.9701,price,coindesk,GBP,bitcoin,British Pound Sterling,&pound;
,,1,2023-11-07T10:22:00Z,28991.9043,price,coindesk,GBP,bitcoin,British Pound Sterling,&pound;
,,1,2023-11-07T10:33:00Z,28994.8271,price,coindesk,GBP,bitcoin,British Pound Sterling,&pound;
,,1,2023-11-07T10:49:00Z,28937.3227,price,coindesk,GBP,bitcoin,British Pound Sterling,&pound;
,,1,2023-11-07T11:04:00Z,28982.3165,price,coindesk,GBP,bitcoin,British Pound Sterling,&pound;
,,1,2023-11-07T11:18:00Z,29022.368,price,coindesk,GBP,bitcoin,British Pound Sterling,&pound;
,,1,2023-11-07T11:33:00Z,29004.9258,price,coindesk,GBP,bitcoin,British Pound Sterling,&pound;
,,1,2023-11-07T11:48:00Z,28991.9222,price,coindesk,GBP,bitcoin,British Pound Sterling,&pound;
,,1,2023-11-07T12:06:00Z,28964.0414,price,coindesk,GBP,bitcoin,British Pound Sterling,&pound;
,,1,2023-11-07T12:24:00Z,28989.5662,price,coindesk,GBP,bitcoin,British Pound Sterling,&pound;
,,1,2023-11-07T12:40:00Z,29020.4542,price,coindesk,GBP,bitcoin,British Pound Sterling,&pound;
,,1,2023-11-07T12:52:00Z,29024.9548,price,coindesk,GBP,bitcoin,British Pound Sterling,&pound;
,,1,2023-11-07T13:05:00Z,29039.0787,price,coindesk,GBP,bitcoin,British Pound Sterling,&pound;
,,1,2023-11-07T13:21:00Z,29048.3638,price,coindesk,GBP,bitcoin,British Pound Sterling,&pound;
,,1,2023-11-07T13:33:00Z,29003.6735,price,coindesk,GBP,bitcoin,British Pound Sterling,&pound;
,,1,2023-11-07T13:48:00Z,29033.4526,price,coindesk,GBP,bitcoin,British Pound Sterling,&pound;
,,1,2023-11-07T14:04:00Z,29064.8431,price,coindesk,GBP,bitcoin,British Pound Sterling,&pound;
,,1,2023-11-07T14:21:00Z,29098.3731,price,coindesk,GBP,bitcoin,British Pound Sterling,&pound;
,,1,2023-11-07T14:33:00Z,29052.3014,price,coindesk,GBP,bitcoin,British Pound Sterling,&pound;
,,1,2023-11-07T14:48:00Z,29084.4253,price,coindesk,GBP,bitcoin,British Pound Sterling,&pound;
,,1,2023-11-07T15:04:00Z,29102.3791,price,coindesk,GBP,bitcoin,British Pound Sterling,&pound;
,,1,2023-11-07T15:20:00Z,29045.8468,price,coindesk,GBP,bitcoin,British Pound Sterling,&pound;
,,1,2023-11-07T15:33:00Z,29000.8546,price,coindesk,GBP,bitcoin,British Pound Sterling,&pound;
,,1,2023-11-07T15:48:00Z,28991.8371,price,coindesk,GBP,bitcoin,British Pound Sterling,&pound;
,,1,2023-11-07T16:05:00Z,29013.0355,price,coindesk,GBP,bitcoin,British Pound Sterling,&pound;
,,1,2023-11-07T16:23:00Z,29007.4656,price,coindesk,GBP,bitcoin,British Pound Sterling,&pound;
,,1,2023-11-07T16:35:00Z,29016.8274,price,coindesk,GBP,bitcoin,British Pound Sterling,&pound;
,,1,2023-11-07T16:47:00Z,29012.0977,price,coindesk,GBP,bitcoin,British Pound Sterling,&pound;
,,1,2023-11-07T17:04:00Z,28933.7877,price,coindesk,GBP,bitcoin,British Pound Sterling,&pound;
,,1,2023-11-07T17:20:00Z,29059.6157,price,coindesk,GBP,bitcoin,British Pound Sterling,&pound;
,,1,2023-11-07T17:49:00Z,29093.9003,price,coindesk,GBP,bitcoin,British Pound Sterling,&pound;
,,1,2023-11-07T18:04:00Z,29151.0834,price,coindesk,GBP,bitcoin,British Pound Sterling,&pound;
,,1,2023-11-07T18:23:00Z,29483.0905,price,coindesk,GBP,bitcoin,British Pound Sterling,&pound;
,,1,2023-11-07T18:33:00Z,29400.7982,price,coindesk,GBP,bitcoin,British Pound Sterling,&pound;
,,1,2023-11-07T18:48:00Z,29549.5577,price,coindesk,GBP,bitcoin,British Pound Sterling,&pound;
,,1,2023-11-07T19:04:00Z,29554.4643,price,coindesk,GBP,bitcoin,British Pound Sterling,&pound;
,,1,2023-11-07T19:18:00Z,29563.0215,price,coindesk,GBP,bitcoin,British Pound Sterling,&pound;
,,1,2023-11-07T19:33:00Z,29530.4368,price,coindesk,GBP,bitcoin,British Pound Sterling,&pound;
,,1,2023-11-07T19:48:00Z,29606.6095,price,coindesk,GBP,bitcoin,British Pound Sterling,&pound;
,,1,2023-11-07T20:04:00Z,29660.8684,price,coindesk,GBP,bitcoin,British Pound Sterling,&pound;
,,1,2023-11-07T20:20:00Z,29564.6651,price,coindesk,GBP,bitcoin,British Pound Sterling,&pound;
,,1,2023-11-07T20:33:00Z,29573.8106,price,coindesk,GBP,bitcoin,British Pound Sterling,&pound;
,,1,2023-11-07T20:48:00Z,29741.5115,price,coindesk,GBP,bitcoin,British Pound Sterling,&pound;
,,1,2023-11-07T21:04:00Z,29794.0129,price,coindesk,GBP,bitcoin,British Pound Sterling,&pound;
,,1,2023-11-07T21:19:00Z,29715.0783,price,coindesk,GBP,bitcoin,British Pound Sterling,&pound;
,,1,2023-11-07T21:33:00Z,29734.6716,price,coindesk,GBP,bitcoin,British Pound Sterling,&pound;
,,1,2023-11-07T21:48:00Z,29721.9778,price,coindesk,GBP,bitcoin,British Pound Sterling,&pound;
,,1,2023-11-07T22:04:00Z,29596.198,price,coindesk,GBP,bitcoin,British Pound Sterling,&pound;
,,1,2023-11-07T22:20:00Z,29453.0363,price,coindesk,GBP,bitcoin,British Pound Sterling,&pound;
,,1,2023-11-07T22:33:00Z,29507.5393,price,coindesk,GBP,bitcoin,British Pound Sterling,&pound;
,,1,2023-11-07T22:48:00Z,29611.9613,price,coindesk,GBP,bitcoin,British Pound Sterling,&pound;
,,1,2023-11-07T23:04:00Z,29513.8299,price,coindesk,GBP,bitcoin,British Pound Sterling,&pound;
,,1,2023-11-07T23:20:00Z,29610.8227,price,coindesk,GBP,bitcoin,British Pound Sterling,&pound;
,,1,2023-11-07T23:33:00Z,29584.9413,price,coindesk,GBP,bitcoin,British Pound Sterling,&pound;
,,1,2023-11-07T23:48:00Z,29589.5032,price,coindesk,GBP,bitcoin,British Pound Sterling,&pound;
,,1,2023-11-08T00:17:00Z,29583.3107,price,coindesk,GBP,bitcoin,British Pound Sterling,&pound;
,,1,2023-11-08T00:48:00Z,29531.6855,price,coindesk,GBP,bitcoin,British Pound Sterling,&pound;
,,1,2023-11-08T01:26:00Z,29602.3346,price,coindesk,GBP,bitcoin,British Pound Sterling,&pound;
,,1,2023-11-08T01:50:00Z,29562.7652,price,coindesk,GBP,bitcoin,British Pound Sterling,&pound;
,,1,2023-11-08T02:11:00Z,29585.6166,price,coindesk,GBP,bitcoin,British Pound Sterling,&pound;
,,1,2023-11-08T02:25:00Z,29549.8537,price,coindesk,GBP,bitcoin,British Pound Sterling,&pound;
,,1,2023-11-08T02:35:00Z,29555.0255,price,coindesk,GBP,bitcoin,British Pound Sterling,&pound;
,,1,2023-11-08T02:48:00Z,29546.3413,price,coindesk,GBP,bitcoin,British Pound Sterling,&pound;
,,1,2023-11-08T03:06:00Z,29496.0613,price,coindesk,GBP,bitcoin,British Pound Sterling,&pound;
,,1,2023-11-08T03:20:00Z,29503.6145,price,coindesk,GBP,bitcoin,British Pound Sterling,&pound;
,,1,2023-11-08T03:33:00Z,29474.4983,price,coindesk,GBP,bitcoin,British Pound Sterling,&pound;
,,1,2023-11-08T03:48:00Z,29484.4037,price,coindesk,GBP,bitcoin,British Pound Sterling,&pound;
,,1,2023-11-08T04:04:00Z,29508.7926,price,coindesk,GBP,bitcoin,British Pound Sterling,&pound;
,,1,2023-11-08T04:22:00Z,29476.3847,price,coindesk,GBP,bitcoin,British Pound Sterling,&pound;
,,1,2023-11-08T04:33:00Z,29521.2837,price,coindesk,GBP,bitcoin,British Pound Sterling,&pound;
,,1,2023-11-08T04:48:00Z,29536.724,price,coindesk,GBP,bitcoin,British Pound Sterling,&pound;
,,1,2023-11-08T05:04:00Z,29541.3131,price,coindesk,GBP,bitcoin,British Pound Sterling,&pound;
,,1,2023-11-08T05:21:00Z,29502.6046,price,coindesk,GBP,bitcoin,British Pound Sterling,&pound;
,,1,2023-11-08T05:33:00Z,29484.4053,price,coindesk,GBP,bitcoin,British Pound Sterling,&pound;
,,1,2023-11-08T05:48:00Z,29469.5648,price,coindesk,GBP,bitcoin,British Pound Sterling,&pound;
,,1,2023-11-08T06:05:00Z,29441.674,price,coindesk,GBP,bitcoin,British Pound Sterling,&pound;
,,1,2023-11-08T06:23:00Z,29439.3022,price,coindesk,GBP,bitcoin,British Pound Sterling,&pound;
,,1,2023-11-08T06:33:00Z,29502.8468,price,coindesk,GBP,bitcoin,British Pound Sterling,&pound;
,,1,2023-11-08T06:48:00Z,29484.6486,price,coindesk,GBP,bitcoin,British Pound Sterling,&pound;
,,1,2023-11-08T07:04:00Z,29461.8087,price,coindesk,GBP,bitcoin,British Pound Sterling,&pound;
,,1,2023-11-08T07:19:00Z,29459.4353,price,coindesk,GBP,bitcoin,British Pound Sterling,&pound;
,,1,2023-11-08T07:33:00Z,29517.455,price,coindesk,GBP,bitcoin,British Pound Sterling,&pound;
,,1,2023-11-08T07:48:00Z,29478.5165,price,coindesk,GBP,bitcoin,British Pound Sterling,&pound;
,,1,2023-11-08T08:05:00Z,29428.0706,price,coindesk,GBP,bitcoin,British Pound Sterling,&pound;
,,1,2023-11-08T08:22:00Z,29482.0784,price,coindesk,GBP,bitcoin,British Pound Sterling,&pound;
,,1,2023-11-08T08:33:00Z,29480.9103,price,coindesk,GBP,bitcoin,British Pound Sterling,&pound;
,,1,2023-11-08T08:48:00Z,29516.4869,price,coindesk,GBP,bitcoin,British Pound Sterling,&pound;
,,1,2023-11-08T09:04:00Z,29527.493,price,coindesk,GBP,bitcoin,British Pound Sterling,&pound;
,,1,2023-11-08T09:20:00Z,29522.8243,price,coindesk,GBP,bitcoin,British Pound Sterling,&pound;
,,1,2023-11-08T09:33:00Z,29503.6281,price,coindesk,GBP,bitcoin,British Pound Sterling,&pound;
,,1,2023-11-08T09:48:00Z,29498.2113,price,coindesk,GBP,bitcoin,British Pound Sterling,&pound;
,,1,2023-11-08T10:04:00Z,29510.4422,price,coindesk,GBP,bitcoin,British Pound Sterling,&pound;
,,1,2023-11-08T10:21:00Z,29568.4078,price,coindesk,GBP,bitcoin,British Pound Sterling,&pound;
,,1,2023-11-08T10:33:00Z,29577.9463,price,coindesk,GBP,bitcoin,British Pound Sterling,&pound;
,,1,2023-11-08T10:48:00Z,29545.9944,price,coindesk,GBP,bitcoin,British Pound Sterling,&pound;
,,1,2023-11-08T11:04:00Z,29609.7289,price,coindesk,GBP,bitcoin,British Pound Sterling,&pound;
,,1,2023-11-08T11:18:00Z,29549.9367,price,coindesk,GBP,bitcoin,British Pound Sterling,&pound;
,,1,2023-11-08T11:33:00Z,29528.7765,price,coindesk,GBP,bitcoin,British Pound Sterling,&pound;
,,1,2023-11-08T11:48:00Z,29526.4643,price,coindesk,GBP,bitcoin,British Pound Sterling,&pound;
,,1,2023-11-08T12:06:00Z,29542.7782,price,coindesk,GBP,bitcoin,British Pound Sterling,&pound;
,,1,2023-11-08T12:24:00Z,29543.6948,price,coindesk,GBP,bitcoin,British Pound Sterling,&pound;
,,1,2023-11-08T12:40:00Z,29514.7693,price,coindesk,GBP,bitcoin,British Pound Sterling,&pound;
,,1,2023-11-08T12:52:00Z,29551.4982,price,coindesk,GBP,bitcoin,British Pound Sterling,&pound;
,,1,2023-11-08T13:05:00Z,29624.0153,price,coindesk,GBP,bitcoin,British Pound Sterling,&pound;
,,1,2023-11-08T13:22:00Z,29524.2437,price,coindesk,GBP,bitcoin,British Pound Sterling,&pound;
,,1,2023-11-08T13:33:00Z,29534.8797,price,coindesk,GBP,bitcoin,British Pound Sterling,&pound;
,,1,2023-11-08T13:48:00Z,29556.6592,price,coindesk,GBP,bitcoin,British Pound Sterling,&pound;
,,1,2023-11-08T14:04:00Z,29567.947,price,coindesk,GBP,bitcoin,British Pound Sterling,&pound;
,,1,2023-11-08T14:21:00Z,29589.2722,price,coindesk,GBP,bitcoin,British Pound Sterling,&pound;
,,1,2023-11-08T14:33:00Z,29572.1789,price,coindesk,GBP,bitcoin,British Pound Sterling,&pound;
,,1,2023-11-08T14:48:00Z,29486.3464,price,coindesk,GBP,bitcoin,British Pound Sterling,&pound;
,,1,2023-11-08T15:04:00Z,29469.5708,price,coindesk,GBP,bitcoin,British Pound Sterling,&pound;
,,1,2023-11-08T15:20:00Z,29446.1607,price,coindesk,GBP,bitcoin,British Pound Sterling,&pound;
,,1,2023-11-08T15:33:00Z,29403.4678,price,coindesk,GBP,bitcoin,British Pound Sterling,&pound;
,,1,2023-11-08T15:48:00Z,29424.913,price,coindesk,GBP,bitcoin,British Pound Sterling,&pound;
,,1,2023-11-08T16:05:00Z,29434.6397,price,coindesk,GBP,bitcoin,British Pound Sterling,&pound;
,,1,2023-11-08T16:23:00Z,29424.5473,price,coindesk,GBP,bitcoin,British Pound Sterling,&pound;
,,1,2023-11-08T16:35:00Z,29429.4066,price,coindesk,GBP,bitcoin,British Pound Sterling,&pound;
,,1,2023-11-08T16:48:00Z,29525.5887,price,coindesk,GBP,bitcoin,British Pound Sterling,&pound;
,,1,2023-11-08T17:04:00Z,29553.1574,price,coindesk,GBP,bitcoin,British Pound Sterling,&pound;
,,1,2023-11-08T17:20:00Z,29550.4352,price,coindesk,GBP,bitcoin,British Pound Sterling,&pound;
,,1,2023-11-08T17:33:00Z,29510.121,price,coindesk,GBP,bitcoin,British Pound Sterling,&pound;
,,1,2023-11-08T17:48:00Z,29501.4136,price,coindesk,GBP,bitcoin,British Pound Sterling,&pound;
,,1,2023-11-08T18:04:00Z,29531.9837,price,coindesk,GBP,bitcoin,British Pound Sterling,&pound;
,,1,2023-11-08T18:23:00Z,29578.2564,price,coindesk,GBP,bitcoin,British Pound Sterling,&pound;
,,1,2023-11-08T18:33:00Z,29578.7554,price,coindesk,GBP,bitcoin,British Pound Sterling,&pound;
,,1,2023-11-08T18:48:00Z,29688.7781,price,coindesk,GBP,bitcoin,British Pound Sterling,&pound;
,,1,2023-11-08T19:04:00Z,29748.1903,price,coindesk,GBP,bitcoin,British Pound Sterling,&pound;
,,1,2023-11-08T19:18:00Z,29861.7789,price,coindesk,GBP,bitcoin,British Pound Sterling,&pound;
,,1,2023-11-08T19:33:00Z,29728.4526,price,coindesk,GBP,bitcoin,British Pound Sterling,&pound;
,,1,2023-11-08T19:48:00Z,29831.829,price,coindesk,GBP,bitcoin,British Pound Sterling,&pound;
,,1,2023-11-08T20:04:00Z,29854.7051,price,coindesk,GBP,bitcoin,British Pound Sterling,&pound;
,,1,2023-11-08T20:20:00Z,29816.0338,price,coindesk,GBP,bitcoin,British Pound Sterling,&pound;
,,1,2023-11-08T20:33:00Z,29801.3475,price,coindesk,GBP,bitcoin,British Pound Sterling,&pound;
,,1,2023-11-08T20:48:00Z,29743.7663,price,coindesk,GBP,bitcoin,British Pound Sterling,&pound;
,,1,2023-11-08T21:04:00Z,29830.3894,price,coindesk,GBP,bitcoin,British Pound Sterling,&pound;
,,1,2023-11-08T21:18:00Z,29667.7511,price,coindesk,GBP,bitcoin,British Pound Sterling,&pound;
,,1,2023-11-08T21:33:00Z,29641.5549,price,coindesk,GBP,bitcoin,British Pound Sterling,&pound;
,,1,2023-11-08T21:48:00Z,29698.8187,price,coindesk,GBP,bitcoin,British Pound Sterling,&pound;
,,1,2023-11-08T22:04:00Z,29931.1106,price,coindesk,GBP,bitcoin,British Pound Sterling,&pound;
,,1,2023-11-08T22:21:00Z,30012.6486,price,coindesk,GBP,bitcoin,British Pound Sterling,&pound;
,,1,2023-11-08T22:33:00Z,29921.011,price,coindesk,GBP,bitcoin,British Pound Sterling,&pound;
,,1,2023-11-08T22:47:00Z,29877.3783,price,coindesk,GBP,bitcoin,British Pound Sterling,&pound;
,,1,2023-11-08T23:04:00Z,29940.9913,price,coindesk,GBP,bitcoin,British Pound Sterling,&pound;
,,1,2023-11-08T23:19:00Z,29873.404,price,coindesk,GBP,bitcoin,British Pound Sterling,&pound;
,,1,2023-11-08T23:33:00Z,29922.8491,price,coindesk,GBP,bitcoin,British Pound Sterling,&pound;
,,1,2023-11-08T23:48:00Z,29949.5541,price,coindesk,GBP,bitcoin,British Pound Sterling,&pound;
,,1,2023-11-09T00:17:00Z,29821.0645,price,coindesk,GBP,bitcoin,British Pound Sterling,&pound;
,,1,2023-11-09T00:48:00Z,29954.9023,price,coindesk,GBP,bitcoin,British Pound Sterling,&pound;
,,1,2023-11-09T01:26:00Z,29958.5614,price,coindesk,GBP,bitcoin,British Pound Sterling,&pound;
,,1,2023-11-09T01:50:00Z,30093.6749,price,coindesk,GBP,bitcoin,British Pound Sterling,&pound;
,,1,2023-11-09T02:11:00Z,30050.9266,price,coindesk,GBP,bitcoin,British Pound Sterling,&pound;
,,1,2023-11-09T02:25:00Z,30309.9682,price,coindesk,GBP,bitcoin,British Pound Sterling,&pound;
,,1,2023-11-09T02:34:00Z,30477.4622,price,coindesk,GBP,bitcoin,British Pound Sterling,&pound;
,,1,2023-11-09T02:48:00Z,30317.1179,price,coindesk,GBP,bitcoin,British Pound Sterling,&pound;
,,1,2023-11-09T03:04:00Z,30412.1558,price,coindesk,GBP,bitcoin,British Pound Sterling,&pound;
,,1,2023-11-09T03:20:00Z,30401.2213,price,coindesk,GBP,bitcoin,British Pound Sterling,&pound;
,,1,2023-11-09T03:33:00Z,30496.5321,price,coindesk,GBP,bitcoin,British Pound Sterling,&pound;
,,1,2023-11-09T03:48:00Z,30476.9458,price,coindesk,GBP,bitcoin,British Pound Sterling,&pound;
,,1,2023-11-09T04:04:00Z,30494.0328,price,coindesk,GBP,bitcoin,British Pound Sterling,&pound;
,,1,2023-11-09T04:22:00Z,30512.5547,price,coindesk,GBP,bitcoin,British Pound Sterling,&pound;
,,1,2023-11-09T04:33:00Z,30577.7907,price,coindesk,GBP,bitcoin,British Pound Sterling,&pound;
,,1,2023-11-09T04:48:00Z,30671.855,price,coindesk,GBP,bitcoin,British Pound Sterling,&pound;
,,1,2023-11-09T05:04:00Z,30615.1729,price,coindesk,GBP,bitcoin,British Pound Sterling,&pound;
,,1,2023-11-09T05:21:00Z,30582.4102,price,coindesk,GBP,bitcoin,British Pound Sterling,&pound;
,,1,2023-11-09T05:33:00Z,30576.543,price,coindesk,GBP,bitcoin,British Pound Sterling,&pound;
,,1,2023-11-09T05:48:00Z,30615.8901,price,coindesk,GBP,bitcoin,British Pound Sterling,&pound;
,,1,2023-11-09T06:04:00Z,30602.6719,price,coindesk,GBP,bitcoin,British Pound Sterling,&pound;
,,1,2023-11-09T06:24:00Z,30715.5174,price,coindesk,GBP,bitcoin,British Pound Sterling,&pound;
,,1,2023-11-09T06:33:00Z,30674.3741,price,coindesk,GBP,bitcoin,British Pound Sterling,&pound;
,,1,2023-11-09T06:48:00Z,30719.8549,price,coindesk,GBP,bitcoin,British Pound Sterling,&pound;
,,1,2023-11-09T07:04:00Z,30697.3636,price,coindesk,GBP,bitcoin,British Pound Sterling,&pound;
,,1,2023-11-09T07:18:00Z,30691.5249,price,coindesk,GBP,bitcoin,British Pound Sterling,&pound;
,,1,2023-11-09T07:33:00Z,30654.7386,price,coindesk,GBP,bitcoin,British Pound Sterling,&pound;
,,1,2023-11-09T07:58:00Z,30542.5507,price,coindesk,GBP,bitcoin,British Pound Sterling,&pound;
,,1,2023-11-09T08:05:00Z,30572.5524,price,coindesk,GBP,bitcoin,British Pound Sterling,&pound;
,,1,2023-11-09T08:22:00Z,30567.909,price,coindesk,GBP,bitcoin,British Pound Sterling,&pound;
,,1,2023-11-09T08:33:00Z,30620.7801,price,coindesk,GBP,bitcoin,British Pound Sterling,&pound;
,,1,2023-11-09T08:48:00Z,30617.0582,price,coindesk,GBP,bitcoin,British Pound Sterling,&pound;
,,1,2023-11-09T09:04:00Z,30651.2609,price,coindesk,GBP,bitcoin,British Pound Sterling,&pound;
,,1,2023-11-09T09:20:00Z,30657.5317,price,coindesk,GBP,bitcoin,British Pound Sterling,&pound;
,,1,2023-11-09T09:33:00Z,30707.3904,price,coindesk,GBP,bitcoin,British Pound Sterling,&pound;
,,1,2023-11-09T09:48:00Z,30718.5838,price,coindesk,GBP,bitcoin,British Pound Sterling,&pound;
,,1,2023-11-09T10:04:00Z,30718.5994,price,coindesk,GBP,bitcoin,British Pound Sterling,&pound;
,,1,2023-11-09T10:21:00Z,30847.3184,price,coindesk,GBP,bitcoin,British Pound Sterling,&pound;
,,1,2023-11-09T10:33:00Z,30715.4998,price,coindesk,GBP,bitcoin,British Pound Sterling,&pound;
,,1,2023-11-09T10:48:00Z,30795.3479,price,coindesk,GBP,bitcoin,British Pound Sterling,&pound;
,,1,2023-11-09T11:04:00Z,30721.8288,price,coindesk,GBP,bitcoin,British Pound Sterling,&pound;
,,1,2023-11-09T11:18:00Z,30719.4213,price,coindesk,GBP,bitcoin,British Pound Sterling,&pound;
,,1,2023-11-09T11:33:00Z,30697.5149,price,coindesk,GBP,bitcoin,British Pound Sterling,&pound;
,,1,2023-11-09T11:48:00Z,30756.8488,price,coindesk,GBP,bitcoin,British Pound Sterling,&pound;
,,1,2023-11-09T12:06:00Z,30764.0829,price,coindesk,GBP,bitcoin,British Pound Sterling,&pound;
,,1,2023-11-09T12:24:00Z,30852.3444,price,coindesk,GBP,bitcoin,British Pound Sterling,&pound;
,,1,2023-11-09T12:40:00Z,30831.7754,price,coindesk,GBP,bitcoin,British Pound Sterling,&pound;
,,1,2023-11-09T12:52:00Z,30842.5452,price,coindesk,GBP,bitcoin,British Pound Sterling,&pound;
,,1,2023-11-09T13:05:00Z,30888.3584,price,coindesk,GBP,bitcoin,British Pound Sterling,&pound;
,,1,2023-11-09T13:23:00Z,30883.143,price,coindesk,GBP,bitcoin,British Pound Sterling,&pound;
,,1,2023-11-09T13:33:00Z,30821.7977,price,coindesk,GBP,bitcoin,British Pound Sterling,&pound;
,,1,2023-11-09T13:48:00Z,30919.3478,price,coindesk,GBP,bitcoin,British Pound Sterling,&pound;
,,1,2023-11-09T14:04:00Z,31096.6042,price,coindesk,GBP,bitcoin,British Pound Sterling,&pound;
,,1,2023-11-09T14:20:00Z,31373.4674,price,coindesk,GBP,bitcoin,British Pound Sterling,&pound;
,,1,2023-11-09T14:33:00Z,31375.159,price,coindesk,GBP,bitcoin,British Pound Sterling,&pound;
,,1,2023-11-09T14:48:00Z,31524.5391,price,coindesk,GBP,bitcoin,British Pound Sterling,&pound;
,,1,2023-11-09T15:04:00Z,31564.6922,price,coindesk,GBP,bitcoin,British Pound Sterling,&pound;
,,1,2023-11-09T15:20:00Z,31468.3505,price,coindesk,GBP,bitcoin,British Pound Sterling,&pound;
,,1,2023-11-09T15:33:00Z,31270.0659,price,coindesk,GBP,bitcoin,British Pound Sterling,&pound;
,,1,2023-11-09T15:48:00Z,31226.5754,price,coindesk,GBP,bitcoin,British Pound Sterling,&pound;
,,1,2023-11-09T16:04:00Z,31044.7143,price,coindesk,GBP,bitcoin,British Pound Sterling,&pound;
,,1,2023-11-09T16:23:00Z,30595.4632,price,coindesk,GBP,bitcoin,British Pound Sterling,&pound;
,,1,2023-11-09T16:35:00Z,30437.2012,price,coindesk,GBP,bitcoin,British Pound Sterling,&pound;
,,1,2023-11-09T16:48:00Z,30427.7404,price,coindesk,GBP,bitcoin,British Pound Sterling,&pound;
,,1,2023-11-09T17:04:00Z,30489.8256,price,coindesk,GBP,bitcoin,British Pound Sterling,&pound;
,,1,2023-11-09T17:20:00Z,30210.8842,price,coindesk,GBP,bitcoin,British Pound Sterling,&pound;
,,1,2023-11-09T17:33:00Z,30351.3878,price,coindesk,GBP,bitcoin,British Pound Sterling,&pound;
,,1,2023-11-09T17:48:00Z,30492.7199,price,coindesk,GBP,bitcoin,British Pound Sterling,&pound;
,,1,2023-11-09T18:06:00Z,30537.7726,price,coindesk,GBP,bitcoin,British Pound Sterling,&pound;
,,1,2023-11-09T18:22:00Z,30479.4429,price,coindesk,GBP,bitcoin,British Pound Sterling,&pound;
,,1,2023-11-09T18:33:00Z,30458.851,price,coindesk,GBP,bitcoin,British Pound Sterling,&pound;
,,1,2023-11-09T18:48:00Z,30470.0012,price,coindesk,GBP,bitcoin,British Pound Sterling,&pound;
,,1,2023-11-09T19:04:00Z,30468.223,price,coindesk,GBP,bitcoin,British Pound Sterling,&pound;
,,1,2023-11-09T19:18:00Z,30386.6794,price,coindesk,GBP,bitcoin,British Pound Sterling,&pound;
,,1,2023-11-09T19:34:00Z,30387.5094,price,coindesk,GBP,bitcoin,British Pound Sterling,&pound;
,,1,2023-11-09T19:47:00Z,30298.5944,price,coindesk,GBP,bitcoin,British Pound Sterling,&pound;
,,1,2023-11-09T20:04:00Z,30351.3266,price,coindesk,GBP,bitcoin,British Pound Sterling,&pound;
,,1,2023-11-09T20:20:00Z,30355.0731,price,coindesk,GBP,bitcoin,British Pound Sterling,&pound;
,,1,2023-11-09T20:33:00Z,30345.158,price,coindesk,GBP,bitcoin,British Pound Sterling,&pound;
,,1,2023-11-09T20:48:00Z,30450.1092,price,coindesk,GBP,bitcoin,British Pound Sterling,&pound;
,,1,2023-11-09T21:04:00Z,30576.999,price,coindesk,GBP,bitcoin,British Pound Sterling,&pound;
,,1,2023-11-09T21:18:00Z,30551.6764,price,coindesk,GBP,bitcoin,British Pound Sterling,&pound;
,,1,2023-11-09T21:33:00Z,30616.2248,price,coindesk,GBP,bitcoin,British Pound Sterling,&pound;
,,1,2023-11-09T21:48:00Z,30499.5869,price,coindesk,GBP,bitcoin,British Pound Sterling,&pound;
,,1,2023-11-09T22:04:00Z,30559.0916,price,coindesk,GBP,bitcoin,British Pound Sterling,&pound;
,,1,2023-11-09T22:21:00Z,30553.5747,price,coindesk,GBP,bitcoin,British Pound Sterling,&pound;
,,1,2023-11-09T22:33:00Z,30555.8599,price,coindesk,GBP,bitcoin,British Pound Sterling,&pound;
,,1,2023-11-09T22:48:00Z,30548.1648,price,coindesk,GBP,bitcoin,British Pound Sterling,&pound;
,,1,2023-11-09T23:19:00Z,30573.575,price,coindesk,GBP,bitcoin,British Pound Sterling,&pound;
,,1,2023-11-09T23:33:00Z,30636.8696,price,coindesk,GBP,bitcoin,British Pound Sterling,&pound;
,,1,2023-11-09T23:48:00Z,30658.7626,price,coindesk,GBP,bitcoin,British Pound Sterling,&pound;
,,1,2023-11-10T00:17:00Z,30709.2858,price,coindesk,GBP,bitcoin,British Pound Sterling,&pound;
,,1,2023-11-10T00:48:00Z,30541.3701,price,coindesk,GBP,bitcoin,British Pound Sterling,&pound;
,,1,2023-11-10T01:26:00Z,30596.3795,price,coindesk,GBP,bitcoin,British Pound Sterling,&pound;
,,1,2023-11-10T01:50:00Z,30669.1095,price,coindesk,GBP,bitcoin,British Pound Sterling,&pound;
,,1,2023-11-10T02:11:00Z,30646.1378,price,coindesk,GBP,bitcoin,British Pound Sterling,&pound;
,,1,2023-11-10T02:25:00Z,30674.3261,price,coindesk,GBP,bitcoin,British Pound Sterling,&pound;
,,1,2023-11-10T02:35:00Z,30711.7808,price,coindesk,GBP,bitcoin,British Pound Sterling,&pound;
,,1,2023-11-10T02:48:00Z,30753.917,price,coindesk,GBP,bitcoin,British Pound Sterling,&pound;
,,1,2023-11-10T03:04:00Z,30769.4315,price,coindesk,GBP,bitcoin,British Pound Sterling,&pound;
,,1,2023-11-10T03:20:00Z,30782.8695,price,coindesk,GBP,bitcoin,British Pound Sterling,&pound;
,,1,2023-11-10T03:33:00Z,30691.469,price,coindesk,GBP,bitcoin,British Pound Sterling,&pound;
,,1,2023-11-10T03:48:00Z,30736.2303,price,coindesk,GBP,bitcoin,British Pound Sterling,&pound;
,,1,2023-11-10T04:04:00Z,30688.5112,price,coindesk,GBP,bitcoin,British Pound Sterling,&pound;
,,1,2023-11-10T04:22:00Z,30697.3829,price,coindesk,GBP,bitcoin,British Pound Sterling,&pound;
,,1,2023-11-10T04:33:00Z,30708.8011,price,coindesk,GBP,bitcoin,British Pound Sterling,&pound;
,,1,2023-11-10T04:48:00Z,30661.1208,price,coindesk,GBP,bitcoin,British Pound Sterling,&pound;
,,1,2023-11-10T05:04:00Z,30714.7822,price,coindesk,GBP,bitcoin,British Pound Sterling,&pound;
,,1,2023-11-10T05:20:00Z,30663.5957,price,coindesk,GBP,bitcoin,British Pound Sterling,&pound;
,,1,2023-11-10T05:33:00Z,30663.5007,price,coindesk,GBP,bitcoin,British Pound Sterling,&pound;
,,1,2023-11-10T05:48:00Z,30667.5535,price,coindesk,GBP,bitcoin,British Pound Sterling,&pound;
,,1,2023-11-10T06:06:00Z,30672.244,price,coindesk,GBP,bitcoin,British Pound Sterling,&pound;
,,1,2023-11-10T06:23:00Z,30613.265,price,coindesk,GBP,bitcoin,British Pound Sterling,&pound;
,,1,2023-11-10T06:33:00Z,30616.3186,price,coindesk,GBP,bitcoin,British Pound Sterling,&pound;
,,1,2023-11-10T06:48:00Z,30626.3743,price,coindesk,GBP,bitcoin,British Pound Sterling,&pound;
,,1,2023-11-10T07:04:00Z,30630.8458,price,coindesk,GBP,bitcoin,British Pound Sterling,&pound;
,,1,2023-11-10T07:18:00Z,30607.4151,price,coindesk,GBP,bitcoin,British Pound Sterling,&pound;
,,1,2023-11-10T07:33:00Z,30546.6557,price,coindesk,GBP,bitcoin,British Pound Sterling,&pound;
,,1,2023-11-10T07:48:00Z,30503.3247,price,coindesk,GBP,bitcoin,British Pound Sterling,&pound;
,,1,2023-11-10T08:05:00Z,30481.2102,price,coindesk,GBP,bitcoin,British Pound Sterling,&pound;
,,1,2023-11-10T08:22:00Z,30454.9072,price,coindesk,GBP,bitcoin,British Pound Sterling,&pound;
,,1,2023-11-10T08:33:00Z,30436.5369,price,coindesk,GBP,bitcoin,British Pound Sterling,&pound;
,,1,2023-11-10T08:48:00Z,30495.0917,price,coindesk,GBP,bitcoin,British Pound Sterling,&pound;
,,1,2023-11-10T09:04:00Z,30509.18,price,coindesk,GBP,bitcoin,British Pound Sterling,&pound;
,,1,2023-11-10T09:19:00Z,30496.2485,price,coindesk,GBP,bitcoin,British Pound Sterling,&pound;
,,1,2023-11-10T09:33:00Z,30491.9443,price,coindesk,GBP,bitcoin,British Pound Sterling,&pound;
,,1,2023-11-10T09:48:00Z,30511.0743,price,coindesk,GBP,bitcoin,British Pound Sterling,&pound;
,,1,2023-11-10T10:04:00Z,30546.4641,price,coindesk,GBP,bitcoin,British Pound Sterling,&pound;
,,1,2023-11-10T10:21:00Z,30598.7816,price,coindesk,GBP,bitcoin,British Pound Sterling,&pound;
,,1,2023-11-10T10:33:00Z,30578.0962,price,coindesk,GBP,bitcoin,British Pound Sterling,&pound;
,,1,2023-11-10T10:48:00Z,30574.0715,price,coindesk,GBP,bitcoin,British Pound Sterling,&pound;
,,1,2023-11-10T11:04:00Z,30571.2532,price,coindesk,GBP,bitcoin,British Pound Sterling,&pound;
,,1,2023-11-10T11:18:00Z,30575.1843,price,coindesk,GBP,bitcoin,British Pound Sterling,&pound;
,,1,2023-11-10T11:33:00Z,30581.1367,price,coindesk,GBP,bitcoin,British Pound Sterling,&pound;
,,1,2023-11-10T11:48:00Z,30587.6156,price,coindesk,GBP,bitcoin,British Pound Sterling,&pound;
,,1,2023-11-10T12:06:00Z,30589.7328,price,coindesk,GBP,bitcoin,British Pound Sterling,&pound;
,,1,2023-11-10T12:24:00Z,30585.728,price,coindesk,GBP,bitcoin,British Pound Sterling,&pound;
,,1,2023-11-10T12:40:00Z,30582.4944,price,coindesk,GBP,bitcoin,British Pound Sterling,&pound;
,,1,2023-11-10T13:47:00Z,30578.8173,price,coindesk,GBP,bitcoin,British Pound Sterling,&pound;
,,1,2023-11-10T14:04:00Z,30577.8025,price,coindesk,GBP,bitcoin,British Pound Sterling,&pound;
,,1,2023-11-10T14:21:00Z,30582.3187,price,coindesk,GBP,bitcoin,British Pound Sterling,&pound;
,,1,2023-11-10T14:33:00Z,30581.0498,price,coindesk,GBP,bitcoin,British Pound Sterling,&pound;
,,1,2023-11-10T14:48:00Z,30592.6724,price,coindesk,GBP,bitcoin,British Pound Sterling,&pound;
,,1,2023-11-10T15:04:00Z,30603.4941,price,coindesk,GBP,bitcoin,British Pound Sterling,&pound;
,,1,2023-11-10T15:20:00Z,30596.4679,price,coindesk,GBP,bitcoin,British Pound Sterling,&pound;
,,1,2023-11-10T15:33:00Z,30600.2485,price,coindesk,GBP,bitcoin,British Pound Sterling,&pound;
,,1,2023-11-10T15:47:00Z,30582.7402,price,coindesk,GBP,bitcoin,British Pound Sterling,&pound;
,,1,2023-11-10T16:04:00Z,30580.5159,price,coindesk,GBP,bitcoin,British Pound Sterling,&pound;
,,1,2023-11-10T16:23:00Z,30582.8342,price,coindesk,GBP,bitcoin,British Pound Sterling,&pound;
,,1,2023-11-10T16:34:00Z,30584.7509,price,coindesk,GBP,bitcoin,British Pound Sterling,&pound;
,,1,2023-11-10T16:47:00Z,30583.0255,price,coindesk,GBP,bitcoin,British Pound Sterling,&pound;
,,1,2023-11-10T17:04:00Z,30579.9015,price,coindesk,GBP,bitcoin,British Pound Sterling,&pound;
,,1,2023-11-10T17:20:00Z,30582.8636,price,coindesk,GBP,bitcoin,British Pound Sterling,&pound;
,,2,2023-10-11T17:33:00Z,26691.8944,price,coindesk,USD,bitcoin,United States Dollar,&#36;
,,2,2023-10-11T17:48:00Z,26614.5453,price,coindesk,USD,bitcoin,United States Dollar,&#36;
,,2,2023-10-11T18:05:00Z,26656.9672,price,coindesk,USD,bitcoin,United States Dollar,&#36;
,,2,2023-10-11T18:24:00Z,26659.2487,price,coindesk,USD,bitcoin,United States Dollar,&#36;
,,2,2023-10-11T18:34:00Z,26645.2462,price,coindesk,USD,bitcoin,United States Dollar,&#36;
,,2,2023-10-11T18:48:00Z,26623.373,price,coindesk,USD,bitcoin,United States Dollar,&#36;
,,2,2023-10-11T19:04:00Z,26676.8723,price,coindesk,USD,bitcoin,United States Dollar,&#36;
,,2,2023-10-11T19:18:00Z,26719.6554,price,coindesk,USD,bitcoin,United States Dollar,&#36;
,,2,2023-10-11T19:33:00Z,26689.4743,price,coindesk,USD,bitcoin,United States Dollar,&#36;
,,2,2023-10-11T19:48:00Z,26736.4428,price,coindesk,USD,bitcoin,United States Dollar,&#36;
,,2,2023-10-11T20:04:00Z,26747.2366,price,coindesk,USD,bitcoin,United States Dollar,&#36;
,,2,2023-10-11T20:20:00Z,26697.4345,price,coindesk,USD,bitcoin,United States Dollar,&#36;
,,2,2023-10-11T20:33:00Z,26705.0738,price,coindesk,USD,bitcoin,United States Dollar,&#36;
,,2,2023-10-11T20:48:00Z,26688.4719,price,coindesk,USD,bitcoin,United States Dollar,&#36;
,,2,2023-10-11T21:04:00Z,26699.847,price,coindesk,USD,bitcoin,United States Dollar,&#36;
,,2,2023-10-11T21:19:00Z,26725.6449,price,coindesk,USD,bitcoin,United States Dollar,&#36;
,,2,2023-10-11T21:33:00Z,26708.3948,price,coindesk,USD,bitcoin,United States Dollar,&#36;
,,2,2023-10-11T21:48:00Z,26684.4665,price,coindesk,USD,bitcoin,United States Dollar,&#36;
,,2,2023-10-11T22:04:00Z,26720.7149,price,coindesk,USD,bitcoin,United States Dollar,&#36;
,,2,2023-10-11T22:21:00Z,26746.9939,price,coindesk,USD,bitcoin,United States Dollar,&#36;
,,2,2023-10-11T22:33:00Z,26776.2622,price,coindesk,USD,bitcoin,United States Dollar,&#36;
,,2,2023-10-11T22:48:00Z,26771.7804,price,coindesk,USD,bitcoin,United States Dollar,&#36;
,,2,2023-10-11T23:04:00Z,26767.5706,price,coindesk,USD,bitcoin,United States Dollar,&#36;
,,2,2023-10-11T23:19:00Z,26771.0504,price,coindesk,USD,bitcoin,United States Dollar,&#36;
,,2,2023-10-11T23:33:00Z,26812.3717,price,coindesk,USD,bitcoin,United States Dollar,&#36;
,,2,2023-10-11T23:48:00Z,26835.0059,price,coindesk,USD,bitcoin,United States Dollar,&#36;
,,2,2023-10-12T00:16:00Z,26839.2592,price,coindesk,USD,bitcoin,United States Dollar,&#36;
,,2,2023-10-12T00:48:00Z,26796.785,price,coindesk,USD,bitcoin,United States Dollar,&#36;
,,2,2023-10-12T01:24:00Z,26744.6394,price,coindesk,USD,bitcoin,United States Dollar,&#36;
,,2,2023-10-12T01:47:00Z,26760.6363,price,coindesk,USD,bitcoin,United States Dollar,&#36;
,,2,2023-10-12T02:09:00Z,26772.1913,price,coindesk,USD,bitcoin,United States Dollar,&#36;
,,2,2023-10-12T02:22:00Z,26809.4005,price,coindesk,USD,bitcoin,United States Dollar,&#36;
,,2,2023-10-12T02:33:00Z,26818.4705,price,coindesk,USD,bitcoin,United States Dollar,&#36;
,,2,2023-10-12T02:48:00Z,26880.394,price,coindesk,USD,bitcoin,United States Dollar,&#36;
,,2,2023-10-12T03:04:00Z,26876.2409,price,coindesk,USD,bitcoin,United States Dollar,&#36;
,,2,2023-10-12T03:20:00Z,26843.5616,price,coindesk,USD,bitcoin,United States Dollar,&#36;
,,2,2023-10-12T03:33:00Z,26836.9572,price,coindesk,USD,bitcoin,United States Dollar,&#36;
,,2,2023-10-12T03:48:00Z,26830.1902,price,coindesk,USD,bitcoin,United States Dollar,&#36;
,,2,2023-10-12T04:04:00Z,26830.4964,price,coindesk,USD,bitcoin,United States Dollar,&#36;
,,2,2023-10-12T04:22:00Z,26837.3454,price,coindesk,USD,bitcoin,United States Dollar,&#36;
,,2,2023-10-12T04:33:00Z,26835.0073,price,coindesk,USD,bitcoin,United States Dollar,&#36;
,,2,2023-10-12T04:48:00Z,26832.2671,price,coindesk,USD,bitcoin,United States Dollar,&#36;
,,2,2023-10-12T05:04:00Z,26809.3784,price,coindesk,USD,bitcoin,United States Dollar,&#36;
,,2,2023-10-12T05:21:00Z,26793.9896,price,coindesk,USD,bitcoin,United States Dollar,&#36;
,,2,2023-10-12T05:33:00Z,26813.1628,price,coindesk,USD,bitcoin,United States Dollar,&#36;
,,2,2023-10-12T05:48:00Z,26843.5272,price,coindesk,USD,bitcoin,United States Dollar,&#36;
,,2,2023-10-12T06:05:00Z,26851.6945,price,coindesk,USD,bitcoin,United States Dollar,&#36;
,,2,2023-10-12T06:23:00Z,26866.323,price,coindesk,USD,bitcoin,United States Dollar,&#36;
,,2,2023-10-12T06:34:00Z,26889.4829,price,coindesk,USD,bitcoin,United States Dollar,&#36;
,,2,2023-10-12T06:48:00Z,26892.1466,price,coindesk,USD,bitcoin,United States Dollar,&#36;
,,2,2023-10-12T07:19:00Z,26829.794,price,coindesk,USD,bitcoin,United States Dollar,&#36;
,,2,2023-10-12T07:33:00Z,26840.8737,price,coindesk,USD,bitcoin,United States Dollar,&#36;
,,2,2023-10-12T07:48:00Z,26841.2539,price,coindesk,USD,bitcoin,United States Dollar,&#36;
,,2,2023-10-12T08:05:00Z,26817.0848,price,coindesk,USD,bitcoin,United States Dollar,&#36;
,,2,2023-10-12T08:23:00Z,26808.4907,price,coindesk,USD,bitcoin,United States Dollar,&#36;
,,2,2023-10-12T08:33:00Z,26816.9399,price,coindesk,USD,bitcoin,United States Dollar,&#36;
,,2,2023-10-12T08:48:00Z,26822.6536,price,coindesk,USD,bitcoin,United States Dollar,&#36;
,,2,2023-10-12T09:04:00Z,26795.0946,price,coindesk,USD,bitcoin,United States Dollar,&#36;
,,2,2023-10-12T09:20:00Z,26810.7462,price,coindesk,USD,bitcoin,United States Dollar,&#36;
,,2,2023-10-12T09:33:00Z,26721.9993,price,coindesk,USD,bitcoin,United States Dollar,&#36;
,,2,2023-10-12T09:48:00Z,26714.1921,price,coindesk,USD,bitcoin,United States Dollar,&#36;
,,2,2023-10-12T10:04:00Z,26757.9529,price,coindesk,USD,bitcoin,United States Dollar,&#36;
,,2,2023-10-12T10:22:00Z,26740.3976,price,coindesk,USD,bitcoin,United States Dollar,&#36;
,,2,2023-10-12T10:34:00Z,26737.3658,price,coindesk,USD,bitcoin,United States Dollar,&#36;
,,2,2023-10-12T10:48:00Z,26767.8859,price,coindesk,USD,bitcoin,United States Dollar,&#36;
,,2,2023-10-12T11:04:00Z,26769.5854,price,coindesk,USD,bitcoin,United States Dollar,&#36;
,,2,2023-10-12T11:18:00Z,26755.5986,price,coindesk,USD,bitcoin,United States Dollar,&#36;
,,2,2023-10-12T11:33:00Z,26748.1255,price,coindesk,USD,bitcoin,United States Dollar,&#36;
,,2,2023-10-12T11:48:00Z,26786.7506,price,coindesk,USD,bitcoin,United States Dollar,&#36;
,,2,2023-10-12T12:06:00Z,26812.7066,price,coindesk,USD,bitcoin,United States Dollar,&#36;
,,2,2023-10-12T12:25:00Z,26799.3516,price,coindesk,USD,bitcoin,United States Dollar,&#36;
,,2,2023-10-12T12:41:00Z,26857.3085,price,coindesk,USD,bitcoin,United States Dollar,&#36;
,,2,2023-10-12T12:54:00Z,26842.8934,price,coindesk,USD,bitcoin,United States Dollar,&#36;
,,2,2023-10-12T13:06:00Z,26864.5886,price,coindesk,USD,bitcoin,United States Dollar,&#36;
,,2,2023-10-12T13:23:00Z,26847.6477,price,coindesk,USD,bitcoin,United States Dollar,&#36;
,,2,2023-10-12T13:34:00Z,26780.5295,price,coindesk,USD,bitcoin,United States Dollar,&#36;
,,2,2023-10-12T13:48:00Z,26750.9809,price,coindesk,USD,bitcoin,United States Dollar,&#36;
,,2,2023-10-12T14:04:00Z,26759.5455,price,coindesk,USD,bitcoin,United States Dollar,&#36;
,,2,2023-10-12T14:21:00Z,26732.3602,price,coindesk,USD,bitcoin,United States Dollar,&#36;
,,2,2023-10-12T14:33:00Z,26706.9453,price,coindesk,USD,bitcoin,United States Dollar,&#36;
,,2,2023-10-12T14:48:00Z,26716.8149,price,coindesk,USD,bitcoin,United States Dollar,&#36;
,,2,2023-10-12T15:04:00Z,26668.6555,price,coindesk,USD,bitcoin,United States Dollar,&#36;
,,2,2023-10-12T15:21:00Z,26706.5284,price,coindesk,USD,bitcoin,United States Dollar,&#36;
,,2,2023-10-12T15:34:00Z,26668.3589,price,coindesk,USD,bitcoin,United States Dollar,&#36;
,,2,2023-10-12T15:48:00Z,26656.5389,price,coindesk,USD,bitcoin,United States Dollar,&#36;
,,2,2023-10-12T16:05:00Z,26665.8928,price,coindesk,USD,bitcoin,United States Dollar,&#36;
,,2,2023-10-12T16:23:00Z,26678.1336,price,coindesk,USD,bitcoin,United States Dollar,&#36;
,,2,2023-10-12T16:35:00Z,26762.778,price,coindesk,USD,bitcoin,United States Dollar,&#36;
,,2,2023-10-12T16:48:00Z,26723.623,price,coindesk,USD,bitcoin,United States Dollar,&#36;
,,2,2023-10-12T17:04:00Z,26637.4684,price,coindesk,USD,bitcoin,United States Dollar,&#36;
,,2,2023-10-12T17:21:00Z,26619.0402,price,coindesk,USD,bitcoin,United States Dollar,&#36;
,,2,2023-10-12T17:33:00Z,26584.7973,price,coindesk,USD,bitcoin,United States Dollar,&#36;
,,2,2023-10-12T17:48:00Z,26637.2637,price,coindesk,USD,bitcoin,United States Dollar,&#36;
,,2,2023-10-12T18:05:00Z,26630.1797,price,coindesk,USD,bitcoin,United States Dollar,&#36;
,,2,2023-10-12T18:23:00Z,26660.7543,price,coindesk,USD,bitcoin,United States Dollar,&#36;
,,2,2023-10-12T18:34:00Z,26705.3074,price,coindesk,USD,bitcoin,United States Dollar,&#36;
,,2,2023-10-12T18:49:00Z,26698.2957,price,coindesk,USD,bitcoin,United States Dollar,&#36;
,,2,2023-10-12T19:04:00Z,26646.6169,price,coindesk,USD,bitcoin,United States Dollar,&#36;
,,2,2023-10-12T19:18:00Z,26658.1535,price,coindesk,USD,bitcoin,United States Dollar,&#36;
,,2,2023-10-12T19:33:00Z,26690.2786,price,coindesk,USD,bitcoin,United States Dollar,&#36;
,,2,2023-10-12T19:48:00Z,26711.6071,price,coindesk,USD,bitcoin,United States Dollar,&#36;
,,2,2023-10-12T20:05:00Z,26702.4071,price,coindesk,USD,bitcoin,United States Dollar,&#36;
,,2,2023-10-12T20:20:00Z,26715.0935,price,coindesk,USD,bitcoin,United States Dollar,&#36;
,,2,2023-10-12T20:33:00Z,26731.7682,price,coindesk,USD,bitcoin,United States Dollar,&#36;
,,2,2023-10-12T20:48:00Z,26728.7633,price,coindesk,USD,bitcoin,United States Dollar,&#36;
,,2,2023-10-12T21:04:00Z,26726.3932,price,coindesk,USD,bitcoin,United States Dollar,&#36;
,,2,2023-10-12T21:18:00Z,26720.5653,price,coindesk,USD,bitcoin,United States Dollar,&#36;
,,2,2023-10-12T21:33:00Z,26752.1554,price,coindesk,USD,bitcoin,United States Dollar,&#36;
,,2,2023-10-12T21:48:00Z,26715.3578,price,coindesk,USD,bitcoin,United States Dollar,&#36;
,,2,2023-10-12T22:04:00Z,26731.5619,price,coindesk,USD,bitcoin,United States Dollar,&#36;
,,2,2023-10-12T22:21:00Z,26728.7976,price,coindesk,USD,bitcoin,United States Dollar,&#36;
,,2,2023-10-12T22:33:00Z,26736.4512,price,coindesk,USD,bitcoin,United States Dollar,&#36;
,,2,2023-10-12T22:48:00Z,26728.4864,price,coindesk,USD,bitcoin,United States Dollar,&#36;
,,2,2023-10-12T23:04:00Z,26738.6785,price,coindesk,USD,bitcoin,United States Dollar,&#36;
,,2,2023-10-12T23:20:00Z,26705.0155,price,coindesk,USD,bitcoin,United States Dollar,&#36;
,,2,2023-10-12T23:33:00Z,26731.0937,price,coindesk,USD,bitcoin,United States Dollar,&#36;
,,2,2023-10-12T23:48:00Z,26731.3931,price,coindesk,USD,bitcoin,United States Dollar,&#36;
,,2,2023-10-13T00:18:00Z,26826.9297,price,coindesk,USD,bitcoin,United States Dollar,&#36;
,,2,2023-10-13T00:48:00Z,26814.3809,price,coindesk,USD,bitcoin,United States Dollar,&#36;
,,2,2023-10-13T01:26:00Z,26791.8067,price,coindesk,USD,bitcoin,United States Dollar,&#36;
,,2,2023-10-13T01:51:00Z,26805.1619,price,coindesk,USD,bitcoin,United States Dollar,&#36;
,,2,2023-10-13T02:12:00Z,26790.7317,price,coindesk,USD,bitcoin,United States Dollar,&#36;
,,2,2023-10-13T02:27:00Z,26796.9033,price,coindesk,USD,bitcoin,United States Dollar,&#36;
,,2,2023-10-13T02:37:00Z,26783.6891,price,coindesk,USD,bitcoin,United States Dollar,&#36;
,,2,2023-10-13T02:48:00Z,26778.4124,price,coindesk,USD,bitcoin,United States Dollar,&#36;
,,2,2023-10-13T03:04:00Z,26808.5048,price,coindesk,USD,bitcoin,United States Dollar,&#36;
,,2,2023-10-13T03:20:00Z,26799.5142,price,coindesk,USD,bitcoin,United States Dollar,&#36;
,,2,2023-10-13T03:33:00Z,26781.8692,price,coindesk,USD,bitcoin,United States Dollar,&#36;
,,2,2023-10-13T03:48:00Z,26771.2028,price,coindesk,USD,bitcoin,United States Dollar,&#36;
,,2,2023-10-13T04:05:00Z,26776.2767,price,coindesk,USD,bitcoin,United States Dollar,&#36;
,,2,2023-10-13T04:22:00Z,26782.7536,price,coindesk,USD,bitcoin,United States Dollar,&#36;
,,2,2023-10-13T04:34:00Z,26795.5408,price,coindesk,USD,bitcoin,United States Dollar,&#36;
,,2,2023-10-13T04:48:00Z,26787.5753,price,coindesk,USD,bitcoin,United States Dollar,&#36;
,,2,2023-10-13T05:05:00Z,26807.2336,price,coindesk,USD,bitcoin,United States Dollar,&#36;
,,2,2023-10-13T05:21:00Z,26804.1595,price,coindesk,USD,bitcoin,United States Dollar,&#36;
,,2,2023-10-13T05:33:00Z,26780.916,price,coindesk,USD,bitcoin,United States Dollar,&#36;
,,2,2023-10-13T05:48:00Z,26789.6383,price,coindesk,USD,bitcoin,United States Dollar,&#36;
,,2,2023-10-13T06:05:00Z,26806.2405,price,coindesk,USD,bitcoin,United States Dollar,&#36;
,,2,2023-10-13T06:23:00Z,26809.8461,price,coindesk,USD,bitcoin,United States Dollar,&#36;
,,2,2023-10-13T06:34:00Z,26808.0961,price,coindesk,USD,bitcoin,United States Dollar,&#36;
,,2,2023-10-13T06:48:00Z,26845.2059,price,coindesk,USD,bitcoin,United States Dollar,&#36;
,,2,2023-10-13T07:05:00Z,26830.1676,price,coindesk,USD,bitcoin,United States Dollar,&#36;
,,2,2023-10-13T07:19:00Z,26861.6693,price,coindesk,USD,bitcoin,United States Dollar,&#36;
,,2,2023-10-13T07:33:00Z,26903.9484,price,coindesk,USD,bitcoin,United States Dollar,&#36;
,,2,2023-10-13T07:48:00Z,26848.0221,price,coindesk,USD,bitcoin,United States Dollar,&#36;
,,2,2023-10-13T08:05:00Z,26869.8082,price,coindesk,USD,bitcoin,United States Dollar,&#36;
,,2,2023-10-13T08:23:00Z,26831.1083,price,coindesk,USD,bitcoin,United States Dollar,&#36;
,,2,2023-10-13T08:34:00Z,26831.9111,price,coindesk,USD,bitcoin,United States Dollar,&#36;
,,2,2023-10-13T08:48:00Z,26792.4817,price,coindesk,USD,bitcoin,United States Dollar,&#36;
,,2,2023-10-13T09:05:00Z,26797.066,price,coindesk,USD,bitcoin,United States Dollar,&#36;
,,2,2023-10-13T09:20:00Z,26813.814,price,coindesk,USD,bitcoin,United States Dollar,&#36;
,,2,2023-10-13T09:33:00Z,26811.8421,price,coindesk,USD,bitcoin,United States Dollar,&#36;
,,2,2023-10-13T09:48:00Z,26778.638,price,coindesk,USD,bitcoin,United States Dollar,&#36;
,,2,2023-10-13T10:08:00Z,26775.6601,price,coindesk,USD,bitcoin,United States Dollar,&#36;
,,2,2023-10-13T10:22:00Z,26783.462,price,coindesk,USD,bitcoin,United States Dollar,&#36;
,,2,2023-10-13T10:34:00Z,26790.865,price,coindesk,USD,bitcoin,United States Dollar,&#36;
,,2,2023-10-13T10:48:00Z,26790.8581,price,coindesk,USD,bitcoin,United States Dollar,&#36;
,,2,2023-10-13T11:04:00Z,26782.6678,price,coindesk,USD,bitcoin,United States Dollar,&#36;
,,2,2023-10-13T11:18:00Z,26814.5071,price,coindesk,USD,bitcoin,United States Dollar,&#36;
,,2,2023-10-13T11:33:00Z,26837.6859,price,coindesk,USD,bitcoin,United States Dollar,&#36;
,,2,2023-10-13T11:48:00Z,26821.9328,price,coindesk,USD,bitcoin,United States Dollar,&#36;
,,2,2023-10-13T12:06:00Z,26768.4907,price,coindesk,USD,bitcoin,United States Dollar,&#36;
,,2,2023-10-13T12:25:00Z,26836.9873,price,coindesk,USD,bitcoin,United States Dollar,&#36;
,,2,2023-10-13T12:41:00Z,26852.5397,price,coindesk,USD,bitcoin,United States Dollar,&#36;
,,2,2023-10-13T12:54:00Z,26888.9119,price,coindesk,USD,bitcoin,United States Dollar,&#36;
,,2,2023-10-13T13:06:00Z,26856.8707,price,coindesk,USD,bitcoin,United States Dollar,&#36;
,,2,2023-10-13T13:23:00Z,26871.3208,price,coindesk,USD,bitcoin,United States Dollar,&#36;
,,2,2023-10-13T13:33:00Z,26875.4102,price,coindesk,USD,bitcoin,United States Dollar,&#36;
,,2,2023-10-13T13:48:00Z,26839.1844,price,coindesk,USD,bitcoin,United States Dollar,&#36;
,,2,2023-10-13T14:04:00Z,26835.6425,price,coindesk,USD,bitcoin,United States Dollar,&#36;
,,2,2023-10-13T14:21:00Z,26825.2773,price,coindesk,USD,bitcoin,United States Dollar,&#36;
,,2,2023-10-13T14:33:00Z,26821.435,price,coindesk,USD,bitcoin,United States Dollar,&#36;
,,2,2023-10-13T14:48:00Z,26827.4593,price,coindesk,USD,bitcoin,United States Dollar,&#36;
,,2,2023-10-13T15:04:00Z,26788.9677,price,coindesk,USD,bitcoin,United States Dollar,&#36;
,,2,2023-10-13T15:20:00Z,26785.5504,price,coindesk,USD,bitcoin,United States Dollar,&#36;
,,2,2023-10-13T15:33:00Z,26726.2693,price,coindesk,USD,bitcoin,United States Dollar,&#36;
,,2,2023-10-13T15:48:00Z,26730.0506,price,coindesk,USD,bitcoin,United States Dollar,&#36;
,,2,2023-10-13T16:05:00Z,26708.137,price,coindesk,USD,bitcoin,United States Dollar,&#36;
,,2,2023-10-13T16:23:00Z,26752.8356,price,coindesk,USD,bitcoin,United States Dollar,&#36;
,,2,2023-10-13T16:34:00Z,26775.2662,price,coindesk,USD,bitcoin,United States Dollar,&#36;
,,2,2023-10-13T16:48:00Z,26782.5452,price,coindesk,USD,bitcoin,United States Dollar,&#36;
,,2,2023-10-13T17:04:00Z,26779.0024,price,coindesk,USD,bitcoin,United States Dollar,&#36;
,,2,2023-10-13T17:20:00Z,26740.1198,price,coindesk,USD,bitcoin,United States Dollar,&#36;
,,2,2023-10-13T17:37:00Z,26693.1718,price,coindesk,USD,bitcoin,United States Dollar,&#36;
,,2,2023-10-13T17:48:00Z,26742.1803,price,coindesk,USD,bitcoin,United States Dollar,&#36;
,,2,2023-10-13T18:05:00Z,26760.5006,price,coindesk,USD,bitcoin,United States Dollar,&#36;
,,2,2023-10-13T18:23:00Z,26762.8705,price,coindesk,USD,bitcoin,United States Dollar,&#36;
,,2,2023-10-13T18:34:00Z,26764.6125,price,coindesk,USD,bitcoin,United States Dollar,&#36;
,,2,2023-10-13T18:48:00Z,26747.1936,price,coindesk,USD,bitcoin,United States Dollar,&#36;
,,2,2023-10-13T19:04:00Z,26741.4576,price,coindesk,USD,bitcoin,United States Dollar,&#36;
,,2,2023-10-13T19:18:00Z,26752.985,price,coindesk,USD,bitcoin,United States Dollar,&#36;
,,2,2023-10-13T19:33:00Z,26762.4182,price,coindesk,USD,bitcoin,United States Dollar,&#36;
,,2,2023-10-13T19:48:00Z,26733.3592,price,coindesk,USD,bitcoin,United States Dollar,&#36;
,,2,2023-10-13T20:04:00Z,26785.4915,price,coindesk,USD,bitcoin,United States Dollar,&#36;
,,2,2023-10-13T20:21:00Z,26758.5806,price,coindesk,USD,bitcoin,United States Dollar,&#36;
,,2,2023-10-13T20:33:00Z,26743.2997,price,coindesk,USD,bitcoin,United States Dollar,&#36;
,,2,2023-10-13T20:48:00Z,26763.7766,price,coindesk,USD,bitcoin,United States Dollar,&#36;
,,2,2023-10-13T21:04:00Z,27099.3248,price,coindesk,USD,bitcoin,United States Dollar,&#36;
,,2,2023-10-13T21:18:00Z,26915.4195,price,coindesk,USD,bitcoin,United States Dollar,&#36;
,,2,2023-10-13T21:33:00Z,27021.0514,price,coindesk,USD,bitcoin,United States Dollar,&#36;
,,2,2023-10-13T21:48:00Z,27036.1127,price,coindesk,USD,bitcoin,United States Dollar,&#36;
,,2,2023-10-13T22:04:00Z,27012.9259,price,coindesk,USD,bitcoin,United States Dollar,&#36;
,,2,2023-10-13T22:21:00Z,27055.5753,price,coindesk,USD,bitcoin,United States Dollar,&#36;
,,2,2023-10-13T22:33:00Z,26955.9984,price,coindesk,USD,bitcoin,United States Dollar,&#36;
,,2,2023-10-13T22:48:00Z,26884.9781,price,coindesk,USD,bitcoin,United States Dollar,&#36;
,,2,2023-10-13T23:04:00Z,26835.8881,price,coindesk,USD,bitcoin,United States Dollar,&#36;
,,2,2023-10-13T23:19:00Z,26808.8184,price,coindesk,USD,bitcoin,United States Dollar,&#36;
,,2,2023-10-13T23:33:00Z,26824.1724,price,coindesk,USD,bitcoin,United States Dollar,&#36;
,,2,2023-10-13T23:48:00Z,26852.3521,price,coindesk,USD,bitcoin,United States Dollar,&#36;
,,2,2023-10-14T00:17:00Z,26860.4391,price,coindesk,USD,bitcoin,United States Dollar,&#36;
,,2,2023-10-14T00:48:00Z,26878.1234,price,coindesk,USD,bitcoin,United States Dollar,&#36;
,,2,2023-10-14T01:24:00Z,26858.2702,price,coindesk,USD,bitcoin,United States Dollar,&#36;
,,2,2023-10-14T01:47:00Z,26889.4428,price,coindesk,USD,bitcoin,United States Dollar,&#36;
,,2,2023-10-14T02:08:00Z,26900.9594,price,coindesk,USD,bitcoin,United States Dollar,&#36;
,,2,2023-10-14T02:22:00Z,26893.7672,price,coindesk,USD,bitcoin,United States Dollar,&#36;
,,2,2023-10-14T02:33:00Z,26898.4621,price,coindesk,USD,bitcoin,United States Dollar,&#36;
,,2,2023-10-14T02:48:00Z,26911.4148,price,coindesk,USD,bitcoin,United States Dollar,&#36;
,,2,2023-10-14T03:04:00Z,26921.4141,price,coindesk,USD,bitcoin,United States Dollar,&#36;
,,2,2023-10-14T03:19:00Z,26930.1686,price,coindesk,USD,bitcoin,United States Dollar,&#36;
,,2,2023-10-14T03:33:00Z,26936.2945,price,coindesk,USD,bitcoin,United States Dollar,&#36;
,,2,2023-10-14T03:48:00Z,26929.8717,price,coindesk,USD,bitcoin,United States Dollar,&#36;
,,2,2023-10-14T04:04:00Z,26928.2124,price,coindesk,USD,bitcoin,United States Dollar,&#36;
,,2,2023-10-14T04:21:00Z,26922.2454,price,coindesk,USD,bitcoin,United States Dollar,&#36;
,,2,2023-10-14T04:33:00Z,26921.2165,price,coindesk,USD,bitcoin,United States Dollar,&#36;
,,2,2023-10-14T04:48:00Z,26911.0275,price,coindesk,USD,bitcoin,United States Dollar,&#36;
,,2,2023-10-14T05:07:00Z,26907.5642,price,coindesk,USD,bitcoin,United States Dollar,&#36;
,,2,2023-10-14T05:20:00Z,26924.0413,price,coindesk,USD,bitcoin,United States Dollar,&#36;
,,2,2023-10-14T05:34:00Z,26944.914,price,coindesk,USD,bitcoin,United States Dollar,&#36;
,,2,2023-10-14T05:48:00Z,26902.1777,price,coindesk,USD,bitcoin,United States Dollar,&#36;
,,2,2023-10-14T06:05:00Z,26889.4721,price,coindesk,USD,bitcoin,United States Dollar,&#36;
,,2,2023-10-14T06:22:00Z,26875.8573,price,coindesk,USD,bitcoin,United States Dollar,&#36;
,,2,2023-10-14T06:33:00Z,26868.5677,price,coindesk,USD,bitcoin,United States Dollar,&#36;
,,2,2023-10-14T06:48:00Z,26876.6664,price,coindesk,USD,bitcoin,United States Dollar,&#36;
,,2,2023-10-14T07:04:00Z,26843.3804,price,coindesk,USD,bitcoin,United States Dollar,&#36;
,,2,2023-10-14T07:18:00Z,26863.8339,price,coindesk,USD,bitcoin,United States Dollar,&#36;
,,2,2023-10-14T07:33:00Z,26872.5687,price,coindesk,USD,bitcoin,United States Dollar,&#36;
,,2,2023-10-14T07:48:00Z,26869.7484,price,coindesk,USD,bitcoin,United States Dollar,&#36;
,,2,2023-10-14T08:04:00Z,26883.8537,price,coindesk,USD,bitcoin,United States Dollar,&#36;
,,2,2023-10-14T08:21:00Z,26863.4096,price,coindesk,USD,bitcoin,United States Dollar,&#36;
,,2,2023-10-14T08:33:00Z,26869.2896,price,coindesk,USD,bitcoin,United States Dollar,&#36;
,,2,2023-10-14T08:48:00Z,26861.925,price,coindesk,USD,bitcoin,United States Dollar,&#36;
,,2,2023-10-14T09:04:00Z,26875.8231,price,coindesk,USD,bitcoin,United States Dollar,&#36;
,,2,2023-10-14T09:19:00Z,26882.2875,price,coindesk,USD,bitcoin,United States Dollar,&#36;
,,2,2023-10-14T09:33:00Z,26880.6423,price,coindesk,USD,bitcoin,United States Dollar,&#36;
,,2,2023-10-14T09:48:00Z,26871.6857,price,coindesk,USD,bitcoin,United States Dollar,&#36;
,,2,2023-10-14T10:04:00Z,26886.8452,price,coindesk,USD,bitcoin,United States Dollar,&#36;
,,2,2023-10-14T10:21:00Z,26893.7754,price,coindesk,USD,bitcoin,United States Dollar,&#36;
,,2,2023-10-14T10:41:00Z,26901.71,price,coindesk,USD,bitcoin,United States Dollar,&#36;
,,2,2023-10-14T10:48:00Z,26884.151,price,coindesk,USD,bitcoin,United States Dollar,&#36;
,,2,2023-10-14T11:04:00Z,26873.8333,price,coindesk,USD,bitcoin,United States Dollar,&#36;
,,2,2023-10-14T11:18:00Z,26865.9707,price,coindesk,USD,bitcoin,United States Dollar,&#36;
,,2,2023-10-14T11:33:00Z,26873.3523,price,coindesk,USD,bitcoin,United States Dollar,&#36;
,,2,2023-10-14T11:48:00Z,26853.1054,price,coindesk,USD,bitcoin,United States Dollar,&#36;
,,2,2023-10-14T12:05:00Z,26873.7203,price,coindesk,USD,bitcoin,United States Dollar,&#36;
,,2,2023-10-14T12:24:00Z,26857.7609,price,coindesk,USD,bitcoin,United States Dollar,&#36;
,,2,2023-10-14T12:41:00Z,26855.8825,price,coindesk,USD,bitcoin,United States Dollar,&#36;
,,2,2023-10-14T12:51:00Z,26883.4688,price,coindesk,USD,bitcoin,United States Dollar,&#36;
,,2,2023-10-14T13:04:00Z,26900.3505,price,coindesk,USD,bitcoin,United States Dollar,&#36;
,,2,2023-10-14T13:20:00Z,26899.0143,price,coindesk,USD,bitcoin,United States Dollar,&#36;
,,2,2023-10-14T13:33:00Z,26887.5657,price,coindesk,USD,bitcoin,United States Dollar,&#36;
,,2,2023-10-14T13:48:00Z,26897.618,price,coindesk,USD,bitcoin,United States Dollar,&#36;
,,2,2023-10-14T14:04:00Z,26908.7177,price,coindesk,USD,bitcoin,United States Dollar,&#36;
,,2,2023-10-14T14:20:00Z,26901.4363,price,coindesk,USD,bitcoin,United States Dollar,&#36;
,,2,2023-10-14T14:33:00Z,26886.5158,price,coindesk,USD,bitcoin,United States Dollar,&#36;
,,2,2023-10-14T14:48:00Z,26892.6797,price,coindesk,USD,bitcoin,United States Dollar,&#36;
,,2,2023-10-14T15:04:00Z,26893.1821,price,coindesk,USD,bitcoin,United States Dollar,&#36;
,,2,2023-10-14T15:19:00Z,26921.6716,price,coindesk,USD,bitcoin,United States Dollar,&#36;
,,2,2023-10-14T15:33:00Z,26894.8642,price,coindesk,USD,bitcoin,United States Dollar,&#36;
,,2,2023-10-14T15:48:00Z,26927.2068,price,coindesk,USD,bitcoin,United States Dollar,&#36;
,,2,2023-10-14T16:04:00Z,26938.0564,price,coindesk,USD,bitcoin,United States Dollar,&#36;
,,2,2023-10-14T16:22:00Z,26912.8536,price,coindesk,USD,bitcoin,United States Dollar,&#36;
,,2,2023-10-14T16:33:00Z,26912.662,price,coindesk,USD,bitcoin,United States Dollar,&#36;
,,2,2023-10-14T16:48:00Z,26907.3857,price,coindesk,USD,bitcoin,United States Dollar,&#36;
,,2,2023-10-14T17:04:00Z,26928.637,price,coindesk,USD,bitcoin,United States Dollar,&#36;
,,2,2023-10-14T17:20:00Z,26912.9301,price,coindesk,USD,bitcoin,United States Dollar,&#36;
,,2,2023-10-14T17:33:00Z,26892.081,price,coindesk,USD,bitcoin,United States Dollar,&#36;
,,2,2023-10-14T17:48:00Z,26897.408,price,coindesk,USD,bitcoin,United States Dollar,&#36;
,,2,2023-10-14T18:04:00Z,26892.6559,price,coindesk,USD,bitcoin,United States Dollar,&#36;
,,2,2023-10-14T18:22:00Z,26878.6185,price,coindesk,USD,bitcoin,United States Dollar,&#36;
,,2,2023-10-14T18:33:00Z,26875.7887,price,coindesk,USD,bitcoin,United States Dollar,&#36;
,,2,2023-10-14T18:48:00Z,26875.3679,price,coindesk,USD,bitcoin,United States Dollar,&#36;
,,2,2023-10-14T19:04:00Z,26870.8457,price,coindesk,USD,bitcoin,United States Dollar,&#36;
,,2,2023-10-14T19:18:00Z,26863.8739,price,coindesk,USD,bitcoin,United States Dollar,&#36;
,,2,2023-10-14T19:33:00Z,26874.9228,price,coindesk,USD,bitcoin,United States Dollar,&#36;
,,2,2023-10-14T19:48:00Z,26860.6775,price,coindesk,USD,bitcoin,United States Dollar,&#36;
,,2,2023-10-14T20:04:00Z,26863.4709,price,coindesk,USD,bitcoin,United States Dollar,&#36;
,,2,2023-10-14T20:19:00Z,26856.7057,price,coindesk,USD,bitcoin,United States Dollar,&#36;
,,2,2023-10-14T20:33:00Z,26848.1923,price,coindesk,USD,bitcoin,United States Dollar,&#36;
,,2,2023-10-14T20:48:00Z,26851.9301,price,coindesk,USD,bitcoin,United States Dollar,&#36;
,,2,2023-10-14T21:04:00Z,26873.9177,price,coindesk,USD,bitcoin,United States Dollar,&#36;
,,2,2023-10-14T21:18:00Z,26873.1777,price,coindesk,USD,bitcoin,United States Dollar,&#36;
,,2,2023-10-14T21:33:00Z,26841.3692,price,coindesk,USD,bitcoin,United States Dollar,&#36;
,,2,2023-10-14T21:48:00Z,26836.1834,price,coindesk,USD,bitcoin,United States Dollar,&#36;
,,2,2023-10-14T22:04:00Z,26834.373,price,coindesk,USD,bitcoin,United States Dollar,&#36;
,,2,2023-10-14T22:20:00Z,26838.1317,price,coindesk,USD,bitcoin,United States Dollar,&#36;
,,2,2023-10-14T22:33:00Z,26835.7594,price,coindesk,USD,bitcoin,United States Dollar,&#36;
,,2,2023-10-14T22:48:00Z,26841.9738,price,coindesk,USD,bitcoin,United States Dollar,&#36;
,,2,2023-10-14T23:04:00Z,26866.0428,price,coindesk,USD,bitcoin,United States Dollar,&#36;
,,2,2023-10-14T23:19:00Z,26870.2627,price,coindesk,USD,bitcoin,United States Dollar,&#36;
,,2,2023-10-14T23:33:00Z,26865.1362,price,coindesk,USD,bitcoin,United States Dollar,&#36;
,,2,2023-10-14T23:48:00Z,26865.4011,price,coindesk,USD,bitcoin,United States Dollar,&#36;
,,2,2023-10-15T00:19:00Z,26845.5563,price,coindesk,USD,bitcoin,United States Dollar,&#36;
,,2,2023-10-15T00:48:00Z,26842.3982,price,coindesk,USD,bitcoin,United States Dollar,&#36;
,,2,2023-10-15T01:28:00Z,26867.5574,price,coindesk,USD,bitcoin,United States Dollar,&#36;
,,2,2023-10-15T01:53:00Z,26900.4861,price,coindesk,USD,bitcoin,United States Dollar,&#36;
,,2,2023-10-15T02:12:00Z,26892.8678,price,coindesk,USD,bitcoin,United States Dollar,&#36;
,,2,2023-10-15T02:26:00Z,26876.8086,price,coindesk,USD,bitcoin,United States Dollar,&#36;
,,2,2023-10-15T02:35:00Z,26887.9105,price,coindesk,USD,bitcoin,United States Dollar,&#36;
,,2,2023-10-15T02:48:00Z,26891.6003,price,coindesk,USD,bitcoin,United States Dollar,&#36;
,,2,2023-10-15T03:04:00Z,26884.0182,price,coindesk,USD,bitcoin,United States Dollar,&#36;
,,2,2023-10-15T03:20:00Z,26904.4777,price,coindesk,USD,bitcoin,United States Dollar,&#36;
,,2,2023-10-15T03:33:00Z,26909.6907,price,coindesk,USD,bitcoin,United States Dollar,&#36;
,,2,2023-10-15T03:48:00Z,26892.4776,price,coindesk,USD,bitcoin,United States Dollar,&#36;
,,2,2023-10-15T04:04:00Z,26895.5731,price,coindesk,USD,bitcoin,United States Dollar,&#36;
,,2,2023-10-15T04:21:00Z,26878.6087,price,coindesk,USD,bitcoin,United States Dollar,&#36;
,,2,2023-10-15T04:33:00Z,26890.2503,price,coindesk,USD,bitcoin,United States Dollar,&#36;
,,2,2023-10-15T04:48:00Z,26881.5821,price,coindesk,USD,bitcoin,United States Dollar,&#36;
,,2,2023-10-15T05:04:00Z,26884.6491,price,coindesk,USD,bitcoin,United States Dollar,&#36;
,,2,2023-10-15T05:20:00Z,26888.5534,price,coindesk,USD,bitcoin,United States Dollar,&#36;
,,2,2023-10-15T05:33:00Z,26886.7006,price,coindesk,USD,bitcoin,United States Dollar,&#36;
,,2,2023-10-15T05:48:00Z,26884.7185,price,coindesk,USD,bitcoin,United States Dollar,&#36;
,,2,2023-10-15T06:04:00Z,26885.0104,price,coindesk,USD,bitcoin,United States Dollar,&#36;
,,2,2023-10-15T06:22:00Z,26880.5678,price,coindesk,USD,bitcoin,United States Dollar,&#36;
,,2,2023-10-15T06:33:00Z,26879.6237,price,coindesk,USD,bitcoin,United States Dollar,&#36;
,,2,2023-10-15T06:48:00Z,26880.5398,price,coindesk,USD,bitcoin,United States Dollar,&#36;
,,2,2023-10-15T07:04:00Z,26882.9645,price,coindesk,USD,bitcoin,United States Dollar,&#36;
,,2,2023-10-15T07:18:00Z,26875.1462,price,coindesk,USD,bitcoin,United States Dollar,&#36;
,,2,2023-10-15T07:33:00Z,26877.7301,price,coindesk,USD,bitcoin,United States Dollar,&#36;
,,2,2023-10-15T07:48:00Z,26882.6228,price,coindesk,USD,bitcoin,United States Dollar,&#36;
,,2,2023-10-15T08:04:00Z,26891.0847,price,coindesk,USD,bitcoin,United States Dollar,&#36;
,,2,2023-10-15T08:21:00Z,26895.357,price,coindesk,USD,bitcoin,United States Dollar,&#36;
,,2,2023-10-15T08:33:00Z,26901.3966,price,coindesk,USD,bitcoin,United States Dollar,&#36;
,,2,2023-10-15T08:48:00Z,26910.0138,price,coindesk,USD,bitcoin,United States Dollar,&#36;
,,2,2023-10-15T09:04:00Z,26911.6966,price,coindesk,USD,bitcoin,United States Dollar,&#36;
,,2,2023-10-15T09:19:00Z,26922.3624,price,coindesk,USD,bitcoin,United States Dollar,&#36;
,,2,2023-10-15T09:33:00Z,26907.5395,price,coindesk,USD,bitcoin,United States Dollar,&#36;
,,2,2023-10-15T09:48:00Z,26902.883,price,coindesk,USD,bitcoin,United States Dollar,&#36;
,,2,2023-10-15T10:04:00Z,26911.9463,price,coindesk,USD,bitcoin,United States Dollar,&#36;
,,2,2023-10-15T10:21:00Z,26904.555,price,coindesk,USD,bitcoin,United States Dollar,&#36;
,,2,2023-10-15T10:33:00Z,26895.2532,price,coindesk,USD,bitcoin,United States Dollar,&#36;
,,2,2023-10-15T10:48:00Z,26906.849,price,coindesk,USD,bitcoin,United States Dollar,&#36;
,,2,2023-10-15T11:04:00Z,26874.1525,price,coindesk,USD,bitcoin,United States Dollar,&#36;
,,2,2023-10-15T11:18:00Z,26858.8967,price,coindesk,USD,bitcoin,United States Dollar,&#36;
,,2,2023-10-15T11:33:00Z,26878.1681,price,coindesk,USD,bitcoin,United States Dollar,&#36;
,,2,2023-10-15T11:48:00Z,26867.1153,price,coindesk,USD,bitcoin,United States Dollar,&#36;
,,2,2023-10-15T12:05:00Z,26845.8392,price,coindesk,USD,bitcoin,United States Dollar,&#36;
,,2,2023-10-15T12:24:00Z,26848.2464,price,coindesk,USD,bitcoin,United States Dollar,&#36;
,,2,2023-10-15T12:39:00Z,26838.6971,price,coindesk,USD,bitcoin,United States Dollar,&#36;
,,2,2023-10-15T12:51:00Z,26836.3902,price,coindesk,USD,bitcoin,United States Dollar,&#36;
,,2,2023-10-15T13:04:00Z,26820.0265,price,coindesk,USD,bitcoin,United States Dollar,&#36;
,,2,2023-10-15T13:20:00Z,26897.8744,price,coindesk,USD,bitcoin,United States Dollar,&#36;
,,2,2023-10-15T13:33:00Z,26928.0511,price,coindesk,USD,bitcoin,United States Dollar,&#36;
,,2,2023-10-15T13:48:00Z,26872.4072,price,coindesk,USD,bitcoin,United States Dollar,&#36;
,,2,2023-10-15T14:04:00Z,26882.1035,price,coindesk,USD,bitcoin,United States Dollar,&#36;
,,2,2023-10-15T14:20:00Z,26893.4089,price,coindesk,USD,bitcoin,United States Dollar,&#36;
,,2,2023-10-15T14:33:00Z,26910.7062,price,coindesk,USD,bitcoin,United States Dollar,&#36;
,,2,2023-10-15T14:48:00Z,26884.663,price,coindesk,USD,bitcoin,United States Dollar,&#36;
,,2,2023-10-15T15:04:00Z,26878.1707,price,coindesk,USD,bitcoin,United States Dollar,&#36;
,,2,2023-10-15T15:19:00Z,26890.1975,price,coindesk,USD,bitcoin,United States Dollar,&#36;
,,2,2023-10-15T15:33:00Z,26898.7854,price,coindesk,USD,bitcoin,United States Dollar,&#36;
,,2,2023-10-15T15:48:00Z,26905.3161,price,coindesk,USD,bitcoin,United States Dollar,&#36;
,,2,2023-10-15T16:04:00Z,26913.5626,price,coindesk,USD,bitcoin,United States Dollar,&#36;
,,2,2023-10-15T16:22:00Z,26896.8708,price,coindesk,USD,bitcoin,United States Dollar,&#36;
,,2,2023-10-15T16:34:00Z,26909.6983,price,coindesk,USD,bitcoin,United States Dollar,&#36;
,,2,2023-10-15T16:48:00Z,26923.7486,price,coindesk,USD,bitcoin,United States Dollar,&#36;
,,2,2023-10-15T17:04:00Z,26928.4662,price,coindesk,USD,bitcoin,United States Dollar,&#36;
,,2,2023-10-15T17:20:00Z,26942.9272,price,coindesk,USD,bitcoin,United States Dollar,&#36;
,,2,2023-10-15T17:33:00Z,26983.7709,price,coindesk,USD,bitcoin,United States Dollar,&#36;
,,2,2023-10-15T17:48:00Z,26967.7797,price,coindesk,USD,bitcoin,United States Dollar,&#36;
,,2,2023-10-15T18:05:00Z,26976.458,price,coindesk,USD,bitcoin,United States Dollar,&#36;
,,2,2023-10-15T18:22:00Z,26967.9141,price,coindesk,USD,bitcoin,United States Dollar,&#36;
,,2,2023-10-15T18:33:00Z,26992.6544,price,coindesk,USD,bitcoin,United States Dollar,&#36;
,,2,2023-10-15T18:48:00Z,27052.8532,price,coindesk,USD,bitcoin,United States Dollar,&#36;
,,2,2023-10-15T19:04:00Z,27040.3341,price,coindesk,USD,bitcoin,United States Dollar,&#36;
,,2,2023-10-15T19:18:00Z,27062.2102,price,coindesk,USD,bitcoin,United States Dollar,&#36;
,,2,2023-10-15T19:33:00Z,27042.9268,price,coindesk,USD,bitcoin,United States Dollar,&#36;
,,2,2023-10-15T19:48:00Z,27014.2038,price,coindesk,USD,bitcoin,United States Dollar,&#36;
,,2,2023-10-15T20:04:00Z,27042.6902,price,coindesk,USD,bitcoin,United States Dollar,&#36;
,,2,2023-10-15T20:19:00Z,27033.735,price,coindesk,USD,bitcoin,United States Dollar,&#36;
,,2,2023-10-15T20:33:00Z,27098.2757,price,coindesk,USD,bitcoin,United States Dollar,&#36;
,,2,2023-10-15T20:48:00Z,27200.3712,price,coindesk,USD,bitcoin,United States Dollar,&#36;
,,2,2023-10-15T21:04:00Z,27223.6112,price,coindesk,USD,bitcoin,United States Dollar,&#36;
,,2,2023-10-15T21:18:00Z,27141.1933,price,coindesk,USD,bitcoin,United States Dollar,&#36;
,,2,2023-10-15T21:33:00Z,27183.5401,price,coindesk,USD,bitcoin,United States Dollar,&#36;
,,2,2023-10-15T21:48:00Z,27172.128,price,coindesk,USD,bitcoin,United States Dollar,&#36;
,,2,2023-10-15T22:04:00Z,27202.2391,price,coindesk,USD,bitcoin,United States Dollar,&#36;
,,2,2023-10-15T22:20:00Z,27253.6505,price,coindesk,USD,bitcoin,United States Dollar,&#36;
,,2,2023-10-15T22:33:00Z,27265.4321,price,coindesk,USD,bitcoin,United States Dollar,&#36;
,,2,2023-10-15T22:48:00Z,27128.9034,price,coindesk,USD,bitcoin,United States Dollar,&#36;
,,2,2023-10-15T23:04:00Z,27075.2372,price,coindesk,USD,bitcoin,United States Dollar,&#36;
,,2,2023-10-15T23:19:00Z,27060.8463,price,coindesk,USD,bitcoin,United States Dollar,&#36;
,,2,2023-10-15T23:33:00Z,27061.2412,price,coindesk,USD,bitcoin,United States Dollar,&#36;
,,2,2023-10-15T23:48:00Z,27132.02,price,coindesk,USD,bitcoin,United States Dollar,&#36;
,,2,2023-10-16T00:18:00Z,27144.0871,price,coindesk,USD,bitcoin,United States Dollar,&#36;
,,2,2023-10-16T00:48:00Z,27129.7854,price,coindesk,USD,bitcoin,United States Dollar,&#36;
,,2,2023-10-16T01:27:00Z,27212.9522,price,coindesk,USD,bitcoin,United States Dollar,&#36;
,,2,2023-10-16T01:50:00Z,27223.4569,price,coindesk,USD,bitcoin,United States Dollar,&#36;
,,2,2023-10-16T02:12:00Z,27205.3986,price,coindesk,USD,bitcoin,United States Dollar,&#36;
,,2,2023-10-16T02:25:00Z,27253.3308,price,coindesk,USD,bitcoin,United States Dollar,&#36;
,,2,2023-10-16T02:35:00Z,27236.321,price,coindesk,USD,bitcoin,United States Dollar,&#36;
,,2,2023-10-16T02:48:00Z,27197.7336,price,coindesk,USD,bitcoin,United States Dollar,&#36;
,,2,2023-10-16T03:04:00Z,27175.9453,price,coindesk,USD,bitcoin,United States Dollar,&#36;
,,2,2023-10-16T03:20:00Z,27170.7775,price,coindesk,USD,bitcoin,United States Dollar,&#36;
,,2,2023-10-16T03:33:00Z,27222.5648,price,coindesk,USD,bitcoin,United States Dollar,&#36;
,,2,2023-10-16T03:48:00Z,27226.767,price,coindesk,USD,bitcoin,United States Dollar,&#36;
,,2,2023-10-16T04:05:00Z,27248.0269,price,coindesk,USD,bitcoin,United States Dollar,&#36;
,,2,2023-10-16T04:22:00Z,27218.5682,price,coindesk,USD,bitcoin,United States Dollar,&#36;
,,2,2023-10-16T04:33:00Z,27205.1421,price,coindesk,USD,bitcoin,United States Dollar,&#36;
,,2,2023-10-16T04:48:00Z,27238.5327,price,coindesk,USD,bitcoin,United States Dollar,&#36;
,,2,2023-10-16T05:04:00Z,27273.5533,price,coindesk,USD,bitcoin,United States Dollar,&#36;
,,2,2023-10-16T05:21:00Z,27763.1426,price,coindesk,USD,bitcoin,United States Dollar,&#36;
,,2,2023-10-16T05:33:00Z,27795.5911,price,coindesk,USD,bitcoin,United States Dollar,&#36;
,,2,2023-10-16T05:48:00Z,27834.3035,price,coindesk,USD,bitcoin,United States Dollar,&#36;
,,2,2023-10-16T06:05:00Z,27939.9264,price,coindesk,USD,bitcoin,United States Dollar,&#36;
,,2,2023-10-16T06:23:00Z,27863.2013,price,coindesk,USD,bitcoin,United States Dollar,&#36;
,,2,2023-10-16T06:34:00Z,27864.8765,price,coindesk,USD,bitcoin,United States Dollar,&#36;
,,2,2023-10-16T06:48:00Z,27826.9976,price,coindesk,USD,bitcoin,United States Dollar,&#36;
,,2,2023-10-16T07:05:00Z,27840.3023,price,coindesk,USD,bitcoin,United States Dollar,&#36;
,,2,2023-10-16T07:19:00Z,27852.4823,price,coindesk,USD,bitcoin,United States Dollar,&#36;
,,2,2023-10-16T07:33:00Z,27905.851,price,coindesk,USD,bitcoin,United States Dollar,&#36;
,,2,2023-10-16T07:48:00Z,27864.525,price,coindesk,USD,bitcoin,United States Dollar,&#36;
,,2,2023-10-16T08:05:00Z,27889.7713,price,coindesk,USD,bitcoin,United States Dollar,&#36;
,,2,2023-10-16T08:23:00Z,27825.8231,price,coindesk,USD,bitcoin,United States Dollar,&#36;
,,2,2023-10-16T08:34:00Z,27857.4885,price,coindesk,USD,bitcoin,United States Dollar,&#36;
,,2,2023-10-16T08:48:00Z,27823.0056,price,coindesk,USD,bitcoin,United States Dollar,&#36;
,,2,2023-10-16T09:05:00Z,27787.6779,price,coindesk,USD,bitcoin,United States Dollar,&#36;
,,2,2023-10-16T09:20:00Z,27663.8658,price,coindesk,USD,bitcoin,United States Dollar,&#36;
,,2,2023-10-16T09:33:00Z,27697.8707,price,coindesk,USD,bitcoin,United States Dollar,&#36;
,,2,2023-10-16T09:48:00Z,27729.7111,price,coindesk,USD,bitcoin,United States Dollar,&#36;
,,2,2023-10-16T10:04:00Z,27762.7234,price,coindesk,USD,bitcoin,United States Dollar,&#36;
,,2,2023-10-16T10:22:00Z,27736.7124,price,coindesk,USD,bitcoin,United States Dollar,&#36;
,,2,2023-10-16T10:34:00Z,27745.7083,price,coindesk,USD,bitcoin,United States Dollar,&#36;
,,2,2023-10-16T10:48:00Z,27754.8275,price,coindesk,USD,bitcoin,United States Dollar,&#36;
,,2,2023-10-16T11:04:00Z,27756.2173,price,coindesk,USD,bitcoin,United States Dollar,&#36;
,,2,2023-10-16T11:18:00Z,27760.6918,price,coindesk,USD,bitcoin,United States Dollar,&#36;
,,2,2023-10-16T11:33:00Z,27724.7033,price,coindesk,USD,bitcoin,United States Dollar,&#36;
,,2,2023-10-16T11:48:00Z,27726.8022,price,coindesk,USD,bitcoin,United States Dollar,&#36;
,,2,2023-10-16T12:07:00Z,27727.2181,price,coindesk,USD,bitcoin,United States Dollar,&#36;
,,2,2023-10-16T12:25:00Z,27792.8624,price,coindesk,USD,bitcoin,United States Dollar,&#36;
,,2,2023-10-16T12:42:00Z,27800.4276,price,coindesk,USD,bitcoin,United States Dollar,&#36;
,,2,2023-10-16T12:55:00Z,27836.6461,price,coindesk,USD,bitcoin,United States Dollar,&#36;
,,2,2023-10-16T13:06:00Z,27905.3571,price,coindesk,USD,bitcoin,United States Dollar,&#36;
,,2,2023-10-16T13:23:00Z,27931.8204,price,coindesk,USD,bitcoin,United States Dollar,&#36;
,,2,2023-10-16T13:33:00Z,29423.9221,price,coindesk,USD,bitcoin,United States Dollar,&#36;
,,2,2023-10-16T13:48:00Z,28067.6106,price,coindesk,USD,bitcoin,United States Dollar,&#36;
,,2,2023-10-16T14:04:00Z,28011.1434,price,coindesk,USD,bitcoin,United States Dollar,&#36;
,,2,2023-10-16T14:21:00Z,28072.8374,price,coindesk,USD,bitcoin,United States Dollar,&#36;
,,2,2023-10-16T14:34:00Z,28318.6581,price,coindesk,USD,bitcoin,United States Dollar,&#36;
,,2,2023-10-16T14:48:00Z,28164.4317,price,coindesk,USD,bitcoin,United States Dollar,&#36;
,,2,2023-10-16T15:04:00Z,28177.441,price,coindesk,USD,bitcoin,United States Dollar,&#36;
,,2,2023-10-16T15:20:00Z,28084.1969,price,coindesk,USD,bitcoin,United States Dollar,&#36;
,,2,2023-10-16T15:33:00Z,28116.9415,price,coindesk,USD,bitcoin,United States Dollar,&#36;
,,2,2023-10-16T15:48:00Z,28042.2716,price,coindesk,USD,bitcoin,United States Dollar,&#36;
,,2,2023-10-16T16:05:00Z,28106.0225,price,coindesk,USD,bitcoin,United States Dollar,&#36;
,,2,2023-10-16T16:23:00Z,28142.7707,price,coindesk,USD,bitcoin,United States Dollar,&#36;
,,2,2023-10-16T16:36:00Z,28086.1433,price,coindesk,USD,bitcoin,United States Dollar,&#36;
,,2,2023-10-16T16:48:00Z,28112.7703,price,coindesk,USD,bitcoin,United States Dollar,&#36;
,,2,2023-10-16T17:04:00Z,28139.9226,price,coindesk,USD,bitcoin,United States Dollar,&#36;
,,2,2023-10-16T17:21:00Z,28197.0104,price,coindesk,USD,bitcoin,United States Dollar,&#36;
,,2,2023-10-16T17:33:00Z,28134.4768,price,coindesk,USD,bitcoin,United States Dollar,&#36;
,,2,2023-10-16T17:48:00Z,28179.4699,price,coindesk,USD,bitcoin,United States Dollar,&#36;
,,2,2023-10-16T18:05:00Z,28275.2371,price,coindesk,USD,bitcoin,United States Dollar,&#36;
,,2,2023-10-16T18:23:00Z,28383.4708,price,coindesk,USD,bitcoin,United States Dollar,&#36;
,,2,2023-10-16T18:34:00Z,28302.5584,price,coindesk,USD,bitcoin,United States Dollar,&#36;
,,2,2023-10-16T18:48:00Z,28416.2258,price,coindesk,USD,bitcoin,United States Dollar,&#36;
,,2,2023-10-16T19:04:00Z,28604.6117,price,coindesk,USD,bitcoin,United States Dollar,&#36;
,,2,2023-10-16T19:18:00Z,28623.0277,price,coindesk,USD,bitcoin,United States Dollar,&#36;
,,2,2023-10-16T19:33:00Z,28592.8066,price,coindesk,USD,bitcoin,United States Dollar,&#36;
,,2,2023-10-16T19:48:00Z,28463.2608,price,coindesk,USD,bitcoin,United States Dollar,&#36;
,,2,2023-10-16T20:04:00Z,28451.8757,price,coindesk,USD,bitcoin,United States Dollar,&#36;
,,2,2023-10-16T20:21:00Z,28557.739,price,coindesk,USD,bitcoin,United States Dollar,&#36;
,,2,2023-10-16T20:33:00Z,28546.4491,price,coindesk,USD,bitcoin,United States Dollar,&#36;
,,2,2023-10-16T20:48:00Z,28446.1114,price,coindesk,USD,bitcoin,United States Dollar,&#36;
,,2,2023-10-16T21:04:00Z,28382.0882,price,coindesk,USD,bitcoin,United States Dollar,&#36;
,,2,2023-10-16T21:19:00Z,28358.3089,price,coindesk,USD,bitcoin,United States Dollar,&#36;
,,2,2023-10-16T21:33:00Z,28400.6898,price,coindesk,USD,bitcoin,United States Dollar,&#36;
,,2,2023-10-16T21:48:00Z,28442.2924,price,coindesk,USD,bitcoin,United States Dollar,&#36;
,,2,2023-10-16T22:04:00Z,28450.9532,price,coindesk,USD,bitcoin,United States Dollar,&#36;
,,2,2023-10-16T22:21:00Z,28426.6403,price,coindesk,USD,bitcoin,United States Dollar,&#36;
,,2,2023-10-16T22:33:00Z,28399.1686,price,coindesk,USD,bitcoin,United States Dollar,&#36;
,,2,2023-10-16T22:48:00Z,28527.2975,price,coindesk,USD,bitcoin,United States Dollar,&#36;
,,2,2023-10-16T23:04:00Z,28493.747,price,coindesk,USD,bitcoin,United States Dollar,&#36;
,,2,2023-10-16T23:24:00Z,28466.0399,price,coindesk,USD,bitcoin,United States Dollar,&#36;
,,2,2023-10-16T23:33:00Z,28446.3438,price,coindesk,USD,bitcoin,United States Dollar,&#36;
,,2,2023-10-16T23:48:00Z,28504.6602,price,coindesk,USD,bitcoin,United States Dollar,&#36;
,,2,2023-10-17T00:18:00Z,28464.9391,price,coindesk,USD,bitcoin,United States Dollar,&#36;
,,2,2023-10-17T00:48:00Z,28366.96,price,coindesk,USD,bitcoin,United States Dollar,&#36;
,,2,2023-10-17T01:26:00Z,28362.892,price,coindesk,USD,bitcoin,United States Dollar,&#36;
,,2,2023-10-17T01:49:00Z,28399.164,price,coindesk,USD,bitcoin,United States Dollar,&#36;
,,2,2023-10-17T02:11:00Z,28361.0907,price,coindesk,USD,bitcoin,United States Dollar,&#36;
,,2,2023-10-17T02:24:00Z,28311.6546,price,coindesk,USD,bitcoin,United States Dollar,&#36;
,,2,2023-10-17T02:34:00Z,28378.4515,price,coindesk,USD,bitcoin,United States Dollar,&#36;
,,2,2023-10-17T02:48:00Z,28390.619,price,coindesk,USD,bitcoin,United States Dollar,&#36;
,,2,2023-10-17T03:04:00Z,28383.5758,price,coindesk,USD,bitcoin,United States Dollar,&#36;
,,2,2023-10-17T03:20:00Z,28326.1419,price,coindesk,USD,bitcoin,United States Dollar,&#36;
,,2,2023-10-17T03:33:00Z,28298.5793,price,coindesk,USD,bitcoin,United States Dollar,&#36;
,,2,2023-10-17T03:48:00Z,28292.4433,price,coindesk,USD,bitcoin,United States Dollar,&#36;
,,2,2023-10-17T04:04:00Z,28184.9343,price,coindesk,USD,bitcoin,United States Dollar,&#36;
,,2,2023-10-17T04:22:00Z,28211.7602,price,coindesk,USD,bitcoin,United States Dollar,&#36;
,,2,2023-10-17T04:33:00Z,28227.9822,price,coindesk,USD,bitcoin,United States Dollar,&#36;
,,2,2023-10-17T04:48:00Z,28188.2612,price,coindesk,USD,bitcoin,United States Dollar,&#36;
,,2,2023-10-17T05:04:00Z,28208.9223,price,coindesk,USD,bitcoin,United States Dollar,&#36;
,,2,2023-10-17T05:21:00Z,28195.8256,price,coindesk,USD,bitcoin,United States Dollar,&#36;
,,2,2023-10-17T05:33:00Z,28197.5073,price,coindesk,USD,bitcoin,United States Dollar,&#36;
,,2,2023-10-17T05:48:00Z,28206.2829,price,coindesk,USD,bitcoin,United States Dollar,&#36;
,,2,2023-10-17T06:05:00Z,28196.7613,price,coindesk,USD,bitcoin,United States Dollar,&#36;
,,2,2023-10-17T06:23:00Z,28167.1728,price,coindesk,USD,bitcoin,United States Dollar,&#36;
,,2,2023-10-17T06:34:00Z,28182.1484,price,coindesk,USD,bitcoin,United States Dollar,&#36;
,,2,2023-10-17T06:48:00Z,28169.5033,price,coindesk,USD,bitcoin,United States Dollar,&#36;
,,2,2023-10-17T07:04:00Z,28258.2518,price,coindesk,USD,bitcoin,United States Dollar,&#36;
,,2,2023-10-17T07:19:00Z,28270.3286,price,coindesk,USD,bitcoin,United States Dollar,&#36;
,,2,2023-10-17T07:33:00Z,28225.514,price,coindesk,USD,bitcoin,United States Dollar,&#36;
,,2,2023-10-17T07:48:00Z,28363.7915,price,coindesk,USD,bitcoin,United States Dollar,&#36;
,,2,2023-10-17T08:05:00Z,28480.9003,price,coindesk,USD,bitcoin,United States Dollar,&#36;
,,2,2023-10-17T08:23:00Z,28404.4712,price,coindesk,USD,bitcoin,United States Dollar,&#36;
,,2,2023-10-17T08:33:00Z,28405.4969,price,coindesk,USD,bitcoin,United States Dollar,&#36;
,,2,2023-10-17T08:48:00Z,28418.7787,price,coindesk,USD,bitcoin,United States Dollar,&#36;
,,2,2023-10-17T09:04:00Z,28443.2754,price,coindesk,USD,bitcoin,United States Dollar,&#36;
,,2,2023-10-17T09:20:00Z,28395.9762,price,coindesk,USD,bitcoin,United States Dollar,&#36;
,,2,2023-10-17T09:33:00Z,28418.0698,price,coindesk,USD,bitcoin,United States Dollar,&#36;
,,2,2023-10-17T09:48:00Z,28405.7583,price,coindesk,USD,bitcoin,United States Dollar,&#36;
,,2,2023-10-17T10:04:00Z,28449.8143,price,coindesk,USD,bitcoin,United States Dollar,&#36;
,,2,2023-10-17T10:22:00Z,28592.7225,price,coindesk,USD,bitcoin,United States Dollar,&#36;
,,2,2023-10-17T10:34:00Z,28413.0404,price,coindesk,USD,bitcoin,United States Dollar,&#36;
,,2,2023-10-17T10:48:00Z,28532.7406,price,coindesk,USD,bitcoin,United States Dollar,&#36;
,,2,2023-10-17T11:04:00Z,28532.884,price,coindesk,USD,bitcoin,United States Dollar,&#36;
,,2,2023-10-17T11:18:00Z,28469.8085,price,coindesk,USD,bitcoin,United States Dollar,&#36;
,,2,2023-10-17T11:33:00Z,28447.9637,price,coindesk,USD,bitcoin,United States Dollar,&#36;
,,2,2023-10-17T11:48:00Z,28461.6377,price,coindesk,USD,bitcoin,United States Dollar,&#36;
,,2,2023-10-17T12:06:00Z,28435.202,price,coindesk,USD,bitcoin,United States Dollar,&#36;
,,2,2023-10-17T12:25:00Z,28443.841,price,coindesk,USD,bitcoin,United States Dollar,&#36;
,,2,2023-10-17T12:41:00Z,28368.9275,price,coindesk,USD,bitcoin,United States Dollar,&#36;
,,2,2023-10-17T12:54:00Z,28388.8841,price,coindesk,USD,bitcoin,United States Dollar,&#36;
,,2,2023-10-17T13:06:00Z,28240.7662,price,coindesk,USD,bitcoin,United States Dollar,&#36;
,,2,2023-10-17T13:22:00Z,28369.672,price,coindesk,USD,bitcoin,United States Dollar,&#36;
,,2,2023-10-17T13:33:00Z,28294.2894,price,coindesk,USD,bitcoin,United States Dollar,&#36;
,,2,2023-10-17T13:48:00Z,28223.9682,price,coindesk,USD,bitcoin,United States Dollar,&#36;
,,2,2023-10-17T14:04:00Z,28323.6853,price,coindesk,USD,bitcoin,United States Dollar,&#36;
,,2,2023-10-17T14:21:00Z,28378.5742,price,coindesk,USD,bitcoin,United States Dollar,&#36;
,,2,2023-10-17T14:33:00Z,28372.2868,price,coindesk,USD,bitcoin,United States Dollar,&#36;
,,2,2023-10-17T14:48:00Z,28427.5858,price,coindesk,USD,bitcoin,United States Dollar,&#36;
,,2,2023-10-17T15:04:00Z,28469.0267,price,coindesk,USD,bitcoin,United States Dollar,&#36;
,,2,2023-10-17T15:21:00Z,28524.117,price,coindesk,USD,bitcoin,United States Dollar,&#36;
,,2,2023-10-17T15:33:00Z,28455.7427,price,coindesk,USD,bitcoin,United States Dollar,&#36;
,,2,2023-10-17T15:48:00Z,28464.5113,price,coindesk,USD,bitcoin,United States Dollar,&#36;
,,2,2023-10-17T16:05:00Z,28447.0872,price,coindesk,USD,bitcoin,United States Dollar,&#36;
,,2,2023-10-17T16:23:00Z,28531.9937,price,coindesk,USD,bitcoin,United States Dollar,&#36;
,,2,2023-10-17T16:35:00Z,28516.4999,price,coindesk,USD,bitcoin,United States Dollar,&#36;
,,2,2023-10-17T16:50:00Z,28568.3386,price,coindesk,USD,bitcoin,United States Dollar,&#36;
,,2,2023-10-17T17:04:00Z,28539.5772,price,coindesk,USD,bitcoin,United States Dollar,&#36;
,,2,2023-10-17T17:20:00Z,28435.8829,price,coindesk,USD,bitcoin,United States Dollar,&#36;
,,2,2023-10-17T17:33:00Z,28428.1481,price,coindesk,USD,bitcoin,United States Dollar,&#36;
,,2,2023-10-17T17:48:00Z,28460.0382,price,coindesk,USD,bitcoin,United States Dollar,&#36;
,,2,2023-10-17T18:05:00Z,28447.6555,price,coindesk,USD,bitcoin,United States Dollar,&#36;
,,2,2023-10-17T18:23:00Z,28483.7422,price,coindesk,USD,bitcoin,United States Dollar,&#36;
,,2,2023-10-17T18:34:00Z,28449.6267,price,coindesk,USD,bitcoin,United States Dollar,&#36;
,,2,2023-10-17T18:48:00Z,28463.0411,price,coindesk,USD,bitcoin,United States Dollar,&#36;
,,2,2023-10-17T19:04:00Z,28377.8433,price,coindesk,USD,bitcoin,United States Dollar,&#36;
,,2,2023-10-17T19:18:00Z,28413.8002,price,coindesk,USD,bitcoin,United States Dollar,&#36;
,,2,2023-10-17T19:34:00Z,28454.9352,price,coindesk,USD,bitcoin,United States Dollar,&#36;
,,2,2023-10-17T19:48:00Z,28475.3916,price,coindesk,USD,bitcoin,United States Dollar,&#36;
,,2,2023-10-17T20:05:00Z,28510.2669,price,coindesk,USD,bitcoin,United States Dollar,&#36;
,,2,2023-10-17T20:20:00Z,28485.359,price,coindesk,USD,bitcoin,United States Dollar,&#36;
,,2,2023-10-17T20:33:00Z,28518.5678,price,coindesk,USD,bitcoin,United States Dollar,&#36;
,,2,2023-10-17T20:48:00Z,28494.2841,price,coindesk,USD,bitcoin,United States Dollar,&#36;
,,2,2023-10-17T21:04:00Z,28444.1795,price,coindesk,USD,bitcoin,United States Dollar,&#36;
,,2,2023-10-17T21:19:00Z,28541.1602,price,coindesk,USD,bitcoin,United States Dollar,&#36;
,,2,2023-10-17T21:33:00Z,28539.3625,price,coindesk,USD,bitcoin,United States Dollar,&#36;
,,2,2023-10-17T21:48:00Z,28469.5046,price,coindesk,USD,bitcoin,United States Dollar,&#36;
,,2,2023-10-17T22:04:00Z,28447.6044,price,coindesk,USD,bitcoin,United States Dollar,&#36;
,,2,2023-10-17T22:21:00Z,28461.7439,price,coindesk,USD,bitcoin,United States Dollar,&#36;
,,2,2023-10-17T22:33:00Z,28488.6581,price,coindesk,USD,bitcoin,United States Dollar,&#36;
,,2,2023-10-17T22:48:00Z,28398.049,price,coindesk,USD,bitcoin,United States Dollar,&#36;
,,2,2023-10-17T23:04:00Z,28420.1075,price,coindesk,USD,bitcoin,United States Dollar,&#36;
,,2,2023-10-17T23:19:00Z,28448.383,price,coindesk,USD,bitcoin,United States Dollar,&#36;
,,2,2023-10-17T23:33:00Z,28438.4156,price,coindesk,USD,bitcoin,United States Dollar,&#36;
,,2,2023-10-17T23:48:00Z,28403.5865,price,coindesk,USD,bitcoin,United States Dollar,&#36;
,,2,2023-10-18T00:17:00Z,28417.0473,price,coindesk,USD,bitcoin,United States Dollar,&#36;
,,2,2023-10-18T00:48:00Z,28361.5332,price,coindesk,USD,bitcoin,United States Dollar,&#36;
,,2,2023-10-18T01:26:00Z,28362.2248,price,coindesk,USD,bitcoin,United States Dollar,&#36;
,,2,2023-10-18T01:49:00Z,28377.7291,price,coindesk,USD,bitcoin,United States Dollar,&#36;
,,2,2023-10-18T02:11:00Z,28369.764,price,coindesk,USD,bitcoin,United States Dollar,&#36;
,,2,2023-10-18T02:24:00Z,28401.482,price,coindesk,USD,bitcoin,United States Dollar,&#36;
,,2,2023-10-18T02:33:00Z,28452.6267,price,coindesk,USD,bitcoin,United States Dollar,&#36;
,,2,2023-10-18T02:48:00Z,28432.6392,price,coindesk,USD,bitcoin,United States Dollar,&#36;
,,2,2023-10-18T03:04:00Z,28481.8295,price,coindesk,USD,bitcoin,United States Dollar,&#36;
,,2,2023-10-18T03:20:00Z,28469.8806,price,coindesk,USD,bitcoin,United States Dollar,&#36;
,,2,2023-10-18T03:33:00Z,28463.3161,price,coindesk,USD,bitcoin,United States Dollar,&#36;
,,2,2023-10-18T03:48:00Z,28492.3363,price,coindesk,USD,bitcoin,United States Dollar,&#36;
,,2,2023-10-18T04:05:00Z,28499.3236,price,coindesk,USD,bitcoin,United States Dollar,&#36;
,,2,2023-10-18T04:22:00Z,28488.2896,price,coindesk,USD,bitcoin,United States Dollar,&#36;
,,2,2023-10-18T04:33:00Z,28459.2305,price,coindesk,USD,bitcoin,United States Dollar,&#36;
,,2,2023-10-18T04:48:00Z,28532.0809,price,coindesk,USD,bitcoin,United States Dollar,&#36;
,,2,2023-10-18T05:04:00Z,28672.9074,price,coindesk,USD,bitcoin,United States Dollar,&#36;
,,2,2023-10-18T05:21:00Z,28685.1961,price,coindesk,USD,bitcoin,United States Dollar,&#36;
,,2,2023-10-18T05:33:00Z,28753.7085,price,coindesk,USD,bitcoin,United States Dollar,&#36;
,,2,2023-10-18T05:48:00Z,28698.63,price,coindesk,USD,bitcoin,United States Dollar,&#36;
,,2,2023-10-18T06:05:00Z,28703.7302,price,coindesk,USD,bitcoin,United States Dollar,&#36;
,,2,2023-10-18T06:23:00Z,28705.8852,price,coindesk,USD,bitcoin,United States Dollar,&#36;
,,2,2023-10-18T06:34:00Z,28645.9834,price,coindesk,USD,bitcoin,United States Dollar,&#36;
,,2,2023-10-18T06:48:00Z,28648.5261,price,coindesk,USD,bitcoin,United States Dollar,&#36;
,,2,2023-10-18T07:05:00Z,28588.0992,price,coindesk,USD,bitcoin,United States Dollar,&#36;
,,2,2023-10-18T07:19:00Z,28591.2566,price,coindesk,USD,bitcoin,United States Dollar,&#36;
,,2,2023-10-18T07:33:00Z,28577.1821,price,coindesk,USD,bitcoin,United States Dollar,&#36;
,,2,2023-10-18T07:48:00Z,28518.3819,price,coindesk,USD,bitcoin,United States Dollar,&#36;
,,2,2023-10-18T08:05:00Z,28522.7528,price,coindesk,USD,bitcoin,United States Dollar,&#36;
,,2,2023-10-18T08:23:00Z,28510.6672,price,coindesk,USD,bitcoin,United States Dollar,&#36;
,,2,2023-10-18T08:33:00Z,28527.8937,price,coindesk,USD,bitcoin,United States Dollar,&#36;
,,2,2023-10-18T08:48:00Z,28512.726,price,coindesk,USD,bitcoin,United States Dollar,&#36;
,,2,2023-10-18T09:04:00Z,28540.8366,price,coindesk,USD,bitcoin,United States Dollar,&#36;
,,2,2023-10-18T09:20:00Z,28574.7371,price,coindesk,USD,bitcoin,United States Dollar,&#36;
,,2,2023-10-18T09:33:00Z,28599.5173,price,coindesk,USD,bitcoin,United States Dollar,&#36;
,,2,2023-10-18T09:48:00Z,28574.4479,price,coindesk,USD,bitcoin,United States Dollar,&#36;
,,2,2023-10-18T10:04:00Z,28340.5187,price,coindesk,USD,bitcoin,United States Dollar,&#36;
,,2,2023-10-18T10:22:00Z,28445.4575,price,coindesk,USD,bitcoin,United States Dollar,&#36;
,,2,2023-10-18T10:33:00Z,28401.9137,price,coindesk,USD,bitcoin,United States Dollar,&#36;
,,2,2023-10-18T10:48:00Z,28415.5895,price,coindesk,USD,bitcoin,United States Dollar,&#36;
,,2,2023-10-18T11:04:00Z,28388.471,price,coindesk,USD,bitcoin,United States Dollar,&#36;
,,2,2023-10-18T11:18:00Z,28396.7223,price,coindesk,USD,bitcoin,United States Dollar,&#36;
,,2,2023-10-18T11:33:00Z,28390.3121,price,coindesk,USD,bitcoin,United States Dollar,&#36;
,,2,2023-10-18T11:48:00Z,28401.9436,price,coindesk,USD,bitcoin,United States Dollar,&#36;
,,2,2023-10-18T12:06:00Z,28341.6855,price,coindesk,USD,bitcoin,United States Dollar,&#36;
,,2,2023-10-18T12:25:00Z,28357.8302,price,coindesk,USD,bitcoin,United States Dollar,&#36;
,,2,2023-10-18T12:41:00Z,28356.8364,price,coindesk,USD,bitcoin,United States Dollar,&#36;
,,2,2023-10-18T12:53:00Z,28341.0732,price,coindesk,USD,bitcoin,United States Dollar,&#36;
,,2,2023-10-18T13:06:00Z,28320.1934,price,coindesk,USD,bitcoin,United States Dollar,&#36;
,,2,2023-10-18T13:22:00Z,28372.7478,price,coindesk,USD,bitcoin,United States Dollar,&#36;
,,2,2023-10-18T13:33:00Z,28370.636,price,coindesk,USD,bitcoin,United States Dollar,&#36;
,,2,2023-10-18T13:48:00Z,28368.3702,price,coindesk,USD,bitcoin,United States Dollar,&#36;
,,2,2023-10-18T14:04:00Z,28327.3243,price,coindesk,USD,bitcoin,United States Dollar,&#36;
,,2,2023-10-18T14:21:00Z,28350.516,price,coindesk,USD,bitcoin,United States Dollar,&#36;
,,2,2023-10-18T14:33:00Z,28300.0037,price,coindesk,USD,bitcoin,United States Dollar,&#36;
,,2,2023-10-18T14:48:00Z,28222.9339,price,coindesk,USD,bitcoin,United States Dollar,&#36;
,,2,2023-10-18T15:04:00Z,28229.2015,price,coindesk,USD,bitcoin,United States Dollar,&#36;
,,2,2023-10-18T15:21:00Z,28254.6971,price,coindesk,USD,bitcoin,United States Dollar,&#36;
,,2,2023-10-18T15:33:00Z,28282.4301,price,coindesk,USD,bitcoin,United States Dollar,&#36;
,,2,2023-10-18T15:48:00Z,28265.8253,price,coindesk,USD,bitcoin,United States Dollar,&#36;
,,2,2023-10-18T16:05:00Z,28304.1226,price,coindesk,USD,bitcoin,United States Dollar,&#36;
,,2,2023-10-18T16:24:00Z,28339.8413,price,coindesk,USD,bitcoin,United States Dollar,&#36;
,,2,2023-10-18T16:35:00Z,28326.5197,price,coindesk,USD,bitcoin,United States Dollar,&#36;
,,2,2023-10-18T16:48:00Z,28370.1897,price,coindesk,USD,bitcoin,United States Dollar,&#36;
,,2,2023-10-18T17:04:00Z,28361.201,price,coindesk,USD,bitcoin,United States Dollar,&#36;
,,2,2023-10-18T17:20:00Z,28391.0641,price,coindesk,USD,bitcoin,United States Dollar,&#36;
,,2,2023-10-18T17:33:00Z,28377.3669,price,coindesk,USD,bitcoin,United States Dollar,&#36;
,,2,2023-10-18T17:48:00Z,28336.3159,price,coindesk,USD,bitcoin,United States Dollar,&#36;
,,2,2023-10-18T18:05:00Z,28311.4674,price,coindesk,USD,bitcoin,United States Dollar,&#36;
,,2,2023-10-18T18:23:00Z,28367.2088,price,coindesk,USD,bitcoin,United States Dollar,&#36;
,,2,2023-10-18T18:34:00Z,28366.2778,price,coindesk,USD,bitcoin,United States Dollar,&#36;
,,2,2023-10-18T18:48:00Z,28341.2203,price,coindesk,USD,bitcoin,United States Dollar,&#36;
,,2,2023-10-18T19:04:00Z,28304.6997,price,coindesk,USD,bitcoin,United States Dollar,&#36;
,,2,2023-10-18T19:18:00Z,28295.4722,price,coindesk,USD,bitcoin,United States Dollar,&#36;
,,2,2023-10-18T19:33:00Z,28273.4685,price,coindesk,USD,bitcoin,United States Dollar,&#36;
,,2,2023-10-18T19:48:00Z,28322.5115,price,coindesk,USD,bitcoin,United States Dollar,&#36;
,,2,2023-10-18T20:05:00Z,28248.8646,price,coindesk,USD,bitcoin,United States Dollar,&#36;
,,2,2023-10-18T20:20:00Z,28276.1988,price,coindesk,USD,bitcoin,United States Dollar,&#36;
,,2,2023-10-18T20:33:00Z,28266.4325,price,coindesk,USD,bitcoin,United States Dollar,&#36;
,,2,2023-10-18T20:48:00Z,28220.7996,price,coindesk,USD,bitcoin,United States Dollar,&#36;
,,2,2023-10-18T21:04:00Z,28248.4349,price,coindesk,USD,bitcoin,United States Dollar,&#36;
,,2,2023-10-18T21:18:00Z,28249.4409,price,coindesk,USD,bitcoin,United States Dollar,&#36;
,,2,2023-10-18T21:33:00Z,28281.4094,price,coindesk,USD,bitcoin,United States Dollar,&#36;
,,2,2023-10-18T21:48:00Z,28273.1533,price,coindesk,USD,bitcoin,United States Dollar,&#36;
,,2,2023-10-18T22:04:00Z,28273.9538,price,coindesk,USD,bitcoin,United States Dollar,&#36;
,,2,2023-10-18T22:21:00Z,28324.1256,price,coindesk,USD,bitcoin,United States Dollar,&#36;
,,2,2023-10-18T22:33:00Z,28321.3575,price,coindesk,USD,bitcoin,United States Dollar,&#36;
,,2,2023-10-18T22:48:00Z,28323.0082,price,coindesk,USD,bitcoin,United States Dollar,&#36;
,,2,2023-10-18T23:04:00Z,28361.7356,price,coindesk,USD,bitcoin,United States Dollar,&#36;
,,2,2023-10-18T23:19:00Z,28326.6754,price,coindesk,USD,bitcoin,United States Dollar,&#36;
,,2,2023-10-18T23:33:00Z,28327.5568,price,coindesk,USD,bitcoin,United States Dollar,&#36;
,,2,2023-10-18T23:48:00Z,28332.8188,price,coindesk,USD,bitcoin,United States Dollar,&#36;
,,2,2023-10-19T00:17:00Z,28317.763,price,coindesk,USD,bitcoin,United States Dollar,&#36;
,,2,2023-10-19T00:48:00Z,28372.2874,price,coindesk,USD,bitcoin,United States Dollar,&#36;
,,2,2023-10-19T01:26:00Z,28379.6719,price,coindesk,USD,bitcoin,United States Dollar,&#36;
,,2,2023-10-19T01:49:00Z,28233.7332,price,coindesk,USD,bitcoin,United States Dollar,&#36;
,,2,2023-10-19T02:10:00Z,28242.6047,price,coindesk,USD,bitcoin,United States Dollar,&#36;
,,2,2023-10-19T02:23:00Z,28205.7781,price,coindesk,USD,bitcoin,United States Dollar,&#36;
,,2,2023-10-19T02:33:00Z,28202.9467,price,coindesk,USD,bitcoin,United States Dollar,&#36;
,,2,2023-10-19T02:48:00Z,28238.964,price,coindesk,USD,bitcoin,United States Dollar,&#36;
,,2,2023-10-19T03:04:00Z,28240.5002,price,coindesk,USD,bitcoin,United States Dollar,&#36;
,,2,2023-10-19T03:20:00Z,28259.4626,price,coindesk,USD,bitcoin,United States Dollar,&#36;
,,2,2023-10-19T03:33:00Z,28264.5004,price,coindesk,USD,bitcoin,United States Dollar,&#36;
,,2,2023-10-19T03:48:00Z,28242.45,price,coindesk,USD,bitcoin,United States Dollar,&#36;
,,2,2023-10-19T04:09:00Z,28253.0246,price,coindesk,USD,bitcoin,United States Dollar,&#36;
,,2,2023-10-19T04:22:00Z,28263.8088,price,coindesk,USD,bitcoin,United States Dollar,&#36;
,,2,2023-10-19T04:33:00Z,28263.6982,price,coindesk,USD,bitcoin,United States Dollar,&#36;
,,2,2023-10-19T04:48:00Z,28290.2609,price,coindesk,USD,bitcoin,United States Dollar,&#36;
,,2,2023-10-19T05:04:00Z,28308.769,price,coindesk,USD,bitcoin,United States Dollar,&#36;
,,2,2023-10-19T05:21:00Z,28330.1824,price,coindesk,USD,bitcoin,United States Dollar,&#36;
,,2,2023-10-19T05:33:00Z,28333.4729,price,coindesk,USD,bitcoin,United States Dollar,&#36;
,,2,2023-10-19T05:48:00Z,28304.3758,price,coindesk,USD,bitcoin,United States Dollar,&#36;
,,2,2023-10-19T06:05:00Z,28318.8836,price,coindesk,USD,bitcoin,United States Dollar,&#36;
,,2,2023-10-19T06:23:00Z,28315.0461,price,coindesk,USD,bitcoin,United States Dollar,&#36;
,,2,2023-10-19T06:34:00Z,28301.4911,price,coindesk,USD,bitcoin,United States Dollar,&#36;
,,2,2023-10-19T06:48:00Z,28292.5905,price,coindesk,USD,bitcoin,United States Dollar,&#36;
,,2,2023-10-19T07:04:00Z,28293.7733,price,coindesk,USD,bitcoin,United States Dollar,&#36;
,,2,2023-10-19T07:19:00Z,28243.807,price,coindesk,USD,bitcoin,United States Dollar,&#36;
,,2,2023-10-19T07:33:00Z,28258.9735,price,coindesk,USD,bitcoin,United States Dollar,&#36;
,,2,2023-10-19T07:48:00Z,28321.5498,price,coindesk,USD,bitcoin,United States Dollar,&#36;
,,2,2023-10-19T08:05:00Z,28333.9924,price,coindesk,USD,bitcoin,United States Dollar,&#36;
,,2,2023-10-19T08:23:00Z,28365.2574,price,coindesk,USD,bitcoin,United States Dollar,&#36;
,,2,2023-10-19T08:33:00Z,28349.5866,price,coindesk,USD,bitcoin,United States Dollar,&#36;
,,2,2023-10-19T08:48:00Z,28348.1268,price,coindesk,USD,bitcoin,United States Dollar,&#36;
,,2,2023-10-19T09:05:00Z,28322.2238,price,coindesk,USD,bitcoin,United States Dollar,&#36;
,,2,2023-10-19T09:20:00Z,28354.3382,price,coindesk,USD,bitcoin,United States Dollar,&#36;
,,2,2023-10-19T09:33:00Z,28369.2137,price,coindesk,USD,bitcoin,United States Dollar,&#36;
,,2,2023-10-19T09:48:00Z,28400.4613,price,coindesk,USD,bitcoin,United States Dollar,&#36;
,,2,2023-10-19T10:04:00Z,28407.0952,price,coindesk,USD,bitcoin,United States Dollar,&#36;
,,2,2023-10-19T10:22:00Z,28469.5631,price,coindesk,USD,bitcoin,United States Dollar,&#36;
,,2,2023-10-19T10:34:00Z,28438.5535,price,coindesk,USD,bitcoin,United States Dollar,&#36;
,,2,2023-10-19T10:48:00Z,28446.0993,price,coindesk,USD,bitcoin,United States Dollar,&#36;
,,2,2023-10-19T11:04:00Z,28442.5764,price,coindesk,USD,bitcoin,United States Dollar,&#36;
,,2,2023-10-19T11:18:00Z,28433.2048,price,coindesk,USD,bitcoin,United States Dollar,&#36;
,,2,2023-10-19T11:33:00Z,28406.0172,price,coindesk,USD,bitcoin,United States Dollar,&#36;
,,2,2023-10-19T11:48:00Z,28412.1569,price,coindesk,USD,bitcoin,United States Dollar,&#36;
,,2,2023-10-19T12:06:00Z,28463.6929,price,coindesk,USD,bitcoin,United States Dollar,&#36;
,,2,2023-10-19T12:25:00Z,28478.4473,price,coindesk,USD,bitcoin,United States Dollar,&#36;
,,2,2023-10-19T12:41:00Z,28444.3514,price,coindesk,USD,bitcoin,United States Dollar,&#36;
,,2,2023-10-19T12:54:00Z,28513.9133,price,coindesk,USD,bitcoin,United States Dollar,&#36;
,,2,2023-10-19T13:05:00Z,28454.1779,price,coindesk,USD,bitcoin,United States Dollar,&#36;
,,2,2023-10-19T13:23:00Z,28537.3293,price,coindesk,USD,bitcoin,United States Dollar,&#36;
,,2,2023-10-19T13:34:00Z,28524.974,price,coindesk,USD,bitcoin,United States Dollar,&#36;
,,2,2023-10-19T13:48:00Z,28492.2188,price,coindesk,USD,bitcoin,United States Dollar,&#36;
,,2,2023-10-19T14:04:00Z,28468.9673,price,coindesk,USD,bitcoin,United States Dollar,&#36;
,,2,2023-10-19T14:21:00Z,28573.3077,price,coindesk,USD,bitcoin,United States Dollar,&#36;
,,2,2023-10-19T14:33:00Z,28524.7914,price,coindesk,USD,bitcoin,United States Dollar,&#36;
,,2,2023-10-19T14:48:00Z,28610.3099,price,coindesk,USD,bitcoin,United States Dollar,&#36;
,,2,2023-10-19T15:04:00Z,28773.4287,price,coindesk,USD,bitcoin,United States Dollar,&#36;
,,2,2023-10-19T15:20:00Z,28680.0371,price,coindesk,USD,bitcoin,United States Dollar,&#36;
,,2,2023-10-19T15:38:00Z,28658.5413,price,coindesk,USD,bitcoin,United States Dollar,&#36;
,,2,2023-10-19T15:48:00Z,28754.7638,price,coindesk,USD,bitcoin,United States Dollar,&#36;
,,2,2023-10-19T16:05:00Z,28709.545,price,coindesk,USD,bitcoin,United States Dollar,&#36;
,,2,2023-10-19T16:23:00Z,28793.8409,price,coindesk,USD,bitcoin,United States Dollar,&#36;
,,2,2023-10-19T16:35:00Z,28686.4178,price,coindesk,USD,bitcoin,United States Dollar,&#36;
,,2,2023-10-19T16:48:00Z,28694.0393,price,coindesk,USD,bitcoin,United States Dollar,&#36;
,,2,2023-10-19T17:04:00Z,28640.3894,price,coindesk,USD,bitcoin,United States Dollar,&#36;
,,2,2023-10-19T17:21:00Z,28652.6951,price,coindesk,USD,bitcoin,United States Dollar,&#36;
,,2,2023-10-19T17:33:00Z,28604.5135,price,coindesk,USD,bitcoin,United States Dollar,&#36;
,,2,2023-10-19T17:48:00Z,28543.061,price,coindesk,USD,bitcoin,United States Dollar,&#36;
,,2,2023-10-19T18:05:00Z,28578.7044,price,coindesk,USD,bitcoin,United States Dollar,&#36;
,,2,2023-10-19T18:23:00Z,28653.9519,price,coindesk,USD,bitcoin,United States Dollar,&#36;
,,2,2023-10-19T18:34:00Z,28646.004,price,coindesk,USD,bitcoin,United States Dollar,&#36;
,,2,2023-10-19T18:48:00Z,28712.9515,price,coindesk,USD,bitcoin,United States Dollar,&#36;
,,2,2023-10-19T19:04:00Z,28709.4568,price,coindesk,USD,bitcoin,United States Dollar,&#36;
,,2,2023-10-19T19:18:00Z,28733.27,price,coindesk,USD,bitcoin,United States Dollar,&#36;
,,2,2023-10-19T19:33:00Z,28734.1215,price,coindesk,USD,bitcoin,United States Dollar,&#36;
,,2,2023-10-19T19:48:00Z,28757.747,price,coindesk,USD,bitcoin,United States Dollar,&#36;
,,2,2023-10-19T20:05:00Z,28737.7511,price,coindesk,USD,bitcoin,United States Dollar,&#36;
,,2,2023-10-19T20:20:00Z,28772.3471,price,coindesk,USD,bitcoin,United States Dollar,&#36;
,,2,2023-10-19T20:33:00Z,28727.9728,price,coindesk,USD,bitcoin,United States Dollar,&#36;
,,2,2023-10-19T20:48:00Z,28799.4722,price,coindesk,USD,bitcoin,United States Dollar,&#36;
,,2,2023-10-19T21:04:00Z,28723.7891,price,coindesk,USD,bitcoin,United States Dollar,&#36;
,,2,2023-10-19T21:18:00Z,28710.5767,price,coindesk,USD,bitcoin,United States Dollar,&#36;
,,2,2023-10-19T21:33:00Z,28652.4481,price,coindesk,USD,bitcoin,United States Dollar,&#36;
,,2,2023-10-19T21:48:00Z,28640.2622,price,coindesk,USD,bitcoin,United States Dollar,&#36;
,,2,2023-10-19T22:04:00Z,28636.0765,price,coindesk,USD,bitcoin,United States Dollar,&#36;
,,2,2023-10-19T22:21:00Z,28667.0661,price,coindesk,USD,bitcoin,United States Dollar,&#36;
,,2,2023-10-19T22:33:00Z,28700.9851,price,coindesk,USD,bitcoin,United States Dollar,&#36;
,,2,2023-10-19T22:48:00Z,28701.4434,price,coindesk,USD,bitcoin,United States Dollar,&#36;
,,2,2023-10-19T23:04:00Z,28670.1419,price,coindesk,USD,bitcoin,United States Dollar,&#36;
,,2,2023-10-19T23:19:00Z,28686.16,price,coindesk,USD,bitcoin,United States Dollar,&#36;
,,2,2023-10-19T23:33:00Z,28672.1979,price,coindesk,USD,bitcoin,United States Dollar,&#36;
,,2,2023-10-19T23:48:00Z,28689.6042,price,coindesk,USD,bitcoin,United States Dollar,&#36;
,,2,2023-10-20T00:17:00Z,28726.7775,price,coindesk,USD,bitcoin,United States Dollar,&#36;
,,2,2023-10-20T00:48:00Z,28666.6501,price,coindesk,USD,bitcoin,United States Dollar,&#36;
,,2,2023-10-20T01:25:00Z,28639.0672,price,coindesk,USD,bitcoin,United States Dollar,&#36;
,,2,2023-10-20T01:49:00Z,28670.8361,price,coindesk,USD,bitcoin,United States Dollar,&#36;
,,2,2023-10-20T02:10:00Z,28673.0006,price,coindesk,USD,bitcoin,United States Dollar,&#36;
,,2,2023-10-20T02:23:00Z,28822.6987,price,coindesk,USD,bitcoin,United States Dollar,&#36;
,,2,2023-10-20T02:36:00Z,28893.7119,price,coindesk,USD,bitcoin,United States Dollar,&#36;
,,2,2023-10-20T02:48:00Z,28991.0511,price,coindesk,USD,bitcoin,United States Dollar,&#36;
,,2,2023-10-20T03:04:00Z,28950.0508,price,coindesk,USD,bitcoin,United States Dollar,&#36;
,,2,2023-10-20T03:20:00Z,29128.83,price,coindesk,USD,bitcoin,United States Dollar,&#36;
,,2,2023-10-20T03:33:00Z,29203.751,price,coindesk,USD,bitcoin,United States Dollar,&#36;
,,2,2023-10-20T03:48:00Z,29184.5048,price,coindesk,USD,bitcoin,United States Dollar,&#36;
,,2,2023-10-20T04:05:00Z,29306.9091,price,coindesk,USD,bitcoin,United States Dollar,&#36;
,,2,2023-10-20T04:22:00Z,29259.1335,price,coindesk,USD,bitcoin,United States Dollar,&#36;
,,2,2023-10-20T04:33:00Z,29274.077,price,coindesk,USD,bitcoin,United States Dollar,&#36;
,,2,2023-10-20T04:48:00Z,29248.6795,price,coindesk,USD,bitcoin,United States Dollar,&#36;
,,2,2023-10-20T05:04:00Z,29303.2663,price,coindesk,USD,bitcoin,United States Dollar,&#36;
,,2,2023-10-20T05:21:00Z,29247.0017,price,coindesk,USD,bitcoin,United States Dollar,&#36;
,,2,2023-10-20T05:33:00Z,29149.2922,price,coindesk,USD,bitcoin,United States Dollar,&#36;
,,2,2023-10-20T05:48:00Z,29223.6871,price,coindesk,USD,bitcoin,United States Dollar,&#36;
,,2,2023-10-20T06:05:00Z,29219.4227,price,coindesk,USD,bitcoin,United States Dollar,&#36;
,,2,2023-10-20T06:23:00Z,29214.049,price,coindesk,USD,bitcoin,United States Dollar,&#36;
,,2,2023-10-20T06:34:00Z,29260.3134,price,coindesk,USD,bitcoin,United States Dollar,&#36;
,,2,2023-10-20T06:48:00Z,29265.7096,price,coindesk,USD,bitcoin,United States Dollar,&#36;
,,2,2023-10-20T07:05:00Z,29275.1523,price,coindesk,USD,bitcoin,United States Dollar,&#36;
,,2,2023-10-20T07:19:00Z,29279.032,price,coindesk,USD,bitcoin,United States Dollar,&#36;
,,2,2023-10-20T07:33:00Z,29263.9044,price,coindesk,USD,bitcoin,United States Dollar,&#36;
,,2,2023-10-20T07:48:00Z,29348.8352,price,coindesk,USD,bitcoin,United States Dollar,&#36;
,,2,2023-10-20T08:05:00Z,29285.7475,price,coindesk,USD,bitcoin,United States Dollar,&#36;
,,2,2023-10-20T08:22:00Z,29419.8836,price,coindesk,USD,bitcoin,United States Dollar,&#36;
,,2,2023-10-20T08:33:00Z,29703.5079,price,coindesk,USD,bitcoin,United States Dollar,&#36;
,,2,2023-10-20T08:48:00Z,29761.7244,price,coindesk,USD,bitcoin,United States Dollar,&#36;
,,2,2023-10-20T09:04:00Z,29664.3188,price,coindesk,USD,bitcoin,United States Dollar,&#36;
,,2,2023-10-20T09:20:00Z,29687.7269,price,coindesk,USD,bitcoin,United States Dollar,&#36;
,,2,2023-10-20T09:33:00Z,29755.81,price,coindesk,USD,bitcoin,United States Dollar,&#36;
,,2,2023-10-20T09:48:00Z,29726.8861,price,coindesk,USD,bitcoin,United States Dollar,&#36;
,,2,2023-10-20T10:04:00Z,29787.2604,price,coindesk,USD,bitcoin,United States Dollar,&#36;
,,2,2023-10-20T10:21:00Z,29944.1295,price,coindesk,USD,bitcoin,United States Dollar,&#36;
,,2,2023-10-20T10:33:00Z,29900.7682,price,coindesk,USD,bitcoin,United States Dollar,&#36;
,,2,2023-10-20T10:48:00Z,29947.8693,price,coindesk,USD,bitcoin,United States Dollar,&#36;
,,2,2023-10-20T11:04:00Z,29867.535,price,coindesk,USD,bitcoin,United States Dollar,&#36;
,,2,2023-10-20T11:18:00Z,29996.0283,price,coindesk,USD,bitcoin,United States Dollar,&#36;
,,2,2023-10-20T11:33:00Z,30026.6879,price,coindesk,USD,bitcoin,United States Dollar,&#36;
,,2,2023-10-20T11:48:00Z,29929.757,price,coindesk,USD,bitcoin,United States Dollar,&#36;
,,2,2023-10-20T12:06:00Z,29892.2894,price,coindesk,USD,bitcoin,United States Dollar,&#36;
,,2,2023-10-20T12:24:00Z,29793.9792,price,coindesk,USD,bitcoin,United States Dollar,&#36;
,,2,2023-10-20T12:40:00Z,29708.1539,price,coindesk,USD,bitcoin,United States Dollar,&#36;
,,2,2023-10-20T12:53:00Z,29471.5176,price,coindesk,USD,bitcoin,United States Dollar,&#36;
,,2,2023-10-20T13:05:00Z,29568.2608,price,coindesk,USD,bitcoin,United States Dollar,&#36;
,,2,2023-10-20T13:22:00Z,29544.576,price,coindesk,USD,bitcoin,United States Dollar,&#36;
,,2,2023-10-20T13:33:00Z,29499.5712,price,coindesk,USD,bitcoin,United States Dollar,&#36;
,,2,2023-10-20T13:48:00Z,29619.2629,price,coindesk,USD,bitcoin,United States Dollar,&#36;
,,2,2023-10-20T14:04:00Z,29693.2765,price,coindesk,USD,bitcoin,United States Dollar,&#36;
,,2,2023-10-20T14:21:00Z,29536.3453,price,coindesk,USD,bitcoin,United States Dollar,&#36;
,,2,2023-10-20T14:33:00Z,29471.7392,price,coindesk,USD,bitcoin,United States Dollar,&#36;
,,2,2023-10-20T14:48:00Z,29590.4063,price,coindesk,USD,bitcoin,United States Dollar,&#36;
,,2,2023-10-20T15:04:00Z,29538.3418,price,coindesk,USD,bitcoin,United States Dollar,&#36;
,,2,2023-10-20T15:20:00Z,29518.1907,price,coindesk,USD,bitcoin,United States Dollar,&#36;
,,2,2023-10-20T15:33:00Z,29535.766,price,coindesk,USD,bitcoin,United States Dollar,&#36;
,,2,2023-10-20T15:48:00Z,29497.1711,price,coindesk,USD,bitcoin,United States Dollar,&#36;
,,2,2023-10-20T16:04:00Z,29516.1299,price,coindesk,USD,bitcoin,United States Dollar,&#36;
,,2,2023-10-20T16:23:00Z,29535.0212,price,coindesk,USD,bitcoin,United States Dollar,&#36;
,,2,2023-10-20T16:35:00Z,29583.0446,price,coindesk,USD,bitcoin,United States Dollar,&#36;
,,2,2023-10-20T16:48:00Z,29542.9002,price,coindesk,USD,bitcoin,United States Dollar,&#36;
,,2,2023-10-20T17:04:00Z,29455.2299,price,coindesk,USD,bitcoin,United States Dollar,&#36;
,,2,2023-10-20T17:20:00Z,29442.5323,price,coindesk,USD,bitcoin,United States Dollar,&#36;
,,2,2023-10-20T17:33:00Z,29483.4266,price,coindesk,USD,bitcoin,United States Dollar,&#36;
,,2,2023-10-20T17:48:00Z,29490.3633,price,coindesk,USD,bitcoin,United States Dollar,&#36;
,,2,2023-10-20T18:04:00Z,29532.0874,price,coindesk,USD,bitcoin,United States Dollar,&#36;
,,2,2023-10-20T18:22:00Z,29492.1657,price,coindesk,USD,bitcoin,United States Dollar,&#36;
,,2,2023-10-20T18:33:00Z,29504.5592,price,coindesk,USD,bitcoin,United States Dollar,&#36;
,,2,2023-10-20T18:48:00Z,29501.6936,price,coindesk,USD,bitcoin,United States Dollar,&#36;
,,2,2023-10-20T19:04:00Z,29499.8559,price,coindesk,USD,bitcoin,United States Dollar,&#36;
,,2,2023-10-20T19:18:00Z,29466.7486,price,coindesk,USD,bitcoin,United States Dollar,&#36;
,,2,2023-10-20T19:33:00Z,29442.4664,price,coindesk,USD,bitcoin,United States Dollar,&#36;
,,2,2023-10-20T19:48:00Z,29467.1985,price,coindesk,USD,bitcoin,United States Dollar,&#36;
,,2,2023-10-20T20:04:00Z,29547.6094,price,coindesk,USD,bitcoin,United States Dollar,&#36;
,,2,2023-10-20T20:20:00Z,29575.8704,price,coindesk,USD,bitcoin,United States Dollar,&#36;
,,2,2023-10-20T20:33:00Z,29574.5658,price,coindesk,USD,bitcoin,United States Dollar,&#36;
,,2,2023-10-20T20:48:00Z,29598.5927,price,coindesk,USD,bitcoin,United States Dollar,&#36;
,,2,2023-10-20T21:04:00Z,29600.3355,price,coindesk,USD,bitcoin,United States Dollar,&#36;
,,2,2023-10-20T21:18:00Z,29608.9664,price,coindesk,USD,bitcoin,United States Dollar,&#36;
,,2,2023-10-20T21:33:00Z,29624.7424,price,coindesk,USD,bitcoin,United States Dollar,&#36;
,,2,2023-10-20T21:48:00Z,29627.4488,price,coindesk,USD,bitcoin,United States Dollar,&#36;
,,2,2023-10-20T22:04:00Z,29612.4768,price,coindesk,USD,bitcoin,United States Dollar,&#36;
,,2,2023-10-20T22:20:00Z,29638.9143,price,coindesk,USD,bitcoin,United States Dollar,&#36;
,,2,2023-10-20T22:33:00Z,29640.0914,price,coindesk,USD,bitcoin,United States Dollar,&#36;
,,2,2023-10-20T22:48:00Z,29622.4864,price,coindesk,USD,bitcoin,United States Dollar,&#36;
,,2,2023-10-20T23:04:00Z,29720.2093,price,coindesk,USD,bitcoin,United States Dollar,&#36;
,,2,2023-10-20T23:19:00Z,29710.203,price,coindesk,USD,bitcoin,United States Dollar,&#36;
,,2,2023-10-20T23:33:00Z,29714.6503,price,coindesk,USD,bitcoin,United States Dollar,&#36;
,,2,2023-10-20T23:48:00Z,29686.8716,price,coindesk,USD,bitcoin,United States Dollar,&#36;
,,2,2023-10-21T00:16:00Z,29678.9736,price,coindesk,USD,bitcoin,United States Dollar,&#36;
,,2,2023-10-21T00:48:00Z,29615.0494,price,coindesk,USD,bitcoin,United States Dollar,&#36;
,,2,2023-10-21T01:24:00Z,29614.0736,price,coindesk,USD,bitcoin,United States Dollar,&#36;
,,2,2023-10-21T01:47:00Z,29566.4261,price,coindesk,USD,bitcoin,United States Dollar,&#36;
,,2,2023-10-21T02:08:00Z,29527.4643,price,coindesk,USD,bitcoin,United States Dollar,&#36;
,,2,2023-10-21T02:26:00Z,29521.5643,price,coindesk,USD,bitcoin,United States Dollar,&#36;
,,2,2023-10-21T02:33:00Z,29520.2507,price,coindesk,USD,bitcoin,United States Dollar,&#36;
,,2,2023-10-21T02:48:00Z,29507.3812,price,coindesk,USD,bitcoin,United States Dollar,&#36;
,,2,2023-10-21T03:05:00Z,29497.0995,price,coindesk,USD,bitcoin,United States Dollar,&#36;
,,2,2023-10-21T03:20:00Z,29531.2092,price,coindesk,USD,bitcoin,United States Dollar,&#36;
,,2,2023-10-21T03:33:00Z,29581.6016,price,coindesk,USD,bitcoin,United States Dollar,&#36;
,,2,2023-10-21T03:48:00Z,29613.2858,price,coindesk,USD,bitcoin,United States Dollar,&#36;
,,2,2023-10-21T04:04:00Z,29612.1991,price,coindesk,USD,bitcoin,United States Dollar,&#36;
,,2,2023-10-21T04:22:00Z,29614.4873,price,coindesk,USD,bitcoin,United States Dollar,&#36;
,,2,2023-10-21T04:33:00Z,29602.055,price,coindesk,USD,bitcoin,United States Dollar,&#36;
,,2,2023-10-21T04:48:00Z,29597.6214,price,coindesk,USD,bitcoin,United States Dollar,&#36;
,,2,2023-10-21T05:04:00Z,29557.0274,price,coindesk,USD,bitcoin,United States Dollar,&#36;
,,2,2023-10-21T05:20:00Z,29570.5505,price,coindesk,USD,bitcoin,United States Dollar,&#36;
,,2,2023-10-21T05:33:00Z,29586.2951,price,coindesk,USD,bitcoin,United States Dollar,&#36;
,,2,2023-10-21T05:48:00Z,29586.4651,price,coindesk,USD,bitcoin,United States Dollar,&#36;
,,2,2023-10-21T06:05:00Z,29599.3921,price,coindesk,USD,bitcoin,United States Dollar,&#36;
,,2,2023-10-21T06:22:00Z,29609.571,price,coindesk,USD,bitcoin,United States Dollar,&#36;
,,2,2023-10-21T06:33:00Z,29695.219,price,coindesk,USD,bitcoin,United States Dollar,&#36;
,,2,2023-10-21T06:48:00Z,29702.4715,price,coindesk,USD,bitcoin,United States Dollar,&#36;
,,2,2023-10-21T07:04:00Z,29677.88,price,coindesk,USD,bitcoin,United States Dollar,&#36;
,,2,2023-10-21T07:18:00Z,29675.6787,price,coindesk,USD,bitcoin,United States Dollar,&#36;
,,2,2023-10-21T07:33:00Z,29718.7109,price,coindesk,USD,bitcoin,United States Dollar,&#36;
,,2,2023-10-21T07:48:00Z,29700.0767,price,coindesk,USD,bitcoin,United States Dollar,&#36;
,,2,2023-10-21T08:04:00Z,29679.9185,price,coindesk,USD,bitcoin,United States Dollar,&#36;
,,2,2023-10-21T08:21:00Z,29683.4932,price,coindesk,USD,bitcoin,United States Dollar,&#36;
,,2,2023-10-21T08:33:00Z,29713.4198,price,coindesk,USD,bitcoin,United States Dollar,&#36;
,,2,2023-10-21T08:48:00Z,29694.1093,price,coindesk,USD,bitcoin,United States Dollar,&#36;
,,2,2023-10-21T09:04:00Z,29657.6638,price,coindesk,USD,bitcoin,United States Dollar,&#36;
,,2,2023-10-21T09:19:00Z,29671.1394,price,coindesk,USD,bitcoin,United States Dollar,&#36;
,,2,2023-10-21T09:33:00Z,29692.3845,price,coindesk,USD,bitcoin,United States Dollar,&#36;
,,2,2023-10-21T09:48:00Z,29759.9683,price,coindesk,USD,bitcoin,United States Dollar,&#36;
,,2,2023-10-21T10:04:00Z,29823.9239,price,coindesk,USD,bitcoin,United States Dollar,&#36;
,,2,2023-10-21T10:21:00Z,29816.1823,price,coindesk,USD,bitcoin,United States Dollar,&#36;
,,2,2023-10-21T10:33:00Z,29801.2027,price,coindesk,USD,bitcoin,United States Dollar,&#36;
,,2,2023-10-21T10:48:00Z,29789.3943,price,coindesk,USD,bitcoin,United States Dollar,&#36;
,,2,2023-10-21T11:04:00Z,29776.5532,price,coindesk,USD,bitcoin,United States Dollar,&#36;
,,2,2023-10-21T11:18:00Z,29832.4248,price,coindesk,USD,bitcoin,United States Dollar,&#36;
,,2,2023-10-21T11:33:00Z,29832.1152,price,coindesk,USD,bitcoin,United States Dollar,&#36;
,,2,2023-10-21T11:48:00Z,29825.8805,price,coindesk,USD,bitcoin,United States Dollar,&#36;
,,2,2023-10-21T12:05:00Z,29799.6109,price,coindesk,USD,bitcoin,United States Dollar,&#36;
,,2,2023-10-21T12:24:00Z,29773.3768,price,coindesk,USD,bitcoin,United States Dollar,&#36;
,,2,2023-10-21T12:39:00Z,29797.5714,price,coindesk,USD,bitcoin,United States Dollar,&#36;
,,2,2023-10-21T12:50:00Z,29822.1565,price,coindesk,USD,bitcoin,United States Dollar,&#36;
,,2,2023-10-21T13:04:00Z,29772.0147,price,coindesk,USD,bitcoin,United States Dollar,&#36;
,,2,2023-10-21T13:20:00Z,29730.5416,price,coindesk,USD,bitcoin,United States Dollar,&#36;
,,2,2023-10-21T13:33:00Z,29753.699,price,coindesk,USD,bitcoin,United States Dollar,&#36;
,,2,2023-10-21T13:48:00Z,29767.2476,price,coindesk,USD,bitcoin,United States Dollar,&#36;
,,2,2023-10-21T14:04:00Z,29775.1861,price,coindesk,USD,bitcoin,United States Dollar,&#36;
,,2,2023-10-21T14:20:00Z,29809.9534,price,coindesk,USD,bitcoin,United States Dollar,&#36;
,,2,2023-10-21T14:33:00Z,29792.7502,price,coindesk,USD,bitcoin,United States Dollar,&#36;
,,2,2023-10-21T14:48:00Z,29881.3114,price,coindesk,USD,bitcoin,United States Dollar,&#36;
,,2,2023-10-21T15:04:00Z,29952.3017,price,coindesk,USD,bitcoin,United States Dollar,&#36;
,,2,2023-10-21T15:19:00Z,29833.065,price,coindesk,USD,bitcoin,United States Dollar,&#36;
,,2,2023-10-21T15:33:00Z,29838.9039,price,coindesk,USD,bitcoin,United States Dollar,&#36;
,,2,2023-10-21T15:48:00Z,29881.8349,price,coindesk,USD,bitcoin,United States Dollar,&#36;
,,2,2023-10-21T16:04:00Z,29911.9713,price,coindesk,USD,bitcoin,United States Dollar,&#36;
,,2,2023-10-21T16:22:00Z,29890.6175,price,coindesk,USD,bitcoin,United States Dollar,&#36;
,,2,2023-10-21T16:34:00Z,29893.2841,price,coindesk,USD,bitcoin,United States Dollar,&#36;
,,2,2023-10-21T16:48:00Z,29940.9864,price,coindesk,USD,bitcoin,United States Dollar,&#36;
,,2,2023-10-21T17:04:00Z,29858.9475,price,coindesk,USD,bitcoin,United States Dollar,&#36;
,,2,2023-10-21T17:20:00Z,29890.2351,price,coindesk,USD,bitcoin,United States Dollar,&#36;
,,2,2023-10-21T17:33:00Z,29933.7407,price,coindesk,USD,bitcoin,United States Dollar,&#36;
,,2,2023-10-21T17:48:00Z,30085.8832,price,coindesk,USD,bitcoin,United States Dollar,&#36;
,,2,2023-10-21T18:04:00Z,30187.8294,price,coindesk,USD,bitcoin,United States Dollar,&#36;
,,2,2023-10-21T18:22:00Z,30095.9315,price,coindesk,USD,bitcoin,United States Dollar,&#36;
,,2,2023-10-21T18:33:00Z,30044.9423,price,coindesk,USD,bitcoin,United States Dollar,&#36;
,,2,2023-10-21T18:48:00Z,30108.2319,price,coindesk,USD,bitcoin,United States Dollar,&#36;
,,2,2023-10-21T19:04:00Z,30198.6342,price,coindesk,USD,bitcoin,United States Dollar,&#36;
,,2,2023-10-21T19:18:00Z,30101.3471,price,coindesk,USD,bitcoin,United States Dollar,&#36;
,,2,2023-10-21T19:33:00Z,30063.6702,price,coindesk,USD,bitcoin,United States Dollar,&#36;
,,2,2023-10-21T19:48:00Z,30129.8907,price,coindesk,USD,bitcoin,United States Dollar,&#36;
,,2,2023-10-21T20:05:00Z,30121.329,price,coindesk,USD,bitcoin,United States Dollar,&#36;
,,2,2023-10-21T20:19:00Z,30065.7551,price,coindesk,USD,bitcoin,United States Dollar,&#36;
,,2,2023-10-21T20:33:00Z,30042.8806,price,coindesk,USD,bitcoin,United States Dollar,&#36;
,,2,2023-10-21T20:48:00Z,30003.2853,price,coindesk,USD,bitcoin,United States Dollar,&#36;
,,2,2023-10-21T21:04:00Z,30041.0943,price,coindesk,USD,bitcoin,United States Dollar,&#36;
,,2,2023-10-21T21:18:00Z,30029.551,price,coindesk,USD,bitcoin,United States Dollar,&#36;
,,2,2023-10-21T21:33:00Z,30066.8628,price,coindesk,USD,bitcoin,United States Dollar,&#36;
,,2,2023-10-21T21:48:00Z,29988.294,price,coindesk,USD,bitcoin,United States Dollar,&#36;
,,2,2023-10-21T22:04:00Z,30029.0671,price,coindesk,USD,bitcoin,United States Dollar,&#36;
,,2,2023-10-21T22:20:00Z,30019.4253,price,coindesk,USD,bitcoin,United States Dollar,&#36;
,,2,2023-10-21T22:33:00Z,29956.1947,price,coindesk,USD,bitcoin,United States Dollar,&#36;
,,2,2023-10-21T22:48:00Z,30001.5227,price,coindesk,USD,bitcoin,United States Dollar,&#36;
,,2,2023-10-21T23:04:00Z,29969.6982,price,coindesk,USD,bitcoin,United States Dollar,&#36;
,,2,2023-10-21T23:19:00Z,29931.1003,price,coindesk,USD,bitcoin,United States Dollar,&#36;
,,2,2023-10-21T23:33:00Z,29931.1818,price,coindesk,USD,bitcoin,United States Dollar,&#36;
,,2,2023-10-21T23:48:00Z,29903.5905,price,coindesk,USD,bitcoin,United States Dollar,&#36;
,,2,2023-10-22T00:19:00Z,29959.8345,price,coindesk,USD,bitcoin,United States Dollar,&#36;
,,2,2023-10-22T00:48:00Z,29965.3054,price,coindesk,USD,bitcoin,United States Dollar,&#36;
,,2,2023-10-22T01:28:00Z,29952.3204,price,coindesk,USD,bitcoin,United States Dollar,&#36;
,,2,2023-10-22T01:53:00Z,29930.2357,price,coindesk,USD,bitcoin,United States Dollar,&#36;
,,2,2023-10-22T02:12:00Z,29897.8305,price,coindesk,USD,bitcoin,United States Dollar,&#36;
,,2,2023-10-22T02:26:00Z,29872.2195,price,coindesk,USD,bitcoin,United States Dollar,&#36;
,,2,2023-10-22T02:35:00Z,29885.4694,price,coindesk,USD,bitcoin,United States Dollar,&#36;
,,2,2023-10-22T02:48:00Z,29871.7083,price,coindesk,USD,bitcoin,United States Dollar,&#36;
,,2,2023-10-22T03:04:00Z,29862.6479,price,coindesk,USD,bitcoin,United States Dollar,&#36;
,,2,2023-10-22T03:20:00Z,29885.6329,price,coindesk,USD,bitcoin,United States Dollar,&#36;
,,2,2023-10-22T03:33:00Z,29888.1536,price,coindesk,USD,bitcoin,United States Dollar,&#36;
,,2,2023-10-22T03:48:00Z,29910.7663,price,coindesk,USD,bitcoin,United States Dollar,&#36;
,,2,2023-10-22T04:04:00Z,29914.6868,price,coindesk,USD,bitcoin,United States Dollar,&#36;
,,2,2023-10-22T04:21:00Z,29925.5677,price,coindesk,USD,bitcoin,United States Dollar,&#36;
,,2,2023-10-22T04:33:00Z,29950.6407,price,coindesk,USD,bitcoin,United States Dollar,&#36;
,,2,2023-10-22T04:48:00Z,29995.4062,price,coindesk,USD,bitcoin,United States Dollar,&#36;
,,2,2023-10-22T05:04:00Z,30016.8643,price,coindesk,USD,bitcoin,United States Dollar,&#36;
,,2,2023-10-22T05:20:00Z,30063.8954,price,coindesk,USD,bitcoin,United States Dollar,&#36;
,,2,2023-10-22T05:33:00Z,30022.0891,price,coindesk,USD,bitcoin,United States Dollar,&#36;
,,2,2023-10-22T05:48:00Z,29994.8747,price,coindesk,USD,bitcoin,United States Dollar,&#36;
,,2,2023-10-22T06:05:00Z,30171.7151,price,coindesk,USD,bitcoin,United States Dollar,&#36;
,,2,2023-10-22T06:22:00Z,30106.609,price,coindesk,USD,bitcoin,United States Dollar,&#36;
,,2,2023-10-22T06:33:00Z,30123.4799,price,coindesk,USD,bitcoin,United States Dollar,&#36;
,,2,2023-10-22T06:48:00Z,30129.8561,price,coindesk,USD,bitcoin,United States Dollar,&#36;
,,2,2023-10-22T07:04:00Z,30057.4215,price,coindesk,USD,bitcoin,United States Dollar,&#36;
,,2,2023-10-22T07:18:00Z,29985.0827,price,coindesk,USD,bitcoin,United States Dollar,&#36;
,,2,2023-10-22T07:33:00Z,29922.8092,price,coindesk,USD,bitcoin,United States Dollar,&#36;
,,2,2023-10-22T07:48:00Z,29811.1396,price,coindesk,USD,bitcoin,United States Dollar,&#36;
,,2,2023-10-22T08:04:00Z,29862.3198,price,coindesk,USD,bitcoin,United States Dollar,&#36;
,,2,2023-10-22T08:21:00Z,29848.7895,price,coindesk,USD,bitcoin,United States Dollar,&#36;
,,2,2023-10-22T08:33:00Z,29806.6931,price,coindesk,USD,bitcoin,United States Dollar,&#36;
,,2,2023-10-22T08:48:00Z,29856.5357,price,coindesk,USD,bitcoin,United States Dollar,&#36;
,,2,2023-10-22T09:04:00Z,29870.3899,price,coindesk,USD,bitcoin,United States Dollar,&#36;
,,2,2023-10-22T09:19:00Z,29968.2169,price,coindesk,USD,bitcoin,United States Dollar,&#36;
,,2,2023-10-22T09:33:00Z,29961.4976,price,coindesk,USD,bitcoin,United States Dollar,&#36;
,,2,2023-10-22T09:48:00Z,29905.2568,price,coindesk,USD,bitcoin,United States Dollar,&#36;
,,2,2023-10-22T10:04:00Z,29905.3545,price,coindesk,USD,bitcoin,United States Dollar,&#36;
,,2,2023-10-22T10:21:00Z,29934.7808,price,coindesk,USD,bitcoin,United States Dollar,&#36;
,,2,2023-10-22T10:33:00Z,29912.6184,price,coindesk,USD,bitcoin,United States Dollar,&#36;
,,2,2023-10-22T10:48:00Z,29936.9656,price,coindesk,USD,bitcoin,United States Dollar,&#36;
,,2,2023-10-22T11:04:00Z,29893.7872,price,coindesk,USD,bitcoin,United States Dollar,&#36;
,,2,2023-10-22T11:18:00Z,29905.2427,price,coindesk,USD,bitcoin,United States Dollar,&#36;
,,2,2023-10-22T11:33:00Z,29888.0042,price,coindesk,USD,bitcoin,United States Dollar,&#36;
,,2,2023-10-22T11:48:00Z,29878.1012,price,coindesk,USD,bitcoin,United States Dollar,&#36;
,,2,2023-10-22T12:05:00Z,29945.5691,price,coindesk,USD,bitcoin,United States Dollar,&#36;
,,2,2023-10-22T12:24:00Z,29946.2159,price,coindesk,USD,bitcoin,United States Dollar,&#36;
,,2,2023-10-22T12:39:00Z,29931.2662,price,coindesk,USD,bitcoin,United States Dollar,&#36;
,,2,2023-10-22T12:51:00Z,29914.5973,price,coindesk,USD,bitcoin,United States Dollar,&#36;
,,2,2023-10-22T13:04:00Z,29919.5266,price,coindesk,USD,bitcoin,United States Dollar,&#36;
,,2,2023-10-22T13:20:00Z,29919.5231,price,coindesk,USD,bitcoin,United States Dollar,&#36;
,,2,2023-10-22T13:33:00Z,29948.2553,price,coindesk,USD,bitcoin,United States Dollar,&#36;
,,2,2023-10-22T13:48:00Z,29938.4179,price,coindesk,USD,bitcoin,United States Dollar,&#36;
,,2,2023-10-22T14:04:00Z,29931.5178,price,coindesk,USD,bitcoin,United States Dollar,&#36;
,,2,2023-10-22T14:20:00Z,29918.6458,price,coindesk,USD,bitcoin,United States Dollar,&#36;
,,2,2023-10-22T14:33:00Z,29881.2239,price,coindesk,USD,bitcoin,United States Dollar,&#36;
,,2,2023-10-22T14:48:00Z,29885.4921,price,coindesk,USD,bitcoin,United States Dollar,&#36;
,,2,2023-10-22T15:05:00Z,29876.268,price,coindesk,USD,bitcoin,United States Dollar,&#36;
,,2,2023-10-22T15:20:00Z,29881.6016,price,coindesk,USD,bitcoin,United States Dollar,&#36;
,,2,2023-10-22T15:33:00Z,29873.2041,price,coindesk,USD,bitcoin,United States Dollar,&#36;
,,2,2023-10-22T15:48:00Z,29826.3861,price,coindesk,USD,bitcoin,United States Dollar,&#36;
,,2,2023-10-22T16:04:00Z,29839.7826,price,coindesk,USD,bitcoin,United States Dollar,&#36;
,,2,2023-10-22T16:22:00Z,29874.4556,price,coindesk,USD,bitcoin,United States Dollar,&#36;
,,2,2023-10-22T16:34:00Z,29893.9086,price,coindesk,USD,bitcoin,United States Dollar,&#36;
,,2,2023-10-22T16:48:00Z,29863.0154,price,coindesk,USD,bitcoin,United States Dollar,&#36;
,,2,2023-10-22T17:04:00Z,29888.4217,price,coindesk,USD,bitcoin,United States Dollar,&#36;
,,2,2023-10-22T17:20:00Z,29937.0915,price,coindesk,USD,bitcoin,United States Dollar,&#36;
,,2,2023-10-22T17:33:00Z,29928.0128,price,coindesk,USD,bitcoin,United States Dollar,&#36;
,,2,2023-10-22T17:48:00Z,29925.6353,price,coindesk,USD,bitcoin,United States Dollar,&#36;
,,2,2023-10-22T18:04:00Z,29923.9386,price,coindesk,USD,bitcoin,United States Dollar,&#36;
,,2,2023-10-22T18:22:00Z,29907.5073,price,coindesk,USD,bitcoin,United States Dollar,&#36;
,,2,2023-10-22T18:33:00Z,29906.7504,price,coindesk,USD,bitcoin,United States Dollar,&#36;
,,2,2023-10-22T18:48:00Z,29909.2393,price,coindesk,USD,bitcoin,United States Dollar,&#36;
,,2,2023-10-22T19:04:00Z,29895.5175,price,coindesk,USD,bitcoin,United States Dollar,&#36;
,,2,2023-10-22T19:18:00Z,29906.7605,price,coindesk,USD,bitcoin,United States Dollar,&#36;
,,2,2023-10-22T19:33:00Z,29914.8731,price,coindesk,USD,bitcoin,United States Dollar,&#36;
,,2,2023-10-22T19:48:00Z,29888.0801,price,coindesk,USD,bitcoin,United States Dollar,&#36;
,,2,2023-10-22T20:04:00Z,29871.2803,price,coindesk,USD,bitcoin,United States Dollar,&#36;
,,2,2023-10-22T20:19:00Z,29878.3075,price,coindesk,USD,bitcoin,United States Dollar,&#36;
,,2,2023-10-22T20:33:00Z,29865.4444,price,coindesk,USD,bitcoin,United States Dollar,&#36;
,,2,2023-10-22T20:48:00Z,29879.4435,price,coindesk,USD,bitcoin,United States Dollar,&#36;
,,2,2023-10-22T21:04:00Z,29844.4637,price,coindesk,USD,bitcoin,United States Dollar,&#36;
,,2,2023-10-22T21:18:00Z,29812.9457,price,coindesk,USD,bitcoin,United States Dollar,&#36;
,,2,2023-10-22T21:33:00Z,29845.008,price,coindesk,USD,bitcoin,United States Dollar,&#36;
,,2,2023-10-22T21:48:00Z,29813.915,price,coindesk,USD,bitcoin,United States Dollar,&#36;
,,2,2023-10-22T22:04:00Z,29749.7787,price,coindesk,USD,bitcoin,United States Dollar,&#36;
,,2,2023-10-22T22:20:00Z,29835.2613,price,coindesk,USD,bitcoin,United States Dollar,&#36;
,,2,2023-10-22T22:33:00Z,29836.9434,price,coindesk,USD,bitcoin,United States Dollar,&#36;
,,2,2023-10-22T22:48:00Z,29957.4585,price,coindesk,USD,bitcoin,United States Dollar,&#36;
,,2,2023-10-22T23:04:00Z,29957.4069,price,coindesk,USD,bitcoin,United States Dollar,&#36;
,,2,2023-10-22T23:19:00Z,29963.3734,price,coindesk,USD,bitcoin,United States Dollar,&#36;
,,2,2023-10-22T23:33:00Z,29960.044,price,coindesk,USD,bitcoin,United States Dollar,&#36;
,,2,2023-10-22T23:48:00Z,29984.3812,price,coindesk,USD,bitcoin,United States Dollar,&#36;
,,2,2023-10-23T00:18:00Z,29953.2889,price,coindesk,USD,bitcoin,United States Dollar,&#36;
,,2,2023-10-23T00:48:00Z,30064.1385,price,coindesk,USD,bitcoin,United States Dollar,&#36;
,,2,2023-10-23T01:26:00Z,30253.989,price,coindesk,USD,bitcoin,United States Dollar,&#36;
,,2,2023-10-23T01:49:00Z,30297.201,price,coindesk,USD,bitcoin,United States Dollar,&#36;
,,2,2023-10-23T02:11:00Z,30239.8587,price,coindesk,USD,bitcoin,United States Dollar,&#36;
,,2,2023-10-23T02:24:00Z,30270.8091,price,coindesk,USD,bitcoin,United States Dollar,&#36;
,,2,2023-10-23T02:33:00Z,30284.7501,price,coindesk,USD,bitcoin,United States Dollar,&#36;
,,2,2023-10-23T02:48:00Z,30348.6695,price,coindesk,USD,bitcoin,United States Dollar,&#36;
,,2,2023-10-23T03:04:00Z,30352.3822,price,coindesk,USD,bitcoin,United States Dollar,&#36;
,,2,2023-10-23T03:20:00Z,30330.3074,price,coindesk,USD,bitcoin,United States Dollar,&#36;
,,2,2023-10-23T03:33:00Z,30395.8192,price,coindesk,USD,bitcoin,United States Dollar,&#36;
,,2,2023-10-23T03:48:00Z,30538.3026,price,coindesk,USD,bitcoin,United States Dollar,&#36;
,,2,2023-10-23T04:04:00Z,30765.2511,price,coindesk,USD,bitcoin,United States Dollar,&#36;
,,2,2023-10-23T04:22:00Z,30595.7659,price,coindesk,USD,bitcoin,United States Dollar,&#36;
,,2,2023-10-23T04:33:00Z,30619.4502,price,coindesk,USD,bitcoin,United States Dollar,&#36;
,,2,2023-10-23T04:48:00Z,30649.7561,price,coindesk,USD,bitcoin,United States Dollar,&#36;
,,2,2023-10-23T05:04:00Z,30588.0597,price,coindesk,USD,bitcoin,United States Dollar,&#36;
,,2,2023-10-23T05:21:00Z,30797.4481,price,coindesk,USD,bitcoin,United States Dollar,&#36;
,,2,2023-10-23T05:33:00Z,30844.3208,price,coindesk,USD,bitcoin,United States Dollar,&#36;
,,2,2023-10-23T05:48:00Z,30815.4129,price,coindesk,USD,bitcoin,United States Dollar,&#36;
,,2,2023-10-23T06:05:00Z,30809.5137,price,coindesk,USD,bitcoin,United States Dollar,&#36;
,,2,2023-10-23T06:23:00Z,30716.8389,price,coindesk,USD,bitcoin,United States Dollar,&#36;
,,2,2023-10-23T06:34:00Z,30710.9875,price,coindesk,USD,bitcoin,United States Dollar,&#36;
,,2,2023-10-23T06:48:00Z,30762.6713,price,coindesk,USD,bitcoin,United States Dollar,&#36;
,,2,2023-10-23T07:05:00Z,30679.9025,price,coindesk,USD,bitcoin,United States Dollar,&#36;
,,2,2023-10-23T07:19:00Z,30701.6268,price,coindesk,USD,bitcoin,United States Dollar,&#36;
,,2,2023-10-23T07:33:00Z,30725.2558,price,coindesk,USD,bitcoin,United States Dollar,&#36;
,,2,2023-10-23T07:48:00Z,30709.7209,price,coindesk,USD,bitcoin,United States Dollar,&#36;
,,2,2023-10-23T08:05:00Z,30507.386,price,coindesk,USD,bitcoin,United States Dollar,&#36;
,,2,2023-10-23T08:23:00Z,30487.9293,price,coindesk,USD,bitcoin,United States Dollar,&#36;
,,2,2023-10-23T08:34:00Z,30536.627,price,coindesk,USD,bitcoin,United States Dollar,&#36;
,,2,2023-10-23T08:48:00Z,30575.1323,price,coindesk,USD,bitcoin,United States Dollar,&#36;
,,2,2023-10-23T09:05:00Z,30640.2002,price,coindesk,USD,bitcoin,United States Dollar,&#36;
,,2,2023-10-23T09:20:00Z,30575.1605,price,coindesk,USD,bitcoin,United States Dollar,&#36;
,,2,2023-10-23T09:33:00Z,30462.6144,price,coindesk,USD,bitcoin,United States Dollar,&#36;
,,2,2023-10-23T09:48:00Z,30398.4437,price,coindesk,USD,bitcoin,United States Dollar,&#36;
,,2,2023-10-23T10:05:00Z,30489.8825,price,coindesk,USD,bitcoin,United States Dollar,&#36;
,,2,2023-10-23T10:22:00Z,30533.9857,price,coindesk,USD,bitcoin,United States Dollar,&#36;
,,2,2023-10-23T10:34:00Z,30553.2484,price,coindesk,USD,bitcoin,United States Dollar,&#36;
,,2,2023-10-23T10:48:00Z,30548.2752,price,coindesk,USD,bitcoin,United States Dollar,&#36;
,,2,2023-10-23T11:04:00Z,30568.2615,price,coindesk,USD,bitcoin,United States Dollar,&#36;
,,2,2023-10-23T11:18:00Z,30576.2074,price,coindesk,USD,bitcoin,United States Dollar,&#36;
,,2,2023-10-23T11:33:00Z,30628.0172,price,coindesk,USD,bitcoin,United States Dollar,&#36;
,,2,2023-10-23T11:48:00Z,30667.047,price,coindesk,USD,bitcoin,United States Dollar,&#36;
,,2,2023-10-23T12:06:00Z,30670.0345,price,coindesk,USD,bitcoin,United States Dollar,&#36;
,,2,2023-10-23T12:24:00Z,30723.2554,price,coindesk,USD,bitcoin,United States Dollar,&#36;
,,2,2023-10-23T12:41:00Z,30627.8695,price,coindesk,USD,bitcoin,United States Dollar,&#36;
,,2,2023-10-23T12:54:00Z,30643.5114,price,coindesk,USD,bitcoin,United States Dollar,&#36;
,,2,2023-10-23T13:05:00Z,30645.6803,price,coindesk,USD,bitcoin,United States Dollar,&#36;
,,2,2023-10-23T13:22:00Z,30629.6441,price,coindesk,USD,bitcoin,United States Dollar,&#36;
,,2,2023-10-23T13:33:00Z,30489.0052,price,coindesk,USD,bitcoin,United States Dollar,&#36;
,,2,2023-10-23T13:48:00Z,30564.0728,price,coindesk,USD,bitcoin,United States Dollar,&#36;
,,2,2023-10-23T14:04:00Z,30603.251,price,coindesk,USD,bitcoin,United States Dollar,&#36;
,,2,2023-10-23T14:21:00Z,30691.6998,price,coindesk,USD,bitcoin,United States Dollar,&#36;
,,2,2023-10-23T14:33:00Z,30648.9673,price,coindesk,USD,bitcoin,United States Dollar,&#36;
,,2,2023-10-23T14:48:00Z,30738.1064,price,coindesk,USD,bitcoin,United States Dollar,&#36;
,,2,2023-10-23T15:04:00Z,30780.8847,price,coindesk,USD,bitcoin,United States Dollar,&#36;
,,2,2023-10-23T15:20:00Z,30766.06,price,coindesk,USD,bitcoin,United States Dollar,&#36;
,,2,2023-10-23T15:33:00Z,30790.2192,price,coindesk,USD,bitcoin,United States Dollar,&#36;
,,2,2023-10-23T15:48:00Z,30836.1926,price,coindesk,USD,bitcoin,United States Dollar,&#36;
,,2,2023-10-23T16:04:00Z,30845.223,price,coindesk,USD,bitcoin,United States Dollar,&#36;
,,2,2023-10-23T16:23:00Z,30886.1361,price,coindesk,USD,bitcoin,United States Dollar,&#36;
,,2,2023-10-23T16:38:00Z,30935.7634,price,coindesk,USD,bitcoin,United States Dollar,&#36;
,,2,2023-10-23T16:48:00Z,31063.1903,price,coindesk,USD,bitcoin,United States Dollar,&#36;
,,2,2023-10-23T17:04:00Z,31115.0879,price,coindesk,USD,bitcoin,United States Dollar,&#36;
,,2,2023-10-23T17:20:00Z,31105.9617,price,coindesk,USD,bitcoin,United States Dollar,&#36;
,,2,2023-10-23T17:33:00Z,30943.7541,price,coindesk,USD,bitcoin,United States Dollar,&#36;
,,2,2023-10-23T17:48:00Z,31021.6571,price,coindesk,USD,bitcoin,United States Dollar,&#36;
,,2,2023-10-23T18:04:00Z,31069.6345,price,coindesk,USD,bitcoin,United States Dollar,&#36;
,,2,2023-10-23T18:22:00Z,31037.0084,price,coindesk,USD,bitcoin,United States Dollar,&#36;
,,2,2023-10-23T18:33:00Z,30998.6726,price,coindesk,USD,bitcoin,United States Dollar,&#36;
,,2,2023-10-23T18:48:00Z,30984.6914,price,coindesk,USD,bitcoin,United States Dollar,&#36;
,,2,2023-10-23T19:04:00Z,31327.802,price,coindesk,USD,bitcoin,United States Dollar,&#36;
,,2,2023-10-23T19:18:00Z,31210.354,price,coindesk,USD,bitcoin,United States Dollar,&#36;
,,2,2023-10-23T19:33:00Z,31177.4626,price,coindesk,USD,bitcoin,United States Dollar,&#36;
,,2,2023-10-23T19:48:00Z,31313.703,price,coindesk,USD,bitcoin,United States Dollar,&#36;
,,2,2023-10-23T20:04:00Z,31424.4716,price,coindesk,USD,bitcoin,United States Dollar,&#36;
,,2,2023-10-23T20:19:00Z,31625.9699,price,coindesk,USD,bitcoin,United States Dollar,&#36;
,,2,2023-10-23T20:33:00Z,31654.2392,price,coindesk,USD,bitcoin,United States Dollar,&#36;
,,2,2023-10-23T20:48:00Z,31724.1775,price,coindesk,USD,bitcoin,United States Dollar,&#36;
,,2,2023-10-23T21:04:00Z,31598.8502,price,coindesk,USD,bitcoin,United States Dollar,&#36;
,,2,2023-10-23T21:18:00Z,31486.3955,price,coindesk,USD,bitcoin,United States Dollar,&#36;
,,2,2023-10-23T21:33:00Z,31574.4581,price,coindesk,USD,bitcoin,United States Dollar,&#36;
,,2,2023-10-23T21:48:00Z,31594.2899,price,coindesk,USD,bitcoin,United States Dollar,&#36;
,,2,2023-10-23T22:04:00Z,31621.409,price,coindesk,USD,bitcoin,United States Dollar,&#36;
,,2,2023-10-23T22:21:00Z,31937.0755,price,coindesk,USD,bitcoin,United States Dollar,&#36;
,,2,2023-10-23T22:33:00Z,32082.9973,price,coindesk,USD,bitcoin,United States Dollar,&#36;
,,2,2023-10-23T22:48:00Z,32939.6302,price,coindesk,USD,bitcoin,United States Dollar,&#36;
,,2,2023-10-23T23:04:00Z,33190.53,price,coindesk,USD,bitcoin,United States Dollar,&#36;
,,2,2023-10-23T23:20:00Z,33051.2744,price,coindesk,USD,bitcoin,United States Dollar,&#36;
,,2,2023-10-23T23:33:00Z,32920.444,price,coindesk,USD,bitcoin,United States Dollar,&#36;
,,2,2023-10-23T23:48:00Z,32840.9516,price,coindesk,USD,bitcoin,United States Dollar,&#36;
,,2,2023-10-24T00:17:00Z,32975.83,price,coindesk,USD,bitcoin,United States Dollar,&#36;
,,2,2023-10-24T00:48:00Z,33499.8024,price,coindesk,USD,bitcoin,United States Dollar,&#36;
,,2,2023-10-24T01:25:00Z,33688.7706,price,coindesk,USD,bitcoin,United States Dollar,&#36;
,,2,2023-10-24T01:48:00Z,33830.2238,price,coindesk,USD,bitcoin,United States Dollar,&#36;
,,2,2023-10-24T02:10:00Z,34369.4174,price,coindesk,USD,bitcoin,United States Dollar,&#36;
,,2,2023-10-24T02:23:00Z,34733.447,price,coindesk,USD,bitcoin,United States Dollar,&#36;
,,2,2023-10-24T02:33:00Z,34805.7805,price,coindesk,USD,bitcoin,United States Dollar,&#36;
,,2,2023-10-24T02:48:00Z,34746.7929,price,coindesk,USD,bitcoin,United States Dollar,&#36;
,,2,2023-10-24T03:04:00Z,34567.5507,price,coindesk,USD,bitcoin,United States Dollar,&#36;
,,2,2023-10-24T03:20:00Z,34512.0605,price,coindesk,USD,bitcoin,United States Dollar,&#36;
,,2,2023-10-24T03:33:00Z,34554.7915,price,coindesk,USD,bitcoin,United States Dollar,&#36;
,,2,2023-10-24T03:48:00Z,34385.2372,price,coindesk,USD,bitcoin,United States Dollar,&#36;
,,2,2023-10-24T04:11:00Z,34248.0921,price,coindesk,USD,bitcoin,United States Dollar,&#36;
,,2,2023-10-24T04:21:00Z,34449.3006,price,coindesk,USD,bitcoin,United States Dollar,&#36;
,,2,2023-10-24T04:33:00Z,34423.4188,price,coindesk,USD,bitcoin,United States Dollar,&#36;
,,2,2023-10-24T04:48:00Z,34326.4657,price,coindesk,USD,bitcoin,United States Dollar,&#36;
,,2,2023-10-24T05:04:00Z,34416.9109,price,coindesk,USD,bitcoin,United States Dollar,&#36;
,,2,2023-10-24T05:20:00Z,34432.0953,price,coindesk,USD,bitcoin,United States Dollar,&#36;
,,2,2023-10-24T05:33:00Z,34451.9154,price,coindesk,USD,bitcoin,United States Dollar,&#36;
,,2,2023-10-24T05:48:00Z,34196.3595,price,coindesk,USD,bitcoin,United States Dollar,&#36;
,,2,2023-10-24T06:05:00Z,34057.6949,price,coindesk,USD,bitcoin,United States Dollar,&#36;
,,2,2023-10-24T06:23:00Z,33879.4891,price,coindesk,USD,bitcoin,United States Dollar,&#36;
,,2,2023-10-24T06:34:00Z,33938.844,price,coindesk,USD,bitcoin,United States Dollar,&#36;
,,2,2023-10-24T06:48:00Z,34027.1072,price,coindesk,USD,bitcoin,United States Dollar,&#36;
,,2,2023-10-24T07:04:00Z,33880.8872,price,coindesk,USD,bitcoin,United States Dollar,&#36;
,,2,2023-10-24T07:19:00Z,33884.18,price,coindesk,USD,bitcoin,United States Dollar,&#36;
,,2,2023-10-24T07:33:00Z,33768.6487,price,coindesk,USD,bitcoin,United States Dollar,&#36;
,,2,2023-10-24T07:48:00Z,33923.9193,price,coindesk,USD,bitcoin,United States Dollar,&#36;
,,2,2023-10-24T08:05:00Z,34034.6528,price,coindesk,USD,bitcoin,United States Dollar,&#36;
,,2,2023-10-24T08:22:00Z,34118.1232,price,coindesk,USD,bitcoin,United States Dollar,&#36;
,,2,2023-10-24T08:33:00Z,34187.6482,price,coindesk,USD,bitcoin,United States Dollar,&#36;
,,2,2023-10-24T08:48:00Z,34185.2767,price,coindesk,USD,bitcoin,United States Dollar,&#36;
,,2,2023-10-24T09:05:00Z,34127.6847,price,coindesk,USD,bitcoin,United States Dollar,&#36;
,,2,2023-10-24T09:20:00Z,34152.4371,price,coindesk,USD,bitcoin,United States Dollar,&#36;
,,2,2023-10-24T09:33:00Z,34269.9077,price,coindesk,USD,bitcoin,United States Dollar,&#36;
,,2,2023-10-24T09:48:00Z,34493.4449,price,coindesk,USD,bitcoin,United States Dollar,&#36;
,,2,2023-10-24T10:04:00Z,34423.5963,price,coindesk,USD,bitcoin,United States Dollar,&#36;
,,2,2023-10-24T10:22:00Z,34332.1109,price,coindesk,USD,bitcoin,United States Dollar,&#36;
,,2,2023-10-24T10:34:00Z,34433.2781,price,coindesk,USD,bitcoin,United States Dollar,&#36;
,,2,2023-10-24T10:48:00Z,34478.1089,price,coindesk,USD,bitcoin,United States Dollar,&#36;
,,2,2023-10-24T11:04:00Z,34510.2429,price,coindesk,USD,bitcoin,United States Dollar,&#36;
,,2,2023-10-24T11:18:00Z,34741.3442,price,coindesk,USD,bitcoin,United States Dollar,&#36;
,,2,2023-10-24T11:33:00Z,34690.6563,price,coindesk,USD,bitcoin,United States Dollar,&#36;
,,2,2023-10-24T11:48:00Z,34485.3744,price,coindesk,USD,bitcoin,United States Dollar,&#36;
,,2,2023-10-24T12:06:00Z,34664.8234,price,coindesk,USD,bitcoin,United States Dollar,&#36;
,,2,2023-10-24T12:24:00Z,34563.6891,price,coindesk,USD,bitcoin,United States Dollar,&#36;
,,2,2023-10-24T12:40:00Z,34772.116,price,coindesk,USD,bitcoin,United States Dollar,&#36;
,,2,2023-10-24T12:52:00Z,34732.4827,price,coindesk,USD,bitcoin,United States Dollar,&#36;
,,2,2023-10-24T13:05:00Z,34529.4573,price,coindesk,USD,bitcoin,United States Dollar,&#36;
,,2,2023-10-24T13:22:00Z,34467.2384,price,coindesk,USD,bitcoin,United States Dollar,&#36;
,,2,2023-10-24T13:33:00Z,34481.691,price,coindesk,USD,bitcoin,United States Dollar,&#36;
,,2,2023-10-24T13:48:00Z,34421.6773,price,coindesk,USD,bitcoin,United States Dollar,&#36;
,,2,2023-10-24T14:04:00Z,34386.1358,price,coindesk,USD,bitcoin,United States Dollar,&#36;
,,2,2023-10-24T14:20:00Z,34206.2057,price,coindesk,USD,bitcoin,United States Dollar,&#36;
,,2,2023-10-24T14:33:00Z,34213.0846,price,coindesk,USD,bitcoin,United States Dollar,&#36;
,,2,2023-10-24T14:48:00Z,34372.6083,price,coindesk,USD,bitcoin,United States Dollar,&#36;
,,2,2023-10-24T15:04:00Z,34427.8141,price,coindesk,USD,bitcoin,United States Dollar,&#36;
,,2,2023-10-24T15:21:00Z,34052.7584,price,coindesk,USD,bitcoin,United States Dollar,&#36;
,,2,2023-10-24T15:33:00Z,33733.0489,price,coindesk,USD,bitcoin,United States Dollar,&#36;
,,2,2023-10-24T15:48:00Z,33794.5012,price,coindesk,USD,bitcoin,United States Dollar,&#36;
,,2,2023-10-24T16:04:00Z,33628.3433,price,coindesk,USD,bitcoin,United States Dollar,&#36;
,,2,2023-10-24T16:23:00Z,33917.9,price,coindesk,USD,bitcoin,United States Dollar,&#36;
,,2,2023-10-24T16:34:00Z,34234.6456,price,coindesk,USD,bitcoin,United States Dollar,&#36;
,,2,2023-10-24T16:48:00Z,34025.0899,price,coindesk,USD,bitcoin,United States Dollar,&#36;
,,2,2023-10-24T17:04:00Z,34019.4545,price,coindesk,USD,bitcoin,United States Dollar,&#36;
,,2,2023-10-24T17:21:00Z,34009.487,price,coindesk,USD,bitcoin,United States Dollar,&#36;
,,2,2023-10-24T17:33:00Z,33895.7606,price,coindesk,USD,bitcoin,United States Dollar,&#36;
,,2,2023-10-24T17:48:00Z,33861.2991,price,coindesk,USD,bitcoin,United States Dollar,&#36;
,,2,2023-10-24T18:04:00Z,33806.5797,price,coindesk,USD,bitcoin,United States Dollar,&#36;
,,2,2023-10-24T18:23:00Z,33470.8771,price,coindesk,USD,bitcoin,United States Dollar,&#36;
,,2,2023-10-24T18:34:00Z,33649.8412,price,coindesk,USD,bitcoin,United States Dollar,&#36;
,,2,2023-10-24T18:48:00Z,33797.9521,price,coindesk,USD,bitcoin,United States Dollar,&#36;
,,2,2023-10-24T19:04:00Z,33834.2122,price,coindesk,USD,bitcoin,United States Dollar,&#36;
,,2,2023-10-24T19:18:00Z,33741.108,price,coindesk,USD,bitcoin,United States Dollar,&#36;
,,2,2023-10-24T19:33:00Z,33859.6252,price,coindesk,USD,bitcoin,United States Dollar,&#36;
,,2,2023-10-24T19:48:00Z,33782.2188,price,coindesk,USD,bitcoin,United States Dollar,&#36;
,,2,2023-10-24T20:04:00Z,33713.1775,price,coindesk,USD,bitcoin,United States Dollar,&#36;
,,2,2023-10-24T20:20:00Z,33818.0146,price,coindesk,USD,bitcoin,United States Dollar,&#36;
,,2,2023-10-24T20:33:00Z,33855.6743,price,coindesk,USD,bitcoin,United States Dollar,&#36;
,,2,2023-10-24T20:48:00Z,33759.687,price,coindesk,USD,bitcoin,United States Dollar,&#36;
,,2,2023-10-24T21:04:00Z,33643.2968,price,coindesk,USD,bitcoin,United States Dollar,&#36;
,,2,2023-10-24T21:19:00Z,33691.9393,price,coindesk,USD,bitcoin,United States Dollar,&#36;
,,2,2023-10-24T21:33:00Z,33726.5228,price,coindesk,USD,bitcoin,United States Dollar,&#36;
,,2,2023-10-24T21:48:00Z,33622.595,price,coindesk,USD,bitcoin,United States Dollar,&#36;
,,2,2023-10-24T22:04:00Z,33915.3658,price,coindesk,USD,bitcoin,United States Dollar,&#36;
,,2,2023-10-24T22:20:00Z,34057.3992,price,coindesk,USD,bitcoin,United States Dollar,&#36;
,,2,2023-10-24T22:33:00Z,34084.7735,price,coindesk,USD,bitcoin,United States Dollar,&#36;
,,2,2023-10-24T22:48:00Z,34131.8686,price,coindesk,USD,bitcoin,United States Dollar,&#36;
,,2,2023-10-24T23:04:00Z,34164.2039,price,coindesk,USD,bitcoin,United States Dollar,&#36;
,,2,2023-10-24T23:19:00Z,33952.3649,price,coindesk,USD,bitcoin,United States Dollar,&#36;
,,2,2023-10-24T23:33:00Z,33865.9597,price,coindesk,USD,bitcoin,United States Dollar,&#36;
,,2,2023-10-24T23:48:00Z,33809.5886,price,coindesk,USD,bitcoin,United States Dollar,&#36;
,,2,2023-10-25T00:17:00Z,33886.8523,price,coindesk,USD,bitcoin,United States Dollar,&#36;
,,2,2023-10-25T00:48:00Z,33934.8017,price,coindesk,USD,bitcoin,United States Dollar,&#36;
,,2,2023-10-25T01:25:00Z,34158.14,price,coindesk,USD,bitcoin,United States Dollar,&#36;
,,2,2023-10-25T01:48:00Z,34242.6335,price,coindesk,USD,bitcoin,United States Dollar,&#36;
,,2,2023-10-25T02:10:00Z,34159.883,price,coindesk,USD,bitcoin,United States Dollar,&#36;
,,2,2023-10-25T02:23:00Z,34071.4659,price,coindesk,USD,bitcoin,United States Dollar,&#36;
,,2,2023-10-25T02:33:00Z,34109.0984,price,coindesk,USD,bitcoin,United States Dollar,&#36;
,,2,2023-10-25T02:48:00Z,34018.8208,price,coindesk,USD,bitcoin,United States Dollar,&#36;
,,2,2023-10-25T03:04:00Z,33978.9416,price,coindesk,USD,bitcoin,United States Dollar,&#36;
,,2,2023-10-25T03:20:00Z,34012.933,price,coindesk,USD,bitcoin,United States Dollar,&#36;
,,2,2023-10-25T03:33:00Z,33994.334,price,coindesk,USD,bitcoin,United States Dollar,&#36;
,,2,2023-10-25T03:48:00Z,33981.1289,price,coindesk,USD,bitcoin,United States Dollar,&#36;
,,2,2023-10-25T04:04:00Z,34024.377,price,coindesk,USD,bitcoin,United States Dollar,&#36;
,,2,2023-10-25T04:22:00Z,34000.5618,price,coindesk,USD,bitcoin,United States Dollar,&#36;
,,2,2023-10-25T04:33:00Z,34043.3582,price,coindesk,USD,bitcoin,United States Dollar,&#36;
,,2,2023-10-25T04:56:00Z,34167.1023,price,coindesk,USD,bitcoin,United States Dollar,&#36;
,,2,2023-10-25T05:04:00Z,34145.3879,price,coindesk,USD,bitcoin,United States Dollar,&#36;
,,2,2023-10-25T05:21:00Z,34004.1766,price,coindesk,USD,bitcoin,United States Dollar,&#36;
,,2,2023-10-25T05:33:00Z,33987.3885,price,coindesk,USD,bitcoin,United States Dollar,&#36;
,,2,2023-10-25T05:48:00Z,33968.0236,price,coindesk,USD,bitcoin,United States Dollar,&#36;
,,2,2023-10-25T06:05:00Z,34042.4036,price,coindesk,USD,bitcoin,United States Dollar,&#36;
,,2,2023-10-25T06:23:00Z,34145.0554,price,coindesk,USD,bitcoin,United States Dollar,&#36;
,,2,2023-10-25T06:34:00Z,34141.876,price,coindesk,USD,bitcoin,United States Dollar,&#36;
,,2,2023-10-25T06:48:00Z,34159.8231,price,coindesk,USD,bitcoin,United States Dollar,&#36;
,,2,2023-10-25T07:04:00Z,34197.326,price,coindesk,USD,bitcoin,United States Dollar,&#36;
,,2,2023-10-25T07:19:00Z,34155.8075,price,coindesk,USD,bitcoin,United States Dollar,&#36;
,,2,2023-10-25T07:33:00Z,33986.3634,price,coindesk,USD,bitcoin,United States Dollar,&#36;
,,2,2023-10-25T07:48:00Z,33810.4747,price,coindesk,USD,bitcoin,United States Dollar,&#36;
,,2,2023-10-25T08:05:00Z,33844.3874,price,coindesk,USD,bitcoin,United States Dollar,&#36;
,,2,2023-10-25T08:23:00Z,33889.1427,price,coindesk,USD,bitcoin,United States Dollar,&#36;
,,2,2023-10-25T08:34:00Z,33942.0827,price,coindesk,USD,bitcoin,United States Dollar,&#36;
,,2,2023-10-25T08:48:00Z,33961.3206,price,coindesk,USD,bitcoin,United States Dollar,&#36;
,,2,2023-10-25T09:04:00Z,33923.1371,price,coindesk,USD,bitcoin,United States Dollar,&#36;
,,2,2023-10-25T09:20:00Z,34072.241,price,coindesk,USD,bitcoin,United States Dollar,&#36;
,,2,2023-10-25T09:33:00Z,34232.8531,price,coindesk,USD,bitcoin,United States Dollar,&#36;
,,2,2023-10-25T09:48:00Z,34214.3624,price,coindesk,USD,bitcoin,United States Dollar,&#36;
,,2,2023-10-25T10:04:00Z,34122.6979,price,coindesk,USD,bitcoin,United States Dollar,&#36;
,,2,2023-10-25T10:22:00Z,34168.8239,price,coindesk,USD,bitcoin,United States Dollar,&#36;
,,2,2023-10-25T10:33:00Z,34201.103,price,coindesk,USD,bitcoin,United States Dollar,&#36;
,,2,2023-10-25T10:48:00Z,34201.3253,price,coindesk,USD,bitcoin,United States Dollar,&#36;
,,2,2023-10-25T11:04:00Z,34169.5556,price,coindesk,USD,bitcoin,United States Dollar,&#36;
,,2,2023-10-25T11:18:00Z,34347.8121,price,coindesk,USD,bitcoin,United States Dollar,&#36;
,,2,2023-10-25T11:33:00Z,34226.6033,price,coindesk,USD,bitcoin,United States Dollar,&#36;
,,2,2023-10-25T11:48:00Z,34190.1222,price,coindesk,USD,bitcoin,United States Dollar,&#36;
,,2,2023-10-25T12:06:00Z,34279.0414,price,coindesk,USD,bitcoin,United States Dollar,&#36;
,,2,2023-10-25T12:24:00Z,34334.7145,price,coindesk,USD,bitcoin,United States Dollar,&#36;
,,2,2023-10-25T12:40:00Z,34293.3508,price,coindesk,USD,bitcoin,United States Dollar,&#36;
,,2,2023-10-25T12:52:00Z,34300.5075,price,coindesk,USD,bitcoin,United States Dollar,&#36;
,,2,2023-10-25T13:05:00Z,34397.969,price,coindesk,USD,bitcoin,United States Dollar,&#36;
,,2,2023-10-25T13:21:00Z,34512.5291,price,coindesk,USD,bitcoin,United States Dollar,&#36;
,,2,2023-10-25T13:33:00Z,34431.6744,price,coindesk,USD,bitcoin,United States Dollar,&#36;
,,2,2023-10-25T13:48:00Z,34365.1096,price,coindesk,USD,bitcoin,United States Dollar,&#36;
,,2,2023-10-25T14:04:00Z,34393.9114,price,coindesk,USD,bitcoin,United States Dollar,&#36;
,,2,2023-10-25T14:20:00Z,34355.866,price,coindesk,USD,bitcoin,United States Dollar,&#36;
,,2,2023-10-25T14:33:00Z,34606.0993,price,coindesk,USD,bitcoin,United States Dollar,&#36;
,,2,2023-10-25T14:48:00Z,34628.6468,price,coindesk,USD,bitcoin,United States Dollar,&#36;
,,2,2023-10-25T15:04:00Z,34789.9422,price,coindesk,USD,bitcoin,United States Dollar,&#36;
,,2,2023-10-25T15:20:00Z,34714.0722,price,coindesk,USD,bitcoin,United States Dollar,&#36;
,,2,2023-10-25T15:33:00Z,34824.5049,price,coindesk,USD,bitcoin,United States Dollar,&#36;
,,2,2023-10-25T15:48:00Z,34825.1388,price,coindesk,USD,bitcoin,United States Dollar,&#36;
,,2,2023-10-25T16:04:00Z,34901.8598,price,coindesk,USD,bitcoin,United States Dollar,&#36;
,,2,2023-10-25T16:22:00Z,34854.8071,price,coindesk,USD,bitcoin,United States Dollar,&#36;
,,2,2023-10-25T16:34:00Z,34754.9474,price,coindesk,USD,bitcoin,United States Dollar,&#36;
,,2,2023-10-25T16:48:00Z,34703.1869,price,coindesk,USD,bitcoin,United States Dollar,&#36;
,,2,2023-10-25T17:04:00Z,34500.3568,price,coindesk,USD,bitcoin,United States Dollar,&#36;
,,2,2023-10-25T17:20:00Z,34531.748,price,coindesk,USD,bitcoin,United States Dollar,&#36;
,,2,2023-10-25T17:34:00Z,34713.657,price,coindesk,USD,bitcoin,United States Dollar,&#36;
,,2,2023-10-25T17:48:00Z,34643.9592,price,coindesk,USD,bitcoin,United States Dollar,&#36;
,,2,2023-10-25T18:05:00Z,34725.5518,price,coindesk,USD,bitcoin,United States Dollar,&#36;
,,2,2023-10-25T18:22:00Z,34655.1135,price,coindesk,USD,bitcoin,United States Dollar,&#36;
,,2,2023-10-25T18:33:00Z,34540.9812,price,coindesk,USD,bitcoin,United States Dollar,&#36;
,,2,2023-10-25T18:48:00Z,34569.4118,price,coindesk,USD,bitcoin,United States Dollar,&#36;
,,2,2023-10-25T19:04:00Z,34638.476,price,coindesk,USD,bitcoin,United States Dollar,&#36;
,,2,2023-10-25T19:18:00Z,34608.6522,price,coindesk,USD,bitcoin,United States Dollar,&#36;
,,2,2023-10-25T19:33:00Z,34613.8581,price,coindesk,USD,bitcoin,United States Dollar,&#36;
,,2,2023-10-25T19:48:00Z,34621.8485,price,coindesk,USD,bitcoin,United States Dollar,&#36;
,,2,2023-10-25T20:04:00Z,34764.3689,price,coindesk,USD,bitcoin,United States Dollar,&#36;
,,2,2023-10-25T20:20:00Z,34772.4941,price,coindesk,USD,bitcoin,United States Dollar,&#36;
,,2,2023-10-25T20:33:00Z,34781.4567,price,coindesk,USD,bitcoin,United States Dollar,&#36;
,,2,2023-10-25T20:48:00Z,34778.0947,price,coindesk,USD,bitcoin,United States Dollar,&#36;
,,2,2023-10-25T21:04:00Z,34712.1993,price,coindesk,USD,bitcoin,United States Dollar,&#36;
,,2,2023-10-25T21:19:00Z,34754.2734,price,coindesk,USD,bitcoin,United States Dollar,&#36;
,,2,2023-10-25T21:33:00Z,34716.8873,price,coindesk,USD,bitcoin,United States Dollar,&#36;
,,2,2023-10-25T21:48:00Z,34548.6929,price,coindesk,USD,bitcoin,United States Dollar,&#36;
,,2,2023-10-25T22:04:00Z,34579.1266,price,coindesk,USD,bitcoin,United States Dollar,&#36;
,,2,2023-10-25T22:20:00Z,34638.4836,price,coindesk,USD,bitcoin,United States Dollar,&#36;
,,2,2023-10-25T22:33:00Z,34617.1972,price,coindesk,USD,bitcoin,United States Dollar,&#36;
,,2,2023-10-25T22:48:00Z,34594.8526,price,coindesk,USD,bitcoin,United States Dollar,&#36;
,,2,2023-10-25T23:04:00Z,34375.5187,price,coindesk,USD,bitcoin,United States Dollar,&#36;
,,2,2023-10-25T23:19:00Z,34494.5453,price,coindesk,USD,bitcoin,United States Dollar,&#36;
,,2,2023-10-25T23:33:00Z,34545.3782,price,coindesk,USD,bitcoin,United States Dollar,&#36;
,,2,2023-10-25T23:48:00Z,34485.6089,price,coindesk,USD,bitcoin,United States Dollar,&#36;
,,2,2023-10-26T00:17:00Z,34537.6035,price,coindesk,USD,bitcoin,United States Dollar,&#36;
,,2,2023-10-26T00:48:00Z,34470.2612,price,coindesk,USD,bitcoin,United States Dollar,&#36;
,,2,2023-10-26T01:24:00Z,34744.4501,price,coindesk,USD,bitcoin,United States Dollar,&#36;
,,2,2023-10-26T01:47:00Z,34744.6868,price,coindesk,USD,bitcoin,United States Dollar,&#36;
,,2,2023-10-26T02:10:00Z,34732.6232,price,coindesk,USD,bitcoin,United States Dollar,&#36;
,,2,2023-10-26T02:22:00Z,34738.0128,price,coindesk,USD,bitcoin,United States Dollar,&#36;
,,2,2023-10-26T02:33:00Z,34772.8196,price,coindesk,USD,bitcoin,United States Dollar,&#36;
,,2,2023-10-26T02:48:00Z,34777.1873,price,coindesk,USD,bitcoin,United States Dollar,&#36;
,,2,2023-10-26T03:04:00Z,34807.5904,price,coindesk,USD,bitcoin,United States Dollar,&#36;
,,2,2023-10-26T03:19:00Z,34758.4282,price,coindesk,USD,bitcoin,United States Dollar,&#36;
,,2,2023-10-26T03:35:00Z,34807.0679,price,coindesk,USD,bitcoin,United States Dollar,&#36;
,,2,2023-10-26T03:48:00Z,34777.4664,price,coindesk,USD,bitcoin,United States Dollar,&#36;
,,2,2023-10-26T04:04:00Z,34782.5299,price,coindesk,USD,bitcoin,United States Dollar,&#36;
,,2,2023-10-26T04:21:00Z,34724.4754,price,coindesk,USD,bitcoin,United States Dollar,&#36;
,,2,2023-10-26T04:33:00Z,34688.2245,price,coindesk,USD,bitcoin,United States Dollar,&#36;
,,2,2023-10-26T04:48:00Z,34685.6594,price,coindesk,USD,bitcoin,United States Dollar,&#36;
,,2,2023-10-26T05:04:00Z,34692.3095,price,coindesk,USD,bitcoin,United States Dollar,&#36;
,,2,2023-10-26T05:20:00Z,34654.4378,price,coindesk,USD,bitcoin,United States Dollar,&#36;
,,2,2023-10-26T05:33:00Z,34636.9526,price,coindesk,USD,bitcoin,United States Dollar,&#36;
,,2,2023-10-26T05:48:00Z,34575.5045,price,coindesk,USD,bitcoin,United States Dollar,&#36;
,,2,2023-10-26T06:04:00Z,34464.2599,price,coindesk,USD,bitcoin,United States Dollar,&#36;
,,2,2023-10-26T06:23:00Z,34495.6844,price,coindesk,USD,bitcoin,United States Dollar,&#36;
,,2,2023-10-26T06:33:00Z,34549.077,price,coindesk,USD,bitcoin,United States Dollar,&#36;
,,2,2023-10-26T06:48:00Z,34590.7145,price,coindesk,USD,bitcoin,United States Dollar,&#36;
,,2,2023-10-26T07:04:00Z,34573.1123,price,coindesk,USD,bitcoin,United States Dollar,&#36;
,,2,2023-10-26T07:19:00Z,34700.9418,price,coindesk,USD,bitcoin,United States Dollar,&#36;
,,2,2023-10-26T07:33:00Z,34733.5495,price,coindesk,USD,bitcoin,United States Dollar,&#36;
,,2,2023-10-26T07:48:00Z,34669.2588,price,coindesk,USD,bitcoin,United States Dollar,&#36;
,,2,2023-10-26T08:04:00Z,34713.5369,price,coindesk,USD,bitcoin,United States Dollar,&#36;
,,2,2023-10-26T08:22:00Z,34537.7464,price,coindesk,USD,bitcoin,United States Dollar,&#36;
,,2,2023-10-26T08:33:00Z,34528.2781,price,coindesk,USD,bitcoin,United States Dollar,&#36;
,,2,2023-10-26T08:48:00Z,34589.3736,price,coindesk,USD,bitcoin,United States Dollar,&#36;
,,2,2023-10-26T09:04:00Z,34545.1934,price,coindesk,USD,bitcoin,United States Dollar,&#36;
,,2,2023-10-26T09:19:00Z,34478.1167,price,coindesk,USD,bitcoin,United States Dollar,&#36;
,,2,2023-10-26T09:33:00Z,34479.8407,price,coindesk,USD,bitcoin,United States Dollar,&#36;
,,2,2023-10-26T09:49:00Z,34451.0826,price,coindesk,USD,bitcoin,United States Dollar,&#36;
,,2,2023-10-26T10:05:00Z,34377.1499,price,coindesk,USD,bitcoin,United States Dollar,&#36;
,,2,2023-10-26T10:21:00Z,34446.8567,price,coindesk,USD,bitcoin,United States Dollar,&#36;
,,2,2023-10-26T10:33:00Z,34436.5303,price,coindesk,USD,bitcoin,United States Dollar,&#36;
,,2,2023-10-26T10:48:00Z,34246.627,price,coindesk,USD,bitcoin,United States Dollar,&#36;
,,2,2023-10-26T11:04:00Z,34337.9402,price,coindesk,USD,bitcoin,United States Dollar,&#36;
,,2,2023-10-26T11:18:00Z,34326.0451,price,coindesk,USD,bitcoin,United States Dollar,&#36;
,,2,2023-10-26T11:35:00Z,34215.0482,price,coindesk,USD,bitcoin,United States Dollar,&#36;
,,2,2023-10-26T11:48:00Z,34049.4568,price,coindesk,USD,bitcoin,United States Dollar,&#36;
,,2,2023-10-26T12:06:00Z,34148.6076,price,coindesk,USD,bitcoin,United States Dollar,&#36;
,,2,2023-10-26T12:24:00Z,34202.8389,price,coindesk,USD,bitcoin,United States Dollar,&#36;
,,2,2023-10-26T12:40:00Z,34271.7748,price,coindesk,USD,bitcoin,United States Dollar,&#36;
,,2,2023-10-26T12:52:00Z,34306.067,price,coindesk,USD,bitcoin,United States Dollar,&#36;
,,2,2023-10-26T13:05:00Z,34278.9515,price,coindesk,USD,bitcoin,United States Dollar,&#36;
,,2,2023-10-26T13:23:00Z,34240.6666,price,coindesk,USD,bitcoin,United States Dollar,&#36;
,,2,2023-10-26T13:33:00Z,34301.5658,price,coindesk,USD,bitcoin,United States Dollar,&#36;
,,2,2023-10-26T13:48:00Z,34277.4994,price,coindesk,USD,bitcoin,United States Dollar,&#36;
,,2,2023-10-26T14:04:00Z,34292.1649,price,coindesk,USD,bitcoin,United States Dollar,&#36;
,,2,2023-10-26T14:21:00Z,34335.8762,price,coindesk,USD,bitcoin,United States Dollar,&#36;
,,2,2023-10-26T14:33:00Z,34195.6975,price,coindesk,USD,bitcoin,United States Dollar,&#36;
,,2,2023-10-26T14:48:00Z,34162.6762,price,coindesk,USD,bitcoin,United States Dollar,&#36;
,,2,2023-10-26T15:04:00Z,34204.2383,price,coindesk,USD,bitcoin,United States Dollar,&#36;
,,2,2023-10-26T15:20:00Z,33951.3398,price,coindesk,USD,bitcoin,United States Dollar,&#36;
,,2,2023-10-26T15:33:00Z,33981.2889,price,coindesk,USD,bitcoin,United States Dollar,&#36;
,,2,2023-10-26T15:48:00Z,34014.1507,price,coindesk,USD,bitcoin,United States Dollar,&#36;
,,2,2023-10-26T16:04:00Z,34078.3132,price,coindesk,USD,bitcoin,United States Dollar,&#36;
,,2,2023-10-26T16:22:00Z,33989.7474,price,coindesk,USD,bitcoin,United States Dollar,&#36;
,,2,2023-10-26T16:34:00Z,33948.4044,price,coindesk,USD,bitcoin,United States Dollar,&#36;
,,2,2023-10-26T16:48:00Z,33895.355,price,coindesk,USD,bitcoin,United States Dollar,&#36;
,,2,2023-10-26T17:04:00Z,33828.6272,price,coindesk,USD,bitcoin,United States Dollar,&#36;
,,2,2023-10-26T17:20:00Z,33861.5562,price,coindesk,USD,bitcoin,United States Dollar,&#36;
,,2,2023-10-26T17:33:00Z,33834.0584,price,coindesk,USD,bitcoin,United States Dollar,&#36;
,,2,2023-10-26T17:48:00Z,33875.065,price,coindesk,USD,bitcoin,United States Dollar,&#36;
,,2,2023-10-26T18:04:00Z,33954.9634,price,coindesk,USD,bitcoin,United States Dollar,&#36;
,,2,2023-10-26T18:22:00Z,34006.2166,price,coindesk,USD,bitcoin,United States Dollar,&#36;
,,2,2023-10-26T18:33:00Z,33997.6773,price,coindesk,USD,bitcoin,United States Dollar,&#36;
,,2,2023-10-26T18:48:00Z,33988.3555,price,coindesk,USD,bitcoin,United States Dollar,&#36;
,,2,2023-10-26T19:04:00Z,34014.4837,price,coindesk,USD,bitcoin,United States Dollar,&#36;
,,2,2023-10-26T19:18:00Z,33983.7334,price,coindesk,USD,bitcoin,United States Dollar,&#36;
,,2,2023-10-26T19:33:00Z,33953.9584,price,coindesk,USD,bitcoin,United States Dollar,&#36;
,,2,2023-10-26T19:48:00Z,34011.9658,price,coindesk,USD,bitcoin,United States Dollar,&#36;
,,2,2023-10-26T20:04:00Z,34107.8093,price,coindesk,USD,bitcoin,United States Dollar,&#36;
,,2,2023-10-26T20:21:00Z,34102.3691,price,coindesk,USD,bitcoin,United States Dollar,&#36;
,,2,2023-10-26T20:33:00Z,34195.6611,price,coindesk,USD,bitcoin,United States Dollar,&#36;
,,2,2023-10-26T20:48:00Z,34152.0013,price,coindesk,USD,bitcoin,United States Dollar,&#36;
,,2,2023-10-26T21:04:00Z,34158.7093,price,coindesk,USD,bitcoin,United States Dollar,&#36;
,,2,2023-10-26T21:18:00Z,34151.5177,price,coindesk,USD,bitcoin,United States Dollar,&#36;
,,2,2023-10-26T21:33:00Z,34125.1355,price,coindesk,USD,bitcoin,United States Dollar,&#36;
,,2,2023-10-26T21:48:00Z,34109.6073,price,coindesk,USD,bitcoin,United States Dollar,&#36;
,,2,2023-10-26T22:07:00Z,34168.7219,price,coindesk,USD,bitcoin,United States Dollar,&#36;
,,2,2023-10-26T22:21:00Z,34170.1808,price,coindesk,USD,bitcoin,United States Dollar,&#36;
,,2,2023-10-26T22:33:00Z,34185.1557,price,coindesk,USD,bitcoin,United States Dollar,&#36;
,,2,2023-10-26T22:48:00Z,34204.8975,price,coindesk,USD,bitcoin,United States Dollar,&#36;
,,2,2023-10-26T23:04:00Z,34218.4011,price,coindesk,USD,bitcoin,United States Dollar,&#36;
,,2,2023-10-26T23:19:00Z,34263.129,price,coindesk,USD,bitcoin,United States Dollar,&#36;
,,2,2023-10-26T23:33:00Z,34168.3023,price,coindesk,USD,bitcoin,United States Dollar,&#36;
,,2,2023-10-26T23:48:00Z,34150.1254,price,coindesk,USD,bitcoin,United States Dollar,&#36;
,,2,2023-10-27T00:17:00Z,34092.928,price,coindesk,USD,bitcoin,United States Dollar,&#36;
,,2,2023-10-27T00:47:00Z,34031.6777,price,coindesk,USD,bitcoin,United States Dollar,&#36;
,,2,2023-10-27T01:24:00Z,33960.9675,price,coindesk,USD,bitcoin,United States Dollar,&#36;
,,2,2023-10-27T01:47:00Z,33921.3664,price,coindesk,USD,bitcoin,United States Dollar,&#36;
,,2,2023-10-27T02:09:00Z,33908.4439,price,coindesk,USD,bitcoin,United States Dollar,&#36;
,,2,2023-10-27T02:22:00Z,34054.5034,price,coindesk,USD,bitcoin,United States Dollar,&#36;
,,2,2023-10-27T02:33:00Z,34137.2078,price,coindesk,USD,bitcoin,United States Dollar,&#36;
,,2,2023-10-27T02:48:00Z,34091.5052,price,coindesk,USD,bitcoin,United States Dollar,&#36;
,,2,2023-10-27T03:04:00Z,34054.8001,price,coindesk,USD,bitcoin,United States Dollar,&#36;
,,2,2023-10-27T03:19:00Z,34129.8106,price,coindesk,USD,bitcoin,United States Dollar,&#36;
,,2,2023-10-27T03:33:00Z,34135.2826,price,coindesk,USD,bitcoin,United States Dollar,&#36;
,,2,2023-10-27T03:48:00Z,34085.9354,price,coindesk,USD,bitcoin,United States Dollar,&#36;
,,2,2023-10-27T04:04:00Z,34094.6399,price,coindesk,USD,bitcoin,United States Dollar,&#36;
,,2,2023-10-27T04:21:00Z,34057.1107,price,coindesk,USD,bitcoin,United States Dollar,&#36;
,,2,2023-10-27T04:33:00Z,34003.1073,price,coindesk,USD,bitcoin,United States Dollar,&#36;
,,2,2023-10-27T04:48:00Z,34145.5628,price,coindesk,USD,bitcoin,United States Dollar,&#36;
,,2,2023-10-27T05:04:00Z,34046.5985,price,coindesk,USD,bitcoin,United States Dollar,&#36;
,,2,2023-10-27T05:20:00Z,34008.4191,price,coindesk,USD,bitcoin,United States Dollar,&#36;
,,2,2023-10-27T05:33:00Z,34060.7366,price,coindesk,USD,bitcoin,United States Dollar,&#36;
,,2,2023-10-27T05:48:00Z,34073.7226,price,coindesk,USD,bitcoin,United States Dollar,&#36;
,,2,2023-10-27T06:05:00Z,34081.6846,price,coindesk,USD,bitcoin,United States Dollar,&#36;
,,2,2023-10-27T06:23:00Z,34126.9185,price,coindesk,USD,bitcoin,United States Dollar,&#36;
,,2,2023-10-27T06:33:00Z,34123.0565,price,coindesk,USD,bitcoin,United States Dollar,&#36;
,,2,2023-10-27T06:48:00Z,34185.0778,price,coindesk,USD,bitcoin,United States Dollar,&#36;
,,2,2023-10-27T07:04:00Z,34208.6186,price,coindesk,USD,bitcoin,United States Dollar,&#36;
,,2,2023-10-27T07:19:00Z,34184.5303,price,coindesk,USD,bitcoin,United States Dollar,&#36;
,,2,2023-10-27T07:33:00Z,34123.1507,price,coindesk,USD,bitcoin,United States Dollar,&#36;
,,2,2023-10-27T07:48:00Z,34031.2532,price,coindesk,USD,bitcoin,United States Dollar,&#36;
,,2,2023-10-27T08:05:00Z,33985.692,price,coindesk,USD,bitcoin,United States Dollar,&#36;
,,2,2023-10-27T08:22:00Z,34033.5024,price,coindesk,USD,bitcoin,United States Dollar,&#36;
,,2,2023-10-27T08:33:00Z,34019.9385,price,coindesk,USD,bitcoin,United States Dollar,&#36;
,,2,2023-10-27T08:48:00Z,34095.622,price,coindesk,USD,bitcoin,United States Dollar,&#36;
,,2,2023-10-27T09:04:00Z,34093.3331,price,coindesk,USD,bitcoin,United States Dollar,&#36;
,,2,2023-10-27T09:19:00Z,34156.4267,price,coindesk,USD,bitcoin,United States Dollar,&#36;
,,2,2023-10-27T09:33:00Z,34150.5277,price,coindesk,USD,bitcoin,United States Dollar,&#36;
,,2,2023-10-27T09:48:00Z,34121.9506,price,coindesk,USD,bitcoin,United States Dollar,&#36;
,,2,2023-10-27T10:04:00Z,34169.4491,price,coindesk,USD,bitcoin,United States Dollar,&#36;
,,2,2023-10-27T10:21:00Z,34130.5366,price,coindesk,USD,bitcoin,United States Dollar,&#36;
,,2,2023-10-27T10:33:00Z,34118.2013,price,coindesk,USD,bitcoin,United States Dollar,&#36;
,,2,2023-10-27T10:48:00Z,34094.2472,price,coindesk,USD,bitcoin,United States Dollar,&#36;
,,2,2023-10-27T11:04:00Z,34097.8197,price,coindesk,USD,bitcoin,United States Dollar,&#36;
,,2,2023-10-27T11:18:00Z,34090.2615,price,coindesk,USD,bitcoin,United States Dollar,&#36;
,,2,2023-10-27T11:33:00Z,34016.3613,price,coindesk,USD,bitcoin,United States Dollar,&#36;
,,2,2023-10-27T11:48:00Z,34050.4347,price,coindesk,USD,bitcoin,United States Dollar,&#36;
,,2,2023-10-27T12:06:00Z,34017.8341,price,coindesk,USD,bitcoin,United States Dollar,&#36;
,,2,2023-10-27T12:24:00Z,34080.2659,price,coindesk,USD,bitcoin,United States Dollar,&#36;
,,2,2023-10-27T12:39:00Z,34019.8619,price,coindesk,USD,bitcoin,United States Dollar,&#36;
,,2,2023-10-27T12:51:00Z,34193.9573,price,coindesk,USD,bitcoin,United States Dollar,&#36;
,,2,2023-10-27T13:04:00Z,34143.6853,price,coindesk,USD,bitcoin,United States Dollar,&#36;
,,2,2023-10-27T13:21:00Z,34088.1807,price,coindesk,USD,bitcoin,United States Dollar,&#36;
,,2,2023-10-27T13:33:00Z,34130.9554,price,coindesk,USD,bitcoin,United States Dollar,&#36;
,,2,2023-10-27T13:48:00Z,34089.8266,price,coindesk,USD,bitcoin,United States Dollar,&#36;
,,2,2023-10-27T14:04:00Z,34060.9191,price,coindesk,USD,bitcoin,United States Dollar,&#36;
,,2,2023-10-27T14:20:00Z,33978.6339,price,coindesk,USD,bitcoin,United States Dollar,&#36;
,,2,2023-10-27T14:33:00Z,33869.9968,price,coindesk,USD,bitcoin,United States Dollar,&#36;
,,2,2023-10-27T14:48:00Z,33947.0131,price,coindesk,USD,bitcoin,United States Dollar,&#36;
,,2,2023-10-27T15:04:00Z,33881.7775,price,coindesk,USD,bitcoin,United States Dollar,&#36;
,,2,2023-10-27T15:20:00Z,33928.0915,price,coindesk,USD,bitcoin,United States Dollar,&#36;
,,2,2023-10-27T15:33:00Z,33978.2356,price,coindesk,USD,bitcoin,United States Dollar,&#36;
,,2,2023-10-27T15:48:00Z,34026.6319,price,coindesk,USD,bitcoin,United States Dollar,&#36;
,,2,2023-10-27T16:04:00Z,33962.5247,price,coindesk,USD,bitcoin,United States Dollar,&#36;
,,2,2023-10-27T16:22:00Z,33977.2736,price,coindesk,USD,bitcoin,United States Dollar,&#36;
,,2,2023-10-27T16:34:00Z,33924.136,price,coindesk,USD,bitcoin,United States Dollar,&#36;
,,2,2023-10-27T16:48:00Z,33890.8997,price,coindesk,USD,bitcoin,United States Dollar,&#36;
,,2,2023-10-27T17:04:00Z,33862.5316,price,coindesk,USD,bitcoin,United States Dollar,&#36;
,,2,2023-10-27T17:20:00Z,33735.7733,price,coindesk,USD,bitcoin,United States Dollar,&#36;
,,2,2023-10-27T17:33:00Z,33715.38,price,coindesk,USD,bitcoin,United States Dollar,&#36;
,,2,2023-10-27T17:48:00Z,33730.0356,price,coindesk,USD,bitcoin,United States Dollar,&#36;
,,2,2023-10-27T18:04:00Z,33675.478,price,coindesk,USD,bitcoin,United States Dollar,&#36;
,,2,2023-10-27T18:22:00Z,33583.125,price,coindesk,USD,bitcoin,United States Dollar,&#36;
,,2,2023-10-27T18:33:00Z,33506.0065,price,coindesk,USD,bitcoin,United States Dollar,&#36;
,,2,2023-10-27T18:48:00Z,33607.7755,price,coindesk,USD,bitcoin,United States Dollar,&#36;
,,2,2023-10-27T19:04:00Z,33609.9159,price,coindesk,USD,bitcoin,United States Dollar,&#36;
,,2,2023-10-27T19:18:00Z,33659.5756,price,coindesk,USD,bitcoin,United States Dollar,&#36;
,,2,2023-10-27T19:33:00Z,33649.3055,price,coindesk,USD,bitcoin,United States Dollar,&#36;
,,2,2023-10-27T19:48:00Z,33697.7335,price,coindesk,USD,bitcoin,United States Dollar,&#36;
,,2,2023-10-27T20:04:00Z,33701.3553,price,coindesk,USD,bitcoin,United States Dollar,&#36;
,,2,2023-10-27T20:20:00Z,33758.2124,price,coindesk,USD,bitcoin,United States Dollar,&#36;
,,2,2023-10-27T20:33:00Z,33776.6539,price,coindesk,USD,bitcoin,United States Dollar,&#36;
,,2,2023-10-27T20:48:00Z,33783.4031,price,coindesk,USD,bitcoin,United States Dollar,&#36;
,,2,2023-10-27T21:04:00Z,33832.3306,price,coindesk,USD,bitcoin,United States Dollar,&#36;
,,2,2023-10-27T21:18:00Z,33848.0344,price,coindesk,USD,bitcoin,United States Dollar,&#36;
,,2,2023-10-27T21:33:00Z,33854.2743,price,coindesk,USD,bitcoin,United States Dollar,&#36;
,,2,2023-10-27T21:48:00Z,33845.9257,price,coindesk,USD,bitcoin,United States Dollar,&#36;
,,2,2023-10-27T22:04:00Z,33840.4562,price,coindesk,USD,bitcoin,United States Dollar,&#36;
,,2,2023-10-27T22:20:00Z,33809.3584,price,coindesk,USD,bitcoin,United States Dollar,&#36;
,,2,2023-10-27T22:33:00Z,33844.9485,price,coindesk,USD,bitcoin,United States Dollar,&#36;
,,2,2023-10-27T22:48:00Z,33822.5089,price,coindesk,USD,bitcoin,United States Dollar,&#36;
,,2,2023-10-27T23:04:00Z,33817.2105,price,coindesk,USD,bitcoin,United States Dollar,&#36;
,,2,2023-10-27T23:19:00Z,33846.5941,price,coindesk,USD,bitcoin,United States Dollar,&#36;
,,2,2023-10-27T23:33:00Z,33860.5962,price,coindesk,USD,bitcoin,United States Dollar,&#36;
,,2,2023-10-27T23:48:00Z,33910.5839,price,coindesk,USD,bitcoin,United States Dollar,&#36;
,,2,2023-10-28T00:16:00Z,33896.1177,price,coindesk,USD,bitcoin,United States Dollar,&#36;
,,2,2023-10-28T00:48:00Z,33893.2572,price,coindesk,USD,bitcoin,United States Dollar,&#36;
,,2,2023-10-28T01:23:00Z,33890.2427,price,coindesk,USD,bitcoin,United States Dollar,&#36;
,,2,2023-10-28T01:46:00Z,33890.0234,price,coindesk,USD,bitcoin,United States Dollar,&#36;
,,2,2023-10-28T02:08:00Z,33919.8039,price,coindesk,USD,bitcoin,United States Dollar,&#36;
,,2,2023-10-28T02:21:00Z,33922.7629,price,coindesk,USD,bitcoin,United States Dollar,&#36;
,,2,2023-10-28T02:33:00Z,33926.952,price,coindesk,USD,bitcoin,United States Dollar,&#36;
,,2,2023-10-28T02:48:00Z,33968.9094,price,coindesk,USD,bitcoin,United States Dollar,&#36;
,,2,2023-10-28T03:04:00Z,34066.0604,price,coindesk,USD,bitcoin,United States Dollar,&#36;
,,2,2023-10-28T03:19:00Z,34077.0018,price,coindesk,USD,bitcoin,United States Dollar,&#36;
,,2,2023-10-28T03:33:00Z,34058.9925,price,coindesk,USD,bitcoin,United States Dollar,&#36;
,,2,2023-10-28T03:48:00Z,34059.3412,price,coindesk,USD,bitcoin,United States Dollar,&#36;
,,2,2023-10-28T04:05:00Z,34068.8843,price,coindesk,USD,bitcoin,United States Dollar,&#36;
,,2,2023-10-28T04:21:00Z,34052.7791,price,coindesk,USD,bitcoin,United States Dollar,&#36;
,,2,2023-10-28T04:33:00Z,34060.9689,price,coindesk,USD,bitcoin,United States Dollar,&#36;
,,2,2023-10-28T04:48:00Z,34075.0084,price,coindesk,USD,bitcoin,United States Dollar,&#36;
,,2,2023-10-28T05:04:00Z,34122.0984,price,coindesk,USD,bitcoin,United States Dollar,&#36;
,,2,2023-10-28T05:20:00Z,34158.8157,price,coindesk,USD,bitcoin,United States Dollar,&#36;
,,2,2023-10-28T05:33:00Z,34092.9641,price,coindesk,USD,bitcoin,United States Dollar,&#36;
,,2,2023-10-28T05:48:00Z,34128.0164,price,coindesk,USD,bitcoin,United States Dollar,&#36;
,,2,2023-10-28T06:04:00Z,34114.0668,price,coindesk,USD,bitcoin,United States Dollar,&#36;
,,2,2023-10-28T06:22:00Z,34121.7154,price,coindesk,USD,bitcoin,United States Dollar,&#36;
,,2,2023-10-28T06:33:00Z,34091.7996,price,coindesk,USD,bitcoin,United States Dollar,&#36;
,,2,2023-10-28T06:48:00Z,34102.6914,price,coindesk,USD,bitcoin,United States Dollar,&#36;
,,2,2023-10-28T07:04:00Z,34081.9643,price,coindesk,USD,bitcoin,United States Dollar,&#36;
,,2,2023-10-28T07:18:00Z,34080.5576,price,coindesk,USD,bitcoin,United States Dollar,&#36;
,,2,2023-10-28T07:33:00Z,34089.7902,price,coindesk,USD,bitcoin,United States Dollar,&#36;
,,2,2023-10-28T07:48:00Z,34057.8257,price,coindesk,USD,bitcoin,United States Dollar,&#36;
,,2,2023-10-28T08:04:00Z,34067.467,price,coindesk,USD,bitcoin,United States Dollar,&#36;
,,2,2023-10-28T08:21:00Z,34071.5886,price,coindesk,USD,bitcoin,United States Dollar,&#36;
,,2,2023-10-28T08:33:00Z,34071.3204,price,coindesk,USD,bitcoin,United States Dollar,&#36;
,,2,2023-10-28T08:48:00Z,34107.1852,price,coindesk,USD,bitcoin,United States Dollar,&#36;
,,2,2023-10-28T09:04:00Z,34078.5999,price,coindesk,USD,bitcoin,United States Dollar,&#36;
,,2,2023-10-28T09:18:00Z,34104.438,price,coindesk,USD,bitcoin,United States Dollar,&#36;
,,2,2023-10-28T09:33:00Z,34092.6277,price,coindesk,USD,bitcoin,United States Dollar,&#36;
,,2,2023-10-28T09:48:00Z,34107.7429,price,coindesk,USD,bitcoin,United States Dollar,&#36;
,,2,2023-10-28T10:04:00Z,34110.2277,price,coindesk,USD,bitcoin,United States Dollar,&#36;
,,2,2023-10-28T10:21:00Z,34105.1754,price,coindesk,USD,bitcoin,United States Dollar,&#36;
,,2,2023-10-28T10:33:00Z,34105.7517,price,coindesk,USD,bitcoin,United States Dollar,&#36;
,,2,2023-10-28T10:48:00Z,34097.7751,price,coindesk,USD,bitcoin,United States Dollar,&#36;
,,2,2023-10-28T11:04:00Z,34119.9356,price,coindesk,USD,bitcoin,United States Dollar,&#36;
,,2,2023-10-28T11:18:00Z,34184.7091,price,coindesk,USD,bitcoin,United States Dollar,&#36;
,,2,2023-10-28T11:33:00Z,34360.7161,price,coindesk,USD,bitcoin,United States Dollar,&#36;
,,2,2023-10-28T11:48:00Z,34185.0464,price,coindesk,USD,bitcoin,United States Dollar,&#36;
,,2,2023-10-28T12:05:00Z,34209.2409,price,coindesk,USD,bitcoin,United States Dollar,&#36;
,,2,2023-10-28T12:24:00Z,34180.3285,price,coindesk,USD,bitcoin,United States Dollar,&#36;
,,2,2023-10-28T12:38:00Z,34151.3133,price,coindesk,USD,bitcoin,United States Dollar,&#36;
,,2,2023-10-28T12:50:00Z,34037.7944,price,coindesk,USD,bitcoin,United States Dollar,&#36;
,,2,2023-10-28T13:04:00Z,34019.7389,price,coindesk,USD,bitcoin,United States Dollar,&#36;
,,2,2023-10-28T13:19:00Z,34077.6222,price,coindesk,USD,bitcoin,United States Dollar,&#36;
,,2,2023-10-28T13:33:00Z,34094.895,price,coindesk,USD,bitcoin,United States Dollar,&#36;
,,2,2023-10-28T13:48:00Z,34091.4359,price,coindesk,USD,bitcoin,United States Dollar,&#36;
,,2,2023-10-28T14:04:00Z,34102.1333,price,coindesk,USD,bitcoin,United States Dollar,&#36;
,,2,2023-10-28T14:20:00Z,34126.334,price,coindesk,USD,bitcoin,United States Dollar,&#36;
,,2,2023-10-28T14:33:00Z,34121.7235,price,coindesk,USD,bitcoin,United States Dollar,&#36;
,,2,2023-10-28T14:48:00Z,34093.5099,price,coindesk,USD,bitcoin,United States Dollar,&#36;
,,2,2023-10-28T15:04:00Z,34107.9483,price,coindesk,USD,bitcoin,United States Dollar,&#36;
,,2,2023-10-28T15:19:00Z,34138.9425,price,coindesk,USD,bitcoin,United States Dollar,&#36;
,,2,2023-10-28T15:33:00Z,34153.9035,price,coindesk,USD,bitcoin,United States Dollar,&#36;
,,2,2023-10-28T15:48:00Z,34191.784,price,coindesk,USD,bitcoin,United States Dollar,&#36;
,,2,2023-10-28T16:04:00Z,34188.9398,price,coindesk,USD,bitcoin,United States Dollar,&#36;
,,2,2023-10-28T16:22:00Z,34139.9139,price,coindesk,USD,bitcoin,United States Dollar,&#36;
,,2,2023-10-28T16:33:00Z,34163.7142,price,coindesk,USD,bitcoin,United States Dollar,&#36;
,,2,2023-10-28T16:48:00Z,34143.9414,price,coindesk,USD,bitcoin,United States Dollar,&#36;
,,2,2023-10-28T17:04:00Z,34136.1135,price,coindesk,USD,bitcoin,United States Dollar,&#36;
,,2,2023-10-28T17:20:00Z,34142.1238,price,coindesk,USD,bitcoin,United States Dollar,&#36;
,,2,2023-10-28T17:34:00Z,34147.4414,price,coindesk,USD,bitcoin,United States Dollar,&#36;
,,2,2023-10-28T17:48:00Z,34119.3379,price,coindesk,USD,bitcoin,United States Dollar,&#36;
,,2,2023-10-28T18:04:00Z,34131.5217,price,coindesk,USD,bitcoin,United States Dollar,&#36;
,,2,2023-10-28T18:21:00Z,34118.6537,price,coindesk,USD,bitcoin,United States Dollar,&#36;
,,2,2023-10-28T18:33:00Z,34104.5685,price,coindesk,USD,bitcoin,United States Dollar,&#36;
,,2,2023-10-28T18:48:00Z,34157.7257,price,coindesk,USD,bitcoin,United States Dollar,&#36;
,,2,2023-10-28T19:04:00Z,34174.7705,price,coindesk,USD,bitcoin,United States Dollar,&#36;
,,2,2023-10-28T19:18:00Z,34162.8324,price,coindesk,USD,bitcoin,United States Dollar,&#36;
,,2,2023-10-28T19:33:00Z,34157.4767,price,coindesk,USD,bitcoin,United States Dollar,&#36;
,,2,2023-10-28T19:48:00Z,34147.9851,price,coindesk,USD,bitcoin,United States Dollar,&#36;
,,2,2023-10-28T20:04:00Z,34134.8858,price,coindesk,USD,bitcoin,United States Dollar,&#36;
,,2,2023-10-28T20:19:00Z,34141.5885,price,coindesk,USD,bitcoin,United States Dollar,&#36;
,,2,2023-10-28T20:33:00Z,34126.0173,price,coindesk,USD,bitcoin,United States Dollar,&#36;
,,2,2023-10-28T20:48:00Z,34133.1375,price,coindesk,USD,bitcoin,United States Dollar,&#36;
,,2,2023-10-28T21:04:00Z,34158.0751,price,coindesk,USD,bitcoin,United States Dollar,&#36;
,,2,2023-10-28T21:18:00Z,34205.4082,price,coindesk,USD,bitcoin,United States Dollar,&#36;
,,2,2023-10-28T21:33:00Z,34192.7752,price,coindesk,USD,bitcoin,United States Dollar,&#36;
,,2,2023-10-28T21:48:00Z,34197.9566,price,coindesk,USD,bitcoin,United States Dollar,&#36;
,,2,2023-10-28T22:04:00Z,34187.7189,price,coindesk,USD,bitcoin,United States Dollar,&#36;
,,2,2023-10-28T22:20:00Z,34164.7462,price,coindesk,USD,bitcoin,United States Dollar,&#36;
,,2,2023-10-28T22:33:00Z,34120.4558,price,coindesk,USD,bitcoin,United States Dollar,&#36;
,,2,2023-10-28T22:48:00Z,34128.1787,price,coindesk,USD,bitcoin,United States Dollar,&#36;
,,2,2023-10-28T23:04:00Z,34127.2746,price,coindesk,USD,bitcoin,United States Dollar,&#36;
,,2,2023-10-28T23:19:00Z,34093.447,price,coindesk,USD,bitcoin,United States Dollar,&#36;
,,2,2023-10-28T23:33:00Z,34088.3641,price,coindesk,USD,bitcoin,United States Dollar,&#36;
,,2,2023-10-28T23:48:00Z,34101.7019,price,coindesk,USD,bitcoin,United States Dollar,&#36;
,,2,2023-10-29T00:18:00Z,34088.2098,price,coindesk,USD,bitcoin,United States Dollar,&#36;
,,2,2023-10-29T00:48:00Z,34107.8229,price,coindesk,USD,bitcoin,United States Dollar,&#36;
,,2,2023-10-29T01:28:00Z,34004.6455,price,coindesk,USD,bitcoin,United States Dollar,&#36;
,,2,2023-10-29T01:52:00Z,34024.2721,price,coindesk,USD,bitcoin,United States Dollar,&#36;
,,2,2023-10-29T02:11:00Z,34018.9186,price,coindesk,USD,bitcoin,United States Dollar,&#36;
,,2,2023-10-29T02:25:00Z,34011.4303,price,coindesk,USD,bitcoin,United States Dollar,&#36;
,,2,2023-10-29T02:33:00Z,34017.7636,price,coindesk,USD,bitcoin,United States Dollar,&#36;
,,2,2023-10-29T02:48:00Z,34018.8335,price,coindesk,USD,bitcoin,United States Dollar,&#36;
,,2,2023-10-29T03:04:00Z,34032.7229,price,coindesk,USD,bitcoin,United States Dollar,&#36;
,,2,2023-10-29T03:19:00Z,34012.7215,price,coindesk,USD,bitcoin,United States Dollar,&#36;
,,2,2023-10-29T03:33:00Z,34011.1046,price,coindesk,USD,bitcoin,United States Dollar,&#36;
,,2,2023-10-29T03:48:00Z,34011.8814,price,coindesk,USD,bitcoin,United States Dollar,&#36;
,,2,2023-10-29T04:04:00Z,33962.8725,price,coindesk,USD,bitcoin,United States Dollar,&#36;
,,2,2023-10-29T04:21:00Z,34029.46,price,coindesk,USD,bitcoin,United States Dollar,&#36;
,,2,2023-10-29T04:33:00Z,34024.2579,price,coindesk,USD,bitcoin,United States Dollar,&#36;
,,2,2023-10-29T04:48:00Z,34059.8052,price,coindesk,USD,bitcoin,United States Dollar,&#36;
,,2,2023-10-29T05:04:00Z,34022.5056,price,coindesk,USD,bitcoin,United States Dollar,&#36;
,,2,2023-10-29T05:20:00Z,34037.8639,price,coindesk,USD,bitcoin,United States Dollar,&#36;
,,2,2023-10-29T05:33:00Z,34025.2425,price,coindesk,USD,bitcoin,United States Dollar,&#36;
,,2,2023-10-29T05:48:00Z,34044.2125,price,coindesk,USD,bitcoin,United States Dollar,&#36;
,,2,2023-10-29T06:04:00Z,34031.3307,price,coindesk,USD,bitcoin,United States Dollar,&#36;
,,2,2023-10-29T06:22:00Z,34063.8075,price,coindesk,USD,bitcoin,United States Dollar,&#36;
,,2,2023-10-29T06:33:00Z,34075.4532,price,coindesk,USD,bitcoin,United States Dollar,&#36;
,,2,2023-10-29T06:48:00Z,34130.836,price,coindesk,USD,bitcoin,United States Dollar,&#36;
,,2,2023-10-29T07:04:00Z,34106.9166,price,coindesk,USD,bitcoin,United States Dollar,&#36;
,,2,2023-10-29T07:18:00Z,34082.54,price,coindesk,USD,bitcoin,United States Dollar,&#36;
,,2,2023-10-29T07:33:00Z,34101.0151,price,coindesk,USD,bitcoin,United States Dollar,&#36;
,,2,2023-10-29T07:48:00Z,34105.5491,price,coindesk,USD,bitcoin,United States Dollar,&#36;
,,2,2023-10-29T08:04:00Z,34112.5632,price,coindesk,USD,bitcoin,United States Dollar,&#36;
,,2,2023-10-29T08:21:00Z,34157.4479,price,coindesk,USD,bitcoin,United States Dollar,&#36;
,,2,2023-10-29T08:33:00Z,34147.5037,price,coindesk,USD,bitcoin,United States Dollar,&#36;
,,2,2023-10-29T08:47:00Z,34178.2744,price,coindesk,USD,bitcoin,United States Dollar,&#36;
,,2,2023-10-29T09:04:00Z,34238.1233,price,coindesk,USD,bitcoin,United States Dollar,&#36;
,,2,2023-10-29T09:18:00Z,34205.9884,price,coindesk,USD,bitcoin,United States Dollar,&#36;
,,2,2023-10-29T09:33:00Z,34274.3042,price,coindesk,USD,bitcoin,United States Dollar,&#36;
,,2,2023-10-29T09:48:00Z,34265.2297,price,coindesk,USD,bitcoin,United States Dollar,&#36;
,,2,2023-10-29T10:04:00Z,34217.4905,price,coindesk,USD,bitcoin,United States Dollar,&#36;
,,2,2023-10-29T10:21:00Z,34210.9177,price,coindesk,USD,bitcoin,United States Dollar,&#36;
,,2,2023-10-29T10:33:00Z,34207.201,price,coindesk,USD,bitcoin,United States Dollar,&#36;
,,2,2023-10-29T10:48:00Z,34195.6156,price,coindesk,USD,bitcoin,United States Dollar,&#36;
,,2,2023-10-29T11:04:00Z,34199.9236,price,coindesk,USD,bitcoin,United States Dollar,&#36;
,,2,2023-10-29T11:18:00Z,34242.0889,price,coindesk,USD,bitcoin,United States Dollar,&#36;
,,2,2023-10-29T11:33:00Z,34317.7894,price,coindesk,USD,bitcoin,United States Dollar,&#36;
,,2,2023-10-29T11:48:00Z,34295.5668,price,coindesk,USD,bitcoin,United States Dollar,&#36;
,,2,2023-10-29T12:05:00Z,34302.5408,price,coindesk,USD,bitcoin,United States Dollar,&#36;
,,2,2023-10-29T12:24:00Z,34347.6301,price,coindesk,USD,bitcoin,United States Dollar,&#36;
,,2,2023-10-29T12:38:00Z,34355.7298,price,coindesk,USD,bitcoin,United States Dollar,&#36;
,,2,2023-10-29T12:51:00Z,34432.7057,price,coindesk,USD,bitcoin,United States Dollar,&#36;
,,2,2023-10-29T13:04:00Z,34410.1459,price,coindesk,USD,bitcoin,United States Dollar,&#36;
,,2,2023-10-29T13:20:00Z,34382.8024,price,coindesk,USD,bitcoin,United States Dollar,&#36;
,,2,2023-10-29T13:33:00Z,34417.5977,price,coindesk,USD,bitcoin,United States Dollar,&#36;
,,2,2023-10-29T13:48:00Z,34382.9924,price,coindesk,USD,bitcoin,United States Dollar,&#36;
,,2,2023-10-29T14:04:00Z,34393.4971,price,coindesk,USD,bitcoin,United States Dollar,&#36;
,,2,2023-10-29T14:20:00Z,34421.1256,price,coindesk,USD,bitcoin,United States Dollar,&#36;
,,2,2023-10-29T14:33:00Z,34464.934,price,coindesk,USD,bitcoin,United States Dollar,&#36;
,,2,2023-10-29T14:48:00Z,34479.0206,price,coindesk,USD,bitcoin,United States Dollar,&#36;
,,2,2023-10-29T15:04:00Z,34548.2075,price,coindesk,USD,bitcoin,United States Dollar,&#36;
,,2,2023-10-29T15:19:00Z,34559.9201,price,coindesk,USD,bitcoin,United States Dollar,&#36;
,,2,2023-10-29T15:33:00Z,34482.2829,price,coindesk,USD,bitcoin,United States Dollar,&#36;
,,2,2023-10-29T15:48:00Z,34507.7764,price,coindesk,USD,bitcoin,United States Dollar,&#36;
,,2,2023-10-29T16:04:00Z,34457.9731,price,coindesk,USD,bitcoin,United States Dollar,&#36;
,,2,2023-10-29T16:22:00Z,34421.1727,price,coindesk,USD,bitcoin,United States Dollar,&#36;
,,2,2023-10-29T16:33:00Z,34415.5096,price,coindesk,USD,bitcoin,United States Dollar,&#36;
,,2,2023-10-29T16:48:00Z,34416.6535,price,coindesk,USD,bitcoin,United States Dollar,&#36;
,,2,2023-10-29T17:04:00Z,34405.8801,price,coindesk,USD,bitcoin,United States Dollar,&#36;
,,2,2023-10-29T17:20:00Z,34454.7987,price,coindesk,USD,bitcoin,United States Dollar,&#36;
,,2,2023-10-29T17:33:00Z,34490.2146,price,coindesk,USD,bitcoin,United States Dollar,&#36;
,,2,2023-10-29T17:48:00Z,34720.8157,price,coindesk,USD,bitcoin,United States Dollar,&#36;
,,2,2023-10-29T18:04:00Z,34643.1161,price,coindesk,USD,bitcoin,United States Dollar,&#36;
,,2,2023-10-29T18:21:00Z,34748.8254,price,coindesk,USD,bitcoin,United States Dollar,&#36;
,,2,2023-10-29T18:33:00Z,34708.3472,price,coindesk,USD,bitcoin,United States Dollar,&#36;
,,2,2023-10-29T18:48:00Z,34699.7668,price,coindesk,USD,bitcoin,United States Dollar,&#36;
,,2,2023-10-29T19:04:00Z,34641.8443,price,coindesk,USD,bitcoin,United States Dollar,&#36;
,,2,2023-10-29T19:17:00Z,34645.9994,price,coindesk,USD,bitcoin,United States Dollar,&#36;
,,2,2023-10-29T19:33:00Z,34593.9219,price,coindesk,USD,bitcoin,United States Dollar,&#36;
,,2,2023-10-29T19:48:00Z,34623.8381,price,coindesk,USD,bitcoin,United States Dollar,&#36;
,,2,2023-10-29T20:04:00Z,34624.3243,price,coindesk,USD,bitcoin,United States Dollar,&#36;
,,2,2023-10-29T20:19:00Z,34614.62,price,coindesk,USD,bitcoin,United States Dollar,&#36;
,,2,2023-10-29T20:33:00Z,34585.1206,price,coindesk,USD,bitcoin,United States Dollar,&#36;
,,2,2023-10-29T20:48:00Z,34622.1387,price,coindesk,USD,bitcoin,United States Dollar,&#36;
,,2,2023-10-29T21:04:00Z,34591.4965,price,coindesk,USD,bitcoin,United States Dollar,&#36;
,,2,2023-10-29T21:18:00Z,34655.1328,price,coindesk,USD,bitcoin,United States Dollar,&#36;
,,2,2023-10-29T21:33:00Z,34627.4834,price,coindesk,USD,bitcoin,United States Dollar,&#36;
,,2,2023-10-29T21:48:00Z,34600.5358,price,coindesk,USD,bitcoin,United States Dollar,&#36;
,,2,2023-10-29T22:04:00Z,34554.7734,price,coindesk,USD,bitcoin,United States Dollar,&#36;
,,2,2023-10-29T22:20:00Z,34622.8271,price,coindesk,USD,bitcoin,United States Dollar,&#36;
,,2,2023-10-29T22:33:00Z,34651.2153,price,coindesk,USD,bitcoin,United States Dollar,&#36;
,,2,2023-10-29T22:48:00Z,34675.6479,price,coindesk,USD,bitcoin,United States Dollar,&#36;
,,2,2023-10-29T23:04:00Z,34697.2008,price,coindesk,USD,bitcoin,United States Dollar,&#36;
,,2,2023-10-29T23:19:00Z,34654.8867,price,coindesk,USD,bitcoin,United States Dollar,&#36;
,,2,2023-10-29T23:33:00Z,34606.818,price,coindesk,USD,bitcoin,United States Dollar,&#36;
,,2,2023-10-29T23:48:00Z,34544.5897,price,coindesk,USD,bitcoin,United States Dollar,&#36;
,,2,2023-10-30T00:17:00Z,34560.9553,price,coindesk,USD,bitcoin,United States Dollar,&#36;
,,2,2023-10-30T00:48:00Z,34487.047,price,coindesk,USD,bitcoin,United States Dollar,&#36;
,,2,2023-10-30T01:26:00Z,34517.2271,price,coindesk,USD,bitcoin,United States Dollar,&#36;
,,2,2023-10-30T01:49:00Z,34497.8449,price,coindesk,USD,bitcoin,United States Dollar,&#36;
,,2,2023-10-30T02:11:00Z,34316.4542,price,coindesk,USD,bitcoin,United States Dollar,&#36;
,,2,2023-10-30T02:24:00Z,34265.9614,price,coindesk,USD,bitcoin,United States Dollar,&#36;
,,2,2023-10-30T02:34:00Z,34266.5321,price,coindesk,USD,bitcoin,United States Dollar,&#36;
,,2,2023-10-30T02:47:00Z,34296.6666,price,coindesk,USD,bitcoin,United States Dollar,&#36;
,,2,2023-10-30T03:04:00Z,34303.4143,price,coindesk,USD,bitcoin,United States Dollar,&#36;
,,2,2023-10-30T03:20:00Z,34272.6173,price,coindesk,USD,bitcoin,United States Dollar,&#36;
,,2,2023-10-30T03:33:00Z,34254.9201,price,coindesk,USD,bitcoin,United States Dollar,&#36;
,,2,2023-10-30T03:48:00Z,34296.454,price,coindesk,USD,bitcoin,United States Dollar,&#36;
,,2,2023-10-30T04:04:00Z,34258.5833,price,coindesk,USD,bitcoin,United States Dollar,&#36;
,,2,2023-10-30T04:22:00Z,34306.1173,price,coindesk,USD,bitcoin,United States Dollar,&#36;
,,2,2023-10-30T04:33:00Z,34311.392,price,coindesk,USD,bitcoin,United States Dollar,&#36;
,,2,2023-10-30T04:48:00Z,34329.1468,price,coindesk,USD,bitcoin,United States Dollar,&#36;
,,2,2023-10-30T05:04:00Z,34327.7233,price,coindesk,USD,bitcoin,United States Dollar,&#36;
,,2,2023-10-30T05:21:00Z,34281.0187,price,coindesk,USD,bitcoin,United States Dollar,&#36;
,,2,2023-10-30T05:33:00Z,34290.3655,price,coindesk,USD,bitcoin,United States Dollar,&#36;
,,2,2023-10-30T05:48:00Z,34270.2341,price,coindesk,USD,bitcoin,United States Dollar,&#36;
,,2,2023-10-30T06:05:00Z,34257.9676,price,coindesk,USD,bitcoin,United States Dollar,&#36;
,,2,2023-10-30T06:23:00Z,34306.9625,price,coindesk,USD,bitcoin,United States Dollar,&#36;
,,2,2023-10-30T06:33:00Z,34277.639,price,coindesk,USD,bitcoin,United States Dollar,&#36;
,,2,2023-10-30T06:48:00Z,34304.4267,price,coindesk,USD,bitcoin,United States Dollar,&#36;
,,2,2023-10-30T07:04:00Z,34306.1781,price,coindesk,USD,bitcoin,United States Dollar,&#36;
,,2,2023-10-30T07:19:00Z,34279.4817,price,coindesk,USD,bitcoin,United States Dollar,&#36;
,,2,2023-10-30T07:33:00Z,34198.6891,price,coindesk,USD,bitcoin,United States Dollar,&#36;
,,2,2023-10-30T07:48:00Z,34213.9969,price,coindesk,USD,bitcoin,United States Dollar,&#36;
,,2,2023-10-30T08:05:00Z,34207.1802,price,coindesk,USD,bitcoin,United States Dollar,&#36;
,,2,2023-10-30T08:22:00Z,34236.1786,price,coindesk,USD,bitcoin,United States Dollar,&#36;
,,2,2023-10-30T08:33:00Z,34212.1426,price,coindesk,USD,bitcoin,United States Dollar,&#36;
,,2,2023-10-30T08:48:00Z,34357.9057,price,coindesk,USD,bitcoin,United States Dollar,&#36;
,,2,2023-10-30T09:04:00Z,34369.61,price,coindesk,USD,bitcoin,United States Dollar,&#36;
,,2,2023-10-30T09:20:00Z,34487.1111,price,coindesk,USD,bitcoin,United States Dollar,&#36;
,,2,2023-10-30T09:33:00Z,34579.0176,price,coindesk,USD,bitcoin,United States Dollar,&#36;
,,2,2023-10-30T09:48:00Z,34503.0576,price,coindesk,USD,bitcoin,United States Dollar,&#36;
,,2,2023-10-30T10:04:00Z,34496.6418,price,coindesk,USD,bitcoin,United States Dollar,&#36;
,,2,2023-10-30T10:22:00Z,34421.4983,price,coindesk,USD,bitcoin,United States Dollar,&#36;
,,2,2023-10-30T10:33:00Z,34407.9648,price,coindesk,USD,bitcoin,United States Dollar,&#36;
,,2,2023-10-30T10:48:00Z,34411.3595,price,coindesk,USD,bitcoin,United States Dollar,&#36;
,,2,2023-10-30T11:04:00Z,34433.7185,price,coindesk,USD,bitcoin,United States Dollar,&#36;
,,2,2023-10-30T11:18:00Z,34440.0674,price,coindesk,USD,bitcoin,United States Dollar,&#36;
,,2,2023-10-30T11:33:00Z,34435.6905,price,coindesk,USD,bitcoin,United States Dollar,&#36;
,,2,2023-10-30T11:48:00Z,34421.9507,price,coindesk,USD,bitcoin,United States Dollar,&#36;
,,2,2023-10-30T12:06:00Z,34422.5193,price,coindesk,USD,bitcoin,United States Dollar,&#36;
,,2,2023-10-30T12:24:00Z,34694.2896,price,coindesk,USD,bitcoin,United States Dollar,&#36;
,,2,2023-10-30T12:40:00Z,34694.1878,price,coindesk,USD,bitcoin,United States Dollar,&#36;
,,2,2023-10-30T12:52:00Z,34434.4126,price,coindesk,USD,bitcoin,United States Dollar,&#36;
,,2,2023-10-30T13:05:00Z,34421.613,price,coindesk,USD,bitcoin,United States Dollar,&#36;
,,2,2023-10-30T13:21:00Z,34427.5141,price,coindesk,USD,bitcoin,United States Dollar,&#36;
,,2,2023-10-30T13:33:00Z,34423.015,price,coindesk,USD,bitcoin,United States Dollar,&#36;
,,2,2023-10-30T13:48:00Z,34419.1718,price,coindesk,USD,bitcoin,United States Dollar,&#36;
,,2,2023-10-30T14:04:00Z,34441.5065,price,coindesk,USD,bitcoin,United States Dollar,&#36;
,,2,2023-10-30T14:21:00Z,34773.8571,price,coindesk,USD,bitcoin,United States Dollar,&#36;
,,2,2023-10-30T14:33:00Z,34647.8132,price,coindesk,USD,bitcoin,United States Dollar,&#36;
,,2,2023-10-30T14:48:00Z,34608.7316,price,coindesk,USD,bitcoin,United States Dollar,&#36;
,,2,2023-10-30T15:04:00Z,34658.026,price,coindesk,USD,bitcoin,United States Dollar,&#36;
,,2,2023-10-30T15:20:00Z,34731.6595,price,coindesk,USD,bitcoin,United States Dollar,&#36;
,,2,2023-10-30T15:33:00Z,34657.3558,price,coindesk,USD,bitcoin,United States Dollar,&#36;
,,2,2023-10-30T15:48:00Z,34670.1913,price,coindesk,USD,bitcoin,United States Dollar,&#36;
,,2,2023-10-30T16:04:00Z,34604.2286,price,coindesk,USD,bitcoin,United States Dollar,&#36;
,,2,2023-10-30T16:23:00Z,34524.9559,price,coindesk,USD,bitcoin,United States Dollar,&#36;
,,2,2023-10-30T16:35:00Z,34526.347,price,coindesk,USD,bitcoin,United States Dollar,&#36;
,,2,2023-10-30T16:48:00Z,34455.9372,price,coindesk,USD,bitcoin,United States Dollar,&#36;
,,2,2023-10-30T17:04:00Z,34489.168,price,coindesk,USD,bitcoin,United States Dollar,&#36;
,,2,2023-10-30T17:20:00Z,34158.0512,price,coindesk,USD,bitcoin,United States Dollar,&#36;
,,2,2023-10-30T17:33:00Z,34274.3189,price,coindesk,USD,bitcoin,United States Dollar,&#36;
,,2,2023-10-30T17:48:00Z,34347.1951,price,coindesk,USD,bitcoin,United States Dollar,&#36;
,,2,2023-10-30T18:05:00Z,34349.5731,price,coindesk,USD,bitcoin,United States Dollar,&#36;
,,2,2023-10-30T18:23:00Z,34306.752,price,coindesk,USD,bitcoin,United States Dollar,&#36;
,,2,2023-10-30T18:33:00Z,34320.1151,price,coindesk,USD,bitcoin,United States Dollar,&#36;
,,2,2023-10-30T18:48:00Z,34338.9278,price,coindesk,USD,bitcoin,United States Dollar,&#36;
,,2,2023-10-30T19:04:00Z,34324.5506,price,coindesk,USD,bitcoin,United States Dollar,&#36;
,,2,2023-10-30T19:18:00Z,34348.037,price,coindesk,USD,bitcoin,United States Dollar,&#36;
,,2,2023-10-30T19:33:00Z,34410.3434,price,coindesk,USD,bitcoin,United States Dollar,&#36;
,,2,2023-10-30T19:48:00Z,34408.8021,price,coindesk,USD,bitcoin,United States Dollar,&#36;
,,2,2023-10-30T20:20:00Z,34372.5122,price,coindesk,USD,bitcoin,United States Dollar,&#36;
,,2,2023-10-30T20:33:00Z,34391.6262,price,coindesk,USD,bitcoin,United States Dollar,&#36;
,,2,2023-10-30T20:48:00Z,34427.462,price,coindesk,USD,bitcoin,United States Dollar,&#36;
,,2,2023-10-30T21:04:00Z,34453.9205,price,coindesk,USD,bitcoin,United States Dollar,&#36;
,,2,2023-10-30T21:19:00Z,34423.38,price,coindesk,USD,bitcoin,United States Dollar,&#36;
,,2,2023-10-30T21:33:00Z,34505.3619,price,coindesk,USD,bitcoin,United States Dollar,&#36;
,,2,2023-10-30T21:48:00Z,34555.5984,price,coindesk,USD,bitcoin,United States Dollar,&#36;
,,2,2023-10-30T22:04:00Z,34521.139,price,coindesk,USD,bitcoin,United States Dollar,&#36;
,,2,2023-10-30T22:20:00Z,34489.2475,price,coindesk,USD,bitcoin,United States Dollar,&#36;
,,2,2023-10-30T22:33:00Z,34475.0506,price,coindesk,USD,bitcoin,United States Dollar,&#36;
,,2,2023-10-30T22:48:00Z,34493.4928,price,coindesk,USD,bitcoin,United States Dollar,&#36;
,,2,2023-10-30T23:04:00Z,34482.628,price,coindesk,USD,bitcoin,United States Dollar,&#36;
,,2,2023-10-30T23:19:00Z,34522.1485,price,coindesk,USD,bitcoin,United States Dollar,&#36;
,,2,2023-10-30T23:33:00Z,34485.9943,price,coindesk,USD,bitcoin,United States Dollar,&#36;
,,2,2023-10-30T23:48:00Z,34513.0762,price,coindesk,USD,bitcoin,United States Dollar,&#36;
,,2,2023-10-31T00:17:00Z,34561.444,price,coindesk,USD,bitcoin,United States Dollar,&#36;
,,2,2023-10-31T00:48:00Z,34581.5857,price,coindesk,USD,bitcoin,United States Dollar,&#36;
,,2,2023-10-31T01:26:00Z,34451.9937,price,coindesk,USD,bitcoin,United States Dollar,&#36;
,,2,2023-10-31T01:49:00Z,34479.3204,price,coindesk,USD,bitcoin,United States Dollar,&#36;
,,2,2023-10-31T02:11:00Z,34445.0576,price,coindesk,USD,bitcoin,United States Dollar,&#36;
,,2,2023-10-31T02:24:00Z,34404.4712,price,coindesk,USD,bitcoin,United States Dollar,&#36;
,,2,2023-10-31T02:33:00Z,34381.5726,price,coindesk,USD,bitcoin,United States Dollar,&#36;
,,2,2023-10-31T02:48:00Z,34327.6879,price,coindesk,USD,bitcoin,United States Dollar,&#36;
,,2,2023-10-31T03:04:00Z,34394.7556,price,coindesk,USD,bitcoin,United States Dollar,&#36;
,,2,2023-10-31T03:20:00Z,34343.3321,price,coindesk,USD,bitcoin,United States Dollar,&#36;
,,2,2023-10-31T03:33:00Z,34334.7564,price,coindesk,USD,bitcoin,United States Dollar,&#36;
,,2,2023-10-31T03:49:00Z,34282.5402,price,coindesk,USD,bitcoin,United States Dollar,&#36;
,,2,2023-10-31T04:04:00Z,34238.9406,price,coindesk,USD,bitcoin,United States Dollar,&#36;
,,2,2023-10-31T04:22:00Z,34264.4652,price,coindesk,USD,bitcoin,United States Dollar,&#36;
,,2,2023-10-31T04:33:00Z,34296.2244,price,coindesk,USD,bitcoin,United States Dollar,&#36;
,,2,2023-10-31T04:48:00Z,34274.1075,price,coindesk,USD,bitcoin,United States Dollar,&#36;
,,2,2023-10-31T05:04:00Z,34256.4197,price,coindesk,USD,bitcoin,United States Dollar,&#36;
,,2,2023-10-31T05:21:00Z,34239.077,price,coindesk,USD,bitcoin,United States Dollar,&#36;
,,2,2023-10-31T05:33:00Z,34322.7899,price,coindesk,USD,bitcoin,United States Dollar,&#36;
,,2,2023-10-31T05:48:00Z,34317.5154,price,coindesk,USD,bitcoin,United States Dollar,&#36;
,,2,2023-10-31T06:05:00Z,34296.2484,price,coindesk,USD,bitcoin,United States Dollar,&#36;
,,2,2023-10-31T06:23:00Z,34317.8152,price,coindesk,USD,bitcoin,United States Dollar,&#36;
,,2,2023-10-31T06:33:00Z,34218.4277,price,coindesk,USD,bitcoin,United States Dollar,&#36;
,,2,2023-10-31T06:48:00Z,34293.5365,price,coindesk,USD,bitcoin,United States Dollar,&#36;
,,2,2023-10-31T07:04:00Z,34280.2326,price,coindesk,USD,bitcoin,United States Dollar,&#36;
,,2,2023-10-31T07:18:00Z,34282.091,price,coindesk,USD,bitcoin,United States Dollar,&#36;
,,2,2023-10-31T07:33:00Z,34145.9633,price,coindesk,USD,bitcoin,United States Dollar,&#36;
,,2,2023-10-31T07:48:00Z,34167.1504,price,coindesk,USD,bitcoin,United States Dollar,&#36;
,,2,2023-10-31T08:05:00Z,34100.7563,price,coindesk,USD,bitcoin,United States Dollar,&#36;
,,2,2023-10-31T08:22:00Z,34237.0051,price,coindesk,USD,bitcoin,United States Dollar,&#36;
,,2,2023-10-31T08:33:00Z,34296.0759,price,coindesk,USD,bitcoin,United States Dollar,&#36;
,,2,2023-10-31T08:48:00Z,34381.9913,price,coindesk,USD,bitcoin,United States Dollar,&#36;
,,2,2023-10-31T09:04:00Z,34376.2947,price,coindesk,USD,bitcoin,United States Dollar,&#36;
,,2,2023-10-31T09:19:00Z,34368.0261,price,coindesk,USD,bitcoin,United States Dollar,&#36;
,,2,2023-10-31T09:33:00Z,34375.3626,price,coindesk,USD,bitcoin,United States Dollar,&#36;
,,2,2023-10-31T09:48:00Z,34398.9403,price,coindesk,USD,bitcoin,United States Dollar,&#36;
,,2,2023-10-31T10:04:00Z,34443.7861,price,coindesk,USD,bitcoin,United States Dollar,&#36;
,,2,2023-10-31T10:22:00Z,34375.2347,price,coindesk,USD,bitcoin,United States Dollar,&#36;
,,2,2023-10-31T10:34:00Z,34400.289,price,coindesk,USD,bitcoin,United States Dollar,&#36;
,,2,2023-10-31T10:48:00Z,34425.786,price,coindesk,USD,bitcoin,United States Dollar,&#36;
,,2,2023-10-31T11:04:00Z,34478.7352,price,coindesk,USD,bitcoin,United States Dollar,&#36;
,,2,2023-10-31T11:18:00Z,34456.3299,price,coindesk,USD,bitcoin,United States Dollar,&#36;
,,2,2023-10-31T11:33:00Z,34500.7146,price,coindesk,USD,bitcoin,United States Dollar,&#36;
,,2,2023-10-31T11:48:00Z,34536.0766,price,coindesk,USD,bitcoin,United States Dollar,&#36;
,,2,2023-10-31T12:06:00Z,34523.3454,price,coindesk,USD,bitcoin,United States Dollar,&#36;
,,2,2023-10-31T12:24:00Z,34380.9104,price,coindesk,USD,bitcoin,United States Dollar,&#36;
,,2,2023-10-31T12:40:00Z,34447.9883,price,coindesk,USD,bitcoin,United States Dollar,&#36;
,,2,2023-10-31T12:52:00Z,34379.2166,price,coindesk,USD,bitcoin,United States Dollar,&#36;
,,2,2023-10-31T13:05:00Z,34358.755,price,coindesk,USD,bitcoin,United States Dollar,&#36;
,,2,2023-10-31T13:21:00Z,34395.6522,price,coindesk,USD,bitcoin,United States Dollar,&#36;
,,2,2023-10-31T13:33:00Z,34386.0173,price,coindesk,USD,bitcoin,United States Dollar,&#36;
,,2,2023-10-31T13:48:00Z,34335.7241,price,coindesk,USD,bitcoin,United States Dollar,&#36;
,,2,2023-10-31T14:04:00Z,34238.1372,price,coindesk,USD,bitcoin,United States Dollar,&#36;
,,2,2023-10-31T14:21:00Z,34390.0768,price,coindesk,USD,bitcoin,United States Dollar,&#36;
,,2,2023-10-31T14:33:00Z,34313.7893,price,coindesk,USD,bitcoin,United States Dollar,&#36;
,,2,2023-10-31T14:48:00Z,34336.8456,price,coindesk,USD,bitcoin,United States Dollar,&#36;
,,2,2023-10-31T15:04:00Z,34352.3011,price,coindesk,USD,bitcoin,United States Dollar,&#36;
,,2,2023-10-31T15:20:00Z,34262.3923,price,coindesk,USD,bitcoin,United States Dollar,&#36;
,,2,2023-10-31T15:33:00Z,34350.3056,price,coindesk,USD,bitcoin,United States Dollar,&#36;
,,2,2023-10-31T15:48:00Z,34261.0605,price,coindesk,USD,bitcoin,United States Dollar,&#36;
,,2,2023-10-31T16:05:00Z,34311.7195,price,coindesk,USD,bitcoin,United States Dollar,&#36;
,,2,2023-10-31T16:23:00Z,34382.6489,price,coindesk,USD,bitcoin,United States Dollar,&#36;
,,2,2023-10-31T16:35:00Z,34399.9616,price,coindesk,USD,bitcoin,United States Dollar,&#36;
,,2,2023-10-31T16:48:00Z,34526.8048,price,coindesk,USD,bitcoin,United States Dollar,&#36;
,,2,2023-10-31T17:04:00Z,34402.209,price,coindesk,USD,bitcoin,United States Dollar,&#36;
,,2,2023-10-31T17:20:00Z,34392.2431,price,coindesk,USD,bitcoin,United States Dollar,&#36;
,,2,2023-10-31T17:33:00Z,34379.1456,price,coindesk,USD,bitcoin,United States Dollar,&#36;
,,2,2023-10-31T17:48:00Z,34371.9061,price,coindesk,USD,bitcoin,United States Dollar,&#36;
,,2,2023-10-31T18:04:00Z,34397.5901,price,coindesk,USD,bitcoin,United States Dollar,&#36;
,,2,2023-10-31T18:23:00Z,34398.4434,price,coindesk,USD,bitcoin,United States Dollar,&#36;
,,2,2023-10-31T18:33:00Z,34348.3836,price,coindesk,USD,bitcoin,United States Dollar,&#36;
,,2,2023-10-31T18:48:00Z,34374.5891,price,coindesk,USD,bitcoin,United States Dollar,&#36;
,,2,2023-10-31T19:04:00Z,34514.8637,price,coindesk,USD,bitcoin,United States Dollar,&#36;
,,2,2023-10-31T19:18:00Z,34513.8137,price,coindesk,USD,bitcoin,United States Dollar,&#36;
,,2,2023-10-31T19:33:00Z,34502.3053,price,coindesk,USD,bitcoin,United States Dollar,&#36;
,,2,2023-10-31T19:48:00Z,34461.72,price,coindesk,USD,bitcoin,United States Dollar,&#36;
,,2,2023-10-31T20:04:00Z,34563.0589,price,coindesk,USD,bitcoin,United States Dollar,&#36;
,,2,2023-10-31T20:20:00Z,34648.3077,price,coindesk,USD,bitcoin,United States Dollar,&#36;
,,2,2023-10-31T20:33:00Z,34635.4808,price,coindesk,USD,bitcoin,United States Dollar,&#36;
,,2,2023-10-31T20:48:00Z,34702.4693,price,coindesk,USD,bitcoin,United States Dollar,&#36;
,,2,2023-10-31T21:04:00Z,34599.9055,price,coindesk,USD,bitcoin,United States Dollar,&#36;
,,2,2023-10-31T21:18:00Z,34622.1028,price,coindesk,USD,bitcoin,United States Dollar,&#36;
,,2,2023-10-31T21:33:00Z,34593.6832,price,coindesk,USD,bitcoin,United States Dollar,&#36;
,,2,2023-10-31T21:48:00Z,34487.2545,price,coindesk,USD,bitcoin,United States Dollar,&#36;
,,2,2023-10-31T22:04:00Z,34489.3411,price,coindesk,USD,bitcoin,United States Dollar,&#36;
,,2,2023-10-31T22:20:00Z,34536.3882,price,coindesk,USD,bitcoin,United States Dollar,&#36;
,,2,2023-10-31T22:33:00Z,34527.1752,price,coindesk,USD,bitcoin,United States Dollar,&#36;
,,2,2023-10-31T22:48:00Z,34607.8164,price,coindesk,USD,bitcoin,United States Dollar,&#36;
,,2,2023-10-31T23:04:00Z,34538.7755,price,coindesk,USD,bitcoin,United States Dollar,&#36;
,,2,2023-10-31T23:19:00Z,34590.2253,price,coindesk,USD,bitcoin,United States Dollar,&#36;
,,2,2023-10-31T23:33:00Z,34634.8709,price,coindesk,USD,bitcoin,United States Dollar,&#36;
,,2,2023-10-31T23:48:00Z,34631.8014,price,coindesk,USD,bitcoin,United States Dollar,&#36;
,,2,2023-11-01T00:18:00Z,34612.5232,price,coindesk,USD,bitcoin,United States Dollar,&#36;
,,2,2023-11-01T00:48:00Z,34554.8262,price,coindesk,USD,bitcoin,United States Dollar,&#36;
,,2,2023-11-01T01:28:00Z,34551.8829,price,coindesk,USD,bitcoin,United States Dollar,&#36;
,,2,2023-11-01T01:53:00Z,34511.0605,price,coindesk,USD,bitcoin,United States Dollar,&#36;
,,2,2023-11-01T02:13:00Z,34499.4333,price,coindesk,USD,bitcoin,United States Dollar,&#36;
,,2,2023-11-01T02:27:00Z,34487.304,price,coindesk,USD,bitcoin,United States Dollar,&#36;
,,2,2023-11-01T02:37:00Z,34499.077,price,coindesk,USD,bitcoin,United States Dollar,&#36;
,,2,2023-11-01T02:48:00Z,34492.7867,price,coindesk,USD,bitcoin,United States Dollar,&#36;
,,2,2023-11-01T03:04:00Z,34473.6518,price,coindesk,USD,bitcoin,United States Dollar,&#36;
,,2,2023-11-01T03:20:00Z,34459.5753,price,coindesk,USD,bitcoin,United States Dollar,&#36;
,,2,2023-11-01T03:33:00Z,34415.7989,price,coindesk,USD,bitcoin,United States Dollar,&#36;
,,2,2023-11-01T03:48:00Z,34423.766,price,coindesk,USD,bitcoin,United States Dollar,&#36;
,,2,2023-11-01T04:04:00Z,34410.1399,price,coindesk,USD,bitcoin,United States Dollar,&#36;
,,2,2023-11-01T04:22:00Z,34451.3905,price,coindesk,USD,bitcoin,United States Dollar,&#36;
,,2,2023-11-01T04:33:00Z,34466.5986,price,coindesk,USD,bitcoin,United States Dollar,&#36;
,,2,2023-11-01T04:48:00Z,34466.9101,price,coindesk,USD,bitcoin,United States Dollar,&#36;
,,2,2023-11-01T05:04:00Z,34442.8459,price,coindesk,USD,bitcoin,United States Dollar,&#36;
,,2,2023-11-01T05:21:00Z,34412.664,price,coindesk,USD,bitcoin,United States Dollar,&#36;
,,2,2023-11-01T05:33:00Z,34431.0529,price,coindesk,USD,bitcoin,United States Dollar,&#36;
,,2,2023-11-01T05:48:00Z,34412.0592,price,coindesk,USD,bitcoin,United States Dollar,&#36;
,,2,2023-11-01T06:05:00Z,34330.3848,price,coindesk,USD,bitcoin,United States Dollar,&#36;
,,2,2023-11-01T06:23:00Z,34392.2589,price,coindesk,USD,bitcoin,United States Dollar,&#36;
,,2,2023-11-01T06:33:00Z,34377.7866,price,coindesk,USD,bitcoin,United States Dollar,&#36;
,,2,2023-11-01T06:48:00Z,34410.437,price,coindesk,USD,bitcoin,United States Dollar,&#36;
,,2,2023-11-01T07:04:00Z,34396.5511,price,coindesk,USD,bitcoin,United States Dollar,&#36;
,,2,2023-11-01T07:19:00Z,34455.351,price,coindesk,USD,bitcoin,United States Dollar,&#36;
,,2,2023-11-01T07:33:00Z,34466.7012,price,coindesk,USD,bitcoin,United States Dollar,&#36;
,,2,2023-11-01T07:48:00Z,34505.4462,price,coindesk,USD,bitcoin,United States Dollar,&#36;
,,2,2023-11-01T08:05:00Z,34468.59,price,coindesk,USD,bitcoin,United States Dollar,&#36;
,,2,2023-11-01T08:22:00Z,34449.3306,price,coindesk,USD,bitcoin,United States Dollar,&#36;
,,2,2023-11-01T08:33:00Z,34482.8764,price,coindesk,USD,bitcoin,United States Dollar,&#36;
,,2,2023-11-01T08:48:00Z,34471.6696,price,coindesk,USD,bitcoin,United States Dollar,&#36;
,,2,2023-11-01T09:04:00Z,34446.7781,price,coindesk,USD,bitcoin,United States Dollar,&#36;
,,2,2023-11-01T09:20:00Z,34471.1047,price,coindesk,USD,bitcoin,United States Dollar,&#36;
,,2,2023-11-01T09:33:00Z,34484.1225,price,coindesk,USD,bitcoin,United States Dollar,&#36;
,,2,2023-11-01T09:48:00Z,34477.4809,price,coindesk,USD,bitcoin,United States Dollar,&#36;
,,2,2023-11-01T10:04:00Z,34488.5787,price,coindesk,USD,bitcoin,United States Dollar,&#36;
,,2,2023-11-01T10:21:00Z,34468.1623,price,coindesk,USD,bitcoin,United States Dollar,&#36;
,,2,2023-11-01T10:33:00Z,34440.4863,price,coindesk,USD,bitcoin,United States Dollar,&#36;
,,2,2023-11-01T10:48:00Z,34384.4181,price,coindesk,USD,bitcoin,United States Dollar,&#36;
,,2,2023-11-01T11:04:00Z,34391.9487,price,coindesk,USD,bitcoin,United States Dollar,&#36;
,,2,2023-11-01T11:18:00Z,34383.1031,price,coindesk,USD,bitcoin,United States Dollar,&#36;
,,2,2023-11-01T11:33:00Z,34402.2329,price,coindesk,USD,bitcoin,United States Dollar,&#36;
,,2,2023-11-01T11:48:00Z,34396.8929,price,coindesk,USD,bitcoin,United States Dollar,&#36;
,,2,2023-11-01T12:06:00Z,34434.334,price,coindesk,USD,bitcoin,United States Dollar,&#36;
,,2,2023-11-01T12:24:00Z,34373.4726,price,coindesk,USD,bitcoin,United States Dollar,&#36;
,,2,2023-11-01T12:40:00Z,34456.5711,price,coindesk,USD,bitcoin,United States Dollar,&#36;
,,2,2023-11-01T12:52:00Z,34639.2475,price,coindesk,USD,bitcoin,United States Dollar,&#36;
,,2,2023-11-01T13:05:00Z,34851.1352,price,coindesk,USD,bitcoin,United States Dollar,&#36;
,,2,2023-11-01T13:21:00Z,35047.5302,price,coindesk,USD,bitcoin,United States Dollar,&#36;
,,2,2023-11-01T13:33:00Z,34564.2567,price,coindesk,USD,bitcoin,United States Dollar,&#36;
,,2,2023-11-01T13:48:00Z,34499.709,price,coindesk,USD,bitcoin,United States Dollar,&#36;
,,2,2023-11-01T14:04:00Z,34577.1028,price,coindesk,USD,bitcoin,United States Dollar,&#36;
,,2,2023-11-01T14:21:00Z,34580.8388,price,coindesk,USD,bitcoin,United States Dollar,&#36;
,,2,2023-11-01T14:33:00Z,34547.1383,price,coindesk,USD,bitcoin,United States Dollar,&#36;
,,2,2023-11-01T14:48:00Z,34437.2996,price,coindesk,USD,bitcoin,United States Dollar,&#36;
,,2,2023-11-01T15:04:00Z,34215.7208,price,coindesk,USD,bitcoin,United States Dollar,&#36;
,,2,2023-11-01T15:20:00Z,34274.9756,price,coindesk,USD,bitcoin,United States Dollar,&#36;
,,2,2023-11-01T15:33:00Z,34244.7768,price,coindesk,USD,bitcoin,United States Dollar,&#36;
,,2,2023-11-01T15:48:00Z,34259.8719,price,coindesk,USD,bitcoin,United States Dollar,&#36;
,,2,2023-11-01T16:04:00Z,34315.0446,price,coindesk,USD,bitcoin,United States Dollar,&#36;
,,2,2023-11-01T16:23:00Z,34409.3145,price,coindesk,USD,bitcoin,United States Dollar,&#36;
,,2,2023-11-01T16:35:00Z,34521.2969,price,coindesk,USD,bitcoin,United States Dollar,&#36;
,,2,2023-11-01T16:48:00Z,34435.4332,price,coindesk,USD,bitcoin,United States Dollar,&#36;
,,2,2023-11-01T17:04:00Z,34505.3751,price,coindesk,USD,bitcoin,United States Dollar,&#36;
,,2,2023-11-01T17:20:00Z,34472.503,price,coindesk,USD,bitcoin,United States Dollar,&#36;
,,2,2023-11-01T17:33:00Z,34382.2429,price,coindesk,USD,bitcoin,United States Dollar,&#36;
,,2,2023-11-01T17:48:00Z,34495.3877,price,coindesk,USD,bitcoin,United States Dollar,&#36;
,,2,2023-11-01T18:04:00Z,34528.4891,price,coindesk,USD,bitcoin,United States Dollar,&#36;
,,2,2023-11-01T18:23:00Z,34550.5203,price,coindesk,USD,bitcoin,United States Dollar,&#36;
,,2,2023-11-01T18:33:00Z,34608.9927,price,coindesk,USD,bitcoin,United States Dollar,&#36;
,,2,2023-11-01T18:48:00Z,34514.2531,price,coindesk,USD,bitcoin,United States Dollar,&#36;
,,2,2023-11-01T19:04:00Z,34610.279,price,coindesk,USD,bitcoin,United States Dollar,&#36;
,,2,2023-11-01T19:18:00Z,34527.4037,price,coindesk,USD,bitcoin,United States Dollar,&#36;
,,2,2023-11-01T19:33:00Z,34583.8038,price,coindesk,USD,bitcoin,United States Dollar,&#36;
,,2,2023-11-01T19:48:00Z,34553.7784,price,coindesk,USD,bitcoin,United States Dollar,&#36;
,,2,2023-11-01T20:04:00Z,34570.5682,price,coindesk,USD,bitcoin,United States Dollar,&#36;
,,2,2023-11-01T20:20:00Z,34665.7413,price,coindesk,USD,bitcoin,United States Dollar,&#36;
,,2,2023-11-01T20:33:00Z,34747.8422,price,coindesk,USD,bitcoin,United States Dollar,&#36;
,,2,2023-11-01T20:48:00Z,34969.759,price,coindesk,USD,bitcoin,United States Dollar,&#36;
,,2,2023-11-01T21:04:00Z,35376.341,price,coindesk,USD,bitcoin,United States Dollar,&#36;
,,2,2023-11-01T21:19:00Z,35383.9153,price,coindesk,USD,bitcoin,United States Dollar,&#36;
,,2,2023-11-01T21:33:00Z,35273.0902,price,coindesk,USD,bitcoin,United States Dollar,&#36;
,,2,2023-11-01T21:48:00Z,35214.4599,price,coindesk,USD,bitcoin,United States Dollar,&#36;
,,2,2023-11-01T22:04:00Z,35490.806,price,coindesk,USD,bitcoin,United States Dollar,&#36;
,,2,2023-11-01T22:21:00Z,35433.9555,price,coindesk,USD,bitcoin,United States Dollar,&#36;
,,2,2023-11-01T22:33:00Z,35308.2435,price,coindesk,USD,bitcoin,United States Dollar,&#36;
,,2,2023-11-01T22:48:00Z,35272.1104,price,coindesk,USD,bitcoin,United States Dollar,&#36;
,,2,2023-11-01T23:04:00Z,35253.9744,price,coindesk,USD,bitcoin,United States Dollar,&#36;
,,2,2023-11-01T23:19:00Z,35370.399,price,coindesk,USD,bitcoin,United States Dollar,&#36;
,,2,2023-11-01T23:33:00Z,35417.901,price,coindesk,USD,bitcoin,United States Dollar,&#36;
,,2,2023-11-01T23:48:00Z,35432.0572,price,coindesk,USD,bitcoin,United States Dollar,&#36;
,,2,2023-11-02T00:17:00Z,35540.8138,price,coindesk,USD,bitcoin,United States Dollar,&#36;
,,2,2023-11-02T00:48:00Z,35388.2713,price,coindesk,USD,bitcoin,United States Dollar,&#36;
,,2,2023-11-02T01:25:00Z,35523.8301,price,coindesk,USD,bitcoin,United States Dollar,&#36;
,,2,2023-11-02T01:49:00Z,35575.2736,price,coindesk,USD,bitcoin,United States Dollar,&#36;
,,2,2023-11-02T02:10:00Z,35585.2938,price,coindesk,USD,bitcoin,United States Dollar,&#36;
,,2,2023-11-02T02:23:00Z,35564.405,price,coindesk,USD,bitcoin,United States Dollar,&#36;
,,2,2023-11-02T02:33:00Z,35670.5008,price,coindesk,USD,bitcoin,United States Dollar,&#36;
,,2,2023-11-02T02:48:00Z,35873.1585,price,coindesk,USD,bitcoin,United States Dollar,&#36;
,,2,2023-11-02T03:04:00Z,35680.4543,price,coindesk,USD,bitcoin,United States Dollar,&#36;
,,2,2023-11-02T03:19:00Z,35812.4709,price,coindesk,USD,bitcoin,United States Dollar,&#36;
,,2,2023-11-02T03:33:00Z,35667.9874,price,coindesk,USD,bitcoin,United States Dollar,&#36;
,,2,2023-11-02T03:48:00Z,35605.1539,price,coindesk,USD,bitcoin,United States Dollar,&#36;
,,2,2023-11-02T04:04:00Z,35606.9877,price,coindesk,USD,bitcoin,United States Dollar,&#36;
,,2,2023-11-02T04:22:00Z,35559.9059,price,coindesk,USD,bitcoin,United States Dollar,&#36;
,,2,2023-11-02T04:33:00Z,35554.1518,price,coindesk,USD,bitcoin,United States Dollar,&#36;
,,2,2023-11-02T04:48:00Z,35510.397,price,coindesk,USD,bitcoin,United States Dollar,&#36;
,,2,2023-11-02T05:04:00Z,35485.63,price,coindesk,USD,bitcoin,United States Dollar,&#36;
,,2,2023-11-02T05:20:00Z,35370.9009,price,coindesk,USD,bitcoin,United States Dollar,&#36;
,,2,2023-11-02T05:33:00Z,35273.0143,price,coindesk,USD,bitcoin,United States Dollar,&#36;
,,2,2023-11-02T05:48:00Z,35268.1987,price,coindesk,USD,bitcoin,United States Dollar,&#36;
,,2,2023-11-02T06:05:00Z,35216.0567,price,coindesk,USD,bitcoin,United States Dollar,&#36;
,,2,2023-11-02T06:23:00Z,35165.773,price,coindesk,USD,bitcoin,United States Dollar,&#36;
,,2,2023-11-02T06:33:00Z,35269.1941,price,coindesk,USD,bitcoin,United States Dollar,&#36;
,,2,2023-11-02T06:48:00Z,35220.7655,price,coindesk,USD,bitcoin,United States Dollar,&#36;
,,2,2023-11-02T07:04:00Z,35286.7699,price,coindesk,USD,bitcoin,United States Dollar,&#36;
,,2,2023-11-02T07:19:00Z,35286.2465,price,coindesk,USD,bitcoin,United States Dollar,&#36;
,,2,2023-11-02T07:33:00Z,35288.7762,price,coindesk,USD,bitcoin,United States Dollar,&#36;
,,2,2023-11-02T07:48:00Z,35262.0197,price,coindesk,USD,bitcoin,United States Dollar,&#36;
,,2,2023-11-02T08:05:00Z,35204.0712,price,coindesk,USD,bitcoin,United States Dollar,&#36;
,,2,2023-11-02T08:22:00Z,35243.688,price,coindesk,USD,bitcoin,United States Dollar,&#36;
,,2,2023-11-02T08:33:00Z,35259.4806,price,coindesk,USD,bitcoin,United States Dollar,&#36;
,,2,2023-11-02T08:48:00Z,35295.483,price,coindesk,USD,bitcoin,United States Dollar,&#36;
,,2,2023-11-02T09:04:00Z,35320.0232,price,coindesk,USD,bitcoin,United States Dollar,&#36;
,,2,2023-11-02T09:19:00Z,35313.1335,price,coindesk,USD,bitcoin,United States Dollar,&#36;
,,2,2023-11-02T09:33:00Z,35349.9586,price,coindesk,USD,bitcoin,United States Dollar,&#36;
,,2,2023-11-02T09:48:00Z,35393.9738,price,coindesk,USD,bitcoin,United States Dollar,&#36;
,,2,2023-11-02T10:04:00Z,35356.9859,price,coindesk,USD,bitcoin,United States Dollar,&#36;
,,2,2023-11-02T10:21:00Z,35419.8347,price,coindesk,USD,bitcoin,United States Dollar,&#36;
,,2,2023-11-02T10:33:00Z,35455.4692,price,coindesk,USD,bitcoin,United States Dollar,&#36;
,,2,2023-11-02T10:48:00Z,35380.1439,price,coindesk,USD,bitcoin,United States Dollar,&#36;
,,2,2023-11-02T11:04:00Z,35380.2256,price,coindesk,USD,bitcoin,United States Dollar,&#36;
,,2,2023-11-02T11:18:00Z,35373.3179,price,coindesk,USD,bitcoin,United States Dollar,&#36;
,,2,2023-11-02T11:33:00Z,35391.8472,price,coindesk,USD,bitcoin,United States Dollar,&#36;
,,2,2023-11-02T11:48:00Z,35405.6008,price,coindesk,USD,bitcoin,United States Dollar,&#36;
,,2,2023-11-02T12:06:00Z,35355.5035,price,coindesk,USD,bitcoin,United States Dollar,&#36;
,,2,2023-11-02T12:24:00Z,35403.0324,price,coindesk,USD,bitcoin,United States Dollar,&#36;
,,2,2023-11-02T12:40:00Z,35411.6012,price,coindesk,USD,bitcoin,United States Dollar,&#36;
,,2,2023-11-02T12:52:00Z,35413.8979,price,coindesk,USD,bitcoin,United States Dollar,&#36;
,,2,2023-11-02T13:04:00Z,35339.9505,price,coindesk,USD,bitcoin,United States Dollar,&#36;
,,2,2023-11-02T13:23:00Z,35230.2989,price,coindesk,USD,bitcoin,United States Dollar,&#36;
,,2,2023-11-02T13:33:00Z,35163.6233,price,coindesk,USD,bitcoin,United States Dollar,&#36;
,,2,2023-11-02T13:48:00Z,34955.3394,price,coindesk,USD,bitcoin,United States Dollar,&#36;
,,2,2023-11-02T14:04:00Z,35045.4835,price,coindesk,USD,bitcoin,United States Dollar,&#36;
,,2,2023-11-02T14:21:00Z,34936.836,price,coindesk,USD,bitcoin,United States Dollar,&#36;
,,2,2023-11-02T14:33:00Z,34865.5203,price,coindesk,USD,bitcoin,United States Dollar,&#36;
,,2,2023-11-02T14:48:00Z,34965.1784,price,coindesk,USD,bitcoin,United States Dollar,&#36;
,,2,2023-11-02T15:04:00Z,34932.4089,price,coindesk,USD,bitcoin,United States Dollar,&#36;
,,2,2023-11-02T15:20:00Z,34832.7113,price,coindesk,USD,bitcoin,United States Dollar,&#36;
,,2,2023-11-02T15:33:00Z,34637.01,price,coindesk,USD,bitcoin,United States Dollar,&#36;
,,2,2023-11-02T15:48:00Z,34765.9702,price,coindesk,USD,bitcoin,United States Dollar,&#36;
,,2,2023-11-02T16:04:00Z,34644.9837,price,coindesk,USD,bitcoin,United States Dollar,&#36;
,,2,2023-11-02T16:23:00Z,34523.0996,price,coindesk,USD,bitcoin,United States Dollar,&#36;
,,2,2023-11-02T16:35:00Z,34517.3637,price,coindesk,USD,bitcoin,United States Dollar,&#36;
,,2,2023-11-02T16:47:00Z,34662.0942,price,coindesk,USD,bitcoin,United States Dollar,&#36;
,,2,2023-11-02T17:04:00Z,34596.5723,price,coindesk,USD,bitcoin,United States Dollar,&#36;
,,2,2023-11-02T17:20:00Z,34599.3267,price,coindesk,USD,bitcoin,United States Dollar,&#36;
,,2,2023-11-02T17:33:00Z,34644.2823,price,coindesk,USD,bitcoin,United States Dollar,&#36;
,,2,2023-11-02T17:48:00Z,34712.4035,price,coindesk,USD,bitcoin,United States Dollar,&#36;
,,2,2023-11-02T18:04:00Z,34768.4587,price,coindesk,USD,bitcoin,United States Dollar,&#36;
,,2,2023-11-02T18:23:00Z,34806.3633,price,coindesk,USD,bitcoin,United States Dollar,&#36;
,,2,2023-11-02T18:33:00Z,34830.8195,price,coindesk,USD,bitcoin,United States Dollar,&#36;
,,2,2023-11-02T18:48:00Z,34826.075,price,coindesk,USD,bitcoin,United States Dollar,&#36;
,,2,2023-11-02T19:04:00Z,34863.1823,price,coindesk,USD,bitcoin,United States Dollar,&#36;
,,2,2023-11-02T19:18:00Z,34876.9284,price,coindesk,USD,bitcoin,United States Dollar,&#36;
,,2,2023-11-02T19:33:00Z,34928.3721,price,coindesk,USD,bitcoin,United States Dollar,&#36;
,,2,2023-11-02T19:48:00Z,34953.997,price,coindesk,USD,bitcoin,United States Dollar,&#36;
,,2,2023-11-02T20:04:00Z,34971.1815,price,coindesk,USD,bitcoin,United States Dollar,&#36;
,,2,2023-11-02T20:20:00Z,35083.6947,price,coindesk,USD,bitcoin,United States Dollar,&#36;
,,2,2023-11-02T20:33:00Z,34875.2185,price,coindesk,USD,bitcoin,United States Dollar,&#36;
,,2,2023-11-02T20:48:00Z,34877.9745,price,coindesk,USD,bitcoin,United States Dollar,&#36;
,,2,2023-11-02T21:04:00Z,34875.5345,price,coindesk,USD,bitcoin,United States Dollar,&#36;
,,2,2023-11-02T21:18:00Z,34938.4101,price,coindesk,USD,bitcoin,United States Dollar,&#36;
,,2,2023-11-02T21:33:00Z,34902.41,price,coindesk,USD,bitcoin,United States Dollar,&#36;
,,2,2023-11-02T21:48:00Z,34879.8687,price,coindesk,USD,bitcoin,United States Dollar,&#36;
,,2,2023-11-02T22:04:00Z,34918.251,price,coindesk,USD,bitcoin,United States Dollar,&#36;
,,2,2023-11-02T22:20:00Z,34883.5472,price,coindesk,USD,bitcoin,United States Dollar,&#36;
,,2,2023-11-02T22:33:00Z,34890.702,price,coindesk,USD,bitcoin,United States Dollar,&#36;
,,2,2023-11-02T22:48:00Z,34799.7196,price,coindesk,USD,bitcoin,United States Dollar,&#36;
,,2,2023-11-02T23:04:00Z,34778.8178,price,coindesk,USD,bitcoin,United States Dollar,&#36;
,,2,2023-11-02T23:19:00Z,34842.1473,price,coindesk,USD,bitcoin,United States Dollar,&#36;
,,2,2023-11-02T23:33:00Z,34877.8579,price,coindesk,USD,bitcoin,United States Dollar,&#36;
,,2,2023-11-02T23:48:00Z,34879.1421,price,coindesk,USD,bitcoin,United States Dollar,&#36;
,,2,2023-11-03T00:17:00Z,34845.9367,price,coindesk,USD,bitcoin,United States Dollar,&#36;
,,2,2023-11-03T00:48:00Z,34698.4325,price,coindesk,USD,bitcoin,United States Dollar,&#36;
,,2,2023-11-03T01:25:00Z,34528.2939,price,coindesk,USD,bitcoin,United States Dollar,&#36;
,,2,2023-11-03T01:49:00Z,34570.1497,price,coindesk,USD,bitcoin,United States Dollar,&#36;
,,2,2023-11-03T02:11:00Z,34622.4647,price,coindesk,USD,bitcoin,United States Dollar,&#36;
,,2,2023-11-03T02:24:00Z,34652.4729,price,coindesk,USD,bitcoin,United States Dollar,&#36;
,,2,2023-11-03T02:33:00Z,34702.1248,price,coindesk,USD,bitcoin,United States Dollar,&#36;
,,2,2023-11-03T02:48:00Z,34654.8092,price,coindesk,USD,bitcoin,United States Dollar,&#36;
,,2,2023-11-03T03:04:00Z,34688.5102,price,coindesk,USD,bitcoin,United States Dollar,&#36;
,,2,2023-11-03T03:20:00Z,34666.6867,price,coindesk,USD,bitcoin,United States Dollar,&#36;
,,2,2023-11-03T03:33:00Z,34676.8569,price,coindesk,USD,bitcoin,United States Dollar,&#36;
,,2,2023-11-03T03:48:00Z,34670.2351,price,coindesk,USD,bitcoin,United States Dollar,&#36;
,,2,2023-11-03T04:04:00Z,34717.9372,price,coindesk,USD,bitcoin,United States Dollar,&#36;
,,2,2023-11-03T04:22:00Z,34640.8465,price,coindesk,USD,bitcoin,United States Dollar,&#36;
,,2,2023-11-03T04:33:00Z,34638.7447,price,coindesk,USD,bitcoin,United States Dollar,&#36;
,,2,2023-11-03T04:47:00Z,34482.8714,price,coindesk,USD,bitcoin,United States Dollar,&#36;
,,2,2023-11-03T05:04:00Z,34444.3522,price,coindesk,USD,bitcoin,United States Dollar,&#36;
,,2,2023-11-03T05:21:00Z,34424.8316,price,coindesk,USD,bitcoin,United States Dollar,&#36;
,,2,2023-11-03T05:33:00Z,34507.3262,price,coindesk,USD,bitcoin,United States Dollar,&#36;
,,2,2023-11-03T05:48:00Z,34437.7384,price,coindesk,USD,bitcoin,United States Dollar,&#36;
,,2,2023-11-03T06:04:00Z,34532.4418,price,coindesk,USD,bitcoin,United States Dollar,&#36;
,,2,2023-11-03T06:23:00Z,34538.9531,price,coindesk,USD,bitcoin,United States Dollar,&#36;
,,2,2023-11-03T06:33:00Z,34544.6226,price,coindesk,USD,bitcoin,United States Dollar,&#36;
,,2,2023-11-03T06:48:00Z,34495.8403,price,coindesk,USD,bitcoin,United States Dollar,&#36;
,,2,2023-11-03T07:04:00Z,34455.3858,price,coindesk,USD,bitcoin,United States Dollar,&#36;
,,2,2023-11-03T07:18:00Z,34505.4943,price,coindesk,USD,bitcoin,United States Dollar,&#36;
,,2,2023-11-03T07:33:00Z,34500.4567,price,coindesk,USD,bitcoin,United States Dollar,&#36;
,,2,2023-11-03T07:48:00Z,34394.033,price,coindesk,USD,bitcoin,United States Dollar,&#36;
,,2,2023-11-03T08:05:00Z,34428.8995,price,coindesk,USD,bitcoin,United States Dollar,&#36;
,,2,2023-11-03T08:22:00Z,34580.6759,price,coindesk,USD,bitcoin,United States Dollar,&#36;
,,2,2023-11-03T08:33:00Z,34538.0165,price,coindesk,USD,bitcoin,United States Dollar,&#36;
,,2,2023-11-03T08:48:00Z,34374.1839,price,coindesk,USD,bitcoin,United States Dollar,&#36;
,,2,2023-11-03T09:04:00Z,34384.3325,price,coindesk,USD,bitcoin,United States Dollar,&#36;
,,2,2023-11-03T09:20:00Z,34350.3634,price,coindesk,USD,bitcoin,United States Dollar,&#36;
,,2,2023-11-03T09:33:00Z,34314.0319,price,coindesk,USD,bitcoin,United States Dollar,&#36;
,,2,2023-11-03T09:48:00Z,34336.7083,price,coindesk,USD,bitcoin,United States Dollar,&#36;
,,2,2023-11-03T10:04:00Z,34187.3509,price,coindesk,USD,bitcoin,United States Dollar,&#36;
,,2,2023-11-03T10:21:00Z,34191.3843,price,coindesk,USD,bitcoin,United States Dollar,&#36;
,,2,2023-11-03T10:33:00Z,34175.2238,price,coindesk,USD,bitcoin,United States Dollar,&#36;
,,2,2023-11-03T10:48:00Z,34218.2443,price,coindesk,USD,bitcoin,United States Dollar,&#36;
,,2,2023-11-03T11:04:00Z,34278.726,price,coindesk,USD,bitcoin,United States Dollar,&#36;
,,2,2023-11-03T11:18:00Z,34247.9138,price,coindesk,USD,bitcoin,United States Dollar,&#36;
,,2,2023-11-03T11:33:00Z,34211.0397,price,coindesk,USD,bitcoin,United States Dollar,&#36;
,,2,2023-11-03T11:48:00Z,34244.545,price,coindesk,USD,bitcoin,United States Dollar,&#36;
,,2,2023-11-03T12:06:00Z,34186.0049,price,coindesk,USD,bitcoin,United States Dollar,&#36;
,,2,2023-11-03T12:24:00Z,34256.9822,price,coindesk,USD,bitcoin,United States Dollar,&#36;
,,2,2023-11-03T12:40:00Z,34321.2637,price,coindesk,USD,bitcoin,United States Dollar,&#36;
,,2,2023-11-03T12:53:00Z,34365.798,price,coindesk,USD,bitcoin,United States Dollar,&#36;
,,2,2023-11-03T13:05:00Z,34397.8055,price,coindesk,USD,bitcoin,United States Dollar,&#36;
,,2,2023-11-03T13:22:00Z,34334.4267,price,coindesk,USD,bitcoin,United States Dollar,&#36;
,,2,2023-11-03T13:33:00Z,34373.5144,price,coindesk,USD,bitcoin,United States Dollar,&#36;
,,2,2023-11-03T13:48:00Z,34403.5587,price,coindesk,USD,bitcoin,United States Dollar,&#36;
,,2,2023-11-03T14:04:00Z,34584.7152,price,coindesk,USD,bitcoin,United States Dollar,&#36;
,,2,2023-11-03T14:21:00Z,34558.4217,price,coindesk,USD,bitcoin,United States Dollar,&#36;
,,2,2023-11-03T14:33:00Z,34711.289,price,coindesk,USD,bitcoin,United States Dollar,&#36;
,,2,2023-11-03T14:48:00Z,34768.3462,price,coindesk,USD,bitcoin,United States Dollar,&#36;
,,2,2023-11-03T15:04:00Z,34771.5285,price,coindesk,USD,bitcoin,United States Dollar,&#36;
,,2,2023-11-03T15:20:00Z,34783.9889,price,coindesk,USD,bitcoin,United States Dollar,&#36;
,,2,2023-11-03T15:33:00Z,34807.5674,price,coindesk,USD,bitcoin,United States Dollar,&#36;
,,2,2023-11-03T15:48:00Z,34810.8638,price,coindesk,USD,bitcoin,United States Dollar,&#36;
,,2,2023-11-03T16:04:00Z,34811.7372,price,coindesk,USD,bitcoin,United States Dollar,&#36;
,,2,2023-11-03T16:23:00Z,34689.3672,price,coindesk,USD,bitcoin,United States Dollar,&#36;
,,2,2023-11-03T16:34:00Z,34689.0674,price,coindesk,USD,bitcoin,United States Dollar,&#36;
,,2,2023-11-03T16:48:00Z,34648.8742,price,coindesk,USD,bitcoin,United States Dollar,&#36;
,,2,2023-11-03T17:04:00Z,34659.1024,price,coindesk,USD,bitcoin,United States Dollar,&#36;
,,2,2023-11-03T17:20:00Z,34582.4572,price,coindesk,USD,bitcoin,United States Dollar,&#36;
,,2,2023-11-03T17:33:00Z,34520.6685,price,coindesk,USD,bitcoin,United States Dollar,&#36;
,,2,2023-11-03T17:48:00Z,34380.0227,price,coindesk,USD,bitcoin,United States Dollar,&#36;
,,2,2023-11-03T18:04:00Z,34399.1786,price,coindesk,USD,bitcoin,United States Dollar,&#36;
,,2,2023-11-03T18:23:00Z,34490.2534,price,coindesk,USD,bitcoin,United States Dollar,&#36;
,,2,2023-11-03T18:33:00Z,34603.1085,price,coindesk,USD,bitcoin,United States Dollar,&#36;
,,2,2023-11-03T19:18:00Z,34501.6595,price,coindesk,USD,bitcoin,United States Dollar,&#36;
,,2,2023-11-03T19:33:00Z,34482.3763,price,coindesk,USD,bitcoin,United States Dollar,&#36;
,,2,2023-11-03T19:48:00Z,34523.0499,price,coindesk,USD,bitcoin,United States Dollar,&#36;
,,2,2023-11-03T20:04:00Z,34576.4213,price,coindesk,USD,bitcoin,United States Dollar,&#36;
,,2,2023-11-03T20:20:00Z,34654.9079,price,coindesk,USD,bitcoin,United States Dollar,&#36;
,,2,2023-11-03T20:33:00Z,34614.3517,price,coindesk,USD,bitcoin,United States Dollar,&#36;
,,2,2023-11-03T20:48:00Z,34664.5532,price,coindesk,USD,bitcoin,United States Dollar,&#36;
,,2,2023-11-03T21:04:00Z,34643.893,price,coindesk,USD,bitcoin,United States Dollar,&#36;
,,2,2023-11-03T21:18:00Z,34700.5285,price,coindesk,USD,bitcoin,United States Dollar,&#36;
,,2,2023-11-03T21:33:00Z,34699.2585,price,coindesk,USD,bitcoin,United States Dollar,&#36;
,,2,2023-11-03T21:48:00Z,34675.3487,price,coindesk,USD,bitcoin,United States Dollar,&#36;
,,2,2023-11-03T22:04:00Z,34637.024,price,coindesk,USD,bitcoin,United States Dollar,&#36;
,,2,2023-11-03T22:21:00Z,34621.3681,price,coindesk,USD,bitcoin,United States Dollar,&#36;
,,2,2023-11-03T22:33:00Z,34641.5005,price,coindesk,USD,bitcoin,United States Dollar,&#36;
,,2,2023-11-03T22:48:00Z,34633.9257,price,coindesk,USD,bitcoin,United States Dollar,&#36;
,,2,2023-11-03T23:04:00Z,34694.9585,price,coindesk,USD,bitcoin,United States Dollar,&#36;
,,2,2023-11-03T23:19:00Z,34675.0627,price,coindesk,USD,bitcoin,United States Dollar,&#36;
,,2,2023-11-03T23:33:00Z,34755.1694,price,coindesk,USD,bitcoin,United States Dollar,&#36;
,,2,2023-11-03T23:48:00Z,34721.7569,price,coindesk,USD,bitcoin,United States Dollar,&#36;
,,2,2023-11-04T00:17:00Z,34707.8702,price,coindesk,USD,bitcoin,United States Dollar,&#36;
,,2,2023-11-04T00:48:00Z,34693.2395,price,coindesk,USD,bitcoin,United States Dollar,&#36;
,,2,2023-11-04T01:25:00Z,34685.6377,price,coindesk,USD,bitcoin,United States Dollar,&#36;
,,2,2023-11-04T01:48:00Z,34750.2307,price,coindesk,USD,bitcoin,United States Dollar,&#36;
,,2,2023-11-04T02:10:00Z,34785.0382,price,coindesk,USD,bitcoin,United States Dollar,&#36;
,,2,2023-11-04T02:23:00Z,34774.7515,price,coindesk,USD,bitcoin,United States Dollar,&#36;
,,2,2023-11-04T02:33:00Z,34739.3681,price,coindesk,USD,bitcoin,United States Dollar,&#36;
,,2,2023-11-04T02:48:00Z,34731.7645,price,coindesk,USD,bitcoin,United States Dollar,&#36;
,,2,2023-11-04T03:04:00Z,34686.7319,price,coindesk,USD,bitcoin,United States Dollar,&#36;
,,2,2023-11-04T03:19:00Z,34688.4746,price,coindesk,USD,bitcoin,United States Dollar,&#36;
,,2,2023-11-04T03:33:00Z,34690.4142,price,coindesk,USD,bitcoin,United States Dollar,&#36;
,,2,2023-11-04T03:48:00Z,34757.1655,price,coindesk,USD,bitcoin,United States Dollar,&#36;
,,2,2023-11-04T04:04:00Z,34722.3597,price,coindesk,USD,bitcoin,United States Dollar,&#36;
,,2,2023-11-04T04:21:00Z,34718.399,price,coindesk,USD,bitcoin,United States Dollar,&#36;
,,2,2023-11-04T04:33:00Z,34707.3373,price,coindesk,USD,bitcoin,United States Dollar,&#36;
,,2,2023-11-04T04:48:00Z,34689.9748,price,coindesk,USD,bitcoin,United States Dollar,&#36;
,,2,2023-11-04T05:04:00Z,34666.0966,price,coindesk,USD,bitcoin,United States Dollar,&#36;
,,2,2023-11-04T05:20:00Z,34639.2154,price,coindesk,USD,bitcoin,United States Dollar,&#36;
,,2,2023-11-04T05:33:00Z,34643.7069,price,coindesk,USD,bitcoin,United States Dollar,&#36;
,,2,2023-11-04T05:48:00Z,34709.4103,price,coindesk,USD,bitcoin,United States Dollar,&#36;
,,2,2023-11-04T06:04:00Z,34840.3478,price,coindesk,USD,bitcoin,United States Dollar,&#36;
,,2,2023-11-04T06:22:00Z,34849.3745,price,coindesk,USD,bitcoin,United States Dollar,&#36;
,,2,2023-11-04T06:33:00Z,34772.788,price,coindesk,USD,bitcoin,United States Dollar,&#36;
,,2,2023-11-04T06:47:00Z,34851.1629,price,coindesk,USD,bitcoin,United States Dollar,&#36;
,,2,2023-11-04T07:04:00Z,34824.0075,price,coindesk,USD,bitcoin,United States Dollar,&#36;
,,2,2023-11-04T07:18:00Z,34841.5453,price,coindesk,USD,bitcoin,United States Dollar,&#36;
,,2,2023-11-04T07:33:00Z,34842.4527,price,coindesk,USD,bitcoin,United States Dollar,&#36;
,,2,2023-11-04T07:48:00Z,34820.8244,price,coindesk,USD,bitcoin,United States Dollar,&#36;
,,2,2023-11-04T08:04:00Z,34754.4323,price,coindesk,USD,bitcoin,United States Dollar,&#36;
,,2,2023-11-04T08:21:00Z,34820.5206,price,coindesk,USD,bitcoin,United States Dollar,&#36;
,,2,2023-11-04T08:33:00Z,34819.8497,price,coindesk,USD,bitcoin,United States Dollar,&#36;
,,2,2023-11-04T08:48:00Z,34835.1641,price,coindesk,USD,bitcoin,United States Dollar,&#36;
,,2,2023-11-04T09:04:00Z,34859.1841,price,coindesk,USD,bitcoin,United States Dollar,&#36;
,,2,2023-11-04T09:19:00Z,34839.7604,price,coindesk,USD,bitcoin,United States Dollar,&#36;
,,2,2023-11-04T09:33:00Z,34828.5369,price,coindesk,USD,bitcoin,United States Dollar,&#36;
,,2,2023-11-04T09:48:00Z,34816.879,price,coindesk,USD,bitcoin,United States Dollar,&#36;
,,2,2023-11-04T10:04:00Z,34771.9193,price,coindesk,USD,bitcoin,United States Dollar,&#36;
,,2,2023-11-04T10:21:00Z,34822.2557,price,coindesk,USD,bitcoin,United States Dollar,&#36;
,,2,2023-11-04T10:33:00Z,34810.0443,price,coindesk,USD,bitcoin,United States Dollar,&#36;
,,2,2023-11-04T10:48:00Z,34776.9434,price,coindesk,USD,bitcoin,United States Dollar,&#36;
,,2,2023-11-04T11:04:00Z,34778.9539,price,coindesk,USD,bitcoin,United States Dollar,&#36;
,,2,2023-11-04T11:18:00Z,34786.9639,price,coindesk,USD,bitcoin,United States Dollar,&#36;
,,2,2023-11-04T11:33:00Z,34786.2779,price,coindesk,USD,bitcoin,United States Dollar,&#36;
,,2,2023-11-04T11:48:00Z,34803.6596,price,coindesk,USD,bitcoin,United States Dollar,&#36;
,,2,2023-11-04T12:05:00Z,34730.9968,price,coindesk,USD,bitcoin,United States Dollar,&#36;
,,2,2023-11-04T12:24:00Z,34746.1704,price,coindesk,USD,bitcoin,United States Dollar,&#36;
,,2,2023-11-04T12:38:00Z,34753.0789,price,coindesk,USD,bitcoin,United States Dollar,&#36;
,,2,2023-11-04T12:50:00Z,34763.953,price,coindesk,USD,bitcoin,United States Dollar,&#36;
,,2,2023-11-04T13:04:00Z,34791.733,price,coindesk,USD,bitcoin,United States Dollar,&#36;
,,2,2023-11-04T13:20:00Z,34773.1128,price,coindesk,USD,bitcoin,United States Dollar,&#36;
,,2,2023-11-04T13:33:00Z,34732.793,price,coindesk,USD,bitcoin,United States Dollar,&#36;
,,2,2023-11-04T13:48:00Z,34730.0733,price,coindesk,USD,bitcoin,United States Dollar,&#36;
,,2,2023-11-04T14:04:00Z,34715.3127,price,coindesk,USD,bitcoin,United States Dollar,&#36;
,,2,2023-11-04T14:20:00Z,34758.2312,price,coindesk,USD,bitcoin,United States Dollar,&#36;
,,2,2023-11-04T14:33:00Z,34794.9399,price,coindesk,USD,bitcoin,United States Dollar,&#36;
,,2,2023-11-04T14:48:00Z,34778.0915,price,coindesk,USD,bitcoin,United States Dollar,&#36;
,,2,2023-11-04T15:04:00Z,34766.6384,price,coindesk,USD,bitcoin,United States Dollar,&#36;
,,2,2023-11-04T15:19:00Z,34683.7782,price,coindesk,USD,bitcoin,United States Dollar,&#36;
,,2,2023-11-04T15:33:00Z,34734.454,price,coindesk,USD,bitcoin,United States Dollar,&#36;
,,2,2023-11-04T15:48:00Z,34715.3024,price,coindesk,USD,bitcoin,United States Dollar,&#36;
,,2,2023-11-04T16:04:00Z,34749.8403,price,coindesk,USD,bitcoin,United States Dollar,&#36;
,,2,2023-11-04T16:22:00Z,34726.6567,price,coindesk,USD,bitcoin,United States Dollar,&#36;
,,2,2023-11-04T16:34:00Z,34786.8752,price,coindesk,USD,bitcoin,United States Dollar,&#36;
,,2,2023-11-04T16:48:00Z,34762.2061,price,coindesk,USD,bitcoin,United States Dollar,&#36;
,,2,2023-11-04T17:04:00Z,34728.5974,price,coindesk,USD,bitcoin,United States Dollar,&#36;
,,2,2023-11-04T17:20:00Z,34742.7658,price,coindesk,USD,bitcoin,United States Dollar,&#36;
,,2,2023-11-04T17:33:00Z,34752.078,price,coindesk,USD,bitcoin,United States Dollar,&#36;
,,2,2023-11-04T17:48:00Z,34769.7631,price,coindesk,USD,bitcoin,United States Dollar,&#36;
,,2,2023-11-04T18:04:00Z,34777.2485,price,coindesk,USD,bitcoin,United States Dollar,&#36;
,,2,2023-11-04T18:22:00Z,34760.5344,price,coindesk,USD,bitcoin,United States Dollar,&#36;
,,2,2023-11-04T18:33:00Z,34755.5233,price,coindesk,USD,bitcoin,United States Dollar,&#36;
,,2,2023-11-04T18:48:00Z,34779.2292,price,coindesk,USD,bitcoin,United States Dollar,&#36;
,,2,2023-11-04T19:04:00Z,34806.9986,price,coindesk,USD,bitcoin,United States Dollar,&#36;
,,2,2023-11-04T19:18:00Z,34786.2688,price,coindesk,USD,bitcoin,United States Dollar,&#36;
,,2,2023-11-04T19:33:00Z,34779.1606,price,coindesk,USD,bitcoin,United States Dollar,&#36;
,,2,2023-11-04T19:48:00Z,34784.3568,price,coindesk,USD,bitcoin,United States Dollar,&#36;
,,2,2023-11-04T20:04:00Z,34756.3178,price,coindesk,USD,bitcoin,United States Dollar,&#36;
,,2,2023-11-04T20:19:00Z,34768.5149,price,coindesk,USD,bitcoin,United States Dollar,&#36;
,,2,2023-11-04T20:33:00Z,34760.0132,price,coindesk,USD,bitcoin,United States Dollar,&#36;
,,2,2023-11-04T20:48:00Z,34760.835,price,coindesk,USD,bitcoin,United States Dollar,&#36;
,,2,2023-11-04T21:04:00Z,34790.0699,price,coindesk,USD,bitcoin,United States Dollar,&#36;
,,2,2023-11-04T21:18:00Z,34815.1032,price,coindesk,USD,bitcoin,United States Dollar,&#36;
,,2,2023-11-04T21:33:00Z,34884.9365,price,coindesk,USD,bitcoin,United States Dollar,&#36;
,,2,2023-11-04T21:48:00Z,34856.8055,price,coindesk,USD,bitcoin,United States Dollar,&#36;
,,2,2023-11-04T22:04:00Z,34873.578,price,coindesk,USD,bitcoin,United States Dollar,&#36;
,,2,2023-11-04T22:20:00Z,34948.3096,price,coindesk,USD,bitcoin,United States Dollar,&#36;
,,2,2023-11-04T22:33:00Z,35003.6771,price,coindesk,USD,bitcoin,United States Dollar,&#36;
,,2,2023-11-04T22:48:00Z,35073.9043,price,coindesk,USD,bitcoin,United States Dollar,&#36;
,,2,2023-11-04T23:04:00Z,35216.6093,price,coindesk,USD,bitcoin,United States Dollar,&#36;
,,2,2023-11-04T23:19:00Z,35130.5184,price,coindesk,USD,bitcoin,United States Dollar,&#36;
,,2,2023-11-04T23:33:00Z,35105.8361,price,coindesk,USD,bitcoin,United States Dollar,&#36;
,,2,2023-11-04T23:48:00Z,35103.0282,price,coindesk,USD,bitcoin,United States Dollar,&#36;
,,2,2023-11-05T00:19:00Z,35032.0675,price,coindesk,USD,bitcoin,United States Dollar,&#36;
,,2,2023-11-05T00:48:00Z,35014.288,price,coindesk,USD,bitcoin,United States Dollar,&#36;
,,2,2023-11-05T01:29:00Z,34984.6631,price,coindesk,USD,bitcoin,United States Dollar,&#36;
,,2,2023-11-05T01:54:00Z,35059.7114,price,coindesk,USD,bitcoin,United States Dollar,&#36;
,,2,2023-11-05T02:13:00Z,35037.6731,price,coindesk,USD,bitcoin,United States Dollar,&#36;
,,2,2023-11-05T02:27:00Z,34989.6283,price,coindesk,USD,bitcoin,United States Dollar,&#36;
,,2,2023-11-05T02:37:00Z,35012.9115,price,coindesk,USD,bitcoin,United States Dollar,&#36;
,,2,2023-11-05T02:48:00Z,35058.9582,price,coindesk,USD,bitcoin,United States Dollar,&#36;
,,2,2023-11-05T03:05:00Z,35062.3855,price,coindesk,USD,bitcoin,United States Dollar,&#36;
,,2,2023-11-05T03:21:00Z,35110.157,price,coindesk,USD,bitcoin,United States Dollar,&#36;
,,2,2023-11-05T03:33:00Z,35123.5662,price,coindesk,USD,bitcoin,United States Dollar,&#36;
,,2,2023-11-05T03:48:00Z,35173.0429,price,coindesk,USD,bitcoin,United States Dollar,&#36;
,,2,2023-11-05T04:04:00Z,35329.139,price,coindesk,USD,bitcoin,United States Dollar,&#36;
,,2,2023-11-05T04:21:00Z,35242.1306,price,coindesk,USD,bitcoin,United States Dollar,&#36;
,,2,2023-11-05T04:33:00Z,35191.7881,price,coindesk,USD,bitcoin,United States Dollar,&#36;
,,2,2023-11-05T04:48:00Z,35172.4802,price,coindesk,USD,bitcoin,United States Dollar,&#36;
,,2,2023-11-05T05:04:00Z,35171.3478,price,coindesk,USD,bitcoin,United States Dollar,&#36;
,,2,2023-11-05T05:20:00Z,35214.4428,price,coindesk,USD,bitcoin,United States Dollar,&#36;
,,2,2023-11-05T05:33:00Z,35224.6316,price,coindesk,USD,bitcoin,United States Dollar,&#36;
,,2,2023-11-05T05:48:00Z,35193.5661,price,coindesk,USD,bitcoin,United States Dollar,&#36;
,,2,2023-11-05T06:04:00Z,35168.8631,price,coindesk,USD,bitcoin,United States Dollar,&#36;
,,2,2023-11-05T06:22:00Z,35165.5233,price,coindesk,USD,bitcoin,United States Dollar,&#36;
,,2,2023-11-05T06:33:00Z,35106.3769,price,coindesk,USD,bitcoin,United States Dollar,&#36;
,,2,2023-11-05T06:48:00Z,35106.1772,price,coindesk,USD,bitcoin,United States Dollar,&#36;
,,2,2023-11-05T07:04:00Z,35108.8543,price,coindesk,USD,bitcoin,United States Dollar,&#36;
,,2,2023-11-05T07:18:00Z,35093.1504,price,coindesk,USD,bitcoin,United States Dollar,&#36;
,,2,2023-11-05T07:33:00Z,35149.3631,price,coindesk,USD,bitcoin,United States Dollar,&#36;
,,2,2023-11-05T07:48:00Z,35154.9479,price,coindesk,USD,bitcoin,United States Dollar,&#36;
,,2,2023-11-05T08:04:00Z,35196.2365,price,coindesk,USD,bitcoin,United States Dollar,&#36;
,,2,2023-11-05T08:21:00Z,35157.1223,price,coindesk,USD,bitcoin,United States Dollar,&#36;
,,2,2023-11-05T08:33:00Z,35157.2726,price,coindesk,USD,bitcoin,United States Dollar,&#36;
,,2,2023-11-05T08:48:00Z,35079.37,price,coindesk,USD,bitcoin,United States Dollar,&#36;
,,2,2023-11-05T09:04:00Z,35073.5709,price,coindesk,USD,bitcoin,United States Dollar,&#36;
,,2,2023-11-05T09:19:00Z,35112.0127,price,coindesk,USD,bitcoin,United States Dollar,&#36;
,,2,2023-11-05T09:33:00Z,35084.4064,price,coindesk,USD,bitcoin,United States Dollar,&#36;
,,2,2023-11-05T09:48:00Z,35160.3507,price,coindesk,USD,bitcoin,United States Dollar,&#36;
,,2,2023-11-05T10:04:00Z,35121.937,price,coindesk,USD,bitcoin,United States Dollar,&#36;
,,2,2023-11-05T10:21:00Z,35089.1343,price,coindesk,USD,bitcoin,United States Dollar,&#36;
,,2,2023-11-05T10:33:00Z,35112.7894,price,coindesk,USD,bitcoin,United States Dollar,&#36;
,,2,2023-11-05T10:48:00Z,35144.2213,price,coindesk,USD,bitcoin,United States Dollar,&#36;
,,2,2023-11-05T11:04:00Z,35165.2232,price,coindesk,USD,bitcoin,United States Dollar,&#36;
,,2,2023-11-05T11:18:00Z,35135.2872,price,coindesk,USD,bitcoin,United States Dollar,&#36;
,,2,2023-11-05T11:33:00Z,35162.5635,price,coindesk,USD,bitcoin,United States Dollar,&#36;
,,2,2023-11-05T11:48:00Z,35114.2817,price,coindesk,USD,bitcoin,United States Dollar,&#36;
,,2,2023-11-05T12:05:00Z,35173.6507,price,coindesk,USD,bitcoin,United States Dollar,&#36;
,,2,2023-11-05T12:24:00Z,35177.826,price,coindesk,USD,bitcoin,United States Dollar,&#36;
,,2,2023-11-05T12:39:00Z,35162.4599,price,coindesk,USD,bitcoin,United States Dollar,&#36;
,,2,2023-11-05T12:51:00Z,35130.3676,price,coindesk,USD,bitcoin,United States Dollar,&#36;
,,2,2023-11-05T13:04:00Z,35131.6256,price,coindesk,USD,bitcoin,United States Dollar,&#36;
,,2,2023-11-05T13:20:00Z,35114.2879,price,coindesk,USD,bitcoin,United States Dollar,&#36;
,,2,2023-11-05T13:33:00Z,35088.4603,price,coindesk,USD,bitcoin,United States Dollar,&#36;
,,2,2023-11-05T13:48:00Z,35098.5134,price,coindesk,USD,bitcoin,United States Dollar,&#36;
,,2,2023-11-05T14:04:00Z,34907.9697,price,coindesk,USD,bitcoin,United States Dollar,&#36;
,,2,2023-11-05T14:20:00Z,34903.1614,price,coindesk,USD,bitcoin,United States Dollar,&#36;
,,2,2023-11-05T14:33:00Z,34946.6214,price,coindesk,USD,bitcoin,United States Dollar,&#36;
,,2,2023-11-05T14:48:00Z,34926.6979,price,coindesk,USD,bitcoin,United States Dollar,&#36;
,,2,2023-11-05T15:04:00Z,34910.8061,price,coindesk,USD,bitcoin,United States Dollar,&#36;
,,2,2023-11-05T15:19:00Z,34893.9209,price,coindesk,USD,bitcoin,United States Dollar,&#36;
,,2,2023-11-05T15:33:00Z,34932.2627,price,coindesk,USD,bitcoin,United States Dollar,&#36;
,,2,2023-11-05T15:48:00Z,34879.9768,price,coindesk,USD,bitcoin,United States Dollar,&#36;
,,2,2023-11-05T16:04:00Z,34907.5523,price,coindesk,USD,bitcoin,United States Dollar,&#36;
,,2,2023-11-05T16:22:00Z,34935.5486,price,coindesk,USD,bitcoin,United States Dollar,&#36;
,,2,2023-11-05T16:34:00Z,34959.2969,price,coindesk,USD,bitcoin,United States Dollar,&#36;
,,2,2023-11-05T16:48:00Z,34985.7077,price,coindesk,USD,bitcoin,United States Dollar,&#36;
,,2,2023-11-05T17:04:00Z,35001.9381,price,coindesk,USD,bitcoin,United States Dollar,&#36;
,,2,2023-11-05T17:20:00Z,35121.8395,price,coindesk,USD,bitcoin,United States Dollar,&#36;
,,2,2023-11-05T17:33:00Z,35114.8546,price,coindesk,USD,bitcoin,United States Dollar,&#36;
,,2,2023-11-05T17:48:00Z,35201.1775,price,coindesk,USD,bitcoin,United States Dollar,&#36;
,,2,2023-11-05T18:04:00Z,35123.8226,price,coindesk,USD,bitcoin,United States Dollar,&#36;
,,2,2023-11-05T18:22:00Z,35060.0019,price,coindesk,USD,bitcoin,United States Dollar,&#36;
,,2,2023-11-05T18:33:00Z,35081.0649,price,coindesk,USD,bitcoin,United States Dollar,&#36;
,,2,2023-11-05T18:48:00Z,35066.0222,price,coindesk,USD,bitcoin,United States Dollar,&#36;
,,2,2023-11-05T19:04:00Z,35087.5173,price,coindesk,USD,bitcoin,United States Dollar,&#36;
,,2,2023-11-05T19:18:00Z,35119.9682,price,coindesk,USD,bitcoin,United States Dollar,&#36;
,,2,2023-11-05T19:33:00Z,35084.2747,price,coindesk,USD,bitcoin,United States Dollar,&#36;
,,2,2023-11-05T19:48:00Z,35058.8929,price,coindesk,USD,bitcoin,United States Dollar,&#36;
,,2,2023-11-05T20:04:00Z,35050.2725,price,coindesk,USD,bitcoin,United States Dollar,&#36;
,,2,2023-11-05T20:19:00Z,35071.0308,price,coindesk,USD,bitcoin,United States Dollar,&#36;
,,2,2023-11-05T20:33:00Z,35106.6901,price,coindesk,USD,bitcoin,United States Dollar,&#36;
,,2,2023-11-05T20:48:00Z,35062.2918,price,coindesk,USD,bitcoin,United States Dollar,&#36;
,,2,2023-11-05T21:04:00Z,35034.5883,price,coindesk,USD,bitcoin,United States Dollar,&#36;
,,2,2023-11-05T21:18:00Z,35001.5062,price,coindesk,USD,bitcoin,United States Dollar,&#36;
,,2,2023-11-05T21:33:00Z,34875.6203,price,coindesk,USD,bitcoin,United States Dollar,&#36;
,,2,2023-11-05T21:48:00Z,34830.1034,price,coindesk,USD,bitcoin,United States Dollar,&#36;
,,2,2023-11-05T22:04:00Z,34734.1233,price,coindesk,USD,bitcoin,United States Dollar,&#36;
,,2,2023-11-05T22:20:00Z,34758.57,price,coindesk,USD,bitcoin,United States Dollar,&#36;
,,2,2023-11-05T22:33:00Z,34766.6877,price,coindesk,USD,bitcoin,United States Dollar,&#36;
,,2,2023-11-05T22:48:00Z,34856.7542,price,coindesk,USD,bitcoin,United States Dollar,&#36;
,,2,2023-11-05T23:04:00Z,35322.9284,price,coindesk,USD,bitcoin,United States Dollar,&#36;
,,2,2023-11-05T23:19:00Z,35259.2037,price,coindesk,USD,bitcoin,United States Dollar,&#36;
,,2,2023-11-05T23:33:00Z,35112.4292,price,coindesk,USD,bitcoin,United States Dollar,&#36;
,,2,2023-11-05T23:48:00Z,35042.2241,price,coindesk,USD,bitcoin,United States Dollar,&#36;
,,2,2023-11-06T00:18:00Z,35017.899,price,coindesk,USD,bitcoin,United States Dollar,&#36;
,,2,2023-11-06T00:48:00Z,35084.2476,price,coindesk,USD,bitcoin,United States Dollar,&#36;
,,2,2023-11-06T01:27:00Z,35106.4922,price,coindesk,USD,bitcoin,United States Dollar,&#36;
,,2,2023-11-06T01:52:00Z,34895.1118,price,coindesk,USD,bitcoin,United States Dollar,&#36;
,,2,2023-11-06T02:13:00Z,34961.2239,price,coindesk,USD,bitcoin,United States Dollar,&#36;
,,2,2023-11-06T02:28:00Z,34887.6859,price,coindesk,USD,bitcoin,United States Dollar,&#36;
,,2,2023-11-06T02:37:00Z,34907.3157,price,coindesk,USD,bitcoin,United States Dollar,&#36;
,,2,2023-11-06T02:48:00Z,34889.2319,price,coindesk,USD,bitcoin,United States Dollar,&#36;
,,2,2023-11-06T03:04:00Z,34905.0497,price,coindesk,USD,bitcoin,United States Dollar,&#36;
,,2,2023-11-06T03:20:00Z,34929.8255,price,coindesk,USD,bitcoin,United States Dollar,&#36;
,,2,2023-11-06T03:33:00Z,34944.6269,price,coindesk,USD,bitcoin,United States Dollar,&#36;
,,2,2023-11-06T03:48:00Z,34981.3778,price,coindesk,USD,bitcoin,United States Dollar,&#36;
,,2,2023-11-06T04:04:00Z,35027.8449,price,coindesk,USD,bitcoin,United States Dollar,&#36;
,,2,2023-11-06T04:22:00Z,34925.2384,price,coindesk,USD,bitcoin,United States Dollar,&#36;
,,2,2023-11-06T04:33:00Z,34937.1719,price,coindesk,USD,bitcoin,United States Dollar,&#36;
,,2,2023-11-06T04:48:00Z,34884.3989,price,coindesk,USD,bitcoin,United States Dollar,&#36;
,,2,2023-11-06T05:04:00Z,34890.4777,price,coindesk,USD,bitcoin,United States Dollar,&#36;
,,2,2023-11-06T05:21:00Z,34839.0462,price,coindesk,USD,bitcoin,United States Dollar,&#36;
,,2,2023-11-06T05:33:00Z,34814.6919,price,coindesk,USD,bitcoin,United States Dollar,&#36;
,,2,2023-11-06T05:48:00Z,34782.6548,price,coindesk,USD,bitcoin,United States Dollar,&#36;
,,2,2023-11-06T06:05:00Z,34845.0744,price,coindesk,USD,bitcoin,United States Dollar,&#36;
,,2,2023-11-06T06:23:00Z,34827.2781,price,coindesk,USD,bitcoin,United States Dollar,&#36;
,,2,2023-11-06T06:34:00Z,34859.8518,price,coindesk,USD,bitcoin,United States Dollar,&#36;
,,2,2023-11-06T06:48:00Z,34881.0313,price,coindesk,USD,bitcoin,United States Dollar,&#36;
,,2,2023-11-06T07:04:00Z,34896.972,price,coindesk,USD,bitcoin,United States Dollar,&#36;
,,2,2023-11-06T07:19:00Z,34907.9649,price,coindesk,USD,bitcoin,United States Dollar,&#36;
,,2,2023-11-06T07:33:00Z,34874.9855,price,coindesk,USD,bitcoin,United States Dollar,&#36;
,,2,2023-11-06T07:48:00Z,34919.4377,price,coindesk,USD,bitcoin,United States Dollar,&#36;
,,2,2023-11-06T08:05:00Z,34948.4053,price,coindesk,USD,bitcoin,United States Dollar,&#36;
,,2,2023-11-06T08:23:00Z,34877.7899,price,coindesk,USD,bitcoin,United States Dollar,&#36;
,,2,2023-11-06T08:34:00Z,34899.4477,price,coindesk,USD,bitcoin,United States Dollar,&#36;
,,2,2023-11-06T08:48:00Z,34906.1475,price,coindesk,USD,bitcoin,United States Dollar,&#36;
,,2,2023-11-06T09:04:00Z,34943.0983,price,coindesk,USD,bitcoin,United States Dollar,&#36;
,,2,2023-11-06T09:21:00Z,35004.9935,price,coindesk,USD,bitcoin,United States Dollar,&#36;
,,2,2023-11-06T09:33:00Z,35070.1512,price,coindesk,USD,bitcoin,United States Dollar,&#36;
,,2,2023-11-06T09:48:00Z,35116.9507,price,coindesk,USD,bitcoin,United States Dollar,&#36;
,,2,2023-11-06T10:05:00Z,35115.7004,price,coindesk,USD,bitcoin,United States Dollar,&#36;
,,2,2023-11-06T10:22:00Z,35167.0703,price,coindesk,USD,bitcoin,United States Dollar,&#36;
,,2,2023-11-06T10:34:00Z,35238.0891,price,coindesk,USD,bitcoin,United States Dollar,&#36;
,,2,2023-11-06T10:48:00Z,35195.131,price,coindesk,USD,bitcoin,United States Dollar,&#36;
,,2,2023-11-06T11:04:00Z,35194.555,price,coindesk,USD,bitcoin,United States Dollar,&#36;
,,2,2023-11-06T11:19:00Z,35185.8769,price,coindesk,USD,bitcoin,United States Dollar,&#36;
,,2,2023-11-06T11:33:00Z,35173.7568,price,coindesk,USD,bitcoin,United States Dollar,&#36;
,,2,2023-11-06T11:48:00Z,35200.765,price,coindesk,USD,bitcoin,United States Dollar,&#36;
,,2,2023-11-06T12:06:00Z,35223.2882,price,coindesk,USD,bitcoin,United States Dollar,&#36;
,,2,2023-11-06T12:24:00Z,35175.8482,price,coindesk,USD,bitcoin,United States Dollar,&#36;
,,2,2023-11-06T12:41:00Z,35224.0966,price,coindesk,USD,bitcoin,United States Dollar,&#36;
,,2,2023-11-06T12:54:00Z,35178.1246,price,coindesk,USD,bitcoin,United States Dollar,&#36;
,,2,2023-11-06T13:06:00Z,35187.258,price,coindesk,USD,bitcoin,United States Dollar,&#36;
,,2,2023-11-06T13:22:00Z,35003.173,price,coindesk,USD,bitcoin,United States Dollar,&#36;
,,2,2023-11-06T13:33:00Z,35073.0936,price,coindesk,USD,bitcoin,United States Dollar,&#36;
,,2,2023-11-06T13:48:00Z,34955.6172,price,coindesk,USD,bitcoin,United States Dollar,&#36;
,,2,2023-11-06T14:04:00Z,35064.6851,price,coindesk,USD,bitcoin,United States Dollar,&#36;
,,2,2023-11-06T14:21:00Z,35103.8215,price,coindesk,USD,bitcoin,United States Dollar,&#36;
,,2,2023-11-06T14:34:00Z,35102.2687,price,coindesk,USD,bitcoin,United States Dollar,&#36;
,,2,2023-11-06T14:48:00Z,35128.2963,price,coindesk,USD,bitcoin,United States Dollar,&#36;
,,2,2023-11-06T15:04:00Z,35177.536,price,coindesk,USD,bitcoin,United States Dollar,&#36;
,,2,2023-11-06T15:21:00Z,35179.6147,price,coindesk,USD,bitcoin,United States Dollar,&#36;
,,2,2023-11-06T15:33:00Z,35135.5116,price,coindesk,USD,bitcoin,United States Dollar,&#36;
,,2,2023-11-06T15:49:00Z,35102.7831,price,coindesk,USD,bitcoin,United States Dollar,&#36;
,,2,2023-11-06T16:04:00Z,35088.5654,price,coindesk,USD,bitcoin,United States Dollar,&#36;
,,2,2023-11-06T16:23:00Z,35025.1232,price,coindesk,USD,bitcoin,United States Dollar,&#36;
,,2,2023-11-06T16:36:00Z,35069.1324,price,coindesk,USD,bitcoin,United States Dollar,&#36;
,,2,2023-11-06T16:48:00Z,34967.0093,price,coindesk,USD,bitcoin,United States Dollar,&#36;
,,2,2023-11-06T17:04:00Z,34957.0436,price,coindesk,USD,bitcoin,United States Dollar,&#36;
,,2,2023-11-06T17:20:00Z,34996.4454,price,coindesk,USD,bitcoin,United States Dollar,&#36;
,,2,2023-11-06T17:33:00Z,34993.1081,price,coindesk,USD,bitcoin,United States Dollar,&#36;
,,2,2023-11-06T17:48:00Z,34963.2458,price,coindesk,USD,bitcoin,United States Dollar,&#36;
,,2,2023-11-06T18:04:00Z,35002.5885,price,coindesk,USD,bitcoin,United States Dollar,&#36;
,,2,2023-11-06T18:23:00Z,34913.7682,price,coindesk,USD,bitcoin,United States Dollar,&#36;
,,2,2023-11-06T18:33:00Z,34913.7134,price,coindesk,USD,bitcoin,United States Dollar,&#36;
,,2,2023-11-06T18:48:00Z,35005.4963,price,coindesk,USD,bitcoin,United States Dollar,&#36;
,,2,2023-11-06T19:04:00Z,34953.1037,price,coindesk,USD,bitcoin,United States Dollar,&#36;
,,2,2023-11-06T19:18:00Z,34990.7651,price,coindesk,USD,bitcoin,United States Dollar,&#36;
,,2,2023-11-06T19:33:00Z,35013.3891,price,coindesk,USD,bitcoin,United States Dollar,&#36;
,,2,2023-11-06T19:48:00Z,35077.5877,price,coindesk,USD,bitcoin,United States Dollar,&#36;
,,2,2023-11-06T20:04:00Z,35050.2803,price,coindesk,USD,bitcoin,United States Dollar,&#36;
,,2,2023-11-06T20:20:00Z,34994.4848,price,coindesk,USD,bitcoin,United States Dollar,&#36;
,,2,2023-11-06T20:33:00Z,34968.5238,price,coindesk,USD,bitcoin,United States Dollar,&#36;
,,2,2023-11-06T20:48:00Z,34987.8963,price,coindesk,USD,bitcoin,United States Dollar,&#36;
,,2,2023-11-06T21:04:00Z,35014.9454,price,coindesk,USD,bitcoin,United States Dollar,&#36;
,,2,2023-11-06T21:18:00Z,34970.7466,price,coindesk,USD,bitcoin,United States Dollar,&#36;
,,2,2023-11-06T21:33:00Z,34990.4184,price,coindesk,USD,bitcoin,United States Dollar,&#36;
,,2,2023-11-06T21:48:00Z,35008.9496,price,coindesk,USD,bitcoin,United States Dollar,&#36;
,,2,2023-11-06T22:04:00Z,35053.0818,price,coindesk,USD,bitcoin,United States Dollar,&#36;
,,2,2023-11-06T22:21:00Z,35073.7082,price,coindesk,USD,bitcoin,United States Dollar,&#36;
,,2,2023-11-06T22:33:00Z,35119.8073,price,coindesk,USD,bitcoin,United States Dollar,&#36;
,,2,2023-11-06T22:47:00Z,35092.3797,price,coindesk,USD,bitcoin,United States Dollar,&#36;
,,2,2023-11-06T23:04:00Z,35107.1104,price,coindesk,USD,bitcoin,United States Dollar,&#36;
,,2,2023-11-06T23:19:00Z,34979.0922,price,coindesk,USD,bitcoin,United States Dollar,&#36;
,,2,2023-11-06T23:33:00Z,34992.8056,price,coindesk,USD,bitcoin,United States Dollar,&#36;
,,2,2023-11-06T23:48:00Z,34996.521,price,coindesk,USD,bitcoin,United States Dollar,&#36;
,,2,2023-11-07T00:18:00Z,35027.1583,price,coindesk,USD,bitcoin,United States Dollar,&#36;
,,2,2023-11-07T00:48:00Z,34927.7645,price,coindesk,USD,bitcoin,United States Dollar,&#36;
,,2,2023-11-07T01:27:00Z,34882.7229,price,coindesk,USD,bitcoin,United States Dollar,&#36;
,,2,2023-11-07T01:51:00Z,34954.4222,price,coindesk,USD,bitcoin,United States Dollar,&#36;
,,2,2023-11-07T02:12:00Z,34954.7774,price,coindesk,USD,bitcoin,United States Dollar,&#36;
,,2,2023-11-07T02:26:00Z,34876.8333,price,coindesk,USD,bitcoin,United States Dollar,&#36;
,,2,2023-11-07T02:35:00Z,34875.3843,price,coindesk,USD,bitcoin,United States Dollar,&#36;
,,2,2023-11-07T02:48:00Z,34915.1242,price,coindesk,USD,bitcoin,United States Dollar,&#36;
,,2,2023-11-07T03:04:00Z,34877.2981,price,coindesk,USD,bitcoin,United States Dollar,&#36;
,,2,2023-11-07T03:20:00Z,34916.3616,price,coindesk,USD,bitcoin,United States Dollar,&#36;
,,2,2023-11-07T03:33:00Z,34888.5702,price,coindesk,USD,bitcoin,United States Dollar,&#36;
,,2,2023-11-07T03:48:00Z,34915.9588,price,coindesk,USD,bitcoin,United States Dollar,&#36;
,,2,2023-11-07T04:04:00Z,34941.8311,price,coindesk,USD,bitcoin,United States Dollar,&#36;
,,2,2023-11-07T04:22:00Z,34863.218,price,coindesk,USD,bitcoin,United States Dollar,&#36;
,,2,2023-11-07T04:33:00Z,34878.9385,price,coindesk,USD,bitcoin,United States Dollar,&#36;
,,2,2023-11-07T04:48:00Z,34903.2905,price,coindesk,USD,bitcoin,United States Dollar,&#36;
,,2,2023-11-07T05:04:00Z,34886.8701,price,coindesk,USD,bitcoin,United States Dollar,&#36;
,,2,2023-11-07T05:21:00Z,34894.6613,price,coindesk,USD,bitcoin,United States Dollar,&#36;
,,2,2023-11-07T05:33:00Z,34868.8105,price,coindesk,USD,bitcoin,United States Dollar,&#36;
,,2,2023-11-07T05:48:00Z,34908.776,price,coindesk,USD,bitcoin,United States Dollar,&#36;
,,2,2023-11-07T06:05:00Z,34916.2376,price,coindesk,USD,bitcoin,United States Dollar,&#36;
,,2,2023-11-07T06:23:00Z,34918.8488,price,coindesk,USD,bitcoin,United States Dollar,&#36;
,,2,2023-11-07T06:33:00Z,34913.5584,price,coindesk,USD,bitcoin,United States Dollar,&#36;
,,2,2023-11-07T06:48:00Z,34974.0394,price,coindesk,USD,bitcoin,United States Dollar,&#36;
,,2,2023-11-07T07:04:00Z,34975.1664,price,coindesk,USD,bitcoin,United States Dollar,&#36;
,,2,2023-11-07T07:19:00Z,34951.2622,price,coindesk,USD,bitcoin,United States Dollar,&#36;
,,2,2023-11-07T07:33:00Z,34888.54,price,coindesk,USD,bitcoin,United States Dollar,&#36;
,,2,2023-11-07T07:48:00Z,34931.8729,price,coindesk,USD,bitcoin,United States Dollar,&#36;
,,2,2023-11-07T08:05:00Z,34953.4548,price,coindesk,USD,bitcoin,United States Dollar,&#36;
,,2,2023-11-07T08:22:00Z,34949.2553,price,coindesk,USD,bitcoin,United States Dollar,&#36;
,,2,2023-11-07T08:33:00Z,34925.7286,price,coindesk,USD,bitcoin,United States Dollar,&#36;
,,2,2023-11-07T08:48:00Z,34928.7615,price,coindesk,USD,bitcoin,United States Dollar,&#36;
,,2,2023-11-07T09:04:00Z,34900.0486,price,coindesk,USD,bitcoin,United States Dollar,&#36;
,,2,2023-11-07T09:19:00Z,34877.855,price,coindesk,USD,bitcoin,United States Dollar,&#36;
,,2,2023-11-07T09:33:00Z,34846.3306,price,coindesk,USD,bitcoin,United States Dollar,&#36;
,,2,2023-11-07T09:48:00Z,34913.5161,price,coindesk,USD,bitcoin,United States Dollar,&#36;
,,2,2023-11-07T10:04:00Z,34800.441,price,coindesk,USD,bitcoin,United States Dollar,&#36;
,,2,2023-11-07T10:22:00Z,34696.2444,price,coindesk,USD,bitcoin,United States Dollar,&#36;
,,2,2023-11-07T10:33:00Z,34699.7423,price,coindesk,USD,bitcoin,United States Dollar,&#36;
,,2,2023-11-07T10:49:00Z,34630.9235,price,coindesk,USD,bitcoin,United States Dollar,&#36;
,,2,2023-11-07T11:04:00Z,34684.7702,price,coindesk,USD,bitcoin,United States Dollar,&#36;
,,2,2023-11-07T11:18:00Z,34732.7021,price,coindesk,USD,bitcoin,United States Dollar,&#36;
,,2,2023-11-07T11:33:00Z,34711.828,price,coindesk,USD,bitcoin,United States Dollar,&#36;
,,2,2023-11-07T11:48:00Z,34696.2658,price,coindesk,USD,bitcoin,United States Dollar,&#36;
,,2,2023-11-07T12:06:00Z,34662.8994,price,coindesk,USD,bitcoin,United States Dollar,&#36;
,,2,2023-11-07T12:24:00Z,34693.4463,price,coindesk,USD,bitcoin,United States Dollar,&#36;
,,2,2023-11-07T12:40:00Z,34730.4118,price,coindesk,USD,bitcoin,United States Dollar,&#36;
,,2,2023-11-07T12:52:00Z,34735.7979,price,coindesk,USD,bitcoin,United States Dollar,&#36;
,,2,2023-11-07T13:05:00Z,34752.7007,price,coindesk,USD,bitcoin,United States Dollar,&#36;
,,2,2023-11-07T13:21:00Z,34763.8127,price,coindesk,USD,bitcoin,United States Dollar,&#36;
,,2,2023-11-07T13:33:00Z,34710.3293,price,coindesk,USD,bitcoin,United States Dollar,&#36;
,,2,2023-11-07T13:48:00Z,34745.9676,price,coindesk,USD,bitcoin,United States Dollar,&#36;
,,2,2023-11-07T14:04:00Z,34783.5344,price,coindesk,USD,bitcoin,United States Dollar,&#36;
,,2,2023-11-07T14:21:00Z,34823.6617,price,coindesk,USD,bitcoin,United States Dollar,&#36;
,,2,2023-11-07T14:33:00Z,34768.5251,price,coindesk,USD,bitcoin,United States Dollar,&#36;
,,2,2023-11-07T14:48:00Z,34806.9695,price,coindesk,USD,bitcoin,United States Dollar,&#36;
,,2,2023-11-07T15:04:00Z,34828.4558,price,coindesk,USD,bitcoin,United States Dollar,&#36;
,,2,2023-11-07T15:20:00Z,34760.8004,price,coindesk,USD,bitcoin,United States Dollar,&#36;
,,2,2023-11-07T15:33:00Z,34706.9558,price,coindesk,USD,bitcoin,United States Dollar,&#36;
,,2,2023-11-07T15:48:00Z,34696.164,price,coindesk,USD,bitcoin,United States Dollar,&#36;
,,2,2023-11-07T16:05:00Z,34721.5334,price,coindesk,USD,bitcoin,United States Dollar,&#36;
,,2,2023-11-07T16:23:00Z,34714.8675,price,coindesk,USD,bitcoin,United States Dollar,&#36;
,,2,2023-11-07T16:35:00Z,34726.0713,price,coindesk,USD,bitcoin,United States Dollar,&#36;
,,2,2023-11-07T16:47:00Z,34720.411,price,coindesk,USD,bitcoin,United States Dollar,&#36;
,,2,2023-11-07T17:04:00Z,34626.6931,price,coindesk,USD,bitcoin,United States Dollar,&#36;
,,2,2023-11-07T17:20:00Z,34777.2785,price,coindesk,USD,bitcoin,United States Dollar,&#36;
,,2,2023-11-07T17:49:00Z,34818.3088,price,coindesk,USD,bitcoin,United States Dollar,&#36;
,,2,2023-11-07T18:04:00Z,34886.7431,price,coindesk,USD,bitcoin,United States Dollar,&#36;
,,2,2023-11-07T18:23:00Z,35284.0746,price,coindesk,USD,bitcoin,United States Dollar,&#36;
,,2,2023-11-07T18:33:00Z,35185.5909,price,coindesk,USD,bitcoin,United States Dollar,&#36;
,,2,2023-11-07T18:48:00Z,35363.6197,price,coindesk,USD,bitcoin,United States Dollar,&#36;
,,2,2023-11-07T19:04:00Z,35369.4916,price,coindesk,USD,bitcoin,United States Dollar,&#36;
,,2,2023-11-07T19:18:00Z,35379.7326,price,coindesk,USD,bitcoin,United States Dollar,&#36;
,,2,2023-11-07T19:33:00Z,35340.7367,price,coindesk,USD,bitcoin,United States Dollar,&#36;
,,2,2023-11-07T19:48:00Z,35431.8968,price,coindesk,USD,bitcoin,United States Dollar,&#36;
,,2,2023-11-07T20:04:00Z,35496.8315,price,coindesk,USD,bitcoin,United States Dollar,&#36;
,,2,2023-11-07T20:20:00Z,35381.6995,price,coindesk,USD,bitcoin,United States Dollar,&#36;
,,2,2023-11-07T20:33:00Z,35392.6445,price,coindesk,USD,bitcoin,United States Dollar,&#36;
,,2,2023-11-07T20:48:00Z,35593.3417,price,coindesk,USD,bitcoin,United States Dollar,&#36;
,,2,2023-11-07T21:04:00Z,35656.173,price,coindesk,USD,bitcoin,United States Dollar,&#36;
,,2,2023-11-07T21:19:00Z,35561.7075,price,coindesk,USD,bitcoin,United States Dollar,&#36;
,,2,2023-11-07T21:33:00Z,35585.1559,price,coindesk,USD,bitcoin,United States Dollar,&#36;
,,2,2023-11-07T21:48:00Z,35569.9645,price,coindesk,USD,bitcoin,United States Dollar,&#36;
,,2,2023-11-07T22:04:00Z,35419.4368,price,coindesk,USD,bitcoin,United States Dollar,&#36;
,,2,2023-11-07T22:20:00Z,35248.1071,price,coindesk,USD,bitcoin,United States Dollar,&#36;
,,2,2023-11-07T22:33:00Z,35313.3339,price,coindesk,USD,bitcoin,United States Dollar,&#36;
,,2,2023-11-07T22:48:00Z,35438.3016,price,coindesk,USD,bitcoin,United States Dollar,&#36;
,,2,2023-11-07T23:04:00Z,35320.8622,price,coindesk,USD,bitcoin,United States Dollar,&#36;
,,2,2023-11-07T23:20:00Z,35436.9389,price,coindesk,USD,bitcoin,United States Dollar,&#36;
,,2,2023-11-07T23:33:00Z,35405.9652,price,coindesk,USD,bitcoin,United States Dollar,&#36;
,,2,2023-11-07T23:48:00Z,35411.4247,price,coindesk,USD,bitcoin,United States Dollar,&#36;
,,2,2023-11-08T00:17:00Z,35404.0138,price,coindesk,USD,bitcoin,United States Dollar,&#36;
,,2,2023-11-08T00:48:00Z,35342.231,price,coindesk,USD,bitcoin,United States Dollar,&#36;
,,2,2023-11-08T01:26:00Z,35426.7808,price,coindesk,USD,bitcoin,United States Dollar,&#36;
,,2,2023-11-08T01:50:00Z,35379.4259,price,coindesk,USD,bitcoin,United States Dollar,&#36;
,,2,2023-11-08T02:11:00Z,35406.7734,price,coindesk,USD,bitcoin,United States Dollar,&#36;
,,2,2023-11-08T02:25:00Z,35363.9739,price,coindesk,USD,bitcoin,United States Dollar,&#36;
,,2,2023-11-08T02:35:00Z,35370.1634,price,coindesk,USD,bitcoin,United States Dollar,&#36;
,,2,2023-11-08T02:48:00Z,35359.7704,price,coindesk,USD,bitcoin,United States Dollar,&#36;
,,2,2023-11-08T03:06:00Z,35299.5975,price,coindesk,USD,bitcoin,United States Dollar,&#36;
,,2,2023-11-08T03:20:00Z,35308.6368,price,coindesk,USD,bitcoin,United States Dollar,&#36;
,,2,2023-11-08T03:33:00Z,35273.7918,price,coindesk,USD,bitcoin,United States Dollar,&#36;
,,2,2023-11-08T03:48:00Z,35285.6462,price,coindesk,USD,bitcoin,United States Dollar,&#36;
,,2,2023-11-08T04:04:00Z,35314.8338,price,coindesk,USD,bitcoin,United States Dollar,&#36;
,,2,2023-11-08T04:22:00Z,35276.0494,price,coindesk,USD,bitcoin,United States Dollar,&#36;
,,2,2023-11-08T04:33:00Z,35329.7826,price,coindesk,USD,bitcoin,United States Dollar,&#36;
,,2,2023-11-08T04:48:00Z,35348.2609,price,coindesk,USD,bitcoin,United States Dollar,&#36;
,,2,2023-11-08T05:04:00Z,35353.753,price,coindesk,USD,bitcoin,United States Dollar,&#36;
,,2,2023-11-08T05:21:00Z,35307.4283,price,coindesk,USD,bitcoin,United States Dollar,&#36;
,,2,2023-11-08T05:33:00Z,35285.6482,price,coindesk,USD,bitcoin,United States Dollar,&#36;
,,2,2023-11-08T05:48:00Z,35267.8877,price,coindesk,USD,bitcoin,United States Dollar,&#36;
,,2,2023-11-08T06:05:00Z,35234.5092,price,coindesk,USD,bitcoin,United States Dollar,&#36;
,,2,2023-11-08T06:23:00Z,35231.6707,price,coindesk,USD,bitcoin,United States Dollar,&#36;
,,2,2023-11-08T06:33:00Z,35307.7182,price,coindesk,USD,bitcoin,United States Dollar,&#36;
,,2,2023-11-08T06:48:00Z,35285.9394,price,coindesk,USD,bitcoin,United States Dollar,&#36;
,,2,2023-11-08T07:04:00Z,35258.6056,price,coindesk,USD,bitcoin,United States Dollar,&#36;
,,2,2023-11-08T07:19:00Z,35255.7652,price,coindesk,USD,bitcoin,United States Dollar,&#36;
,,2,2023-11-08T07:33:00Z,35325.2006,price,coindesk,USD,bitcoin,United States Dollar,&#36;
,,2,2023-11-08T07:48:00Z,35278.6007,price,coindesk,USD,bitcoin,United States Dollar,&#36;
,,2,2023-11-08T08:05:00Z,35218.2292,price,coindesk,USD,bitcoin,United States Dollar,&#36;
,,2,2023-11-08T08:22:00Z,35282.8634,price,coindesk,USD,bitcoin,United States Dollar,&#36;
,,2,2023-11-08T08:33:00Z,35281.4654,price,coindesk,USD,bitcoin,United States Dollar,&#36;
,,2,2023-11-08T08:48:00Z,35324.042,price,coindesk,USD,bitcoin,United States Dollar,&#36;
,,2,2023-11-08T09:04:00Z,35337.2136,price,coindesk,USD,bitcoin,United States Dollar,&#36;
,,2,2023-11-08T09:20:00Z,35331.6263,price,coindesk,USD,bitcoin,United States Dollar,&#36;
,,2,2023-11-08T09:33:00Z,35308.6531,price,coindesk,USD,bitcoin,United States Dollar,&#36;
,,2,2023-11-08T09:48:00Z,35302.1706,price,coindesk,USD,bitcoin,United States Dollar,&#36;
,,2,2023-11-08T10:04:00Z,35316.808,price,coindesk,USD,bitcoin,United States Dollar,&#36;
,,2,2023-11-08T10:21:00Z,35386.1787,price,coindesk,USD,bitcoin,United States Dollar,&#36;
,,2,2023-11-08T10:33:00Z,35397.5939,price,coindesk,USD,bitcoin,United States Dollar,&#36;
,,2,2023-11-08T10:48:00Z,35359.3553,price,coindesk,USD,bitcoin,United States Dollar,&#36;
,,2,2023-11-08T11:04:00Z,35435.6299,price,coindesk,USD,bitcoin,United States Dollar,&#36;
,,2,2023-11-08T11:18:00Z,35364.0732,price,coindesk,USD,bitcoin,United States Dollar,&#36;
,,2,2023-11-08T11:33:00Z,35338.7496,price,coindesk,USD,bitcoin,United States Dollar,&#36;
,,2,2023-11-08T11:48:00Z,35335.9825,price,coindesk,USD,bitcoin,United States Dollar,&#36;
,,2,2023-11-08T12:06:00Z,35355.5063,price,coindesk,USD,bitcoin,United States Dollar,&#36;
,,2,2023-11-08T12:24:00Z,35356.6033,price,coindesk,USD,bitcoin,United States Dollar,&#36;
,,2,2023-11-08T12:40:00Z,35321.9864,price,coindesk,USD,bitcoin,United States Dollar,&#36;
,,2,2023-11-08T12:52:00Z,35365.942,price,coindesk,USD,bitcoin,United States Dollar,&#36;
,,2,2023-11-08T13:05:00Z,35452.7273,price,coindesk,USD,bitcoin,United States Dollar,&#36;
,,2,2023-11-08T13:22:00Z,35333.325,price,coindesk,USD,bitcoin,United States Dollar,&#36;
,,2,2023-11-08T13:33:00Z,35346.0537,price,coindesk,USD,bitcoin,United States Dollar,&#36;
,,2,2023-11-08T13:48:00Z,35372.1184,price,coindesk,USD,bitcoin,United States Dollar,&#36;
,,2,2023-11-08T14:04:00Z,35385.6272,price,coindesk,USD,bitcoin,United States Dollar,&#36;
,,2,2023-11-08T14:21:00Z,35411.1483,price,coindesk,USD,bitcoin,United States Dollar,&#36;
,,2,2023-11-08T14:33:00Z,35390.6917,price,coindesk,USD,bitcoin,United States Dollar,&#36;
,,2,2023-11-08T14:48:00Z,35287.9712,price,coindesk,USD,bitcoin,United States Dollar,&#36;
,,2,2023-11-08T15:04:00Z,35267.8949,price,coindesk,USD,bitcoin,United States Dollar,&#36;
,,2,2023-11-08T15:20:00Z,35239.8787,price,coindesk,USD,bitcoin,United States Dollar,&#36;
,,2,2023-11-08T15:33:00Z,35188.7856,price,coindesk,USD,bitcoin,United States Dollar,&#36;
,,2,2023-11-08T15:48:00Z,35214.4504,price,coindesk,USD,bitcoin,United States Dollar,&#36;
,,2,2023-11-08T16:05:00Z,35226.0909,price,coindesk,USD,bitcoin,United States Dollar,&#36;
,,2,2023-11-08T16:23:00Z,35214.0128,price,coindesk,USD,bitcoin,United States Dollar,&#36;
,,2,2023-11-08T16:35:00Z,35219.8281,price,coindesk,USD,bitcoin,United States Dollar,&#36;
,,2,2023-11-08T16:48:00Z,35334.9347,price,coindesk,USD,bitcoin,United States Dollar,&#36;
,,2,2023-11-08T17:04:00Z,35367.9276,price,coindesk,USD,bitcoin,United States Dollar,&#36;
,,2,2023-11-08T17:20:00Z,35364.6699,price,coindesk,USD,bitcoin,United States Dollar,&#36;
,,2,2023-11-08T17:33:00Z,35316.4235,price,coindesk,USD,bitcoin,United States Dollar,&#36;
,,2,2023-11-08T17:48:00Z,35306.0029,price,coindesk,USD,bitcoin,United States Dollar,&#36;
,,2,2023-11-08T18:04:00Z,35342.5879,price,coindesk,USD,bitcoin,United States Dollar,&#36;
,,2,2023-11-08T18:23:00Z,35397.9651,price,coindesk,USD,bitcoin,United States Dollar,&#36;
,,2,2023-11-08T18:33:00Z,35398.5622,price,coindesk,USD,bitcoin,United States Dollar,&#36;
,,2,2023-11-08T18:48:00Z,35530.2325,price,coindesk,USD,bitcoin,United States Dollar,&#36;
,,2,2023-11-08T19:04:00Z,35601.3345,price,coindesk,USD,bitcoin,United States Dollar,&#36;
,,2,2023-11-08T19:18:00Z,35737.2724,price,coindesk,USD,bitcoin,United States Dollar,&#36;
,,2,2023-11-08T19:33:00Z,35577.7133,price,coindesk,USD,bitcoin,United States Dollar,&#36;
,,2,2023-11-08T19:48:00Z,35701.4296,price,coindesk,USD,bitcoin,United States Dollar,&#36;
,,2,2023-11-08T20:04:00Z,35728.8068,price,coindesk,USD,bitcoin,United States Dollar,&#36;
,,2,2023-11-08T20:20:00Z,35682.5266,price,coindesk,USD,bitcoin,United States Dollar,&#36;
,,2,2023-11-08T20:33:00Z,35664.9507,price,coindesk,USD,bitcoin,United States Dollar,&#36;
,,2,2023-11-08T20:48:00Z,35596.0401,price,coindesk,USD,bitcoin,United States Dollar,&#36;
,,2,2023-11-08T21:04:00Z,35699.7068,price,coindesk,USD,bitcoin,United States Dollar,&#36;
,,2,2023-11-08T21:18:00Z,35505.0684,price,coindesk,USD,bitcoin,United States Dollar,&#36;
,,2,2023-11-08T21:33:00Z,35473.718,price,coindesk,USD,bitcoin,United States Dollar,&#36;
,,2,2023-11-08T21:48:00Z,35542.2488,price,coindesk,USD,bitcoin,United States Dollar,&#36;
,,2,2023-11-08T22:04:00Z,35820.2455,price,coindesk,USD,bitcoin,United States Dollar,&#36;
,,2,2023-11-08T22:21:00Z,35917.8267,price,coindesk,USD,bitcoin,United States Dollar,&#36;
,,2,2023-11-08T22:33:00Z,35808.1588,price,coindesk,USD,bitcoin,United States Dollar,&#36;
,,2,2023-11-08T22:47:00Z,35755.9411,price,coindesk,USD,bitcoin,United States Dollar,&#36;
,,2,2023-11-08T23:04:00Z,35832.0704,price,coindesk,USD,bitcoin,United States Dollar,&#36;
,,2,2023-11-08T23:19:00Z,35751.1848,price,coindesk,USD,bitcoin,United States Dollar,&#36;
,,2,2023-11-08T23:33:00Z,35810.3585,price,coindesk,USD,bitcoin,United States Dollar,&#36;
,,2,2023-11-08T23:48:00Z,35842.3179,price,coindesk,USD,bitcoin,United States Dollar,&#36;
,,2,2023-11-09T00:17:00Z,35688.5472,price,coindesk,USD,bitcoin,United States Dollar,&#36;
,,2,2023-11-09T00:48:00Z,35848.7184,price,coindesk,USD,bitcoin,United States Dollar,&#36;
,,2,2023-11-09T01:26:00Z,35853.0975,price,coindesk,USD,bitcoin,United States Dollar,&#36;
,,2,2023-11-09T01:50:00Z,36014.7954,price,coindesk,USD,bitcoin,United States Dollar,&#36;
,,2,2023-11-09T02:11:00Z,35963.6361,price,coindesk,USD,bitcoin,United States Dollar,&#36;
,,2,2023-11-09T02:25:00Z,36273.6457,price,coindesk,USD,bitcoin,United States Dollar,&#36;
,,2,2023-11-09T02:34:00Z,36474.0952,price,coindesk,USD,bitcoin,United States Dollar,&#36;
,,2,2023-11-09T02:48:00Z,36282.2022,price,coindesk,USD,bitcoin,United States Dollar,&#36;
,,2,2023-11-09T03:04:00Z,36395.9394,price,coindesk,USD,bitcoin,United States Dollar,&#36;
,,2,2023-11-09T03:20:00Z,36382.8535,price,coindesk,USD,bitcoin,United States Dollar,&#36;
,,2,2023-11-09T03:33:00Z,36496.9172,price,coindesk,USD,bitcoin,United States Dollar,&#36;
,,2,2023-11-09T03:48:00Z,36473.4772,price,coindesk,USD,bitcoin,United States Dollar,&#36;
,,2,2023-11-09T04:04:00Z,36493.9262,price,coindesk,USD,bitcoin,United States Dollar,&#36;
,,2,2023-11-09T04:22:00Z,36516.0925,price,coindesk,USD,bitcoin,United States Dollar,&#36;
,,2,2023-11-09T04:33:00Z,36594.164,price,coindesk,USD,bitcoin,United States Dollar,&#36;
,,2,2023-11-09T04:48:00Z,36706.7361,price,coindesk,USD,bitcoin,United States Dollar,&#36;
,,2,2023-11-09T05:04:00Z,36638.9014,price,coindesk,USD,bitcoin,United States Dollar,&#36;
,,2,2023-11-09T05:21:00Z,36599.6925,price,coindesk,USD,bitcoin,United States Dollar,&#36;
,,2,2023-11-09T05:33:00Z,36592.6708,price,coindesk,USD,bitcoin,United States Dollar,&#36;
,,2,2023-11-09T05:48:00Z,36639.7597,price,coindesk,USD,bitcoin,United States Dollar,&#36;
,,2,2023-11-09T06:04:00Z,36623.9407,price,coindesk,USD,bitcoin,United States Dollar,&#36;
,,2,2023-11-09T06:24:00Z,36758.9894,price,coindesk,USD,bitcoin,United States Dollar,&#36;
,,2,2023-11-09T06:33:00Z,36709.7508,price,coindesk,USD,bitcoin,United States Dollar,&#36;
,,2,2023-11-09T06:48:00Z,36764.1803,price,coindesk,USD,bitcoin,United States Dollar,&#36;
,,2,2023-11-09T07:04:00Z,36737.2637,price,coindesk,USD,bitcoin,United States Dollar,&#36;
,,2,2023-11-09T07:18:00Z,36730.2762,price,coindesk,USD,bitcoin,United States Dollar,&#36;
,,2,2023-11-09T07:33:00Z,36686.2519,price,coindesk,USD,bitcoin,United States Dollar,&#36;
,,2,2023-11-09T07:58:00Z,36551.9904,price,coindesk,USD,bitcoin,United States Dollar,&#36;
,,2,2023-11-09T08:05:00Z,36587.8951,price,coindesk,USD,bitcoin,United States Dollar,&#36;
,,2,2023-11-09T08:22:00Z,36582.338,price,coindesk,USD,bitcoin,United States Dollar,&#36;
,,2,2023-11-09T08:33:00Z,36645.6119,price,coindesk,USD,bitcoin,United States Dollar,&#36;
,,2,2023-11-09T08:48:00Z,36641.1576,price,coindesk,USD,bitcoin,United States Dollar,&#36;
,,2,2023-11-09T09:04:00Z,36682.09,price,coindesk,USD,bitcoin,United States Dollar,&#36;
,,2,2023-11-09T09:20:00Z,36689.5945,price,coindesk,USD,bitcoin,United States Dollar,&#36;
,,2,2023-11-09T09:33:00Z,36749.2633,price,coindesk,USD,bitcoin,United States Dollar,&#36;
,,2,2023-11-09T09:48:00Z,36762.659,price,coindesk,USD,bitcoin,United States Dollar,&#36;
,,2,2023-11-09T10:04:00Z,36762.6777,price,coindesk,USD,bitcoin,United States Dollar,&#36;
,,2,2023-11-09T10:21:00Z,36916.723,price,coindesk,USD,bitcoin,United States Dollar,&#36;
,,2,2023-11-09T10:33:00Z,36758.9683,price,coindesk,USD,bitcoin,United States Dollar,&#36;
,,2,2023-11-09T10:48:00Z,36854.527,price,coindesk,USD,bitcoin,United States Dollar,&#36;
,,2,2023-11-09T11:04:00Z,36766.5425,price,coindesk,USD,bitcoin,United States Dollar,&#36;
,,2,2023-11-09T11:18:00Z,36763.6613,price,coindesk,USD,bitcoin,United States Dollar,&#36;
,,2,2023-11-09T11:33:00Z,36737.4447,price,coindesk,USD,bitcoin,United States Dollar,&#36;
,,2,2023-11-09T11:48:00Z,36808.4529,price,coindesk,USD,bitcoin,United States Dollar,&#36;
,,2,2023-11-09T12:06:00Z,36817.1103,price,coindesk,USD,bitcoin,United States Dollar,&#36;
,,2,2023-11-09T12:24:00Z,36922.7379,price,coindesk,USD,bitcoin,United States Dollar,&#36;
,,2,2023-11-09T12:40:00Z,36898.1218,price,coindesk,USD,bitcoin,United States Dollar,&#36;
,,2,2023-11-09T12:52:00Z,36911.0107,price,coindesk,USD,bitcoin,United States Dollar,&#36;
,,2,2023-11-09T13:05:00Z,36965.8378,price,coindesk,USD,bitcoin,United States Dollar,&#36;
,,2,2023-11-09T13:23:00Z,36959.5964,price,coindesk,USD,bitcoin,United States Dollar,&#36;
,,2,2023-11-09T13:33:00Z,36886.181,price,coindesk,USD,bitcoin,United States Dollar,&#36;
,,2,2023-11-09T13:48:00Z,37002.9246,price,coindesk,USD,bitcoin,United States Dollar,&#36;
,,2,2023-11-09T14:04:00Z,37215.0574,price,coindesk,USD,bitcoin,United States Dollar,&#36;
,,2,2023-11-09T14:20:00Z,37546.3952,price,coindesk,USD,bitcoin,United States Dollar,&#36;
,,2,2023-11-09T14:33:00Z,37548.4195,price,coindesk,USD,bitcoin,United States Dollar,&#36;
,,2,2023-11-09T14:48:00Z,37727.1912,price,coindesk,USD,bitcoin,United States Dollar,&#36;
,,2,2023-11-09T15:04:00Z,37775.2446,price,coindesk,USD,bitcoin,United States Dollar,&#36;
,,2,2023-11-09T15:20:00Z,37659.9471,price,coindesk,USD,bitcoin,United States Dollar,&#36;
,,2,2023-11-09T15:33:00Z,37422.6488,price,coindesk,USD,bitcoin,United States Dollar,&#36;
,,2,2023-11-09T15:48:00Z,37370.6012,price,coindesk,USD,bitcoin,United States Dollar,&#36;
,,2,2023-11-09T16:04:00Z,37152.9578,price,coindesk,USD,bitcoin,United States Dollar,&#36;
,,2,2023-11-09T16:23:00Z,36615.3137,price,coindesk,USD,bitcoin,United States Dollar,&#36;
,,2,2023-11-09T16:35:00Z,36425.9127,price,coindesk,USD,bitcoin,United States Dollar,&#36;
,,2,2023-11-09T16:48:00Z,36414.5904,price,coindesk,USD,bitcoin,United States Dollar,&#36;
,,2,2023-11-09T17:04:00Z,36488.8912,price,coindesk,USD,bitcoin,United States Dollar,&#36;
,,2,2023-11-09T17:20:00Z,36155.0664,price,coindesk,USD,bitcoin,United States Dollar,&#36;
,,2,2023-11-09T17:33:00Z,36323.2149,price,coindesk,USD,bitcoin,United States Dollar,&#36;
,,2,2023-11-09T17:48:00Z,36492.355,price,coindesk,USD,bitcoin,United States Dollar,&#36;
,,2,2023-11-09T18:06:00Z,36546.2722,price,coindesk,USD,bitcoin,United States Dollar,&#36;
,,2,2023-11-09T18:22:00Z,36476.4657,price,coindesk,USD,bitcoin,United States Dollar,&#36;
,,2,2023-11-09T18:33:00Z,36451.8222,price,coindesk,USD,bitcoin,United States Dollar,&#36;
,,2,2023-11-09T18:48:00Z,36465.1662,price,coindesk,USD,bitcoin,United States Dollar,&#36;
,,2,2023-11-09T19:04:00Z,36463.0382,price,coindesk,USD,bitcoin,United States Dollar,&#36;
,,2,2023-11-09T19:18:00Z,36365.4504,price,coindesk,USD,bitcoin,United States Dollar,&#36;
,,2,2023-11-09T19:34:00Z,36366.4437,price,coindesk,USD,bitcoin,United States Dollar,&#36;
,,2,2023-11-09T19:47:00Z,36260.0341,price,coindesk,USD,bitcoin,United States Dollar,&#36;
,,2,2023-11-09T20:04:00Z,36323.1417,price,coindesk,USD,bitcoin,United States Dollar,&#36;
,,2,2023-11-09T20:20:00Z,36327.6253,price,coindesk,USD,bitcoin,United States Dollar,&#36;
,,2,2023-11-09T20:33:00Z,36315.7593,price,coindesk,USD,bitcoin,United States Dollar,&#36;
,,2,2023-11-09T20:48:00Z,36441.3604,price,coindesk,USD,bitcoin,United States Dollar,&#36;
,,2,2023-11-09T21:04:00Z,36593.2166,price,coindesk,USD,bitcoin,United States Dollar,&#36;
,,2,2023-11-09T21:18:00Z,36562.9116,price,coindesk,USD,bitcoin,United States Dollar,&#36;
,,2,2023-11-09T21:33:00Z,36640.1602,price,coindesk,USD,bitcoin,United States Dollar,&#36;
,,2,2023-11-09T21:48:00Z,36500.5732,price,coindesk,USD,bitcoin,United States Dollar,&#36;
,,2,2023-11-09T22:04:00Z,36571.7858,price,coindesk,USD,bitcoin,United States Dollar,&#36;
,,2,2023-11-09T22:21:00Z,36565.1834,price,coindesk,USD,bitcoin,United States Dollar,&#36;
,,2,2023-11-09T22:33:00Z,36567.9182,price,coindesk,USD,bitcoin,United States Dollar,&#36;
,,2,2023-11-09T22:48:00Z,36558.7091,price,coindesk,USD,bitcoin,United States Dollar,&#36;
,,2,2023-11-09T23:19:00Z,36589.1189,price,coindesk,USD,bitcoin,United States Dollar,&#36;
,,2,2023-11-09T23:33:00Z,36664.8671,price,coindesk,USD,bitcoin,United States Dollar,&#36;
,,2,2023-11-09T23:48:00Z,36691.0676,price,coindesk,USD,bitcoin,United States Dollar,&#36;
,,2,2023-11-10T00:17:00Z,36751.5317,price,coindesk,USD,bitcoin,United States Dollar,&#36;
,,2,2023-11-10T00:48:00Z,36550.5774,price,coindesk,USD,bitcoin,United States Dollar,&#36;
,,2,2023-11-10T01:26:00Z,36616.4103,price,coindesk,USD,bitcoin,United States Dollar,&#36;
,,2,2023-11-10T01:50:00Z,36703.4504,price,coindesk,USD,bitcoin,United States Dollar,&#36;
,,2,2023-11-10T02:11:00Z,36675.9588,price,coindesk,USD,bitcoin,United States Dollar,&#36;
,,2,2023-11-10T02:25:00Z,36709.6933,price,coindesk,USD,bitcoin,United States Dollar,&#36;
,,2,2023-11-10T02:35:00Z,36754.5175,price,coindesk,USD,bitcoin,United States Dollar,&#36;
,,2,2023-11-10T02:48:00Z,36804.9443,price,coindesk,USD,bitcoin,United States Dollar,&#36;
,,2,2023-11-10T03:04:00Z,36823.5114,price,coindesk,USD,bitcoin,United States Dollar,&#36;
,,2,2023-11-10T03:20:00Z,36839.5934,price,coindesk,USD,bitcoin,United States Dollar,&#36;
,,2,2023-11-10T03:33:00Z,36730.2092,price,coindesk,USD,bitcoin,United States Dollar,&#36;
,,2,2023-11-10T03:48:00Z,36783.7776,price,coindesk,USD,bitcoin,United States Dollar,&#36;
,,2,2023-11-10T04:04:00Z,36726.6695,price,coindesk,USD,bitcoin,United States Dollar,&#36;
,,2,2023-11-10T04:22:00Z,36737.2867,price,coindesk,USD,bitcoin,United States Dollar,&#36;
,,2,2023-11-10T04:33:00Z,36750.9516,price,coindesk,USD,bitcoin,United States Dollar,&#36;
,,2,2023-11-10T04:48:00Z,36693.8899,price,coindesk,USD,bitcoin,United States Dollar,&#36;
,,2,2023-11-10T05:04:00Z,36758.1094,price,coindesk,USD,bitcoin,United States Dollar,&#36;
,,2,2023-11-10T05:20:00Z,36696.8517,price,coindesk,USD,bitcoin,United States Dollar,&#36;
,,2,2023-11-10T05:33:00Z,36696.738,price,coindesk,USD,bitcoin,United States Dollar,&#36;
,,2,2023-11-10T05:48:00Z,36701.5883,price,coindesk,USD,bitcoin,United States Dollar,&#36;
,,2,2023-11-10T06:06:00Z,36707.2016,price,coindesk,USD,bitcoin,United States Dollar,&#36;
,,2,2023-11-10T06:23:00Z,36636.6181,price,coindesk,USD,bitcoin,United States Dollar,&#36;
,,2,2023-11-10T06:33:00Z,36640.2725,price,coindesk,USD,bitcoin,United States Dollar,&#36;
,,2,2023-11-10T06:48:00Z,36652.3068,price,coindesk,USD,bitcoin,United States Dollar,&#36;
,,2,2023-11-10T07:04:00Z,36657.6581,price,coindesk,USD,bitcoin,United States Dollar,&#36;
,,2,2023-11-10T07:18:00Z,36629.6172,price,coindesk,USD,bitcoin,United States Dollar,&#36;
,,2,2023-11-10T07:33:00Z,36556.903,price,coindesk,USD,bitcoin,United States Dollar,&#36;
,,2,2023-11-10T07:48:00Z,36505.0463,price,coindesk,USD,bitcoin,United States Dollar,&#36;
,,2,2023-11-10T08:05:00Z,36478.5807,price,coindesk,USD,bitcoin,United States Dollar,&#36;
,,2,2023-11-10T08:22:00Z,36447.1024,price,coindesk,USD,bitcoin,United States Dollar,&#36;
,,2,2023-11-10T08:33:00Z,36425.1176,price,coindesk,USD,bitcoin,United States Dollar,&#36;
,,2,2023-11-10T08:48:00Z,36495.1935,price,coindesk,USD,bitcoin,United States Dollar,&#36;
,,2,2023-11-10T09:04:00Z,36512.0537,price,coindesk,USD,bitcoin,United States Dollar,&#36;
,,2,2023-11-10T09:19:00Z,36496.5779,price,coindesk,USD,bitcoin,United States Dollar,&#36;
,,2,2023-11-10T09:33:00Z,36491.4268,price,coindesk,USD,bitcoin,United States Dollar,&#36;
,,2,2023-11-10T09:48:00Z,36514.3207,price,coindesk,USD,bitcoin,United States Dollar,&#36;
,,2,2023-11-10T10:04:00Z,36556.6738,price,coindesk,USD,bitcoin,United States Dollar,&#36;
,,2,2023-11-10T10:21:00Z,36619.285,price,coindesk,USD,bitcoin,United States Dollar,&#36;
,,2,2023-11-10T10:33:00Z,36594.5297,price,coindesk,USD,bitcoin,United States Dollar,&#36;
,,2,2023-11-10T10:48:00Z,36589.713,price,coindesk,USD,bitcoin,United States Dollar,&#36;
,,2,2023-11-10T11:04:00Z,36586.3402,price,coindesk,USD,bitcoin,United States Dollar,&#36;
,,2,2023-11-10T11:18:00Z,36591.0448,price,coindesk,USD,bitcoin,United States Dollar,&#36;
,,2,2023-11-10T11:33:00Z,36598.1684,price,coindesk,USD,bitcoin,United States Dollar,&#36;
,,2,2023-11-10T11:48:00Z,36605.922,price,coindesk,USD,bitcoin,United States Dollar,&#36;
,,2,2023-11-10T12:06:00Z,36608.4558,price,coindesk,USD,bitcoin,United States Dollar,&#36;
,,2,2023-11-10T12:24:00Z,36603.663,price,coindesk,USD,bitcoin,United States Dollar,&#36;
,,2,2023-11-10T12:40:00Z,36599.7932,price,coindesk,USD,bitcoin,United States Dollar,&#36;
,,2,2023-11-10T13:47:00Z,36595.3926,price,coindesk,USD,bitcoin,United States Dollar,&#36;
,,2,2023-11-10T14:04:00Z,36594.1782,price,coindesk,USD,bitcoin,United States Dollar,&#36;
,,2,2023-11-10T14:21:00Z,36599.5829,price,coindesk,USD,bitcoin,United States Dollar,&#36;
,,2,2023-11-10T14:33:00Z,36598.0643,price,coindesk,USD,bitcoin,United States Dollar,&#36;
,,2,2023-11-10T14:48:00Z,36611.9738,price,coindesk,USD,bitcoin,United States Dollar,&#36;
,,2,2023-11-10T15:04:00Z,36624.9248,price,coindesk,USD,bitcoin,United States Dollar,&#36;
,,2,2023-11-10T15:20:00Z,36616.5161,price,coindesk,USD,bitcoin,United States Dollar,&#36;
,,2,2023-11-10T15:33:00Z,36621.0405,price,coindesk,USD,bitcoin,United States Dollar,&#36;
,,2,2023-11-10T15:47:00Z,36600.0874,price,coindesk,USD,bitcoin,United States Dollar,&#36;
,,2,2023-11-10T16:04:00Z,36597.4255,price,coindesk,USD,bitcoin,United States Dollar,&#36;
,,2,2023-11-10T16:23:00Z,36600.1998,price,coindesk,USD,bitcoin,United States Dollar,&#36;
,,2,2023-11-10T16:34:00Z,36602.4937,price,coindesk,USD,bitcoin,United States Dollar,&#36;
,,2,2023-11-10T16:47:00Z,36600.4288,price,coindesk,USD,bitcoin,United States Dollar,&#36;
,,2,2023-11-10T17:04:00Z,36596.6902,price,coindesk,USD,bitcoin,United States Dollar,&#36;
,,2,2023-11-10T17:20:00Z,36600.2351,price,coindesk,USD,bitcoin,United States Dollar,&#36;

