#group,false,false,false,false,true,true,true
#datatype,string,long,dateTime:RFC3339,double,string,string,string
#default,_result,,,,,,
,result,table,_time,_value,_field,_measurement,station_id
,,0,2022-06-16T08:50:00Z,-0.5,air_temp_degc,ndbc,41008
,,1,2022-06-16T09:00:00Z,0,air_temp_degc,ndbc,41052
,,2,2022-06-16T09:00:00Z,-0.5,air_temp_degc,ndbc,41053
,,3,2022-06-16T08:50:00Z,0.4,air_temp_degc,ndbc,44005
,,4,2022-06-16T08:50:00Z,0,air_temp_degc,ndbc,44027
,,5,2022-06-16T09:00:00Z,1.8,air_temp_degc,ndbc,44137
,,6,2022-06-16T09:00:00Z,1.1,air_temp_degc,ndbc,44139
,,7,2022-06-16T09:00:00Z,1.1,air_temp_degc,ndbc,44150
,,8,2022-06-16T09:00:00Z,0.3,air_temp_degc,ndbc,44258
,,9,2022-06-16T09:00:00Z,0.3,air_temp_degc,ndbc,44488
,,10,2022-06-16T09:00:00Z,0.4,air_temp_degc,ndbc,44489
,,11,2022-06-16T09:00:00Z,0.9,air_temp_degc,ndbc,44490
,,12,2022-06-16T09:00:00Z,-0.1,air_temp_degc,ndbc,45132
,,13,2022-06-16T09:00:00Z,-1,air_temp_degc,ndbc,45135
,,14,2022-06-16T09:00:00Z,-0.4,air_temp_degc,ndbc,45136
,,15,2022-06-16T09:00:00Z,-1.2,air_temp_degc,ndbc,45137
,,16,2022-06-16T09:00:00Z,-0.8,air_temp_degc,ndbc,45139
,,17,2022-06-16T09:00:00Z,0,air_temp_degc,ndbc,45142
,,18,2022-06-16T09:00:00Z,-1,air_temp_degc,ndbc,45143
,,19,2022-06-16T09:00:00Z,-0.1,air_temp_degc,ndbc,45149
,,20,2022-06-16T09:00:00Z,-1.6,air_temp_degc,ndbc,45151
,,21,2022-06-16T09:00:00Z,-1.5,air_temp_degc,ndbc,45152
,,22,2022-06-16T09:00:00Z,-2.5,air_temp_degc,ndbc,45154
,,23,2022-06-16T09:00:00Z,-0.7,air_temp_degc,ndbc,45159
,,24,2022-06-16T09:00:00Z,-0.3,air_temp_degc,ndbc,45163
,,25,2022-06-16T09:00:00Z,0.3,air_temp_degc,ndbc,46004
,,26,2022-06-16T08:50:00Z,-0.8,air_temp_degc,ndbc,46035
,,27,2022-06-16T09:00:00Z,0.7,air_temp_degc,ndbc,46036
,,28,2022-06-16T08:50:00Z,-0.7,air_temp_degc,ndbc,46060
,,29,2022-06-16T08:50:00Z,-0.8,air_temp_degc,ndbc,46061
,,30,2022-06-16T08:50:00Z,-0.6,air_temp_degc,ndbc,46077
,,31,2022-06-16T08:50:00Z,-0.9,air_temp_degc,ndbc,46080
,,32,2022-06-16T08:50:00Z,-0.4,air_temp_degc,ndbc,46081
,,33,2022-06-16T08:50:00Z,-0.5,air_temp_degc,ndbc,46082
,,34,2022-06-16T08:50:00Z,-0.8,air_temp_degc,ndbc,46083
,,35,2022-06-16T09:16:00Z,-0.6,air_temp_degc,ndbc,46092
,,36,2022-06-16T09:00:00Z,-0.3,air_temp_degc,ndbc,46131
,,37,2022-06-16T09:00:00Z,-0.7,air_temp_degc,ndbc,46132
,,38,2022-06-16T09:00:00Z,-1.3,air_temp_degc,ndbc,46145
,,39,2022-06-16T09:00:00Z,-0.4,air_temp_degc,ndbc,46146
,,40,2022-06-16T09:00:00Z,-1.3,air_temp_degc,ndbc,46147
,,41,2022-06-16T09:00:00Z,0.1,air_temp_degc,ndbc,46181
,,42,2022-06-16T09:00:00Z,-1,air_temp_degc,ndbc,46183
,,43,2022-06-16T09:00:00Z,-1.3,air_temp_degc,ndbc,46185
,,44,2022-06-16T09:00:00Z,-1,air_temp_degc,ndbc,46204
,,45,2022-06-16T09:00:00Z,-1.3,air_temp_degc,ndbc,46205
,,46,2022-06-16T09:00:00Z,-0.8,air_temp_degc,ndbc,46206
,,47,2022-06-16T09:00:00Z,-0.5,air_temp_degc,ndbc,46207
,,48,2022-06-16T09:00:00Z,0.1,air_temp_degc,ndbc,46303
,,49,2022-06-16T09:00:00Z,-0.3,air_temp_degc,ndbc,46304
,,50,2022-06-16T09:00:00Z,0.8,air_temp_degc,ndbc,62114
,,51,2022-06-16T09:00:00Z,0.7,air_temp_degc,ndbc,62121
,,52,2022-06-16T09:00:00Z,-0.3,air_temp_degc,ndbc,62124
,,53,2022-06-16T09:00:00Z,0.8,air_temp_degc,ndbc,62127
,,54,2022-06-16T09:00:00Z,1.3,air_temp_degc,ndbc,62130
,,55,2022-06-16T09:00:00Z,0.8,air_temp_degc,ndbc,62135
,,56,2022-06-16T09:00:00Z,0.8,air_temp_degc,ndbc,62144
,,57,2022-06-16T09:00:00Z,0.9,air_temp_degc,ndbc,62145
,,58,2022-06-16T09:00:00Z,1,air_temp_degc,ndbc,62146
,,59,2022-06-16T09:00:00Z,0.8,air_temp_degc,ndbc,62149
,,60,2022-06-16T09:00:00Z,0.7,air_temp_degc,ndbc,62164
,,61,2022-06-16T09:00:00Z,0.8,air_temp_degc,ndbc,62165
,,62,2022-06-16T09:00:00Z,1.2,air_temp_degc,ndbc,63110
,,63,2022-06-16T09:00:00Z,1.4,air_temp_degc,ndbc,63112
,,64,2022-06-16T09:00:00Z,1.6,air_temp_degc,ndbc,63115
,,65,2022-06-16T09:00:00Z,1.4,air_temp_degc,ndbc,63117
,,66,2022-06-16T09:00:00Z,0,air_temp_degc,ndbc,AAMC1
,,67,2022-06-16T09:00:00Z,0,air_temp_degc,ndbc,ACYN4
,,68,2022-06-16T09:00:00Z,0,air_temp_degc,ndbc,ADKA2
,,69,2022-06-16T09:00:00Z,0,air_temp_degc,ndbc,AGCM4
,,70,2022-06-16T09:00:00Z,-0.3,air_temp_degc,ndbc,ALIA2
,,71,2022-06-16T09:00:00Z,-0.9,air_temp_degc,ndbc,ALXN6
,,72,2022-06-16T09:00:00Z,-0.8,air_temp_degc,ndbc,ANVC1
,,73,2022-06-16T09:00:00Z,0,air_temp_degc,ndbc,APAM2
,,74,2022-06-16T09:00:00Z,0.9,air_temp_degc,ndbc,APRP7
,,75,2022-06-16T09:00:00Z,-0.9,air_temp_degc,ndbc,ASTO3
,,76,2022-06-16T09:00:00Z,0,air_temp_degc,ndbc,ATGM1
,,77,2022-06-16T09:00:00Z,0.5,air_temp_degc,ndbc,ATKA2
,,78,2022-06-16T09:00:00Z,-0.8,air_temp_degc,ndbc,BATN6
,,79,2022-06-16T09:00:00Z,-0.5,air_temp_degc,ndbc,BDSP1
,,80,2022-06-16T09:00:00Z,0.6,air_temp_degc,ndbc,BFTN7
,,81,2022-06-16T09:00:00Z,-1,air_temp_degc,ndbc,BGNN6
,,82,2022-06-16T09:00:00Z,0,air_temp_degc,ndbc,BHBM3
,,83,2022-06-16T09:00:00Z,0,air_temp_degc,ndbc,BISM2
,,84,2022-06-16T09:00:00Z,-0.6,air_temp_degc,ndbc,BLTM2
,,85,2022-06-16T09:00:00Z,0.3,air_temp_degc,ndbc,BLTM3
,,86,2022-06-16T09:00:00Z,-1.1,air_temp_degc,ndbc,BMTW1
,,87,2022-06-16T09:00:00Z,-0.4,air_temp_degc,ndbc,BRHC3
,,88,2022-06-16T09:00:00Z,0,air_temp_degc,ndbc,BRND1
,,89,2022-06-16T09:00:00Z,0,air_temp_degc,ndbc,BUFN6
,,90,2022-06-16T09:00:00Z,-0.4,air_temp_degc,ndbc,BUZM3
,,91,2022-06-16T09:00:00Z,0,air_temp_degc,ndbc,BZBM3
,,92,2022-06-16T09:00:00Z,0,air_temp_degc,ndbc,CAMM2
,,93,2022-06-16T09:00:00Z,-0.4,air_temp_degc,ndbc,CDRF1
,,94,2022-06-16T09:00:00Z,-0.6,air_temp_degc,ndbc,CECC1
,,95,2022-06-16T09:00:00Z,0,air_temp_degc,ndbc,CFWM1
,,96,2022-06-16T09:00:00Z,0,air_temp_degc,ndbc,CHBV2
,,97,2022-06-16T09:00:00Z,-0.3,air_temp_degc,ndbc,CHCM2
,,98,2022-06-16T09:00:00Z,0,air_temp_degc,ndbc,CHTM3
,,99,2022-06-16T09:00:00Z,0,air_temp_degc,ndbc,CHTS1
,,100,2022-06-16T09:00:00Z,0,air_temp_degc,ndbc,CHYV2
,,101,2022-06-16T09:00:00Z,0,air_temp_degc,ndbc,CHYW1
,,102,2022-06-16T09:00:00Z,0.7,air_temp_degc,ndbc,CLKN7
,,103,2022-06-16T09:00:00Z,-0.3,air_temp_degc,ndbc,CLSM4
,,104,2022-06-16T09:00:00Z,0,air_temp_degc,ndbc,CMAN4
,,105,2022-06-16T09:00:00Z,1.6,air_temp_degc,ndbc,CMTI2
,,106,2022-06-16T09:00:00Z,0,air_temp_degc,ndbc,CNDO1
,,107,2022-06-16T09:00:00Z,0,air_temp_degc,ndbc,COVM2
,,108,2022-06-16T09:00:00Z,0.3,air_temp_degc,ndbc,CPTR1
,,109,2022-06-16T08:00:00Z,-0.7,air_temp_degc,ndbc,CRTA1
,,110,2022-06-16T09:00:00Z,0,air_temp_degc,ndbc,CRVA2
,,111,2022-06-16T09:00:00Z,0,air_temp_degc,ndbc,CRYV2
,,112,2022-06-16T09:00:00Z,0,air_temp_degc,ndbc,DBLN6
,,113,2022-06-16T09:00:00Z,-0.4,air_temp_degc,ndbc,DELD1
,,114,2022-06-16T09:00:00Z,-0.8,air_temp_degc,ndbc,DESW1
,,115,2022-06-16T09:00:00Z,-3.6,air_temp_degc,ndbc,DISW3
,,116,2022-06-16T09:00:00Z,0,air_temp_degc,ndbc,DOMV2
,,117,2022-06-16T09:00:00Z,0,air_temp_degc,ndbc,DPXC1
,,118,2022-06-16T09:00:00Z,-0.9,air_temp_degc,ndbc,DTLM4
,,119,2022-06-16T09:00:00Z,0,air_temp_degc,ndbc,DUKN7
,,120,2022-06-16T09:00:00Z,-3.2,air_temp_degc,ndbc,DULM5
,,121,2022-06-16T09:00:00Z,-0.9,air_temp_degc,ndbc,ELFA2
,,122,2022-06-16T09:00:00Z,0,air_temp_degc,ndbc,FAIO1
,,123,2022-06-16T09:00:00Z,0,air_temp_degc,ndbc,FBIS1
,,124,2022-06-16T09:00:00Z,-0.8,air_temp_degc,ndbc,FFIA2
,,125,2022-06-16T09:00:00Z,0,air_temp_degc,ndbc,FOXR1
,,126,2022-06-16T09:00:00Z,0,air_temp_degc,ndbc,FPKG1
,,127,2022-06-16T09:00:00Z,0,air_temp_degc,ndbc,FRVM3
,,128,2022-06-16T09:00:00Z,-0.5,air_temp_degc,ndbc,FSKM2
,,129,2022-06-16T09:00:00Z,-0.3,air_temp_degc,ndbc,FTGM4
,,130,2022-06-16T09:00:00Z,0,air_temp_degc,ndbc,FTPC1
,,131,2022-06-16T09:00:00Z,-0.7,air_temp_degc,ndbc,FWYF1
,,132,2022-06-16T09:00:00Z,0.7,air_temp_degc,ndbc,GBWW3
,,133,2022-06-16T09:00:00Z,-2.6,air_temp_degc,ndbc,GDMM5
,,134,2022-06-16T09:00:00Z,-1,air_temp_degc,ndbc,GTRM4
,,135,2022-06-16T09:00:00Z,0.6,air_temp_degc,ndbc,HCGN7
,,136,2022-06-16T09:00:00Z,0.7,air_temp_degc,ndbc,HHLO1
,,137,2022-06-16T09:00:00Z,-0.4,air_temp_degc,ndbc,HLNM4
,,138,2022-06-16T09:00:00Z,0,air_temp_degc,ndbc,HRBM4
,,139,2022-06-16T09:00:00Z,-0.8,air_temp_degc,ndbc,ICAC1
,,140,2022-06-16T09:00:00Z,1,air_temp_degc,ndbc,ILOH1
,,141,2022-06-16T09:00:00Z,-0.3,air_temp_degc,ndbc,IOSN3
,,142,2022-06-16T09:00:00Z,-1,air_temp_degc,ndbc,ITKA2
,,143,2022-06-16T09:00:00Z,0.6,air_temp_degc,ndbc,JMPN7
,,144,2022-06-16T09:00:00Z,0,air_temp_degc,ndbc,JNEA2
,,145,2022-06-16T09:00:00Z,-0.7,air_temp_degc,ndbc,KDAA2
,,146,2022-06-16T09:00:00Z,-0.7,air_temp_degc,ndbc,KECA2
,,147,2022-06-16T09:00:00Z,-1.9,air_temp_degc,ndbc,KGCA2
,,148,2022-06-16T09:00:00Z,1,air_temp_degc,ndbc,KLIH1
,,149,2022-06-16T09:00:00Z,1.3,air_temp_degc,ndbc,KNSW3
,,150,2022-06-16T09:00:00Z,-0.8,air_temp_degc,ndbc,KPTN6
,,151,2022-06-16T09:00:00Z,0,air_temp_degc,ndbc,KTNF1
,,152,2022-06-16T09:00:00Z,0.9,air_temp_degc,ndbc,KWHH1
,,153,2022-06-16T09:00:00Z,1.4,air_temp_degc,ndbc,KWJP8
,,154,2022-06-16T09:00:00Z,0.7,air_temp_degc,ndbc,KWNW3
,,155,2022-06-16T09:00:00Z,-0.8,air_temp_degc,ndbc,LJAC1
,,156,2022-06-16T09:00:00Z,0,air_temp_degc,ndbc,LNDC1
,,157,2022-06-16T09:00:00Z,-0.8,air_temp_degc,ndbc,LOPW1
,,158,2022-06-16T09:00:00Z,-1.6,air_temp_degc,ndbc,LPNM4
,,159,2022-06-16T09:00:00Z,-0.5,air_temp_degc,ndbc,LTRM4
,,160,2022-06-16T09:00:00Z,0.3,air_temp_degc,ndbc,LWTV2
,,161,2022-06-16T09:00:00Z,-0.7,air_temp_degc,ndbc,MACM4
,,162,2022-06-16T09:00:00Z,0,air_temp_degc,ndbc,MAXT2
,,163,2022-06-16T09:00:00Z,0.6,air_temp_degc,ndbc,MBIN7
,,164,2022-06-16T09:00:00Z,0.5,air_temp_degc,ndbc,MBNN7
,,165,2022-06-16T09:00:00Z,-0.3,air_temp_degc,ndbc,MBRM4
,,166,2022-06-16T09:00:00Z,0,air_temp_degc,ndbc,MCGM4
,,167,2022-06-16T09:00:00Z,0,air_temp_degc,ndbc,MDRM1
,,168,2022-06-16T09:00:00Z,0,air_temp_degc,ndbc,MISM1
,,169,2022-06-16T09:00:00Z,0.6,air_temp_degc,ndbc,MNMM4
,,170,2022-06-16T09:00:00Z,0,air_temp_degc,ndbc,MNPV2
,,171,2022-06-16T09:00:00Z,-0.6,air_temp_degc,ndbc,MRCP1
,,172,2022-06-16T09:00:00Z,0.3,air_temp_degc,ndbc,MRHO1
,,173,2022-06-16T09:00:00Z,0,air_temp_degc,ndbc,MROS1
,,174,2022-06-16T09:00:00Z,0.3,air_temp_degc,ndbc,MTKN6
,,175,2022-06-16T09:00:00Z,0,air_temp_degc,ndbc,MZXC1
,,176,2022-06-16T09:00:00Z,-0.6,air_temp_degc,ndbc,NBLP1
,,177,2022-06-16T09:00:00Z,0.3,air_temp_degc,ndbc,NCDV2
,,178,2022-06-16T09:00:00Z,-0.7,air_temp_degc,ndbc,NEAW1
,,179,2022-06-16T09:00:00Z,0,air_temp_degc,ndbc,NIAN6
,,180,2022-06-16T09:00:00Z,0,air_temp_degc,ndbc,NKTA2
,,181,2022-06-16T09:00:00Z,0.5,air_temp_degc,ndbc,NLNC3
,,182,2022-06-16T09:00:00Z,-0.3,air_temp_degc,ndbc,NMTA2
,,183,2022-06-16T09:00:00Z,0,air_temp_degc,ndbc,NTKM3
,,184,2022-06-16T09:00:00Z,-0.5,air_temp_degc,ndbc,NWHC3
,,185,2022-06-16T09:00:00Z,0.4,air_temp_degc,ndbc,NWPR1
,,186,2022-06-16T09:00:00Z,1.2,air_temp_degc,ndbc,NWWH1
,,187,2022-06-16T09:00:00Z,-1.9,air_temp_degc,ndbc,OBGN6
,,188,2022-06-16T09:00:00Z,0.6,air_temp_degc,ndbc,OCIM2
,,189,2022-06-16T09:00:00Z,-0.8,air_temp_degc,ndbc,OHBC1
,,190,2022-06-16T09:00:00Z,0,air_temp_degc,ndbc,OKXC1
,,191,2022-06-16T09:00:00Z,-1,air_temp_degc,ndbc,OLCN6
,,192,2022-06-16T09:00:00Z,0.3,air_temp_degc,ndbc,OLSA2
,,193,2022-06-16T09:00:00Z,0.9,air_temp_degc,ndbc,OOUH1
,,194,2022-06-16T09:00:00Z,0.6,air_temp_degc,ndbc,ORIN7
,,195,2022-06-16T09:00:00Z,-1.8,air_temp_degc,ndbc,OSGN6
,,196,2022-06-16T08:00:00Z,-1.7,air_temp_degc,ndbc,OTNM4
,,197,2022-06-16T09:00:00Z,-0.7,air_temp_degc,ndbc,OVIA2
,,198,2022-06-16T09:00:00Z,0,air_temp_degc,ndbc,PCOC1
,,199,2022-06-16T09:00:00Z,0.5,air_temp_degc,ndbc,PDVR1
,,200,2022-06-16T09:00:00Z,0.8,air_temp_degc,ndbc,PGBP7
,,201,2022-06-16T09:00:00Z,-0.6,air_temp_degc,ndbc,PHBP1
,,202,2022-06-16T09:00:00Z,-2.2,air_temp_degc,ndbc,PILM4
,,203,2022-06-16T09:00:00Z,-3,air_temp_degc,ndbc,PKBW3
,,204,2022-06-16T09:00:00Z,-1,air_temp_degc,ndbc,PLXA2
,,205,2022-06-16T09:00:00Z,0.5,air_temp_degc,ndbc,PNLM4
,,206,2022-06-16T09:00:00Z,0,air_temp_degc,ndbc,PORO3
,,207,2022-06-16T09:00:00Z,0,air_temp_degc,ndbc,PPXC1
,,208,2022-06-16T09:00:00Z,-0.5,air_temp_degc,ndbc,PRDA2
,,209,2022-06-16T09:00:00Z,-0.5,air_temp_degc,ndbc,PRYC1
,,210,2022-06-16T09:00:00Z,-0.3,air_temp_degc,ndbc,PSBC1
,,211,2022-06-16T09:00:00Z,0,air_temp_degc,ndbc,PSBM1
,,212,2022-06-16T09:00:00Z,-0.3,air_temp_degc,ndbc,PSCM4
,,213,2022-06-16T09:00:00Z,-1,air_temp_degc,ndbc,PSLC1
,,214,2022-06-16T09:00:00Z,0,air_temp_degc,ndbc,PSTN6
,,215,2022-06-16T09:00:00Z,0.5,air_temp_degc,ndbc,PTCR1
,,216,2022-06-16T09:00:00Z,0,air_temp_degc,ndbc,PTGC1
,,217,2022-06-16T09:00:00Z,-0.6,air_temp_degc,ndbc,PTIM4
,,218,2022-06-16T09:00:00Z,-1,air_temp_degc,ndbc,PTWW1
,,219,2022-06-16T09:00:00Z,0,air_temp_degc,ndbc,PVDR1
,,220,2022-06-16T09:00:00Z,0,air_temp_degc,ndbc,PXOC1
,,221,2022-06-16T09:00:00Z,0.6,air_temp_degc,ndbc,QPTR1
,,222,2022-06-16T09:00:00Z,-0.3,air_temp_degc,ndbc,RCKM4
,,223,2022-06-16T09:00:00Z,0,air_temp_degc,ndbc,RCMC1
,,224,2022-06-16T09:00:00Z,-0.6,air_temp_degc,ndbc,RDDA2
,,225,2022-06-16T09:00:00Z,-0.4,air_temp_degc,ndbc,RDYD1
,,226,2022-06-16T09:00:00Z,-2.5,air_temp_degc,ndbc,ROAM4
,,227,2022-06-16T09:00:00Z,-0.8,air_temp_degc,ndbc,ROBN4
,,228,2022-06-16T09:00:00Z,0,air_temp_degc,ndbc,RPLV2
,,229,2022-06-16T09:00:00Z,-0.7,air_temp_degc,ndbc,RPRN6
,,230,2022-06-16T09:00:00Z,-0.4,air_temp_degc,ndbc,RTYC1
,,231,2022-06-16T09:00:00Z,-0.4,air_temp_degc,ndbc,SAUF1
,,232,2022-06-16T09:00:00Z,-1,air_temp_degc,ndbc,SAXG1
,,233,2022-06-16T09:00:00Z,-0.8,air_temp_degc,ndbc,SBEO3
,,234,2022-06-16T09:00:00Z,0,air_temp_degc,ndbc,SBIO1
,,235,2022-06-16T09:00:00Z,-2,air_temp_degc,ndbc,SBLM4
,,236,2022-06-16T09:00:00Z,-0.8,air_temp_degc,ndbc,SDBC1
,,237,2022-06-16T09:00:00Z,-0.6,air_temp_degc,ndbc,SDHN4
,,238,2022-06-16T09:00:00Z,-0.3,air_temp_degc,ndbc,SEIM1
,,239,2022-06-16T09:00:00Z,1.1,air_temp_degc,ndbc,SGNW3
,,240,2022-06-16T09:00:00Z,-0.5,air_temp_degc,ndbc,SGOF1
,,241,2022-06-16T09:00:00Z,0,air_temp_degc,ndbc,SJSN4
,,242,2022-06-16T09:00:00Z,0.5,air_temp_degc,ndbc,SKTA2
,,243,2022-06-16T09:00:00Z,0.3,air_temp_degc,ndbc,SLIM2
,,244,2022-06-16T09:00:00Z,-1.2,air_temp_degc,ndbc,SNDA2
,,245,2022-06-16T09:00:00Z,-0.3,air_temp_degc,ndbc,SPGF1
,,246,2022-06-16T09:00:00Z,0,air_temp_degc,ndbc,SRST2
,,247,2022-06-16T09:00:00Z,-0.4,air_temp_degc,ndbc,SWLA2
,,248,2022-06-16T09:00:00Z,-0.5,air_temp_degc,ndbc,SWPM4
,,249,2022-06-16T09:00:00Z,0,air_temp_degc,ndbc,SWPV2
,,250,2022-06-16T09:00:00Z,-0.3,air_temp_degc,ndbc,TCBM2
,,251,2022-06-16T09:00:00Z,-0.8,air_temp_degc,ndbc,TCNW1
,,252,2022-06-16T09:00:00Z,0,air_temp_degc,ndbc,THRO1
,,253,2022-06-16T09:00:00Z,0,air_temp_degc,ndbc,TKPN6
,,254,2022-06-16T09:00:00Z,-1,air_temp_degc,ndbc,TLBO3
,,255,2022-06-16T09:00:00Z,-0.9,air_temp_degc,ndbc,TOKW1
,,256,2022-06-16T09:00:00Z,0,air_temp_degc,ndbc,TPLM2
,,257,2022-06-16T09:00:00Z,0,air_temp_degc,ndbc,ULRA2
,,258,2022-06-16T09:00:00Z,-1.6,air_temp_degc,ndbc,UNLA2
,,259,2022-06-16T09:00:00Z,-1.8,air_temp_degc,ndbc,VCVA2
,,260,2022-06-16T09:00:00Z,0,air_temp_degc,ndbc,VDZA2
,,261,2022-06-16T09:00:00Z,-0.9,air_temp_degc,ndbc,VENF1
,,262,2022-06-16T09:00:00Z,0,air_temp_degc,ndbc,WAHV2
,,263,2022-06-16T09:00:00Z,1.4,air_temp_degc,ndbc,WAKP8
,,264,2022-06-16T09:00:00Z,0,air_temp_degc,ndbc,WASD2
,,265,2022-06-16T09:00:00Z,0.3,air_temp_degc,ndbc,WDSV2
,,266,2022-06-16T09:00:00Z,-0.4,air_temp_degc,ndbc,WELM1
,,267,2022-06-16T09:00:00Z,0.6,air_temp_degc,ndbc,WLON7
,,268,2022-06-16T09:00:00Z,-0.3,air_temp_degc,ndbc,WNEM4
,,269,2022-06-16T09:00:00Z,-1.1,air_temp_degc,ndbc,WPOW1
,,270,2022-06-16T09:00:00Z,-0.5,air_temp_degc,ndbc,YATA2
,,271,2022-06-16T09:00:00Z,0,air_temp_degc,ndbc,YKRV2
,,272,2022-06-16T09:00:00Z,0.3,air_temp_degc,ndbc,YKTV2
,,273,2022-06-16T08:50:00Z,4.2,avg_wave_period_sec,ndbc,41008
,,274,2022-06-16T09:00:00Z,3.7,avg_wave_period_sec,ndbc,41108
,,275,2022-06-16T09:00:00Z,4.2,avg_wave_period_sec,ndbc,41112
,,276,2022-06-16T09:00:00Z,4.3,avg_wave_period_sec,ndbc,41117
,,277,2022-06-16T09:26:00Z,5.1,avg_wave_period_sec,ndbc,41121
,,278,2022-06-16T09:00:00Z,3.7,avg_wave_period_sec,ndbc,42095
,,279,2022-06-16T09:26:00Z,4.7,avg_wave_period_sec,ndbc,42099
,,280,2022-06-16T08:50:00Z,7.6,avg_wave_period_sec,ndbc,44005
,,281,2022-06-16T08:50:00Z,5.7,avg_wave_period_sec,ndbc,44027
,,282,2022-06-16T09:26:00Z,5.6,avg_wave_period_sec,ndbc,44086
,,283,2022-06-16T09:00:00Z,6,avg_wave_period_sec,ndbc,44088
,,284,2022-06-16T09:26:00Z,4,avg_wave_period_sec,ndbc,44089
,,285,2022-06-16T08:56:00Z,4.3,avg_wave_period_sec,ndbc,44091
,,286,2022-06-16T09:26:00Z,5.6,avg_wave_period_sec,ndbc,44095
,,287,2022-06-16T09:26:00Z,5.1,avg_wave_period_sec,ndbc,44097
,,288,2022-06-16T09:26:00Z,6.2,avg_wave_period_sec,ndbc,44098
,,289,2022-06-16T09:26:00Z,3.5,avg_wave_period_sec,ndbc,45180
,,290,2022-06-16T09:00:00Z,2.4,avg_wave_period_sec,ndbc,45194
,,291,2022-06-16T08:50:00Z,7,avg_wave_period_sec,ndbc,46035
,,292,2022-06-16T08:50:00Z,3.8,avg_wave_period_sec,ndbc,46060
,,293,2022-06-16T08:50:00Z,5.8,avg_wave_period_sec,ndbc,46061
,,294,2022-06-16T08:50:00Z,7.1,avg_wave_period_sec,ndbc,46073
,,295,2022-06-16T08:50:00Z,3.4,avg_wave_period_sec,ndbc,46077
,,296,2022-06-16T08:50:00Z,5.7,avg_wave_period_sec,ndbc,46080
,,297,2022-06-16T08:50:00Z,2.4,avg_wave_period_sec,ndbc,46081
,,298,2022-06-16T08:50:00Z,5.2,avg_wave_period_sec,ndbc,46082
,,299,2022-06-16T08:50:00Z,4.9,avg_wave_period_sec,ndbc,46083
,,300,2022-06-16T09:00:00Z,2.3,avg_wave_period_sec,ndbc,46108
,,301,2022-06-16T08:56:00Z,5.6,avg_wave_period_sec,ndbc,46114
,,302,2022-06-16T09:26:00Z,5.9,avg_wave_period_sec,ndbc,46211
,,303,2022-06-16T09:26:00Z,5.8,avg_wave_period_sec,ndbc,46213
,,304,2022-06-16T09:26:00Z,4.9,avg_wave_period_sec,ndbc,46214
,,305,2022-06-16T09:26:00Z,6.2,avg_wave_period_sec,ndbc,46215
,,306,2022-06-16T09:26:00Z,6.4,avg_wave_period_sec,ndbc,46218
,,307,2022-06-16T09:26:00Z,6.4,avg_wave_period_sec,ndbc,46221
,,308,2022-06-16T09:26:00Z,5.9,avg_wave_period_sec,ndbc,46222
,,309,2022-06-16T09:26:00Z,6.4,avg_wave_period_sec,ndbc,46224
,,310,2022-06-16T09:26:00Z,7.6,avg_wave_period_sec,ndbc,46225
,,311,2022-06-16T09:26:00Z,4.3,avg_wave_period_sec,ndbc,46229
,,312,2022-06-16T08:56:00Z,7.5,avg_wave_period_sec,ndbc,46232
,,313,2022-06-16T09:26:00Z,6.7,avg_wave_period_sec,ndbc,46235
,,314,2022-06-16T08:30:00Z,4.1,avg_wave_period_sec,ndbc,46237
,,315,2022-06-16T09:26:00Z,5.4,avg_wave_period_sec,ndbc,46239
,,316,2022-06-16T09:26:00Z,4.7,avg_wave_period_sec,ndbc,46243
,,317,2022-06-16T09:26:00Z,5.9,avg_wave_period_sec,ndbc,46244
,,318,2022-06-16T08:26:00Z,6.4,avg_wave_period_sec,ndbc,46246
,,319,2022-06-16T09:26:00Z,4.3,avg_wave_period_sec,ndbc,46248
,,320,2022-06-16T08:56:00Z,6.2,avg_wave_period_sec,ndbc,46251
,,321,2022-06-16T09:26:00Z,6.2,avg_wave_period_sec,ndbc,46253
,,322,2022-06-16T09:26:00Z,5.8,avg_wave_period_sec,ndbc,46254
,,323,2022-06-16T09:26:00Z,8.9,avg_wave_period_sec,ndbc,46256
,,324,2022-06-16T08:56:00Z,6.9,avg_wave_period_sec,ndbc,46258
,,325,2022-06-16T09:26:00Z,6.8,avg_wave_period_sec,ndbc,46259
,,326,2022-06-16T09:00:00Z,6.7,avg_wave_period_sec,ndbc,46266
,,327,2022-06-16T09:00:00Z,6.5,avg_wave_period_sec,ndbc,46267
,,328,2022-06-16T09:00:00Z,5.3,avg_wave_period_sec,ndbc,46268
,,329,2022-06-16T09:00:00Z,4.8,avg_wave_period_sec,ndbc,46269
,,330,2022-06-16T08:56:00Z,5.4,avg_wave_period_sec,ndbc,51202
,,331,2022-06-16T09:15:00Z,6.2,avg_wave_period_sec,ndbc,51206
,,332,2022-06-16T08:56:00Z,5.2,avg_wave_period_sec,ndbc,51208
,,333,2022-06-16T09:00:00Z,5.2,avg_wave_period_sec,ndbc,51211
,,334,2022-06-16T09:00:00Z,5.1,avg_wave_period_sec,ndbc,51212
,,335,2022-06-16T08:56:00Z,5.8,avg_wave_period_sec,ndbc,52202
,,336,2022-06-16T09:00:00Z,4.3,avg_wave_period_sec,ndbc,52212
,,337,2022-06-16T09:00:00Z,8,avg_wave_period_sec,ndbc,62107
,,338,2022-06-16T09:00:00Z,4,avg_wave_period_sec,ndbc,62127
,,339,2022-06-16T09:00:00Z,3,avg_wave_period_sec,ndbc,62144
,,340,2022-06-16T09:00:00Z,3,avg_wave_period_sec,ndbc,62145
,,341,2022-06-16T09:00:00Z,4,avg_wave_period_sec,ndbc,62146
,,342,2022-06-16T09:00:00Z,3,avg_wave_period_sec,ndbc,62149
,,343,2022-06-16T09:00:00Z,6,avg_wave_period_sec,ndbc,62170
,,344,2022-06-16T09:00:00Z,6,avg_wave_period_sec,ndbc,62304
,,345,2022-06-16T09:00:00Z,10,avg_wave_period_sec,ndbc,62305
,,346,2022-06-16T09:00:00Z,6,avg_wave_period_sec,ndbc,63110
,,347,2022-06-16T09:00:00Z,6,avg_wave_period_sec,ndbc,63112
,,348,2022-06-16T07:00:00Z,27.2,dewpoint_temp_degc,ndbc,13001
,,349,2022-06-16T07:00:00Z,22.6,dewpoint_temp_degc,ndbc,13002
,,350,2022-06-16T07:00:00Z,27.6,dewpoint_temp_degc,ndbc,14040
,,351,2022-06-16T07:00:00Z,26.7,dewpoint_temp_degc,ndbc,14043
,,352,2022-06-16T07:00:00Z,26.3,dewpoint_temp_degc,ndbc,15001
,,353,2022-06-16T09:00:00Z,26.5,dewpoint_temp_degc,ndbc,15002
,,354,2022-06-16T07:00:00Z,27.2,dewpoint_temp_degc,ndbc,15006
,,355,2022-06-16T09:00:00Z,16.4,dewpoint_temp_degc,ndbc,22101
,,356,2022-06-16T09:00:00Z,15.5,dewpoint_temp_degc,ndbc,22102
,,357,2022-06-16T09:00:00Z,20.3,dewpoint_temp_degc,ndbc,22103
,,358,2022-06-16T09:00:00Z,20.9,dewpoint_temp_degc,ndbc,22104
,,359,2022-06-16T09:00:00Z,19.6,dewpoint_temp_degc,ndbc,22105
,,360,2022-06-16T09:00:00Z,20.8,dewpoint_temp_degc,ndbc,22106
,,361,2022-06-16T09:00:00Z,21.8,dewpoint_temp_degc,ndbc,22107
,,362,2022-06-16T09:00:00Z,22.6,dewpoint_temp_degc,ndbc,22108
,,363,2022-06-16T08:00:00Z,26,dewpoint_temp_degc,ndbc,31005
,,364,2022-06-16T07:00:00Z,28.8,dewpoint_temp_degc,ndbc,31006
,,365,2022-06-16T07:00:00Z,26.9,dewpoint_temp_degc,ndbc,31007
,,366,2022-06-16T08:30:00Z,19.2,dewpoint_temp_degc,ndbc,32ST0
,,367,2022-06-16T09:20:00Z,26.2,dewpoint_temp_degc,ndbc,41001
,,368,2022-06-16T09:20:00Z,27.9,dewpoint_temp_degc,ndbc,41002
,,369,2022-06-16T09:20:00Z,27.9,dewpoint_temp_degc,ndbc,41004
,,370,2022-06-16T08:50:00Z,28.4,dewpoint_temp_degc,ndbc,41008
,,371,2022-06-16T09:20:00Z,27.8,dewpoint_temp_degc,ndbc,41009
,,372,2022-06-16T09:20:00Z,28.4,dewpoint_temp_degc,ndbc,41010
,,373,2022-06-16T09:20:00Z,26.7,dewpoint_temp_degc,ndbc,41013
,,374,2022-06-16T09:08:00Z,27.2,dewpoint_temp_degc,ndbc,41024
,,375,2022-06-16T09:20:00Z,27.2,dewpoint_temp_degc,ndbc,41025
,,376,2022-06-16T09:08:00Z,27.8,dewpoint_temp_degc,ndbc,41029
,,377,2022-06-16T07:08:00Z,28.1,dewpoint_temp_degc,ndbc,41033
,,378,2022-06-16T09:08:00Z,26.8,dewpoint_temp_degc,ndbc,41037
,,379,2022-06-16T08:08:00Z,26.4,dewpoint_temp_degc,ndbc,41038
,,380,2022-06-16T09:20:00Z,27.2,dewpoint_temp_degc,ndbc,41040
,,381,2022-06-16T09:20:00Z,28,dewpoint_temp_degc,ndbc,41043
,,382,2022-06-16T09:20:00Z,27.6,dewpoint_temp_degc,ndbc,41044
,,383,2022-06-16T09:20:00Z,27.9,dewpoint_temp_degc,ndbc,41046
,,384,2022-06-16T09:20:00Z,27.6,dewpoint_temp_degc,ndbc,41047
,,385,2022-06-16T09:20:00Z,24.4,dewpoint_temp_degc,ndbc,41048
,,386,2022-06-16T09:20:00Z,26.8,dewpoint_temp_degc,ndbc,41049
,,387,2022-06-16T09:00:00Z,28.2,dewpoint_temp_degc,ndbc,41052
,,388,2022-06-16T09:00:00Z,28.2,dewpoint_temp_degc,ndbc,41053
,,389,2022-06-16T09:08:00Z,26,dewpoint_temp_degc,ndbc,41064
,,390,2022-06-16T08:35:00Z,27.5,dewpoint_temp_degc,ndbc,41065
,,391,2022-06-16T09:08:00Z,27.2,dewpoint_temp_degc,ndbc,41066
,,392,2022-06-16T09:17:00Z,26.9,dewpoint_temp_degc,ndbc,41076
,,393,2022-06-16T09:00:00Z,26.7,dewpoint_temp_degc,ndbc,41108
,,394,2022-06-16T08:56:00Z,26.5,dewpoint_temp_degc,ndbc,41110
,,395,2022-06-16T09:00:00Z,28.6,dewpoint_temp_degc,ndbc,41112
,,396,2022-06-16T08:56:00Z,27.7,dewpoint_temp_degc,ndbc,41113
,,397,2022-06-16T08:56:00Z,27.7,dewpoint_temp_degc,ndbc,41114
,,398,2022-06-16T08:56:00Z,28.4,dewpoint_temp_degc,ndbc,41115
,,399,2022-06-16T09:00:00Z,28.2,dewpoint_temp_degc,ndbc,41117
,,400,2022-06-16T08:56:00Z,25.1,dewpoint_temp_degc,ndbc,41120
,,401,2022-06-16T09:26:00Z,28.1,dewpoint_temp_degc,ndbc,41121
,,402,2022-06-16T09:00:00Z,25.1,dewpoint_temp_degc,ndbc,41139
,,403,2022-06-16T09:20:00Z,29.1,dewpoint_temp_degc,ndbc,42002
,,404,2022-06-16T09:20:00Z,28.2,dewpoint_temp_degc,ndbc,42020
,,405,2022-06-16T08:30:00Z,29,dewpoint_temp_degc,ndbc,42022
,,406,2022-06-16T08:30:00Z,29,dewpoint_temp_degc,ndbc,42023
,,407,2022-06-16T08:30:00Z,28.9,dewpoint_temp_degc,ndbc,42026
,,408,2022-06-16T09:20:00Z,29.1,dewpoint_temp_degc,ndbc,42036
,,409,2022-06-16T09:20:00Z,29.3,dewpoint_temp_degc,ndbc,42039
,,410,2022-06-16T09:20:00Z,30.2,dewpoint_temp_degc,ndbc,42040
,,411,2022-06-16T09:20:00Z,28.8,dewpoint_temp_degc,ndbc,42055
,,412,2022-06-16T09:20:00Z,28.3,dewpoint_temp_degc,ndbc,42056
,,413,2022-06-16T09:20:00Z,28.1,dewpoint_temp_degc,ndbc,42059
,,414,2022-06-16T09:00:00Z,28.6,dewpoint_temp_degc,ndbc,42095
,,415,2022-06-16T08:56:00Z,28.7,dewpoint_temp_degc,ndbc,42097
,,416,2022-06-16T09:26:00Z,28.1,dewpoint_temp_degc,ndbc,42099
,,417,2022-06-16T08:50:00Z,15.6,dewpoint_temp_degc,ndbc,44005
,,418,2022-06-16T09:20:00Z,16.4,dewpoint_temp_degc,ndbc,44007
,,419,2022-06-16T09:20:00Z,14.9,dewpoint_temp_degc,ndbc,44008
,,420,2022-06-16T09:20:00Z,21.1,dewpoint_temp_degc,ndbc,44009
,,421,2022-06-16T09:20:00Z,12.7,dewpoint_temp_degc,ndbc,44011
,,422,2022-06-16T09:20:00Z,17.3,dewpoint_temp_degc,ndbc,44013
,,423,2022-06-16T09:20:00Z,15.7,dewpoint_temp_degc,ndbc,44018
,,424,2022-06-16T09:20:00Z,18.7,dewpoint_temp_degc,ndbc,44020
,,425,2022-06-16T09:20:00Z,19.3,dewpoint_temp_degc,ndbc,44025
,,426,2022-06-16T08:50:00Z,11.4,dewpoint_temp_degc,ndbc,44027
,,427,2022-06-16T08:04:00Z,16.8,dewpoint_temp_degc,ndbc,44029
,,428,2022-06-16T08:04:00Z,15,dewpoint_temp_degc,ndbc,44032
,,429,2022-06-16T08:04:00Z,10.2,dewpoint_temp_degc,ndbc,44034
,,430,2022-06-16T09:12:00Z,24.5,dewpoint_temp_degc,ndbc,44042
,,431,2022-06-16T08:56:00Z,22.9,dewpoint_temp_degc,ndbc,44056
,,432,2022-06-16T09:12:00Z,24.8,dewpoint_temp_degc,ndbc,44058
,,433,2022-06-16T09:12:00Z,23.7,dewpoint_temp_degc,ndbc,44062
,,434,2022-06-16T09:12:00Z,23.6,dewpoint_temp_degc,ndbc,44063
,,435,2022-06-16T09:20:00Z,20.3,dewpoint_temp_degc,ndbc,44065
,,436,2022-06-16T09:20:00Z,18.9,dewpoint_temp_degc,ndbc,44066
,,437,2022-06-16T09:18:00Z,24.1,dewpoint_temp_degc,ndbc,44072
,,438,2022-06-16T09:26:00Z,24.2,dewpoint_temp_degc,ndbc,44086
,,439,2022-06-16T09:00:00Z,21,dewpoint_temp_degc,ndbc,44088
,,440,2022-06-16T09:26:00Z,21.3,dewpoint_temp_degc,ndbc,44089
,,441,2022-06-16T08:56:00Z,17.3,dewpoint_temp_degc,ndbc,44090
,,442,2022-06-16T08:56:00Z,20.5,dewpoint_temp_degc,ndbc,44091
,,443,2022-06-16T09:26:00Z,25.4,dewpoint_temp_degc,ndbc,44095
,,444,2022-06-16T09:26:00Z,17.7,dewpoint_temp_degc,ndbc,44097
,,445,2022-06-16T09:26:00Z,16.2,dewpoint_temp_degc,ndbc,44098
,,446,2022-06-16T08:56:00Z,23.2,dewpoint_temp_degc,ndbc,44099
,,447,2022-06-16T09:00:00Z,10.1,dewpoint_temp_degc,ndbc,44139
,,448,2022-06-16T09:00:00Z,12.4,dewpoint_temp_degc,ndbc,44150
,,449,2022-06-16T09:00:00Z,10.8,dewpoint_temp_degc,ndbc,44258
,,450,2022-06-16T09:00:00Z,9,dewpoint_temp_degc,ndbc,44488
,,451,2022-06-16T09:00:00Z,9.8,dewpoint_temp_degc,ndbc,44489
,,452,2022-06-16T09:00:00Z,12.1,dewpoint_temp_degc,ndbc,44490
,,453,2022-06-16T09:30:00Z,2.6,dewpoint_temp_degc,ndbc,45001
,,454,2022-06-16T09:30:00Z,7.9,dewpoint_temp_degc,ndbc,45002
,,455,2022-06-16T09:30:00Z,4.1,dewpoint_temp_degc,ndbc,45003
,,456,2022-06-16T09:30:00Z,2.7,dewpoint_temp_degc,ndbc,45004
,,457,2022-06-16T09:30:00Z,20.8,dewpoint_temp_degc,ndbc,45005
,,458,2022-06-16T09:30:00Z,2.7,dewpoint_temp_degc,ndbc,45006
,,459,2022-06-16T09:30:00Z,13.2,dewpoint_temp_degc,ndbc,45007
,,460,2022-06-16T09:30:00Z,9.5,dewpoint_temp_degc,ndbc,45008
,,461,2022-06-16T09:30:00Z,16,dewpoint_temp_degc,ndbc,45012
,,462,2022-06-16T09:30:00Z,11.9,dewpoint_temp_degc,ndbc,45024
,,463,2022-06-16T09:40:00Z,9,dewpoint_temp_degc,ndbc,45025
,,464,2022-06-16T09:30:00Z,18.8,dewpoint_temp_degc,ndbc,45026
,,465,2022-06-16T09:30:00Z,3,dewpoint_temp_degc,ndbc,45027
,,466,2022-06-16T09:30:00Z,17.6,dewpoint_temp_degc,ndbc,45029
,,467,2022-06-16T09:00:00Z,18.7,dewpoint_temp_degc,ndbc,45132
,,468,2022-06-16T09:00:00Z,15.9,dewpoint_temp_degc,ndbc,45135
,,469,2022-06-16T09:00:00Z,2.6,dewpoint_temp_degc,ndbc,45136
,,470,2022-06-16T09:00:00Z,10,dewpoint_temp_degc,ndbc,45137
,,471,2022-06-16T09:00:00Z,17.5,dewpoint_temp_degc,ndbc,45139
,,472,2022-06-16T09:00:00Z,18.6,dewpoint_temp_degc,ndbc,45142
,,473,2022-06-16T09:00:00Z,8.2,dewpoint_temp_degc,ndbc,45143
,,474,2022-06-16T09:00:00Z,13.2,dewpoint_temp_degc,ndbc,45149
,,475,2022-06-16T09:00:00Z,18.4,dewpoint_temp_degc,ndbc,45151
,,476,2022-06-16T09:00:00Z,18,dewpoint_temp_degc,ndbc,45152
,,477,2022-06-16T09:00:00Z,15.2,dewpoint_temp_degc,ndbc,45159
,,478,2022-06-16T09:20:00Z,14.2,dewpoint_temp_degc,ndbc,45162
,,479,2022-06-16T09:00:00Z,20.8,dewpoint_temp_degc,ndbc,45164
,,480,2022-06-16T09:30:00Z,23.7,dewpoint_temp_degc,ndbc,45165
,,481,2022-06-16T09:00:00Z,21.1,dewpoint_temp_degc,ndbc,45167
,,482,2022-06-16T09:30:00Z,18,dewpoint_temp_degc,ndbc,45168
,,483,2022-06-16T09:30:00Z,16.6,dewpoint_temp_degc,ndbc,45174
,,484,2022-06-16T09:35:00Z,12.4,dewpoint_temp_degc,ndbc,45175
,,485,2022-06-16T09:30:00Z,21.9,dewpoint_temp_degc,ndbc,45176
,,486,2022-06-16T09:26:00Z,2.7,dewpoint_temp_degc,ndbc,45180
,,487,2022-06-16T09:30:00Z,14,dewpoint_temp_degc,ndbc,45183
,,488,2022-06-16T09:30:00Z,15.4,dewpoint_temp_degc,ndbc,45186
,,489,2022-06-16T09:30:00Z,14,dewpoint_temp_degc,ndbc,45187
,,490,2022-06-16T09:00:00Z,11.9,dewpoint_temp_degc,ndbc,45194
,,491,2022-06-16T09:00:00Z,16.7,dewpoint_temp_degc,ndbc,45195
,,492,2022-06-16T09:20:00Z,21.5,dewpoint_temp_degc,ndbc,45196
,,493,2022-06-16T09:20:00Z,21.3,dewpoint_temp_degc,ndbc,45197
,,494,2022-06-16T09:30:00Z,17.3,dewpoint_temp_degc,ndbc,45198
,,495,2022-06-16T09:20:00Z,9,dewpoint_temp_degc,ndbc,46001
,,496,2022-06-16T09:20:00Z,13.6,dewpoint_temp_degc,ndbc,46002
,,497,2022-06-16T09:00:00Z,10.5,dewpoint_temp_degc,ndbc,46004
,,498,2022-06-16T09:20:00Z,11.5,dewpoint_temp_degc,ndbc,46005
,,499,2022-06-16T09:30:00Z,8.8,dewpoint_temp_degc,ndbc,46013
,,500,2022-06-16T09:30:00Z,10.8,dewpoint_temp_degc,ndbc,46014
,,501,2022-06-16T09:30:00Z,13.8,dewpoint_temp_degc,ndbc,46015
,,502,2022-06-16T09:30:00Z,13.2,dewpoint_temp_degc,ndbc,46022
,,503,2022-06-16T09:30:00Z,17.2,dewpoint_temp_degc,ndbc,46025
,,504,2022-06-16T09:30:00Z,10.1,dewpoint_temp_degc,ndbc,46026
,,505,2022-06-16T09:30:00Z,11.3,dewpoint_temp_degc,ndbc,46027
,,506,2022-06-16T09:30:00Z,11.4,dewpoint_temp_degc,ndbc,46028
,,507,2022-06-16T09:30:00Z,14.1,dewpoint_temp_degc,ndbc,46029
,,508,2022-06-16T08:50:00Z,6.5,dewpoint_temp_degc,ndbc,46035
,,509,2022-06-16T09:00:00Z,10.4,dewpoint_temp_degc,ndbc,46036
,,510,2022-06-16T09:30:00Z,11.4,dewpoint_temp_degc,ndbc,46042
,,511,2022-06-16T09:20:00Z,15.9,dewpoint_temp_degc,ndbc,46047
,,512,2022-06-16T09:30:00Z,13.7,dewpoint_temp_degc,ndbc,46050
,,513,2022-06-16T09:30:00Z,17.8,dewpoint_temp_degc,ndbc,46053
,,514,2022-06-16T09:30:00Z,16,dewpoint_temp_degc,ndbc,46054
,,515,2022-06-16T09:20:00Z,15.9,dewpoint_temp_degc,ndbc,46059
,,516,2022-06-16T08:50:00Z,12.4,dewpoint_temp_degc,ndbc,46060
,,517,2022-06-16T08:50:00Z,12.1,dewpoint_temp_degc,ndbc,46061
,,518,2022-06-16T09:20:00Z,7.9,dewpoint_temp_degc,ndbc,46066
,,519,2022-06-16T09:20:00Z,7.2,dewpoint_temp_degc,ndbc,46072
,,520,2022-06-16T09:20:00Z,9,dewpoint_temp_degc,ndbc,46075
,,521,2022-06-16T09:20:00Z,12.6,dewpoint_temp_degc,ndbc,46076
,,522,2022-06-16T08:50:00Z,11,dewpoint_temp_degc,ndbc,46077
,,523,2022-06-16T09:20:00Z,8.8,dewpoint_temp_degc,ndbc,46078
,,524,2022-06-16T08:50:00Z,10.9,dewpoint_temp_degc,ndbc,46080
,,525,2022-06-16T08:50:00Z,12,dewpoint_temp_degc,ndbc,46083
,,526,2022-06-16T09:20:00Z,10.8,dewpoint_temp_degc,ndbc,46084
,,527,2022-06-16T09:20:00Z,9.7,dewpoint_temp_degc,ndbc,46085
,,528,2022-06-16T09:30:00Z,18.1,dewpoint_temp_degc,ndbc,46086
,,529,2022-06-16T09:20:00Z,13,dewpoint_temp_degc,ndbc,46089
,,530,2022-06-16T09:16:00Z,10.7,dewpoint_temp_degc,ndbc,46092
,,531,2022-06-16T08:30:00Z,13.4,dewpoint_temp_degc,ndbc,46096
,,532,2022-06-16T07:50:00Z,13.4,dewpoint_temp_degc,ndbc,46097
,,533,2022-06-16T07:40:00Z,13.4,dewpoint_temp_degc,ndbc,46098
,,534,2022-06-16T06:50:00Z,13.6,dewpoint_temp_degc,ndbc,46099
,,535,2022-06-16T09:00:00Z,8,dewpoint_temp_degc,ndbc,46108
,,536,2022-06-16T08:56:00Z,10.7,dewpoint_temp_degc,ndbc,46114
,,537,2022-06-16T09:00:00Z,13.3,dewpoint_temp_degc,ndbc,46128
,,538,2022-06-16T09:00:00Z,11.4,dewpoint_temp_degc,ndbc,46132
,,539,2022-06-16T09:00:00Z,11.3,dewpoint_temp_degc,ndbc,46145
,,540,2022-06-16T09:00:00Z,15.4,dewpoint_temp_degc,ndbc,46146
,,541,2022-06-16T09:00:00Z,10,dewpoint_temp_degc,ndbc,46147
,,542,2022-06-16T09:00:00Z,13.7,dewpoint_temp_degc,ndbc,46181
,,543,2022-06-16T09:00:00Z,11.3,dewpoint_temp_degc,ndbc,46183
,,544,2022-06-16T09:00:00Z,11.8,dewpoint_temp_degc,ndbc,46185
,,545,2022-06-16T09:00:00Z,11.5,dewpoint_temp_degc,ndbc,46204
,,546,2022-06-16T09:00:00Z,10.9,dewpoint_temp_degc,ndbc,46205
,,547,2022-06-16T09:00:00Z,12.8,dewpoint_temp_degc,ndbc,46206
,,548,2022-06-16T09:00:00Z,11.7,dewpoint_temp_degc,ndbc,46207
,,549,2022-06-16T09:26:00Z,13.3,dewpoint_temp_degc,ndbc,46211
,,550,2022-06-16T09:26:00Z,12.9,dewpoint_temp_degc,ndbc,46213
,,551,2022-06-16T09:26:00Z,9.5,dewpoint_temp_degc,ndbc,46214
,,552,2022-06-16T09:26:00Z,11.6,dewpoint_temp_degc,ndbc,46215
,,553,2022-06-16T09:26:00Z,13.6,dewpoint_temp_degc,ndbc,46218
,,554,2022-06-16T08:56:00Z,14.8,dewpoint_temp_degc,ndbc,46219
,,555,2022-06-16T09:26:00Z,19,dewpoint_temp_degc,ndbc,46221
,,556,2022-06-16T09:26:00Z,19.3,dewpoint_temp_degc,ndbc,46222
,,557,2022-06-16T09:26:00Z,20.5,dewpoint_temp_degc,ndbc,46224
,,558,2022-06-16T09:26:00Z,19.9,dewpoint_temp_degc,ndbc,46225
,,559,2022-06-16T09:26:00Z,14.2,dewpoint_temp_degc,ndbc,46229
,,560,2022-06-16T08:56:00Z,18.4,dewpoint_temp_degc,ndbc,46232
,,561,2022-06-16T09:26:00Z,20.4,dewpoint_temp_degc,ndbc,46235
,,562,2022-06-16T08:30:00Z,9.9,dewpoint_temp_degc,ndbc,46237
,,563,2022-06-16T09:26:00Z,10.9,dewpoint_temp_degc,ndbc,46239
,,564,2022-06-16T09:26:00Z,14.2,dewpoint_temp_degc,ndbc,46243
,,565,2022-06-16T09:26:00Z,13.9,dewpoint_temp_degc,ndbc,46244
,,566,2022-06-16T08:26:00Z,9.2,dewpoint_temp_degc,ndbc,46246
,,567,2022-06-16T09:26:00Z,13.9,dewpoint_temp_degc,ndbc,46248
,,568,2022-06-16T08:56:00Z,18.3,dewpoint_temp_degc,ndbc,46251
,,569,2022-06-16T09:26:00Z,19.4,dewpoint_temp_degc,ndbc,46253
,,570,2022-06-16T09:26:00Z,20.4,dewpoint_temp_degc,ndbc,46254
,,571,2022-06-16T09:26:00Z,18.7,dewpoint_temp_degc,ndbc,46256
,,572,2022-06-16T08:56:00Z,18.7,dewpoint_temp_degc,ndbc,46258
,,573,2022-06-16T09:26:00Z,13.1,dewpoint_temp_degc,ndbc,46259
,,574,2022-06-16T09:00:00Z,20.3,dewpoint_temp_degc,ndbc,46266
,,575,2022-06-16T09:00:00Z,10.9,dewpoint_temp_degc,ndbc,46267
,,576,2022-06-16T09:00:00Z,20.7,dewpoint_temp_degc,ndbc,46268
,,577,2022-06-16T09:00:00Z,14.6,dewpoint_temp_degc,ndbc,46269
,,578,2022-06-16T09:00:00Z,11.9,dewpoint_temp_degc,ndbc,46303
,,579,2022-06-16T09:00:00Z,13.8,dewpoint_temp_degc,ndbc,46304
,,580,2022-06-16T09:20:00Z,25.7,dewpoint_temp_degc,ndbc,51000
,,581,2022-06-16T09:20:00Z,26.6,dewpoint_temp_degc,ndbc,51001
,,582,2022-06-16T09:20:00Z,25.7,dewpoint_temp_degc,ndbc,51002
,,583,2022-06-16T09:20:00Z,25.6,dewpoint_temp_degc,ndbc,51004
,,584,2022-06-16T09:20:00Z,26.6,dewpoint_temp_degc,ndbc,51101
,,585,2022-06-16T08:56:00Z,26,dewpoint_temp_degc,ndbc,51201
,,586,2022-06-16T08:56:00Z,25.8,dewpoint_temp_degc,ndbc,51202
,,587,2022-06-16T09:15:00Z,26,dewpoint_temp_degc,ndbc,51206
,,588,2022-06-16T08:56:00Z,25.6,dewpoint_temp_degc,ndbc,51207
,,589,2022-06-16T08:56:00Z,25.4,dewpoint_temp_degc,ndbc,51208
,,590,2022-06-16T08:56:00Z,28.6,dewpoint_temp_degc,ndbc,51209
,,591,2022-06-16T09:00:00Z,25.8,dewpoint_temp_degc,ndbc,51211
,,592,2022-06-16T09:00:00Z,26.2,dewpoint_temp_degc,ndbc,51212
,,593,2022-06-16T08:30:00Z,25.8,dewpoint_temp_degc,ndbc,51WH0
,,594,2022-06-16T08:56:00Z,29.7,dewpoint_temp_degc,ndbc,52200
,,595,2022-06-16T08:56:00Z,29.6,dewpoint_temp_degc,ndbc,52202
,,596,2022-06-16T08:56:00Z,29.6,dewpoint_temp_degc,ndbc,52211
,,597,2022-06-16T09:00:00Z,30.1,dewpoint_temp_degc,ndbc,52212
,,598,2022-06-16T09:00:00Z,16.3,dewpoint_temp_degc,ndbc,62029
,,599,2022-06-16T09:00:00Z,14.2,dewpoint_temp_degc,ndbc,62081
,,600,2022-06-16T09:00:00Z,13.8,dewpoint_temp_degc,ndbc,62103
,,601,2022-06-16T09:00:00Z,15.3,dewpoint_temp_degc,ndbc,62107
,,602,2022-06-16T09:00:00Z,16.7,dewpoint_temp_degc,ndbc,62163
,,603,2022-06-16T09:00:00Z,15.1,dewpoint_temp_degc,ndbc,62170
,,604,2022-06-16T09:00:00Z,15.4,dewpoint_temp_degc,ndbc,62304
,,605,2022-06-16T09:00:00Z,14.6,dewpoint_temp_degc,ndbc,62305
,,606,2022-06-16T09:00:00Z,14.8,dewpoint_temp_degc,ndbc,62442
,,607,2022-06-16T09:00:00Z,11.4,dewpoint_temp_degc,ndbc,64045
,,608,2022-06-16T09:00:00Z,21.1,dewpoint_temp_degc,ndbc,AAMC1
,,609,2022-06-16T09:00:00Z,18.6,dewpoint_temp_degc,ndbc,ACYN4
,,610,2022-06-16T09:00:00Z,6.7,dewpoint_temp_degc,ndbc,ADKA2
,,611,2022-06-16T09:00:00Z,16.2,dewpoint_temp_degc,ndbc,AGCM4
,,612,2022-06-16T09:00:00Z,10.5,dewpoint_temp_degc,ndbc,ALIA2
,,613,2022-06-16T09:00:00Z,18,dewpoint_temp_degc,ndbc,ALXN6
,,614,2022-06-16T09:18:00Z,27.2,dewpoint_temp_degc,ndbc,AMRL1
,,615,2022-06-16T09:18:00Z,29,dewpoint_temp_degc,ndbc,ANPT2
,,616,2022-06-16T09:00:00Z,8.4,dewpoint_temp_degc,ndbc,ANVC1
,,617,2022-06-16T09:00:00Z,26,dewpoint_temp_degc,ndbc,APAM2
,,618,2022-06-16T09:18:00Z,30.1,dewpoint_temp_degc,ndbc,APCF1
,,619,2022-06-16T09:00:00Z,29.1,dewpoint_temp_degc,ndbc,APRP7
,,620,2022-06-16T09:12:00Z,27.9,dewpoint_temp_degc,ndbc,AROP4
,,621,2022-06-16T09:00:00Z,14.8,dewpoint_temp_degc,ndbc,ASTO3
,,622,2022-06-16T09:00:00Z,13.1,dewpoint_temp_degc,ndbc,ATGM1
,,623,2022-06-16T09:00:00Z,6.5,dewpoint_temp_degc,ndbc,ATKA2
,,624,2022-06-16T09:12:00Z,28.6,dewpoint_temp_degc,ndbc,AWRT2
,,625,2022-06-16T09:18:00Z,28.5,dewpoint_temp_degc,ndbc,BABT2
,,626,2022-06-16T09:00:00Z,19.1,dewpoint_temp_degc,ndbc,BATN6
,,627,2022-06-16T08:00:00Z,31.1,dewpoint_temp_degc,ndbc,BBNF1
,,628,2022-06-16T08:00:00Z,29.7,dewpoint_temp_degc,ndbc,BBSF1
,,629,2022-06-16T08:36:00Z,22.4,dewpoint_temp_degc,ndbc,BDRN4
,,630,2022-06-16T09:00:00Z,23.7,dewpoint_temp_degc,ndbc,BDSP1
,,631,2022-06-16T08:00:00Z,30.2,dewpoint_temp_degc,ndbc,BDVF1
,,632,2022-06-16T09:00:00Z,9.4,dewpoint_temp_degc,ndbc,BDXC1
,,633,2022-06-16T09:00:00Z,27.7,dewpoint_temp_degc,ndbc,BFTN7
,,634,2022-06-16T09:00:00Z,20.7,dewpoint_temp_degc,ndbc,BGNN6
,,635,2022-06-16T09:00:00Z,25.3,dewpoint_temp_degc,ndbc,BISM2
,,636,2022-06-16T09:18:00Z,33.9,dewpoint_temp_degc,ndbc,BKTL1
,,637,2022-06-16T08:00:00Z,30.1,dewpoint_temp_degc,ndbc,BKYF1
,,638,2022-06-16T09:00:00Z,25.3,dewpoint_temp_degc,ndbc,BLTM2
,,639,2022-06-16T08:00:00Z,30.9,dewpoint_temp_degc,ndbc,BNKF1
,,640,2022-06-16T09:00:00Z,18.1,dewpoint_temp_degc,ndbc,BRHC3
,,641,2022-06-16T09:00:00Z,20.3,dewpoint_temp_degc,ndbc,BUFN6
,,642,2022-06-16T07:00:00Z,30.9,dewpoint_temp_degc,ndbc,BWSF1
,,643,2022-06-16T09:18:00Z,32.9,dewpoint_temp_degc,ndbc,BYGL1
,,644,2022-06-16T09:00:00Z,18.8,dewpoint_temp_degc,ndbc,BZBM3
,,645,2022-06-16T09:18:00Z,23.8,dewpoint_temp_degc,ndbc,BZST2
,,646,2022-06-16T09:00:00Z,25.5,dewpoint_temp_degc,ndbc,CAMM2
,,647,2022-06-16T08:00:00Z,30.2,dewpoint_temp_degc,ndbc,CANF1
,,648,2022-06-16T09:18:00Z,30.5,dewpoint_temp_degc,ndbc,CAPL1
,,649,2022-06-16T09:18:00Z,26.5,dewpoint_temp_degc,ndbc,CARL1
,,650,2022-06-16T09:00:00Z,14.6,dewpoint_temp_degc,ndbc,CASM1
,,651,2022-06-16T09:00:00Z,12.6,dewpoint_temp_degc,ndbc,CECC1
,,652,2022-06-16T09:00:00Z,9.2,dewpoint_temp_degc,ndbc,CFWM1
,,653,2022-06-16T08:36:00Z,12.1,dewpoint_temp_degc,ndbc,CHAO3
,,654,2022-06-16T09:18:00Z,29,dewpoint_temp_degc,ndbc,CHAV3
,,655,2022-06-16T09:00:00Z,25.3,dewpoint_temp_degc,ndbc,CHCM2
,,656,2022-06-16T09:12:00Z,28.4,dewpoint_temp_degc,ndbc,CHSV3
,,657,2022-06-16T09:00:00Z,16.7,dewpoint_temp_degc,ndbc,CHTM3
,,658,2022-06-16T09:00:00Z,28.8,dewpoint_temp_degc,ndbc,CHTS1
,,659,2022-06-16T09:18:00Z,28.7,dewpoint_temp_degc,ndbc,CLBP4
,,660,2022-06-16T09:00:00Z,20.5,dewpoint_temp_degc,ndbc,CMAN4
,,661,2022-06-16T08:00:00Z,32.1,dewpoint_temp_degc,ndbc,CNBF1
,,662,2022-06-16T09:00:00Z,19.7,dewpoint_temp_degc,ndbc,CNDO1
,,663,2022-06-16T09:00:00Z,21.2,dewpoint_temp_degc,ndbc,CPTR1
,,664,2022-06-16T09:00:00Z,9.8,dewpoint_temp_degc,ndbc,CRVA2
,,665,2022-06-16T07:00:00Z,30.5,dewpoint_temp_degc,ndbc,CWAF1
,,666,2022-06-16T09:12:00Z,31.9,dewpoint_temp_degc,ndbc,CWBF1
,,667,2022-06-16T09:00:00Z,25,dewpoint_temp_degc,ndbc,DELD1
,,668,2022-06-16T07:00:00Z,31.2,dewpoint_temp_degc,ndbc,DKKF1
,,669,2022-06-16T09:18:00Z,29.8,dewpoint_temp_degc,ndbc,DMSF1
,,670,2022-06-16T07:30:00Z,30.7,dewpoint_temp_degc,ndbc,DPHA1
,,671,2022-06-16T09:00:00Z,12.3,dewpoint_temp_degc,ndbc,DTLM4
,,672,2022-06-16T09:00:00Z,23.3,dewpoint_temp_degc,ndbc,DUKN7
,,673,2022-06-16T09:00:00Z,13.5,dewpoint_temp_degc,ndbc,DULM5
,,674,2022-06-16T09:18:00Z,30.7,dewpoint_temp_degc,ndbc,EBEF1
,,675,2022-06-16T09:18:00Z,27,dewpoint_temp_degc,ndbc,EINL1
,,676,2022-06-16T09:00:00Z,8.5,dewpoint_temp_degc,ndbc,ELFA2
,,677,2022-06-16T09:18:00Z,29.3,dewpoint_temp_degc,ndbc,EMAT2
,,678,2022-06-16T09:18:00Z,29.3,dewpoint_temp_degc,ndbc,EPTT2
,,679,2022-06-16T09:12:00Z,28.5,dewpoint_temp_degc,ndbc,ESPP4
,,680,2022-06-16T09:00:00Z,21.7,dewpoint_temp_degc,ndbc,FAIO1
,,681,2022-06-16T09:18:00Z,30.6,dewpoint_temp_degc,ndbc,FMRF1
,,682,2022-06-16T09:00:00Z,18.5,dewpoint_temp_degc,ndbc,FOXR1
,,683,2022-06-16T09:00:00Z,29.1,dewpoint_temp_degc,ndbc,FPKG1
,,684,2022-06-16T09:18:00Z,29,dewpoint_temp_degc,ndbc,FPST2
,,685,2022-06-16T09:18:00Z,29.7,dewpoint_temp_degc,ndbc,FRDF1
,,686,2022-06-16T08:36:00Z,9.9,dewpoint_temp_degc,ndbc,FRDW1
,,687,2022-06-16T09:00:00Z,21.1,dewpoint_temp_degc,ndbc,FRVM3
,,688,2022-06-16T09:00:00Z,13.6,dewpoint_temp_degc,ndbc,FTPC1
,,689,2022-06-16T09:00:00Z,28.2,dewpoint_temp_degc,ndbc,FWYF1
,,690,2022-06-16T08:00:00Z,30.2,dewpoint_temp_degc,ndbc,GBIF1
,,691,2022-06-16T08:00:00Z,32.8,dewpoint_temp_degc,ndbc,GBTF1
,,692,2022-06-16T09:00:00Z,7.7,dewpoint_temp_degc,ndbc,GDMM5
,,693,2022-06-16T09:18:00Z,32,dewpoint_temp_degc,ndbc,GISL1
,,694,2022-06-16T09:18:00Z,30.1,dewpoint_temp_degc,ndbc,GRRT2
,,695,2022-06-16T09:18:00Z,30.8,dewpoint_temp_degc,ndbc,GTOT2
,,696,2022-06-16T08:36:00Z,11.2,dewpoint_temp_degc,ndbc,HBYC1
,,697,2022-06-16T08:00:00Z,31.2,dewpoint_temp_degc,ndbc,HCEF1
,,698,2022-06-16T09:00:00Z,24.8,dewpoint_temp_degc,ndbc,HCGN7
,,699,2022-06-16T09:18:00Z,30,dewpoint_temp_degc,ndbc,HIST2
,,700,2022-06-16T09:00:00Z,20.1,dewpoint_temp_degc,ndbc,HLNM4
,,701,2022-06-16T09:00:00Z,12.8,dewpoint_temp_degc,ndbc,HRBM4
,,702,2022-06-16T09:00:00Z,21.5,dewpoint_temp_degc,ndbc,ICAC1
,,703,2022-06-16T09:00:00Z,25.8,dewpoint_temp_degc,ndbc,ILOH1
,,704,2022-06-16T09:18:00Z,28.4,dewpoint_temp_degc,ndbc,IRDT2
,,705,2022-06-16T09:00:00Z,10.8,dewpoint_temp_degc,ndbc,ITKA2
,,706,2022-06-16T08:00:00Z,31.5,dewpoint_temp_degc,ndbc,JBYF1
,,707,2022-06-16T08:00:00Z,29.8,dewpoint_temp_degc,ndbc,JKYF1
,,708,2022-06-16T09:00:00Z,26.6,dewpoint_temp_degc,ndbc,JMPN7
,,709,2022-06-16T09:00:00Z,6.5,dewpoint_temp_degc,ndbc,JNEA2
,,710,2022-06-16T09:18:00Z,29.8,dewpoint_temp_degc,ndbc,JXUF1
,,711,2022-06-16T09:00:00Z,10,dewpoint_temp_degc,ndbc,KDAA2
,,712,2022-06-16T09:00:00Z,12.1,dewpoint_temp_degc,ndbc,KECA2
,,713,2022-06-16T09:00:00Z,7.9,dewpoint_temp_degc,ndbc,KGCA2
,,714,2022-06-16T09:00:00Z,26.2,dewpoint_temp_degc,ndbc,KLIH1
,,715,2022-06-16T09:00:00Z,16.9,dewpoint_temp_degc,ndbc,KPTN6
,,716,2022-06-16T09:00:00Z,23.6,dewpoint_temp_degc,ndbc,KPTV2
,,717,2022-06-16T09:00:00Z,27.3,dewpoint_temp_degc,ndbc,KWHH1
,,718,2022-06-16T09:18:00Z,30.6,dewpoint_temp_degc,ndbc,KYWF1
,,719,2022-06-16T09:18:00Z,28.3,dewpoint_temp_degc,ndbc,LAMV3
,,720,2022-06-16T08:36:00Z,12.7,dewpoint_temp_degc,ndbc,LAPW1
,,721,2022-06-16T07:00:00Z,31.5,dewpoint_temp_degc,ndbc,LBSF1
,,722,2022-06-16T09:18:00Z,31.9,dewpoint_temp_degc,ndbc,LCLL1
,,723,2022-06-16T09:00:00Z,20.2,dewpoint_temp_degc,ndbc,LJAC1
,,724,2022-06-16T09:18:00Z,28.1,dewpoint_temp_degc,ndbc,LKWF1
,,725,2022-06-16T08:00:00Z,31.5,dewpoint_temp_degc,ndbc,LMDF1
,,726,2022-06-16T08:00:00Z,30.9,dewpoint_temp_degc,ndbc,LMRF1
,,727,2022-06-16T09:00:00Z,13.2,dewpoint_temp_degc,ndbc,LOPW1
,,728,2022-06-16T09:00:00Z,13.8,dewpoint_temp_degc,ndbc,LPNM4
,,729,2022-06-16T08:00:00Z,30.9,dewpoint_temp_degc,ndbc,LRIF1
,,730,2022-06-16T07:00:00Z,31.5,dewpoint_temp_degc,ndbc,LRKF1
,,731,2022-06-16T08:00:00Z,31.3,dewpoint_temp_degc,ndbc,LSNF1
,,732,2022-06-16T09:18:00Z,28.6,dewpoint_temp_degc,ndbc,LTBV3
,,733,2022-06-16T09:00:00Z,8.8,dewpoint_temp_degc,ndbc,LTRM4
,,734,2022-06-16T09:18:00Z,28.4,dewpoint_temp_degc,ndbc,LUIT2
,,735,2022-06-16T09:00:00Z,26.9,dewpoint_temp_degc,ndbc,LWTV2
,,736,2022-06-16T09:18:00Z,29.2,dewpoint_temp_degc,ndbc,MBET2
,,737,2022-06-16T09:18:00Z,30.1,dewpoint_temp_degc,ndbc,MCGA1
,,738,2022-06-16T08:00:00Z,31.8,dewpoint_temp_degc,ndbc,MDKF1
,,739,2022-06-16T08:36:00Z,14,dewpoint_temp_degc,ndbc,MEYC1
,,740,2022-06-16T09:18:00Z,29.2,dewpoint_temp_degc,ndbc,MGIP4
,,741,2022-06-16T09:18:00Z,29.8,dewpoint_temp_degc,ndbc,MGPT2
,,742,2022-06-16T09:18:00Z,28.6,dewpoint_temp_degc,ndbc,MGZP4
,,743,2022-06-16T08:00:00Z,32.9,dewpoint_temp_degc,ndbc,MNBF1
,,744,2022-06-16T09:00:00Z,19.5,dewpoint_temp_degc,ndbc,MNMM4
,,745,2022-06-16T09:00:00Z,25.9,dewpoint_temp_degc,ndbc,MNPV2
,,746,2022-06-16T08:36:00Z,27.1,dewpoint_temp_degc,ndbc,MOKH1
,,747,2022-06-16T09:00:00Z,24.9,dewpoint_temp_degc,ndbc,MRCP1
,,748,2022-06-16T09:00:00Z,23,dewpoint_temp_degc,ndbc,MRHO1
,,749,2022-06-16T09:00:00Z,16.7,dewpoint_temp_degc,ndbc,MTKN6
,,750,2022-06-16T08:00:00Z,30.1,dewpoint_temp_degc,ndbc,MUKF1
,,751,2022-06-16T09:18:00Z,29.4,dewpoint_temp_degc,ndbc,MYPF1
,,752,2022-06-16T09:00:00Z,21,dewpoint_temp_degc,ndbc,MZXC1
,,753,2022-06-16T09:00:00Z,22.7,dewpoint_temp_degc,ndbc,NBLP1
,,754,2022-06-16T09:00:00Z,27.1,dewpoint_temp_degc,ndbc,NCDV2
,,755,2022-06-16T09:18:00Z,29.2,dewpoint_temp_degc,ndbc,NCHT2
,,756,2022-06-16T09:00:00Z,10.8,dewpoint_temp_degc,ndbc,NEAW1
,,757,2022-06-16T09:00:00Z,11.6,dewpoint_temp_degc,ndbc,NKTA2
,,758,2022-06-16T09:00:00Z,19.5,dewpoint_temp_degc,ndbc,NLNC3
,,759,2022-06-16T09:18:00Z,30.6,dewpoint_temp_degc,ndbc,NPSF1
,,760,2022-06-16T08:00:00Z,30.3,dewpoint_temp_degc,ndbc,NRRF1
,,761,2022-06-16T09:00:00Z,20.5,dewpoint_temp_degc,ndbc,NTKM3
,,762,2022-06-16T09:18:00Z,31.9,dewpoint_temp_degc,ndbc,NWCL1
,,763,2022-06-16T09:00:00Z,19.2,dewpoint_temp_degc,ndbc,NWHC3
,,764,2022-06-16T09:00:00Z,18,dewpoint_temp_degc,ndbc,NWPR1
,,765,2022-06-16T09:00:00Z,29.5,dewpoint_temp_degc,ndbc,NWWH1
,,766,2022-06-16T09:00:00Z,16.6,dewpoint_temp_degc,ndbc,OBGN6
,,767,2022-06-16T09:18:00Z,30.2,dewpoint_temp_degc,ndbc,OBLA1
,,768,2022-06-16T09:00:00Z,21.4,dewpoint_temp_degc,ndbc,OCIM2
,,769,2022-06-16T09:00:00Z,19.4,dewpoint_temp_degc,ndbc,OHBC1
,,770,2022-06-16T09:00:00Z,25.7,dewpoint_temp_degc,ndbc,OOUH1
,,771,2022-06-16T09:18:00Z,33,dewpoint_temp_degc,ndbc,OPTF1
,,772,2022-06-16T09:00:00Z,24.8,dewpoint_temp_degc,ndbc,ORIN7
,,773,2022-06-16T09:00:00Z,8.6,dewpoint_temp_degc,ndbc,OVIA2
,,774,2022-06-16T09:18:00Z,29.3,dewpoint_temp_degc,ndbc,PACT2
,,775,2022-06-16T09:12:00Z,28.4,dewpoint_temp_degc,ndbc,PCBF1
,,776,2022-06-16T09:18:00Z,27.9,dewpoint_temp_degc,ndbc,PCGT2
,,777,2022-06-16T09:18:00Z,30.8,dewpoint_temp_degc,ndbc,PCLF1
,,778,2022-06-16T09:12:00Z,31.8,dewpoint_temp_degc,ndbc,PCNT2
,,779,2022-06-16T09:00:00Z,20.8,dewpoint_temp_degc,ndbc,PCOC1
,,780,2022-06-16T09:00:00Z,23.6,dewpoint_temp_degc,ndbc,PHBP1
,,781,2022-06-16T09:18:00Z,26.6,dewpoint_temp_degc,ndbc,PILL1
,,782,2022-06-16T08:00:00Z,31,dewpoint_temp_degc,ndbc,PKYF1
,,783,2022-06-16T09:00:00Z,9.5,dewpoint_temp_degc,ndbc,PLXA2
,,784,2022-06-16T09:18:00Z,31.3,dewpoint_temp_degc,ndbc,PMAF1
,,785,2022-06-16T09:00:00Z,14.2,dewpoint_temp_degc,ndbc,PNLM4
,,786,2022-06-16T09:18:00Z,29.2,dewpoint_temp_degc,ndbc,PNLM6
,,787,2022-06-16T09:18:00Z,30.5,dewpoint_temp_degc,ndbc,PORT2
,,788,2022-06-16T09:00:00Z,-0.2,dewpoint_temp_degc,ndbc,PRDA2
,,789,2022-06-16T09:00:00Z,10.8,dewpoint_temp_degc,ndbc,PRYC1
,,790,2022-06-16T09:00:00Z,9,dewpoint_temp_degc,ndbc,PSBM1
,,791,2022-06-16T09:00:00Z,15.6,dewpoint_temp_degc,ndbc,PSLC1
,,792,2022-06-16T09:12:00Z,27.1,dewpoint_temp_degc,ndbc,PSTL1
,,793,2022-06-16T08:36:00Z,9.7,dewpoint_temp_degc,ndbc,PTAW1
,,794,2022-06-16T09:18:00Z,27,dewpoint_temp_degc,ndbc,PTIT2
,,795,2022-06-16T09:00:00Z,10.2,dewpoint_temp_degc,ndbc,PTWW1
,,796,2022-06-16T09:00:00Z,20,dewpoint_temp_degc,ndbc,QPTR1
,,797,2022-06-16T09:00:00Z,13.1,dewpoint_temp_degc,ndbc,RCKM4
,,798,2022-06-16T09:00:00Z,16.7,dewpoint_temp_degc,ndbc,RCMC1
,,799,2022-06-16T09:18:00Z,30.6,dewpoint_temp_degc,ndbc,RCPT2
,,800,2022-06-16T09:00:00Z,2.9,dewpoint_temp_degc,ndbc,RDDA2
,,801,2022-06-16T09:00:00Z,24.8,dewpoint_temp_degc,ndbc,RDYD1
,,802,2022-06-16T09:12:00Z,28.3,dewpoint_temp_degc,ndbc,RLIT2
,,803,2022-06-16T09:18:00Z,29.5,dewpoint_temp_degc,ndbc,RLOT2
,,804,2022-06-16T09:18:00Z,28.8,dewpoint_temp_degc,ndbc,RSJT2
,,805,2022-06-16T09:18:00Z,29.3,dewpoint_temp_degc,ndbc,RTAT2
,,806,2022-06-16T09:00:00Z,21.8,dewpoint_temp_degc,ndbc,RTYC1
,,807,2022-06-16T09:18:00Z,30.4,dewpoint_temp_degc,ndbc,SAPF1
,,808,2022-06-16T09:00:00Z,28.7,dewpoint_temp_degc,ndbc,SAUF1
,,809,2022-06-16T09:00:00Z,12.4,dewpoint_temp_degc,ndbc,SBEO3
,,810,2022-06-16T09:00:00Z,21.9,dewpoint_temp_degc,ndbc,SDBC1
,,811,2022-06-16T09:00:00Z,21.4,dewpoint_temp_degc,ndbc,SDHN4
,,812,2022-06-16T09:18:00Z,29.2,dewpoint_temp_degc,ndbc,SDRT2
,,813,2022-06-16T09:00:00Z,15.3,dewpoint_temp_degc,ndbc,SEIM1
,,814,2022-06-16T09:18:00Z,30.5,dewpoint_temp_degc,ndbc,SGNT2
,,815,2022-06-16T09:12:00Z,31.6,dewpoint_temp_degc,ndbc,SHBL1
,,816,2022-06-16T07:30:00Z,27.1,dewpoint_temp_degc,ndbc,SIPF1
,,817,2022-06-16T09:18:00Z,28.4,dewpoint_temp_degc,ndbc,SJNP4
,,818,2022-06-16T09:00:00Z,24.1,dewpoint_temp_degc,ndbc,SJSN4
,,819,2022-06-16T09:00:00Z,8.6,dewpoint_temp_degc,ndbc,SKTA2
,,820,2022-06-16T09:00:00Z,24.8,dewpoint_temp_degc,ndbc,SLIM2
,,821,2022-06-16T09:00:00Z,7.5,dewpoint_temp_degc,ndbc,SNDA2
,,822,2022-06-16T09:00:00Z,27.5,dewpoint_temp_degc,ndbc,SNDP5
,,823,2022-06-16T08:00:00Z,30.8,dewpoint_temp_degc,ndbc,SREF1
,,824,2022-06-16T09:00:00Z,9.6,dewpoint_temp_degc,ndbc,SWLA2
,,825,2022-06-16T09:00:00Z,11.9,dewpoint_temp_degc,ndbc,SWPM4
,,826,2022-06-16T09:00:00Z,24.9,dewpoint_temp_degc,ndbc,SWPV2
,,827,2022-06-16T09:18:00Z,29.6,dewpoint_temp_degc,ndbc,TAQT2
,,828,2022-06-16T08:00:00Z,31.6,dewpoint_temp_degc,ndbc,TBYF1
,,829,2022-06-16T09:00:00Z,24.9,dewpoint_temp_degc,ndbc,TCBM2
,,830,2022-06-16T09:00:00Z,10.6,dewpoint_temp_degc,ndbc,TCNW1
,,831,2022-06-16T08:00:00Z,31.1,dewpoint_temp_degc,ndbc,TCVF1
,,832,2022-06-16T09:00:00Z,9.5,dewpoint_temp_degc,ndbc,TDPC1
,,833,2022-06-16T09:18:00Z,27.3,dewpoint_temp_degc,ndbc,TESL1
,,834,2022-06-16T07:00:00Z,31.2,dewpoint_temp_degc,ndbc,THRF1
,,835,2022-06-16T09:00:00Z,12.6,dewpoint_temp_degc,ndbc,TLBO3
,,836,2022-06-16T09:00:00Z,14.6,dewpoint_temp_degc,ndbc,TOKW1
,,837,2022-06-16T08:00:00Z,29.5,dewpoint_temp_degc,ndbc,TPEF1
,,838,2022-06-16T09:00:00Z,23.4,dewpoint_temp_degc,ndbc,TPLM2
,,839,2022-06-16T09:18:00Z,30.2,dewpoint_temp_degc,ndbc,TRDF1
,,840,2022-06-16T08:00:00Z,31.1,dewpoint_temp_degc,ndbc,TRRF1
,,841,2022-06-16T09:20:00Z,23,dewpoint_temp_degc,ndbc,TWCO1
,,842,2022-06-16T09:18:00Z,30.4,dewpoint_temp_degc,ndbc,TXPT2
,,843,2022-06-16T09:00:00Z,6.7,dewpoint_temp_degc,ndbc,UNLA2
,,844,2022-06-16T09:12:00Z,30.6,dewpoint_temp_degc,ndbc,VAKF1
,,845,2022-06-16T09:18:00Z,31.1,dewpoint_temp_degc,ndbc,VCAF1
,,846,2022-06-16T09:18:00Z,29.2,dewpoint_temp_degc,ndbc,VCAT2
,,847,2022-06-16T09:00:00Z,4.8,dewpoint_temp_degc,ndbc,VCVA2
,,848,2022-06-16T09:00:00Z,29.9,dewpoint_temp_degc,ndbc,VENF1
,,849,2022-06-16T09:00:00Z,26.3,dewpoint_temp_degc,ndbc,WAHV2
,,850,2022-06-16T09:00:00Z,30.3,dewpoint_temp_degc,ndbc,WAKP8
,,851,2022-06-16T09:00:00Z,26.8,dewpoint_temp_degc,ndbc,WASD2
,,852,2022-06-16T09:00:00Z,16.2,dewpoint_temp_degc,ndbc,WELM1
,,853,2022-06-16T08:00:00Z,29.8,dewpoint_temp_degc,ndbc,WIWF1
,,854,2022-06-16T09:00:00Z,28.6,dewpoint_temp_degc,ndbc,WLON7
,,855,2022-06-16T09:00:00Z,9.7,dewpoint_temp_degc,ndbc,WNEM4
,,856,2022-06-16T08:00:00Z,31.4,dewpoint_temp_degc,ndbc,WPLF1
,,857,2022-06-16T08:36:00Z,13.3,dewpoint_temp_degc,ndbc,WPTW1
,,858,2022-06-16T08:00:00Z,31.4,dewpoint_temp_degc,ndbc,WRBF1
,,859,2022-06-16T09:00:00Z,13.2,dewpoint_temp_degc,ndbc,WSLM4
,,860,2022-06-16T07:00:00Z,30.9,dewpoint_temp_degc,ndbc,WWEF1
,,861,2022-06-16T09:18:00Z,29.8,dewpoint_temp_degc,ndbc,WYCM6
,,862,2022-06-16T09:00:00Z,13,dewpoint_temp_degc,ndbc,YATA2
,,863,2022-06-16T09:00:00Z,24.6,dewpoint_temp_degc,ndbc,YKTV2
,,864,2022-06-16T08:50:00Z,4,dominant_wave_period_sec,ndbc,41008
,,865,2022-06-16T09:00:00Z,6,dominant_wave_period_sec,ndbc,41052
,,866,2022-06-16T09:00:00Z,6,dominant_wave_period_sec,ndbc,41053
,,867,2022-06-16T08:35:00Z,5,dominant_wave_period_sec,ndbc,41065
,,868,2022-06-16T09:17:00Z,5,dominant_wave_period_sec,ndbc,41076
,,869,2022-06-16T09:00:00Z,5,dominant_wave_period_sec,ndbc,41108
,,870,2022-06-16T08:56:00Z,5,dominant_wave_period_sec,ndbc,41110
,,871,2022-06-16T09:00:00Z,9,dominant_wave_period_sec,ndbc,41112
,,872,2022-06-16T08:56:00Z,8,dominant_wave_period_sec,ndbc,41113
,,873,2022-06-16T08:56:00Z,8,dominant_wave_period_sec,ndbc,41114
,,874,2022-06-16T08:56:00Z,5,dominant_wave_period_sec,ndbc,41115
,,875,2022-06-16T09:00:00Z,9,dominant_wave_period_sec,ndbc,41117
,,876,2022-06-16T08:56:00Z,7,dominant_wave_period_sec,ndbc,41120
,,877,2022-06-16T09:26:00Z,6,dominant_wave_period_sec,ndbc,41121
,,878,2022-06-16T09:00:00Z,6,dominant_wave_period_sec,ndbc,42095
,,879,2022-06-16T08:56:00Z,3,dominant_wave_period_sec,ndbc,42097
,,880,2022-06-16T09:26:00Z,7,dominant_wave_period_sec,ndbc,42099
,,881,2022-06-16T08:50:00Z,8,dominant_wave_period_sec,ndbc,44005
,,882,2022-06-16T08:04:00Z,5,dominant_wave_period_sec,ndbc,44029
,,883,2022-06-16T08:04:00Z,6,dominant_wave_period_sec,ndbc,44030
,,884,2022-06-16T08:04:00Z,8,dominant_wave_period_sec,ndbc,44032
,,885,2022-06-16T08:04:00Z,8,dominant_wave_period_sec,ndbc,44034
,,886,2022-06-16T08:04:00Z,8,dominant_wave_period_sec,ndbc,44037
,,887,2022-06-16T08:56:00Z,8,dominant_wave_period_sec,ndbc,44056
,,888,2022-06-16T09:12:00Z,2,dominant_wave_period_sec,ndbc,44063
,,889,2022-06-16T09:26:00Z,9,dominant_wave_period_sec,ndbc,44086
,,890,2022-06-16T09:00:00Z,9,dominant_wave_period_sec,ndbc,44088
,,891,2022-06-16T09:26:00Z,4,dominant_wave_period_sec,ndbc,44089
,,892,2022-06-16T08:56:00Z,5,dominant_wave_period_sec,ndbc,44091
,,893,2022-06-16T09:26:00Z,8,dominant_wave_period_sec,ndbc,44095
,,894,2022-06-16T09:26:00Z,7,dominant_wave_period_sec,ndbc,44097
,,895,2022-06-16T09:26:00Z,10,dominant_wave_period_sec,ndbc,44098
,,896,2022-06-16T08:56:00Z,7,dominant_wave_period_sec,ndbc,44099
,,897,2022-06-16T09:00:00Z,8,dominant_wave_period_sec,ndbc,44137
,,898,2022-06-16T09:00:00Z,8,dominant_wave_period_sec,ndbc,44139
,,899,2022-06-16T09:00:00Z,7,dominant_wave_period_sec,ndbc,44150
,,900,2022-06-16T09:00:00Z,7,dominant_wave_period_sec,ndbc,44258
,,901,2022-06-16T09:00:00Z,7,dominant_wave_period_sec,ndbc,44488
,,902,2022-06-16T09:00:00Z,6,dominant_wave_period_sec,ndbc,44489
,,903,2022-06-16T09:00:00Z,3,dominant_wave_period_sec,ndbc,44490
,,904,2022-06-16T09:30:00Z,4,dominant_wave_period_sec,ndbc,45024
,,905,2022-06-16T09:30:00Z,3,dominant_wave_period_sec,ndbc,45026
,,906,2022-06-16T09:30:00Z,4,dominant_wave_period_sec,ndbc,45029
,,907,2022-06-16T09:00:00Z,3,dominant_wave_period_sec,ndbc,45132
,,908,2022-06-16T09:00:00Z,4,dominant_wave_period_sec,ndbc,45136
,,909,2022-06-16T09:00:00Z,4,dominant_wave_period_sec,ndbc,45137
,,910,2022-06-16T09:00:00Z,4,dominant_wave_period_sec,ndbc,45139
,,911,2022-06-16T09:00:00Z,2,dominant_wave_period_sec,ndbc,45142
,,912,2022-06-16T09:00:00Z,3,dominant_wave_period_sec,ndbc,45143
,,913,2022-06-16T09:00:00Z,2,dominant_wave_period_sec,ndbc,45149
,,914,2022-06-16T09:00:00Z,2,dominant_wave_period_sec,ndbc,45151
,,915,2022-06-16T09:00:00Z,2,dominant_wave_period_sec,ndbc,45152
,,916,2022-06-16T09:00:00Z,2,dominant_wave_period_sec,ndbc,45154
,,917,2022-06-16T09:00:00Z,4,dominant_wave_period_sec,ndbc,45159
,,918,2022-06-16T09:20:00Z,3,dominant_wave_period_sec,ndbc,45161
,,919,2022-06-16T09:20:00Z,2,dominant_wave_period_sec,ndbc,45162
,,920,2022-06-16T09:00:00Z,2,dominant_wave_period_sec,ndbc,45163
,,921,2022-06-16T09:30:00Z,2,dominant_wave_period_sec,ndbc,45165
,,922,2022-06-16T09:00:00Z,3,dominant_wave_period_sec,ndbc,45167
,,923,2022-06-16T09:30:00Z,4,dominant_wave_period_sec,ndbc,45168
,,924,2022-06-16T09:20:00Z,2,dominant_wave_period_sec,ndbc,45170
,,925,2022-06-16T09:35:00Z,3,dominant_wave_period_sec,ndbc,45175
,,926,2022-06-16T09:26:00Z,5,dominant_wave_period_sec,ndbc,45180
,,927,2022-06-16T09:30:00Z,2,dominant_wave_period_sec,ndbc,45183
,,928,2022-06-16T09:00:00Z,3,dominant_wave_period_sec,ndbc,45194
,,929,2022-06-16T09:00:00Z,3,dominant_wave_period_sec,ndbc,45195
,,930,2022-06-16T09:20:00Z,2,dominant_wave_period_sec,ndbc,45197
,,931,2022-06-16T09:00:00Z,8,dominant_wave_period_sec,ndbc,46004
,,932,2022-06-16T08:50:00Z,10,dominant_wave_period_sec,ndbc,46035
,,933,2022-06-16T09:00:00Z,9,dominant_wave_period_sec,ndbc,46036
,,934,2022-06-16T08:50:00Z,8,dominant_wave_period_sec,ndbc,46060
,,935,2022-06-16T08:50:00Z,9,dominant_wave_period_sec,ndbc,46061
,,936,2022-06-16T08:50:00Z,8,dominant_wave_period_sec,ndbc,46073
,,937,2022-06-16T08:50:00Z,6,dominant_wave_period_sec,ndbc,46080
,,938,2022-06-16T08:50:00Z,8,dominant_wave_period_sec,ndbc,46082
,,939,2022-06-16T08:50:00Z,8,dominant_wave_period_sec,ndbc,46083
,,940,2022-06-16T09:00:00Z,3,dominant_wave_period_sec,ndbc,46108
,,941,2022-06-16T08:56:00Z,8,dominant_wave_period_sec,ndbc,46114
,,942,2022-06-16T09:00:00Z,3,dominant_wave_period_sec,ndbc,46131
,,943,2022-06-16T09:00:00Z,9,dominant_wave_period_sec,ndbc,46132
,,944,2022-06-16T09:00:00Z,11,dominant_wave_period_sec,ndbc,46145
,,945,2022-06-16T09:00:00Z,2,dominant_wave_period_sec,ndbc,46146
,,946,2022-06-16T09:00:00Z,11,dominant_wave_period_sec,ndbc,46147
,,947,2022-06-16T09:00:00Z,2,dominant_wave_period_sec,ndbc,46181
,,948,2022-06-16T09:00:00Z,4,dominant_wave_period_sec,ndbc,46183
,,949,2022-06-16T09:00:00Z,13,dominant_wave_period_sec,ndbc,46185
,,950,2022-06-16T09:00:00Z,7,dominant_wave_period_sec,ndbc,46204
,,951,2022-06-16T09:00:00Z,11,dominant_wave_period_sec,ndbc,46205
,,952,2022-06-16T09:00:00Z,9,dominant_wave_period_sec,ndbc,46206
,,953,2022-06-16T09:00:00Z,12,dominant_wave_period_sec,ndbc,46207
,,954,2022-06-16T09:26:00Z,13,dominant_wave_period_sec,ndbc,46211
,,955,2022-06-16T09:26:00Z,6,dominant_wave_period_sec,ndbc,46213
,,956,2022-06-16T09:26:00Z,5,dominant_wave_period_sec,ndbc,46214
,,957,2022-06-16T09:26:00Z,8,dominant_wave_period_sec,ndbc,46215
,,958,2022-06-16T09:26:00Z,8,dominant_wave_period_sec,ndbc,46218
,,959,2022-06-16T08:56:00Z,8,dominant_wave_period_sec,ndbc,46219
,,960,2022-06-16T09:26:00Z,8,dominant_wave_period_sec,ndbc,46221
,,961,2022-06-16T09:26:00Z,9,dominant_wave_period_sec,ndbc,46222
,,962,2022-06-16T09:26:00Z,15,dominant_wave_period_sec,ndbc,46224
,,963,2022-06-16T09:26:00Z,9,dominant_wave_period_sec,ndbc,46225
,,964,2022-06-16T09:26:00Z,5,dominant_wave_period_sec,ndbc,46229
,,965,2022-06-16T08:56:00Z,9,dominant_wave_period_sec,ndbc,46232
,,966,2022-06-16T09:26:00Z,8,dominant_wave_period_sec,ndbc,46235
,,967,2022-06-16T08:30:00Z,7,dominant_wave_period_sec,ndbc,46237
,,968,2022-06-16T09:26:00Z,8,dominant_wave_period_sec,ndbc,46239
,,969,2022-06-16T09:26:00Z,4,dominant_wave_period_sec,ndbc,46243
,,970,2022-06-16T09:26:00Z,8,dominant_wave_period_sec,ndbc,46244
,,971,2022-06-16T08:26:00Z,8,dominant_wave_period_sec,ndbc,46246
,,972,2022-06-16T09:26:00Z,13,dominant_wave_period_sec,ndbc,46248
,,973,2022-06-16T08:56:00Z,8,dominant_wave_period_sec,ndbc,46251
,,974,2022-06-16T09:26:00Z,6,dominant_wave_period_sec,ndbc,46253
,,975,2022-06-16T09:26:00Z,9,dominant_wave_period_sec,ndbc,46254
,,976,2022-06-16T09:26:00Z,17,dominant_wave_period_sec,ndbc,46256
,,977,2022-06-16T08:56:00Z,8,dominant_wave_period_sec,ndbc,46258
,,978,2022-06-16T09:26:00Z,9,dominant_wave_period_sec,ndbc,46259
,,979,2022-06-16T09:00:00Z,9,dominant_wave_period_sec,ndbc,46266
,,980,2022-06-16T09:00:00Z,5,dominant_wave_period_sec,ndbc,46268
,,981,2022-06-16T09:00:00Z,6,dominant_wave_period_sec,ndbc,46269
,,982,2022-06-16T09:00:00Z,2,dominant_wave_period_sec,ndbc,46304
,,983,2022-06-16T08:56:00Z,7,dominant_wave_period_sec,ndbc,51201
,,984,2022-06-16T08:56:00Z,8,dominant_wave_period_sec,ndbc,51202
,,985,2022-06-16T09:15:00Z,8,dominant_wave_period_sec,ndbc,51206
,,986,2022-06-16T08:56:00Z,7,dominant_wave_period_sec,ndbc,51207
,,987,2022-06-16T08:56:00Z,7,dominant_wave_period_sec,ndbc,51208
,,988,2022-06-16T08:56:00Z,8,dominant_wave_period_sec,ndbc,51209
,,989,2022-06-16T09:00:00Z,13,dominant_wave_period_sec,ndbc,51211
,,990,2022-06-16T09:00:00Z,7,dominant_wave_period_sec,ndbc,51212
,,991,2022-06-16T08:56:00Z,7,dominant_wave_period_sec,ndbc,52200
,,992,2022-06-16T08:56:00Z,11,dominant_wave_period_sec,ndbc,52202
,,993,2022-06-16T08:56:00Z,13,dominant_wave_period_sec,ndbc,52211
,,994,2022-06-16T09:00:00Z,6,dominant_wave_period_sec,ndbc,52212
,,995,2022-06-16T09:20:00Z,9,dominant_wave_period_sec,ndbc,LJPC1
,,996,2022-06-16T08:35:00Z,4,dominant_wave_period_sec,ndbc,SSBN7
,,997,2022-06-16T09:00:00Z,6,dominant_wave_period_sec,ndbc,TFBLK
,,998,2022-06-16T07:00:00Z,4.9,gust_speed_mps,ndbc,13001
,,999,2022-06-16T07:00:00Z,10.4,gust_speed_mps,ndbc,13002
,,1000,2022-06-16T07:00:00Z,8.7,gust_speed_mps,ndbc,13008
,,1001,2022-06-16T07:00:00Z,11.1,gust_speed_mps,ndbc,14040
,,1002,2022-06-16T07:00:00Z,13.5,gust_speed_mps,ndbc,14043
,,1003,2022-06-16T07:00:00Z,7.7,gust_speed_mps,ndbc,15001
,,1004,2022-06-16T07:00:00Z,5.7,gust_speed_mps,ndbc,15006
,,1005,2022-06-16T07:00:00Z,7,gust_speed_mps,ndbc,31006
,,1006,2022-06-16T07:00:00Z,4.2,gust_speed_mps,ndbc,31007
,,1007,2022-06-16T09:20:00Z,8,gust_speed_mps,ndbc,41001
,,1008,2022-06-16T09:20:00Z,9,gust_speed_mps,ndbc,41002
,,1009,2022-06-16T09:20:00Z,4,gust_speed_mps,ndbc,41004
,,1010,2022-06-16T08:50:00Z,3,gust_speed_mps,ndbc,41008
,,1011,2022-06-16T09:20:00Z,2,gust_speed_mps,ndbc,41009
,,1012,2022-06-16T09:20:00Z,5,gust_speed_mps,ndbc,41010
,,1013,2022-06-16T09:20:00Z,6,gust_speed_mps,ndbc,41013
,,1014,2022-06-16T09:08:00Z,6,gust_speed_mps,ndbc,41024
,,1015,2022-06-16T09:20:00Z,5,gust_speed_mps,ndbc,41025
,,1016,2022-06-16T09:08:00Z,7,gust_speed_mps,ndbc,41029
,,1017,2022-06-16T07:08:00Z,6,gust_speed_mps,ndbc,41033
,,1018,2022-06-16T09:08:00Z,6,gust_speed_mps,ndbc,41037
,,1019,2022-06-16T08:08:00Z,6,gust_speed_mps,ndbc,41038
,,1020,2022-06-16T09:20:00Z,11,gust_speed_mps,ndbc,41040
,,1021,2022-06-16T09:20:00Z,7,gust_speed_mps,ndbc,41043
,,1022,2022-06-16T09:20:00Z,7,gust_speed_mps,ndbc,41044
,,1023,2022-06-16T09:20:00Z,2,gust_speed_mps,ndbc,41046
,,1024,2022-06-16T09:20:00Z,9,gust_speed_mps,ndbc,41047
,,1025,2022-06-16T09:20:00Z,9,gust_speed_mps,ndbc,41048
,,1026,2022-06-16T09:20:00Z,10,gust_speed_mps,ndbc,41049
,,1027,2022-06-16T09:00:00Z,7,gust_speed_mps,ndbc,41052
,,1028,2022-06-16T09:00:00Z,5,gust_speed_mps,ndbc,41053
,,1029,2022-06-16T09:08:00Z,5,gust_speed_mps,ndbc,41064
,,1030,2022-06-16T09:08:00Z,7,gust_speed_mps,ndbc,41066
,,1031,2022-06-16T09:00:00Z,8,gust_speed_mps,ndbc,41139
,,1032,2022-06-16T09:20:00Z,4,gust_speed_mps,ndbc,42002
,,1033,2022-06-16T09:20:00Z,1,gust_speed_mps,ndbc,42012
,,1034,2022-06-16T08:30:00Z,3,gust_speed_mps,ndbc,42013
,,1035,2022-06-16T09:20:00Z,7,gust_speed_mps,ndbc,42019
,,1036,2022-06-16T09:20:00Z,8,gust_speed_mps,ndbc,42020
,,1037,2022-06-16T08:30:00Z,3,gust_speed_mps,ndbc,42022
,,1038,2022-06-16T08:30:00Z,6,gust_speed_mps,ndbc,42023
,,1039,2022-06-16T08:30:00Z,6,gust_speed_mps,ndbc,42026
,,1040,2022-06-16T09:20:00Z,6,gust_speed_mps,ndbc,42035
,,1041,2022-06-16T09:20:00Z,2,gust_speed_mps,ndbc,42036
,,1042,2022-06-16T09:20:00Z,2,gust_speed_mps,ndbc,42039
,,1043,2022-06-16T09:20:00Z,3,gust_speed_mps,ndbc,42040
,,1044,2022-06-16T09:20:00Z,9,gust_speed_mps,ndbc,42055
,,1045,2022-06-16T09:20:00Z,5,gust_speed_mps,ndbc,42056
,,1046,2022-06-16T09:20:00Z,10,gust_speed_mps,ndbc,42059
,,1047,2022-06-16T09:20:00Z,10,gust_speed_mps,ndbc,42060
,,1048,2022-06-16T08:30:00Z,9,gust_speed_mps,ndbc,42085
,,1049,2022-06-16T08:50:00Z,4,gust_speed_mps,ndbc,44005
,,1050,2022-06-16T09:20:00Z,2,gust_speed_mps,ndbc,44007
,,1051,2022-06-16T09:20:00Z,6,gust_speed_mps,ndbc,44008
,,1052,2022-06-16T09:20:00Z,6,gust_speed_mps,ndbc,44009
,,1053,2022-06-16T09:20:00Z,6,gust_speed_mps,ndbc,44013
,,1054,2022-06-16T09:20:00Z,4,gust_speed_mps,ndbc,44014
,,1055,2022-06-16T09:20:00Z,2,gust_speed_mps,ndbc,44017
,,1056,2022-06-16T09:20:00Z,4,gust_speed_mps,ndbc,44018
,,1057,2022-06-16T09:20:00Z,4,gust_speed_mps,ndbc,44020
,,1058,2022-06-16T09:15:00Z,4,gust_speed_mps,ndbc,44022
,,1059,2022-06-16T09:20:00Z,5,gust_speed_mps,ndbc,44025
,,1060,2022-06-16T08:50:00Z,2,gust_speed_mps,ndbc,44027
,,1061,2022-06-16T08:04:00Z,2,gust_speed_mps,ndbc,44030
,,1062,2022-06-16T08:04:00Z,2,gust_speed_mps,ndbc,44032
,,1063,2022-06-16T08:04:00Z,2,gust_speed_mps,ndbc,44033
,,1064,2022-06-16T08:04:00Z,3,gust_speed_mps,ndbc,44034
,,1065,2022-06-16T08:04:00Z,4,gust_speed_mps,ndbc,44037
,,1066,2022-06-16T09:15:00Z,3,gust_speed_mps,ndbc,44040
,,1067,2022-06-16T09:18:00Z,5,gust_speed_mps,ndbc,44041
,,1068,2022-06-16T09:12:00Z,7,gust_speed_mps,ndbc,44042
,,1069,2022-06-16T09:12:00Z,7,gust_speed_mps,ndbc,44058
,,1070,2022-06-16T09:12:00Z,10,gust_speed_mps,ndbc,44062
,,1071,2022-06-16T09:12:00Z,10,gust_speed_mps,ndbc,44063
,,1072,2022-06-16T09:18:00Z,4,gust_speed_mps,ndbc,44064
,,1073,2022-06-16T09:20:00Z,7,gust_speed_mps,ndbc,44065
,,1074,2022-06-16T09:20:00Z,3,gust_speed_mps,ndbc,44066
,,1075,2022-06-16T09:00:00Z,5,gust_speed_mps,ndbc,44069
,,1076,2022-06-16T09:18:00Z,3,gust_speed_mps,ndbc,44072
,,1077,2022-06-16T09:00:00Z,9,gust_speed_mps,ndbc,44137
,,1078,2022-06-16T09:00:00Z,7,gust_speed_mps,ndbc,44150
,,1079,2022-06-16T09:00:00Z,2,gust_speed_mps,ndbc,44258
,,1080,2022-06-16T09:00:00Z,3,gust_speed_mps,ndbc,44488
,,1081,2022-06-16T09:00:00Z,4,gust_speed_mps,ndbc,44489
,,1082,2022-06-16T09:00:00Z,2,gust_speed_mps,ndbc,44490
,,1083,2022-06-16T09:30:00Z,4,gust_speed_mps,ndbc,45001
,,1084,2022-06-16T09:30:00Z,6,gust_speed_mps,ndbc,45002
,,1085,2022-06-16T09:30:00Z,3,gust_speed_mps,ndbc,45003
,,1086,2022-06-16T09:30:00Z,5,gust_speed_mps,ndbc,45004
,,1087,2022-06-16T09:30:00Z,7,gust_speed_mps,ndbc,45005
,,1088,2022-06-16T09:30:00Z,8,gust_speed_mps,ndbc,45006
,,1089,2022-06-16T09:30:00Z,4,gust_speed_mps,ndbc,45007
,,1090,2022-06-16T09:30:00Z,7,gust_speed_mps,ndbc,45008
,,1091,2022-06-16T09:30:00Z,5,gust_speed_mps,ndbc,45012
,,1092,2022-06-16T09:40:00Z,5,gust_speed_mps,ndbc,45022
,,1093,2022-06-16T09:30:00Z,6,gust_speed_mps,ndbc,45024
,,1094,2022-06-16T09:40:00Z,4,gust_speed_mps,ndbc,45025
,,1095,2022-06-16T09:30:00Z,3,gust_speed_mps,ndbc,45026
,,1096,2022-06-16T09:30:00Z,1,gust_speed_mps,ndbc,45027
,,1097,2022-06-16T09:30:00Z,3,gust_speed_mps,ndbc,45028
,,1098,2022-06-16T09:30:00Z,6,gust_speed_mps,ndbc,45029
,,1099,2022-06-16T09:00:00Z,6,gust_speed_mps,ndbc,45132
,,1100,2022-06-16T09:00:00Z,8,gust_speed_mps,ndbc,45135
,,1101,2022-06-16T09:00:00Z,3,gust_speed_mps,ndbc,45136
,,1102,2022-06-16T09:00:00Z,5,gust_speed_mps,ndbc,45137
,,1103,2022-06-16T09:00:00Z,1,gust_speed_mps,ndbc,45139
,,1104,2022-06-16T09:00:00Z,7,gust_speed_mps,ndbc,45142
,,1105,2022-06-16T09:00:00Z,4,gust_speed_mps,ndbc,45143
,,1106,2022-06-16T09:00:00Z,1,gust_speed_mps,ndbc,45159
,,1107,2022-06-16T09:20:00Z,5,gust_speed_mps,ndbc,45161
,,1108,2022-06-16T09:20:00Z,7,gust_speed_mps,ndbc,45162
,,1109,2022-06-16T09:00:00Z,8,gust_speed_mps,ndbc,45163
,,1110,2022-06-16T09:00:00Z,6,gust_speed_mps,ndbc,45164
,,1111,2022-06-16T09:30:00Z,7,gust_speed_mps,ndbc,45165
,,1112,2022-06-16T09:00:00Z,7,gust_speed_mps,ndbc,45167
,,1113,2022-06-16T09:30:00Z,8,gust_speed_mps,ndbc,45168
,,1114,2022-06-16T09:20:00Z,4,gust_speed_mps,ndbc,45170
,,1115,2022-06-16T09:30:00Z,2,gust_speed_mps,ndbc,45174
,,1116,2022-06-16T09:35:00Z,8,gust_speed_mps,ndbc,45175
,,1117,2022-06-16T09:30:00Z,7,gust_speed_mps,ndbc,45176
,,1118,2022-06-16T09:30:00Z,5,gust_speed_mps,ndbc,45183
,,1119,2022-06-16T09:20:00Z,4,gust_speed_mps,ndbc,45196
,,1120,2022-06-16T09:20:00Z,6,gust_speed_mps,ndbc,45197
,,1121,2022-06-16T09:30:00Z,4,gust_speed_mps,ndbc,45198
,,1122,2022-06-16T09:20:00Z,5,gust_speed_mps,ndbc,46001
,,1123,2022-06-16T09:20:00Z,10,gust_speed_mps,ndbc,46002
,,1124,2022-06-16T09:00:00Z,7,gust_speed_mps,ndbc,46004
,,1125,2022-06-16T09:20:00Z,8,gust_speed_mps,ndbc,46005
,,1126,2022-06-16T09:20:00Z,15,gust_speed_mps,ndbc,46006
,,1127,2022-06-16T09:30:00Z,13,gust_speed_mps,ndbc,46011
,,1128,2022-06-16T09:30:00Z,11,gust_speed_mps,ndbc,46012
,,1129,2022-06-16T09:30:00Z,12,gust_speed_mps,ndbc,46013
,,1130,2022-06-16T09:30:00Z,1,gust_speed_mps,ndbc,46014
,,1131,2022-06-16T09:30:00Z,4,gust_speed_mps,ndbc,46015
,,1132,2022-06-16T09:30:00Z,1,gust_speed_mps,ndbc,46022
,,1133,2022-06-16T09:30:00Z,7,gust_speed_mps,ndbc,46025
,,1134,2022-06-16T09:30:00Z,8,gust_speed_mps,ndbc,46026
,,1135,2022-06-16T09:30:00Z,2,gust_speed_mps,ndbc,46027
,,1136,2022-06-16T09:30:00Z,19,gust_speed_mps,ndbc,46028
,,1137,2022-06-16T09:30:00Z,7,gust_speed_mps,ndbc,46029
,,1138,2022-06-16T08:50:00Z,14,gust_speed_mps,ndbc,46035
,,1139,2022-06-16T09:00:00Z,11,gust_speed_mps,ndbc,46036
,,1140,2022-06-16T09:30:00Z,10,gust_speed_mps,ndbc,46042
,,1141,2022-06-16T09:20:00Z,8,gust_speed_mps,ndbc,46047
,,1142,2022-06-16T09:30:00Z,12,gust_speed_mps,ndbc,46050
,,1143,2022-06-16T09:30:00Z,9,gust_speed_mps,ndbc,46053
,,1144,2022-06-16T09:30:00Z,6,gust_speed_mps,ndbc,46054
,,1145,2022-06-16T09:20:00Z,10,gust_speed_mps,ndbc,46059
,,1146,2022-06-16T08:50:00Z,5,gust_speed_mps,ndbc,46060
,,1147,2022-06-16T08:50:00Z,4,gust_speed_mps,ndbc,46061
,,1148,2022-06-16T09:20:00Z,5,gust_speed_mps,ndbc,46066
,,1149,2022-06-16T09:20:00Z,7,gust_speed_mps,ndbc,46072
,,1150,2022-06-16T08:50:00Z,16,gust_speed_mps,ndbc,46073
,,1151,2022-06-16T09:20:00Z,15,gust_speed_mps,ndbc,46075
,,1152,2022-06-16T09:20:00Z,6,gust_speed_mps,ndbc,46076
,,1153,2022-06-16T08:50:00Z,8,gust_speed_mps,ndbc,46077
,,1154,2022-06-16T09:20:00Z,2,gust_speed_mps,ndbc,46078
,,1155,2022-06-16T08:50:00Z,2,gust_speed_mps,ndbc,46080
,,1156,2022-06-16T08:50:00Z,3,gust_speed_mps,ndbc,46081
,,1157,2022-06-16T08:50:00Z,9,gust_speed_mps,ndbc,46082
,,1158,2022-06-16T08:50:00Z,10,gust_speed_mps,ndbc,46083
,,1159,2022-06-16T09:20:00Z,9,gust_speed_mps,ndbc,46084
,,1160,2022-06-16T09:20:00Z,4,gust_speed_mps,ndbc,46085
,,1161,2022-06-16T09:30:00Z,2,gust_speed_mps,ndbc,46086
,,1162,2022-06-16T09:20:00Z,7,gust_speed_mps,ndbc,46089
,,1163,2022-06-16T09:00:00Z,5,gust_speed_mps,ndbc,46131
,,1164,2022-06-16T09:00:00Z,1,gust_speed_mps,ndbc,46132
,,1165,2022-06-16T09:00:00Z,5,gust_speed_mps,ndbc,46145
,,1166,2022-06-16T09:00:00Z,4,gust_speed_mps,ndbc,46146
,,1167,2022-06-16T09:00:00Z,4,gust_speed_mps,ndbc,46147
,,1168,2022-06-16T09:00:00Z,5,gust_speed_mps,ndbc,46181
,,1169,2022-06-16T09:00:00Z,3,gust_speed_mps,ndbc,46183
,,1170,2022-06-16T09:00:00Z,8,gust_speed_mps,ndbc,46185
,,1171,2022-06-16T09:00:00Z,4,gust_speed_mps,ndbc,46204
,,1172,2022-06-16T09:00:00Z,9,gust_speed_mps,ndbc,46205
,,1173,2022-06-16T09:00:00Z,3,gust_speed_mps,ndbc,46206
,,1174,2022-06-16T09:00:00Z,3,gust_speed_mps,ndbc,46207
,,1175,2022-06-16T09:00:00Z,2,gust_speed_mps,ndbc,46303
,,1176,2022-06-16T09:00:00Z,4,gust_speed_mps,ndbc,46304
,,1177,2022-06-16T09:20:00Z,12,gust_speed_mps,ndbc,51000
,,1178,2022-06-16T09:20:00Z,11,gust_speed_mps,ndbc,51001
,,1179,2022-06-16T09:20:00Z,8,gust_speed_mps,ndbc,51002
,,1180,2022-06-16T09:20:00Z,8,gust_speed_mps,ndbc,51003
,,1181,2022-06-16T09:20:00Z,10,gust_speed_mps,ndbc,51004
,,1182,2022-06-16T09:20:00Z,11,gust_speed_mps,ndbc,51101
,,1183,2022-06-16T07:00:00Z,11.9,gust_speed_mps,ndbc,53006
,,1184,2022-06-16T09:00:00Z,3.1,gust_speed_mps,ndbc,AAMC1
,,1185,2022-06-16T09:00:00Z,7.7,gust_speed_mps,ndbc,ADKA2
,,1186,2022-06-16T08:54:00Z,1.5,gust_speed_mps,ndbc,AGXC1
,,1187,2022-06-16T09:00:00Z,4.6,gust_speed_mps,ndbc,ALIA2
,,1188,2022-06-16T09:30:00Z,6.2,gust_speed_mps,ndbc,AMAA2
,,1189,2022-06-16T09:18:00Z,0,gust_speed_mps,ndbc,AMRL1
,,1190,2022-06-16T09:18:00Z,7.2,gust_speed_mps,ndbc,ANPT2
,,1191,2022-06-16T09:00:00Z,3.6,gust_speed_mps,ndbc,ANVC1
,,1192,2022-06-16T09:00:00Z,4.6,gust_speed_mps,ndbc,APAM2
,,1193,2022-06-16T09:18:00Z,1,gust_speed_mps,ndbc,APCF1
,,1194,2022-06-16T09:30:00Z,4.1,gust_speed_mps,ndbc,APNM4
,,1195,2022-06-16T09:00:00Z,3.1,gust_speed_mps,ndbc,APRP7
,,1196,2022-06-16T09:12:00Z,3.1,gust_speed_mps,ndbc,AROP4
,,1197,2022-06-16T07:54:00Z,0.5,gust_speed_mps,ndbc,ARPF1
,,1198,2022-06-16T09:00:00Z,1,gust_speed_mps,ndbc,ASTO3
,,1199,2022-06-16T09:00:00Z,0,gust_speed_mps,ndbc,ATGM1
,,1200,2022-06-16T09:00:00Z,3.6,gust_speed_mps,ndbc,ATKA2
,,1201,2022-06-16T09:30:00Z,7.2,gust_speed_mps,ndbc,AUGA2
,,1202,2022-06-16T09:12:00Z,6.2,gust_speed_mps,ndbc,AWRT2
,,1203,2022-06-16T09:18:00Z,7.2,gust_speed_mps,ndbc,BABT2
,,1204,2022-06-16T08:48:00Z,3.1,gust_speed_mps,ndbc,BAXC1
,,1205,2022-06-16T08:36:00Z,3.1,gust_speed_mps,ndbc,BDRN4
,,1206,2022-06-16T09:00:00Z,2.6,gust_speed_mps,ndbc,BFTN7
,,1207,2022-06-16T08:54:00Z,2.6,gust_speed_mps,ndbc,BGCF1
,,1208,2022-06-16T08:40:00Z,4.6,gust_speed_mps,ndbc,BHRI3
,,1209,2022-06-16T08:40:00Z,5.7,gust_speed_mps,ndbc,BIGM4
,,1210,2022-06-16T09:00:00Z,7.7,gust_speed_mps,ndbc,BISM2
,,1211,2022-06-16T09:18:00Z,3.1,gust_speed_mps,ndbc,BKBF1
,,1212,2022-06-16T09:30:00Z,2.6,gust_speed_mps,ndbc,BLIA2
,,1213,2022-06-16T09:18:00Z,1.5,gust_speed_mps,ndbc,BLIF1
,,1214,2022-06-16T09:26:00Z,1,gust_speed_mps,ndbc,BLTA2
,,1215,2022-06-16T09:00:00Z,4.1,gust_speed_mps,ndbc,BLTM2
,,1216,2022-06-16T09:00:00Z,4.6,gust_speed_mps,ndbc,BLTM3
,,1217,2022-06-16T09:00:00Z,1.5,gust_speed_mps,ndbc,BMTW1
,,1218,2022-06-16T09:00:00Z,2.6,gust_speed_mps,ndbc,BRHC3
,,1219,2022-06-16T09:00:00Z,7.7,gust_speed_mps,ndbc,BRND1
,,1220,2022-06-16T08:40:00Z,6.7,gust_speed_mps,ndbc,BSBM4
,,1221,2022-06-16T09:00:00Z,3.6,gust_speed_mps,ndbc,BUFN6
,,1222,2022-06-16T09:00:00Z,1.5,gust_speed_mps,ndbc,BURL1
,,1223,2022-06-16T09:00:00Z,5.7,gust_speed_mps,ndbc,BUZM3
,,1224,2022-06-16T09:18:00Z,3.1,gust_speed_mps,ndbc,BZST2
,,1225,2022-06-16T09:00:00Z,4.6,gust_speed_mps,ndbc,CAMM2
,,1226,2022-06-16T09:18:00Z,5.1,gust_speed_mps,ndbc,CAPL1
,,1227,2022-06-16T09:22:00Z,1.5,gust_speed_mps,ndbc,CDEA2
,,1228,2022-06-16T09:00:00Z,1.5,gust_speed_mps,ndbc,CDRF1
,,1229,2022-06-16T09:32:00Z,2.1,gust_speed_mps,ndbc,CDXA2
,,1230,2022-06-16T09:00:00Z,0.5,gust_speed_mps,ndbc,CECC1
,,1231,2022-06-16T09:00:00Z,0,gust_speed_mps,ndbc,CFWM1
,,1232,2022-06-16T08:36:00Z,3.1,gust_speed_mps,ndbc,CHAO3
,,1233,2022-06-16T09:18:00Z,5.7,gust_speed_mps,ndbc,CHAV3
,,1234,2022-06-16T09:00:00Z,3.1,gust_speed_mps,ndbc,CHBV2
,,1235,2022-06-16T09:00:00Z,3.6,gust_speed_mps,ndbc,CHCM2
,,1236,2022-06-16T09:20:00Z,7.2,gust_speed_mps,ndbc,CHII2
,,1237,2022-06-16T09:12:00Z,4.1,gust_speed_mps,ndbc,CHSV3
,,1238,2022-06-16T09:00:00Z,1,gust_speed_mps,ndbc,CHTM3
,,1239,2022-06-16T09:00:00Z,4.6,gust_speed_mps,ndbc,CHTS1
,,1240,2022-06-16T09:00:00Z,5.7,gust_speed_mps,ndbc,CHYV2
,,1241,2022-06-16T09:00:00Z,5.1,gust_speed_mps,ndbc,CLKN7
,,1242,2022-06-16T09:00:00Z,7.2,gust_speed_mps,ndbc,CLSM4
,,1243,2022-06-16T09:00:00Z,4.1,gust_speed_mps,ndbc,CMAN4
,,1244,2022-06-16T08:30:00Z,6.7,gust_speed_mps,ndbc,CMPO1
,,1245,2022-06-16T09:00:00Z,4.6,gust_speed_mps,ndbc,CMTI2
,,1246,2022-06-16T09:00:00Z,6.7,gust_speed_mps,ndbc,CNDO1
,,1247,2022-06-16T09:30:00Z,4.6,gust_speed_mps,ndbc,CNII2
,,1248,2022-06-16T09:00:00Z,9.8,gust_speed_mps,ndbc,COVM2
,,1249,2022-06-16T09:00:00Z,1.5,gust_speed_mps,ndbc,CPMW1
,,1250,2022-06-16T09:00:00Z,1.5,gust_speed_mps,ndbc,CPNW1
,,1251,2022-06-16T09:24:00Z,3.6,gust_speed_mps,ndbc,CRGA2
,,1252,2022-06-16T09:00:00Z,0.5,gust_speed_mps,ndbc,CRVA2
,,1253,2022-06-16T09:00:00Z,3.1,gust_speed_mps,ndbc,CRYV2
,,1254,2022-06-16T09:10:00Z,2.1,gust_speed_mps,ndbc,CSPA2
,,1255,2022-06-16T09:12:00Z,2.6,gust_speed_mps,ndbc,CWBF1
,,1256,2022-06-16T09:00:00Z,8.8,gust_speed_mps,ndbc,DBLN6
,,1257,2022-06-16T09:00:00Z,5.1,gust_speed_mps,ndbc,DELD1
,,1258,2022-06-16T09:00:00Z,5.7,gust_speed_mps,ndbc,DESW1
,,1259,2022-06-16T09:00:00Z,10.3,gust_speed_mps,ndbc,DISW3
,,1260,2022-06-16T09:00:00Z,4.6,gust_speed_mps,ndbc,DOMV2
,,1261,2022-06-16T09:00:00Z,7.2,gust_speed_mps,ndbc,DPXC1
,,1262,2022-06-16T09:00:00Z,3.1,gust_speed_mps,ndbc,DTLM4
,,1263,2022-06-16T09:00:00Z,4.6,gust_speed_mps,ndbc,DUKN7
,,1264,2022-06-16T09:00:00Z,4.1,gust_speed_mps,ndbc,DULM5
,,1265,2022-06-16T09:18:00Z,2.6,gust_speed_mps,ndbc,EINL1
,,1266,2022-06-16T09:18:00Z,6.2,gust_speed_mps,ndbc,EMAT2
,,1267,2022-06-16T09:18:00Z,4.6,gust_speed_mps,ndbc,EPTT2
,,1268,2022-06-16T09:00:00Z,4.1,gust_speed_mps,ndbc,EREP1
,,1269,2022-06-16T09:24:00Z,12.4,gust_speed_mps,ndbc,EROA2
,,1270,2022-06-16T09:32:00Z,11.8,gust_speed_mps,ndbc,ERXA2
,,1271,2022-06-16T09:12:00Z,6.2,gust_speed_mps,ndbc,ESPP4
,,1272,2022-06-16T09:00:00Z,12.9,gust_speed_mps,ndbc,FAIO1
,,1273,2022-06-16T09:00:00Z,5.7,gust_speed_mps,ndbc,FBIS1
,,1274,2022-06-16T09:00:00Z,7.7,gust_speed_mps,ndbc,FFIA2
,,1275,2022-06-16T08:54:00Z,2.6,gust_speed_mps,ndbc,FHPF1
,,1276,2022-06-16T09:30:00Z,1.5,gust_speed_mps,ndbc,FILA2
,,1277,2022-06-16T09:18:00Z,3.1,gust_speed_mps,ndbc,FMOA1
,,1278,2022-06-16T09:18:00Z,2.6,gust_speed_mps,ndbc,FMRF1
,,1279,2022-06-16T09:00:00Z,2.6,gust_speed_mps,ndbc,FOXR1
,,1280,2022-06-16T09:00:00Z,5.1,gust_speed_mps,ndbc,FPKG1
,,1281,2022-06-16T09:18:00Z,6.7,gust_speed_mps,ndbc,FPST2
,,1282,2022-06-16T08:40:00Z,5.7,gust_speed_mps,ndbc,FPTM4
,,1283,2022-06-16T09:18:00Z,1,gust_speed_mps,ndbc,FRDF1
,,1284,2022-06-16T08:36:00Z,2.6,gust_speed_mps,ndbc,FRDW1
,,1285,2022-06-16T09:00:00Z,7.2,gust_speed_mps,ndbc,FSKM2
,,1286,2022-06-16T09:00:00Z,5.7,gust_speed_mps,ndbc,FTGM4
,,1287,2022-06-16T09:00:00Z,8.8,gust_speed_mps,ndbc,FTPC1
,,1288,2022-06-16T09:00:00Z,6.7,gust_speed_mps,ndbc,FWYF1
,,1289,2022-06-16T09:00:00Z,1.5,gust_speed_mps,ndbc,GBWW3
,,1290,2022-06-16T08:30:00Z,4.1,gust_speed_mps,ndbc,GELO1
,,1291,2022-06-16T09:33:00Z,1,gust_speed_mps,ndbc,GEXA2
,,1292,2022-06-16T09:18:00Z,4.1,gust_speed_mps,ndbc,GISL1
,,1293,2022-06-16T09:32:00Z,2.1,gust_speed_mps,ndbc,GIXA2
,,1294,2022-06-16T08:40:00Z,4.1,gust_speed_mps,ndbc,GRMM4
,,1295,2022-06-16T09:18:00Z,3.6,gust_speed_mps,ndbc,GRRT2
,,1296,2022-06-16T08:40:00Z,16,gust_speed_mps,ndbc,GSLM4
,,1297,2022-06-16T08:40:00Z,6.7,gust_speed_mps,ndbc,GTLM4
,,1298,2022-06-16T09:18:00Z,4.1,gust_speed_mps,ndbc,GTOT2
,,1299,2022-06-16T09:00:00Z,1,gust_speed_mps,ndbc,GTRM4
,,1300,2022-06-16T09:32:00Z,1,gust_speed_mps,ndbc,GUXA2
,,1301,2022-06-16T09:32:00Z,3.1,gust_speed_mps,ndbc,HAXA2
,,1302,2022-06-16T09:00:00Z,2.6,gust_speed_mps,ndbc,HCGN7
,,1303,2022-06-16T09:00:00Z,6.7,gust_speed_mps,ndbc,HHLO1
,,1304,2022-06-16T09:18:00Z,2.1,gust_speed_mps,ndbc,HIST2
,,1305,2022-06-16T09:00:00Z,7.7,gust_speed_mps,ndbc,HLNM4
,,1306,2022-06-16T09:32:00Z,2.6,gust_speed_mps,ndbc,HMSA2
,,1307,2022-06-16T09:00:00Z,3.6,gust_speed_mps,ndbc,HRBM4
,,1308,2022-06-16T09:32:00Z,1,gust_speed_mps,ndbc,ICYA2
,,1309,2022-06-16T09:00:00Z,2.6,gust_speed_mps,ndbc,ILOH1
,,1310,2022-06-16T09:00:00Z,5.1,gust_speed_mps,ndbc,IOSN3
,,1311,2022-06-16T09:18:00Z,6.7,gust_speed_mps,ndbc,IRDT2
,,1312,2022-06-16T08:00:00Z,1.5,gust_speed_mps,ndbc,JAKI2
,,1313,2022-06-16T09:33:00Z,2.1,gust_speed_mps,ndbc,JLXA2
,,1314,2022-06-16T09:32:00Z,7.7,gust_speed_mps,ndbc,JMLA2
,,1315,2022-06-16T09:00:00Z,4.6,gust_speed_mps,ndbc,JMPN7
,,1316,2022-06-16T09:00:00Z,1,gust_speed_mps,ndbc,JNEA2
,,1317,2022-06-16T09:33:00Z,3.6,gust_speed_mps,ndbc,JNGA2
,,1318,2022-06-16T09:00:00Z,1.5,gust_speed_mps,ndbc,KDAA2
,,1319,2022-06-16T09:00:00Z,1.5,gust_speed_mps,ndbc,KECA2
,,1320,2022-06-16T09:32:00Z,7.2,gust_speed_mps,ndbc,KEXA2
,,1321,2022-06-16T09:00:00Z,15.4,gust_speed_mps,ndbc,KGCA2
,,1322,2022-06-16T09:00:00Z,9.3,gust_speed_mps,ndbc,KLIH1
,,1323,2022-06-16T09:00:00Z,4.1,gust_speed_mps,ndbc,KNSW3
,,1324,2022-06-16T08:51:00Z,8.2,gust_speed_mps,ndbc,KP59
,,1325,2022-06-16T09:00:00Z,4.1,gust_speed_mps,ndbc,KPTN6
,,1326,2022-06-16T09:00:00Z,3.6,gust_speed_mps,ndbc,KPTV2
,,1327,2022-06-16T09:00:00Z,1,gust_speed_mps,ndbc,KTNF1
,,1328,2022-06-16T09:00:00Z,5.7,gust_speed_mps,ndbc,KWHH1
,,1329,2022-06-16T09:00:00Z,3.1,gust_speed_mps,ndbc,KWNW3
,,1330,2022-06-16T09:18:00Z,3.1,gust_speed_mps,ndbc,KYWF1
,,1331,2022-06-16T08:36:00Z,2.6,gust_speed_mps,ndbc,LAPW1
,,1332,2022-06-16T09:10:00Z,6.2,gust_speed_mps,ndbc,LCNA2
,,1333,2022-06-16T09:10:00Z,1.5,gust_speed_mps,ndbc,LDLC3
,,1334,2022-06-16T09:00:00Z,8.2,gust_speed_mps,ndbc,LDTM4
,,1335,2022-06-16T09:32:00Z,7.7,gust_speed_mps,ndbc,LIXA2
,,1336,2022-06-16T09:00:00Z,1.5,gust_speed_mps,ndbc,LJAC1
,,1337,2022-06-16T09:20:00Z,2.6,gust_speed_mps,ndbc,LJPC1
,,1338,2022-06-16T09:18:00Z,3.1,gust_speed_mps,ndbc,LKWF1
,,1339,2022-06-16T09:20:00Z,4.1,gust_speed_mps,ndbc,LMFS1
,,1340,2022-06-16T09:00:00Z,3.6,gust_speed_mps,ndbc,LNDC1
,,1341,2022-06-16T09:30:00Z,5.1,gust_speed_mps,ndbc,LONF1
,,1342,2022-06-16T09:02:00Z,2.1,gust_speed_mps,ndbc,LOPL1
,,1343,2022-06-16T09:30:00Z,12.4,gust_speed_mps,ndbc,LORO1
,,1344,2022-06-16T09:00:00Z,3.1,gust_speed_mps,ndbc,LPNM4
,,1345,2022-06-16T09:18:00Z,10.3,gust_speed_mps,ndbc,LQAT2
,,1346,2022-06-16T09:18:00Z,5.7,gust_speed_mps,ndbc,LTBV3
,,1347,2022-06-16T09:00:00Z,5.1,gust_speed_mps,ndbc,LTRM4
,,1348,2022-06-16T09:18:00Z,5.7,gust_speed_mps,ndbc,LUIT2
,,1349,2022-06-16T09:00:00Z,4.6,gust_speed_mps,ndbc,LWTV2
,,1350,2022-06-16T09:00:00Z,7.7,gust_speed_mps,ndbc,MACM4
,,1351,2022-06-16T09:18:00Z,7.7,gust_speed_mps,ndbc,MBET2
,,1352,2022-06-16T09:00:00Z,5.7,gust_speed_mps,ndbc,MBIN7
,,1353,2022-06-16T09:00:00Z,4.6,gust_speed_mps,ndbc,MBNN7
,,1354,2022-06-16T09:18:00Z,3.1,gust_speed_mps,ndbc,MCGA1
,,1355,2022-06-16T09:00:00Z,5.1,gust_speed_mps,ndbc,MCGM4
,,1356,2022-06-16T09:20:00Z,3.6,gust_speed_mps,ndbc,MCYI3
,,1357,2022-06-16T09:00:00Z,6.2,gust_speed_mps,ndbc,MDRM1
,,1358,2022-06-16T08:36:00Z,2.6,gust_speed_mps,ndbc,MEYC1
,,1359,2022-06-16T09:18:00Z,3.6,gust_speed_mps,ndbc,MGIP4
,,1360,2022-06-16T09:18:00Z,1,gust_speed_mps,ndbc,MGZP4
,,1361,2022-06-16T09:18:00Z,9.3,gust_speed_mps,ndbc,MHBT2
,,1362,2022-06-16T09:00:00Z,4.1,gust_speed_mps,ndbc,MHRN6
,,1363,2022-06-16T09:00:00Z,4.6,gust_speed_mps,ndbc,MISM1
,,1364,2022-06-16T09:30:00Z,6.2,gust_speed_mps,ndbc,MKGM4
,,1365,2022-06-16T09:20:00Z,4.1,gust_speed_mps,ndbc,MLWW3
,,1366,2022-06-16T09:00:00Z,6.2,gust_speed_mps,ndbc,MNMM4
,,1367,2022-06-16T09:00:00Z,2.1,gust_speed_mps,ndbc,MNPV2
,,1368,2022-06-16T08:36:00Z,7.7,gust_speed_mps,ndbc,MOKH1
,,1369,2022-06-16T09:00:00Z,5.7,gust_speed_mps,ndbc,MRHO1
,,1370,2022-06-16T09:30:00Z,1.5,gust_speed_mps,ndbc,MRKA2
,,1371,2022-06-16T09:32:00Z,3.6,gust_speed_mps,ndbc,MRNA2
,,1372,2022-06-16T09:00:00Z,5.7,gust_speed_mps,ndbc,MROS1
,,1373,2022-06-16T09:32:00Z,6.2,gust_speed_mps,ndbc,MRYA2
,,1374,2022-06-16T09:18:00Z,3.6,gust_speed_mps,ndbc,MTBF1
,,1375,2022-06-16T09:32:00Z,1.5,gust_speed_mps,ndbc,MVXA2
,,1376,2022-06-16T09:32:00Z,3.6,gust_speed_mps,ndbc,MXXA2
,,1377,2022-06-16T09:18:00Z,0,gust_speed_mps,ndbc,MYPF1
,,1378,2022-06-16T09:00:00Z,6.2,gust_speed_mps,ndbc,MZXC1
,,1379,2022-06-16T08:40:00Z,7.2,gust_speed_mps,ndbc,NABM4
,,1380,2022-06-16T09:00:00Z,2.6,gust_speed_mps,ndbc,NBLP1
,,1381,2022-06-16T09:00:00Z,4.1,gust_speed_mps,ndbc,NCDV2
,,1382,2022-06-16T09:18:00Z,2.6,gust_speed_mps,ndbc,NCHT2
,,1383,2022-06-16T09:18:00Z,2.6,gust_speed_mps,ndbc,NFDF1
,,1384,2022-06-16T08:24:00Z,0.5,gust_speed_mps,ndbc,NJLC1
,,1385,2022-06-16T09:32:00Z,15.4,gust_speed_mps,ndbc,NKLA2
,,1386,2022-06-16T09:00:00Z,6.7,gust_speed_mps,ndbc,NKTA2
,,1387,2022-06-16T09:32:00Z,1.5,gust_speed_mps,ndbc,NKXA2
,,1388,2022-06-16T09:00:00Z,3.1,gust_speed_mps,ndbc,NMTA2
,,1389,2022-06-16T08:40:00Z,4.6,gust_speed_mps,ndbc,NPDW3
,,1390,2022-06-16T09:18:00Z,2.1,gust_speed_mps,ndbc,NPSF1
,,1391,2022-06-16T08:30:00Z,6.2,gust_speed_mps,ndbc,NREP1
,,1392,2022-06-16T08:36:00Z,5.7,gust_speed_mps,ndbc,NTBC1
,,1393,2022-06-16T09:00:00Z,1,gust_speed_mps,ndbc,NTKM3
,,1394,2022-06-16T09:12:00Z,7.7,gust_speed_mps,ndbc,NUET2
,,1395,2022-06-16T09:18:00Z,5.1,gust_speed_mps,ndbc,NWCL1
,,1396,2022-06-16T09:00:00Z,2.6,gust_speed_mps,ndbc,NWHC3
,,1397,2022-06-16T09:00:00Z,4.6,gust_speed_mps,ndbc,NWPO3
,,1398,2022-06-16T09:00:00Z,2.6,gust_speed_mps,ndbc,NWPR1
,,1399,2022-06-16T09:00:00Z,4.6,gust_speed_mps,ndbc,NWWH1
,,1400,2022-06-16T09:00:00Z,4.1,gust_speed_mps,ndbc,OCIM2
,,1401,2022-06-16T08:00:00Z,1,gust_speed_mps,ndbc,OKSI2
,,1402,2022-06-16T09:00:00Z,2.6,gust_speed_mps,ndbc,OKXC1
,,1403,2022-06-16T09:00:00Z,6.7,gust_speed_mps,ndbc,OLCN6
,,1404,2022-06-16T09:00:00Z,13.9,gust_speed_mps,ndbc,OLSA2
,,1405,2022-06-16T09:00:00Z,4.1,gust_speed_mps,ndbc,OMHC1
,,1406,2022-06-16T09:00:00Z,2.1,gust_speed_mps,ndbc,OOUH1
,,1407,2022-06-16T09:18:00Z,1,gust_speed_mps,ndbc,OPTF1
,,1408,2022-06-16T09:00:00Z,1.5,gust_speed_mps,ndbc,ORIN7
,,1409,2022-06-16T09:00:00Z,8.8,gust_speed_mps,ndbc,OSGN6
,,1410,2022-06-16T08:00:00Z,6.2,gust_speed_mps,ndbc,OTNM4
,,1411,2022-06-16T09:18:00Z,0.5,gust_speed_mps,ndbc,PACF1
,,1412,2022-06-16T09:18:00Z,6.2,gust_speed_mps,ndbc,PACT2
,,1413,2022-06-16T09:33:00Z,5.1,gust_speed_mps,ndbc,PAXA2
,,1414,2022-06-16T09:10:00Z,2.1,gust_speed_mps,ndbc,PBPA2
,,1415,2022-06-16T09:12:00Z,1.5,gust_speed_mps,ndbc,PCBF1
,,1416,2022-06-16T09:18:00Z,3.1,gust_speed_mps,ndbc,PCGT2
,,1417,2022-06-16T09:18:00Z,1,gust_speed_mps,ndbc,PCLF1
,,1418,2022-06-16T09:12:00Z,8.2,gust_speed_mps,ndbc,PCNT2
,,1419,2022-06-16T09:00:00Z,3.6,gust_speed_mps,ndbc,PCOC1
,,1420,2022-06-16T09:18:00Z,4.6,gust_speed_mps,ndbc,PEGF1
,,1421,2022-06-16T08:54:00Z,2.6,gust_speed_mps,ndbc,PFDC1
,,1422,2022-06-16T09:00:00Z,3.1,gust_speed_mps,ndbc,PFXC1
,,1423,2022-06-16T09:00:00Z,2.6,gust_speed_mps,ndbc,PGBP7
,,1424,2022-06-16T09:33:00Z,8.2,gust_speed_mps,ndbc,PGXA2
,,1425,2022-06-16T09:30:00Z,2.1,gust_speed_mps,ndbc,PILA2
,,1426,2022-06-16T09:18:00Z,0.5,gust_speed_mps,ndbc,PILL1
,,1427,2022-06-16T09:00:00Z,7.2,gust_speed_mps,ndbc,PILM4
,,1428,2022-06-16T09:00:00Z,1.5,gust_speed_mps,ndbc,PLXA2
,,1429,2022-06-16T08:40:00Z,11.3,gust_speed_mps,ndbc,PNGW3
,,1430,2022-06-16T09:00:00Z,3.6,gust_speed_mps,ndbc,PNLM4
,,1431,2022-06-16T09:00:00Z,5.7,gust_speed_mps,ndbc,PORO3
,,1432,2022-06-16T09:18:00Z,2.6,gust_speed_mps,ndbc,PORT2
,,1433,2022-06-16T09:30:00Z,0,gust_speed_mps,ndbc,POTA2
,,1434,2022-06-16T09:00:00Z,6.7,gust_speed_mps,ndbc,PPTM2
,,1435,2022-06-16T09:00:00Z,7.7,gust_speed_mps,ndbc,PPXC1
,,1436,2022-06-16T09:00:00Z,8.8,gust_speed_mps,ndbc,PRDA2
,,1437,2022-06-16T09:00:00Z,2.6,gust_speed_mps,ndbc,PRJC1
,,1438,2022-06-16T09:10:00Z,3.6,gust_speed_mps,ndbc,PRTA2
,,1439,2022-06-16T09:00:00Z,8.2,gust_speed_mps,ndbc,PSBC1
,,1440,2022-06-16T09:00:00Z,1.5,gust_speed_mps,ndbc,PSBM1
,,1441,2022-06-16T09:00:00Z,4.1,gust_speed_mps,ndbc,PSCM4
,,1442,2022-06-16T09:00:00Z,0.5,gust_speed_mps,ndbc,PSLC1
,,1443,2022-06-16T09:00:00Z,3.1,gust_speed_mps,ndbc,PSXC1
,,1444,2022-06-16T09:00:00Z,7.7,gust_speed_mps,ndbc,PTAT2
,,1445,2022-06-16T09:18:00Z,3.1,gust_speed_mps,ndbc,PTBM6
,,1446,2022-06-16T09:00:00Z,0.5,gust_speed_mps,ndbc,PTCR1
,,1447,2022-06-16T09:00:00Z,6.7,gust_speed_mps,ndbc,PTGC1
,,1448,2022-06-16T09:00:00Z,5.7,gust_speed_mps,ndbc,PTIM4
,,1449,2022-06-16T09:18:00Z,4.1,gust_speed_mps,ndbc,PTIT2
,,1450,2022-06-16T09:32:00Z,4.1,gust_speed_mps,ndbc,PTLA2
,,1451,2022-06-16T09:00:00Z,1,gust_speed_mps,ndbc,PTWW1
,,1452,2022-06-16T09:00:00Z,1.5,gust_speed_mps,ndbc,PVDR1
,,1453,2022-06-16T08:40:00Z,5.1,gust_speed_mps,ndbc,PWAW3
,,1454,2022-06-16T08:54:00Z,3.1,gust_speed_mps,ndbc,PXAC1
,,1455,2022-06-16T09:00:00Z,0.5,gust_speed_mps,ndbc,PXOC1
,,1456,2022-06-16T09:00:00Z,3.1,gust_speed_mps,ndbc,QPTR1
,,1457,2022-06-16T09:00:00Z,3.6,gust_speed_mps,ndbc,RCKM4
,,1458,2022-06-16T09:00:00Z,6.7,gust_speed_mps,ndbc,RCMC1
,,1459,2022-06-16T09:18:00Z,8.2,gust_speed_mps,ndbc,RCPT2
,,1460,2022-06-16T09:00:00Z,4.1,gust_speed_mps,ndbc,RDDA2
,,1461,2022-06-16T09:32:00Z,4.1,gust_speed_mps,ndbc,RIXA2
,,1462,2022-06-16T09:12:00Z,7.2,gust_speed_mps,ndbc,RLIT2
,,1463,2022-06-16T09:18:00Z,3.6,gust_speed_mps,ndbc,RLOT2
,,1464,2022-06-16T09:00:00Z,3.1,gust_speed_mps,ndbc,ROAM4
,,1465,2022-06-16T09:00:00Z,5.1,gust_speed_mps,ndbc,ROBN4
,,1466,2022-06-16T09:00:00Z,6.2,gust_speed_mps,ndbc,RPLV2
,,1467,2022-06-16T09:00:00Z,7.2,gust_speed_mps,ndbc,RPRN6
,,1468,2022-06-16T09:18:00Z,9.8,gust_speed_mps,ndbc,RSJT2
,,1469,2022-06-16T09:18:00Z,5.1,gust_speed_mps,ndbc,RTAT2
,,1470,2022-06-16T09:00:00Z,5.1,gust_speed_mps,ndbc,RTYC1
,,1471,2022-06-16T09:30:00Z,6.2,gust_speed_mps,ndbc,SANF1
,,1472,2022-06-16T09:18:00Z,2.6,gust_speed_mps,ndbc,SAPF1
,,1473,2022-06-16T09:00:00Z,2.1,gust_speed_mps,ndbc,SAUF1
,,1474,2022-06-16T09:00:00Z,3.6,gust_speed_mps,ndbc,SBEO3
,,1475,2022-06-16T09:00:00Z,7.7,gust_speed_mps,ndbc,SBIO1
,,1476,2022-06-16T09:00:00Z,7.7,gust_speed_mps,ndbc,SBLM4
,,1477,2022-06-16T09:32:00Z,4.1,gust_speed_mps,ndbc,SCXA2
,,1478,2022-06-16T09:00:00Z,2.6,gust_speed_mps,ndbc,SDHN4
,,1479,2022-06-16T09:26:00Z,3.6,gust_speed_mps,ndbc,SDIA2
,,1480,2022-06-16T09:18:00Z,8.8,gust_speed_mps,ndbc,SDRT2
,,1481,2022-06-16T09:18:00Z,6.7,gust_speed_mps,ndbc,SGNT2
,,1482,2022-06-16T09:00:00Z,5.7,gust_speed_mps,ndbc,SGNW3
,,1483,2022-06-16T09:00:00Z,0,gust_speed_mps,ndbc,SGOF1
,,1484,2022-06-16T09:12:00Z,3.6,gust_speed_mps,ndbc,SHBL1
,,1485,2022-06-16T07:54:00Z,3.1,gust_speed_mps,ndbc,SHPF1
,,1486,2022-06-16T09:33:00Z,1,gust_speed_mps,ndbc,SHXA2
,,1487,2022-06-16T09:22:00Z,6.2,gust_speed_mps,ndbc,SISA2
,,1488,2022-06-16T09:30:00Z,3.1,gust_speed_mps,ndbc,SISW1
,,1489,2022-06-16T09:18:00Z,3.6,gust_speed_mps,ndbc,SJNP4
,,1490,2022-06-16T09:00:00Z,8.8,gust_speed_mps,ndbc,SJSN4
,,1491,2022-06-16T09:12:00Z,2.6,gust_speed_mps,ndbc,SKCF1
,,1492,2022-06-16T09:33:00Z,2.1,gust_speed_mps,ndbc,SKXA2
,,1493,2022-06-16T09:00:00Z,5.7,gust_speed_mps,ndbc,SLIM2
,,1494,2022-06-16T08:40:00Z,6.7,gust_speed_mps,ndbc,SLVM5
,,1495,2022-06-16T09:33:00Z,2.6,gust_speed_mps,ndbc,SLXA2
,,1496,2022-06-16T09:30:00Z,6.2,gust_speed_mps,ndbc,SMKF1
,,1497,2022-06-16T09:00:00Z,6.7,gust_speed_mps,ndbc,SNDA2
,,1498,2022-06-16T09:00:00Z,1,gust_speed_mps,ndbc,SPGF1
,,1499,2022-06-16T09:33:00Z,3.6,gust_speed_mps,ndbc,SPXA2
,,1500,2022-06-16T09:00:00Z,5.7,gust_speed_mps,ndbc,SRST2
,,1501,2022-06-16T09:00:00Z,9.8,gust_speed_mps,ndbc,STDM4
,,1502,2022-06-16T09:33:00Z,2.6,gust_speed_mps,ndbc,STXA2
,,1503,2022-06-16T09:30:00Z,10.3,gust_speed_mps,ndbc,SVNM4
,,1504,2022-06-16T09:00:00Z,6.2,gust_speed_mps,ndbc,SWPM4
,,1505,2022-06-16T08:40:00Z,7.7,gust_speed_mps,ndbc,SXHW3
,,1506,2022-06-16T09:33:00Z,2.6,gust_speed_mps,ndbc,SXXA2
,,1507,2022-06-16T08:40:00Z,4.1,gust_speed_mps,ndbc,TAWM4
,,1508,2022-06-16T09:00:00Z,5.7,gust_speed_mps,ndbc,TBIM4
,,1509,2022-06-16T09:00:00Z,4.1,gust_speed_mps,ndbc,TCBM2
,,1510,2022-06-16T09:00:00Z,2.1,gust_speed_mps,ndbc,TCMW1
,,1511,2022-06-16T09:18:00Z,0,gust_speed_mps,ndbc,TESL1
,,1512,2022-06-16T09:00:00Z,8.8,gust_speed_mps,ndbc,THLO1
,,1513,2022-06-16T09:00:00Z,6.7,gust_speed_mps,ndbc,THRO1
,,1514,2022-06-16T09:32:00Z,1.5,gust_speed_mps,ndbc,TKEA2
,,1515,2022-06-16T09:00:00Z,4.1,gust_speed_mps,ndbc,TKPN6
,,1516,2022-06-16T09:00:00Z,3.6,gust_speed_mps,ndbc,TOKW1
,,1517,2022-06-16T09:00:00Z,8.2,gust_speed_mps,ndbc,TPLM2
,,1518,2022-06-16T09:18:00Z,2.1,gust_speed_mps,ndbc,TRDF1
,,1519,2022-06-16T09:20:00Z,8.8,gust_speed_mps,ndbc,TWCO1
,,1520,2022-06-16T09:18:00Z,4.6,gust_speed_mps,ndbc,TXPT2
,,1521,2022-06-16T09:00:00Z,15.4,gust_speed_mps,ndbc,UNLA2
,,1522,2022-06-16T09:00:00Z,6.2,gust_speed_mps,ndbc,UPBC1
,,1523,2022-06-16T09:12:00Z,4.6,gust_speed_mps,ndbc,VAKF1
,,1524,2022-06-16T09:18:00Z,3.6,gust_speed_mps,ndbc,VCAF1
,,1525,2022-06-16T09:18:00Z,5.1,gust_speed_mps,ndbc,VCAT2
,,1526,2022-06-16T09:00:00Z,1,gust_speed_mps,ndbc,VDZA2
,,1527,2022-06-16T09:00:00Z,1.5,gust_speed_mps,ndbc,VENF1
,,1528,2022-06-16T09:18:00Z,4.6,gust_speed_mps,ndbc,VTBT2
,,1529,2022-06-16T09:00:00Z,5.1,gust_speed_mps,ndbc,WAHV2
,,1530,2022-06-16T09:00:00Z,7.2,gust_speed_mps,ndbc,WAKP8
,,1531,2022-06-16T09:00:00Z,4.1,gust_speed_mps,ndbc,WASD2
,,1532,2022-06-16T09:30:00Z,1,gust_speed_mps,ndbc,WATS1
,,1533,2022-06-16T09:33:00Z,2.6,gust_speed_mps,ndbc,WCXA2
,,1534,2022-06-16T09:00:00Z,3.6,gust_speed_mps,ndbc,WDSV2
,,1535,2022-06-16T09:00:00Z,2.6,gust_speed_mps,ndbc,WELM1
,,1536,2022-06-16T08:40:00Z,5.7,gust_speed_mps,ndbc,WFPM4
,,1537,2022-06-16T08:00:00Z,4.1,gust_speed_mps,ndbc,WHRI2
,,1538,2022-06-16T09:00:00Z,5.7,gust_speed_mps,ndbc,WNEM4
,,1539,2022-06-16T09:00:00Z,2.1,gust_speed_mps,ndbc,WPOW1
,,1540,2022-06-16T08:36:00Z,4.1,gust_speed_mps,ndbc,WPTW1
,,1541,2022-06-16T09:18:00Z,0.5,gust_speed_mps,ndbc,WYCM6
,,1542,2022-06-16T09:00:00Z,6.7,gust_speed_mps,ndbc,YKRV2
,,1543,2022-06-16T09:00:00Z,1.5,gust_speed_mps,ndbc,YKTV2
,,1544,2022-06-16T07:00:00Z,12,lat,ndbc,13001
,,1545,2022-06-16T07:00:00Z,21,lat,ndbc,13002
,,1546,2022-06-16T07:00:00Z,15,lat,ndbc,13008
,,1547,2022-06-16T07:00:00Z,-8,lat,ndbc,14040
,,1548,2022-06-16T07:00:00Z,-12,lat,ndbc,14043
,,1549,2022-06-16T07:00:00Z,-10,lat,ndbc,15001
,,1550,2022-06-16T09:00:00Z,0,lat,ndbc,15002
,,1551,2022-06-16T07:00:00Z,-6,lat,ndbc,15006
,,1552,2022-06-16T09:00:00Z,37.24,lat,ndbc,22101
,,1553,2022-06-16T09:00:00Z,34.79,lat,ndbc,22102
,,1554,2022-06-16T09:00:00Z,34,lat,ndbc,22103
,,1555,2022-06-16T09:00:00Z,34.77,lat,ndbc,22104
,,1556,2022-06-16T09:00:00Z,37.54,lat,ndbc,22105
,,1557,2022-06-16T09:00:00Z,36.35,lat,ndbc,22106
,,1558,2022-06-16T09:00:00Z,33.08,lat,ndbc,22107
,,1559,2022-06-16T09:00:00Z,36.25,lat,ndbc,22108
,,1560,2022-06-16T08:00:00Z,-19,lat,ndbc,31005
,,1561,2022-06-16T07:00:00Z,4,lat,ndbc,31006
,,1562,2022-06-16T07:00:00Z,0,lat,ndbc,31007
,,1563,2022-06-16T08:30:00Z,-22,lat,ndbc,32ST0
,,1564,2022-06-16T09:20:00Z,34.714,lat,ndbc,41001
,,1565,2022-06-16T09:20:00Z,31.759,lat,ndbc,41002
,,1566,2022-06-16T09:20:00Z,32.502,lat,ndbc,41004
,,1567,2022-06-16T08:50:00Z,31.4,lat,ndbc,41008
,,1568,2022-06-16T09:20:00Z,28.508,lat,ndbc,41009
,,1569,2022-06-16T09:20:00Z,28.878,lat,ndbc,41010
,,1570,2022-06-16T09:20:00Z,33.441,lat,ndbc,41013
,,1571,2022-06-16T09:08:00Z,33.837,lat,ndbc,41024
,,1572,2022-06-16T09:20:00Z,35.01,lat,ndbc,41025
,,1573,2022-06-16T09:08:00Z,32.803,lat,ndbc,41029
,,1574,2022-06-16T07:08:00Z,32.279,lat,ndbc,41033
,,1575,2022-06-16T09:08:00Z,33.988,lat,ndbc,41037
,,1576,2022-06-16T08:08:00Z,34.141,lat,ndbc,41038
,,1577,2022-06-16T09:20:00Z,14.54,lat,ndbc,41040
,,1578,2022-06-16T09:20:00Z,21.026,lat,ndbc,41043
,,1579,2022-06-16T09:20:00Z,21.582,lat,ndbc,41044
,,1580,2022-06-16T09:20:00Z,23.822,lat,ndbc,41046
,,1581,2022-06-16T09:20:00Z,27.465,lat,ndbc,41047
,,1582,2022-06-16T09:20:00Z,31.831,lat,ndbc,41048
,,1583,2022-06-16T09:20:00Z,27.49,lat,ndbc,41049
,,1584,2022-06-16T09:00:00Z,18.249,lat,ndbc,41052
,,1585,2022-06-16T09:00:00Z,18.474,lat,ndbc,41053
,,1586,2022-06-16T09:08:00Z,34.207,lat,ndbc,41064
,,1587,2022-06-16T08:35:00Z,32.802,lat,ndbc,41065
,,1588,2022-06-16T09:08:00Z,32.536,lat,ndbc,41066
,,1589,2022-06-16T09:17:00Z,32.536,lat,ndbc,41076
,,1590,2022-06-16T09:00:00Z,33.722,lat,ndbc,41108
,,1591,2022-06-16T08:56:00Z,34.142,lat,ndbc,41110
,,1592,2022-06-16T09:00:00Z,30.709,lat,ndbc,41112
,,1593,2022-06-16T08:56:00Z,28.4,lat,ndbc,41113
,,1594,2022-06-16T08:56:00Z,27.551,lat,ndbc,41114
,,1595,2022-06-16T08:56:00Z,18.376,lat,ndbc,41115
,,1596,2022-06-16T09:00:00Z,30,lat,ndbc,41117
,,1597,2022-06-16T08:56:00Z,35.259,lat,ndbc,41120
,,1598,2022-06-16T09:26:00Z,18.49,lat,ndbc,41121
,,1599,2022-06-16T09:00:00Z,20,lat,ndbc,41139
,,1600,2022-06-16T08:30:00Z,15,lat,ndbc,41NT0
,,1601,2022-06-16T09:20:00Z,26.055,lat,ndbc,42002
,,1602,2022-06-16T09:20:00Z,30.06,lat,ndbc,42012
,,1603,2022-06-16T08:30:00Z,27.173,lat,ndbc,42013
,,1604,2022-06-16T09:20:00Z,27.91,lat,ndbc,42019
,,1605,2022-06-16T09:20:00Z,26.968,lat,ndbc,42020
,,1606,2022-06-16T08:30:00Z,27.505,lat,ndbc,42022
,,1607,2022-06-16T08:30:00Z,26.01,lat,ndbc,42023
,,1608,2022-06-16T08:30:00Z,25.171,lat,ndbc,42026
,,1609,2022-06-16T09:20:00Z,29.232,lat,ndbc,42035
,,1610,2022-06-16T09:20:00Z,28.501,lat,ndbc,42036
,,1611,2022-06-16T09:20:00Z,28.787,lat,ndbc,42039
,,1612,2022-06-16T09:20:00Z,29.207,lat,ndbc,42040
,,1613,2022-06-16T09:20:00Z,22.124,lat,ndbc,42055
,,1614,2022-06-16T09:20:00Z,19.82,lat,ndbc,42056
,,1615,2022-06-16T09:20:00Z,15.3,lat,ndbc,42059
,,1616,2022-06-16T09:20:00Z,16.434,lat,ndbc,42060
,,1617,2022-06-16T08:30:00Z,17.869,lat,ndbc,42085
,,1618,2022-06-16T09:00:00Z,24.407,lat,ndbc,42095
,,1619,2022-06-16T08:56:00Z,25.701,lat,ndbc,42097
,,1620,2022-06-16T09:26:00Z,27.349,lat,ndbc,42099
,,1621,2022-06-16T08:50:00Z,43.201,lat,ndbc,44005
,,1622,2022-06-16T09:20:00Z,43.525,lat,ndbc,44007
,,1623,2022-06-16T09:20:00Z,40.496,lat,ndbc,44008
,,1624,2022-06-16T09:20:00Z,38.46,lat,ndbc,44009
,,1625,2022-06-16T09:20:00Z,41.093,lat,ndbc,44011
,,1626,2022-06-16T09:20:00Z,42.346,lat,ndbc,44013
,,1627,2022-06-16T09:20:00Z,36.609,lat,ndbc,44014
,,1628,2022-06-16T09:20:00Z,40.693,lat,ndbc,44017
,,1629,2022-06-16T09:20:00Z,42.203,lat,ndbc,44018
,,1630,2022-06-16T09:20:00Z,41.493,lat,ndbc,44020
,,1631,2022-06-16T09:15:00Z,40.883,lat,ndbc,44022
,,1632,2022-06-16T09:20:00Z,40.251,lat,ndbc,44025
,,1633,2022-06-16T08:50:00Z,44.283,lat,ndbc,44027
,,1634,2022-06-16T08:04:00Z,42.523,lat,ndbc,44029
,,1635,2022-06-16T08:04:00Z,43.179,lat,ndbc,44030
,,1636,2022-06-16T08:04:00Z,43.715,lat,ndbc,44032
,,1637,2022-06-16T08:04:00Z,44.055,lat,ndbc,44033
,,1638,2022-06-16T08:04:00Z,44.103,lat,ndbc,44034
,,1639,2022-06-16T08:04:00Z,43.497,lat,ndbc,44037
,,1640,2022-06-16T09:15:00Z,40.956,lat,ndbc,44040
,,1641,2022-06-16T09:18:00Z,37.211,lat,ndbc,44041
,,1642,2022-06-16T09:12:00Z,38.033,lat,ndbc,44042
,,1643,2022-06-16T08:56:00Z,36.2,lat,ndbc,44056
,,1644,2022-06-16T09:12:00Z,37.567,lat,ndbc,44058
,,1645,2022-06-16T09:12:00Z,38.556,lat,ndbc,44062
,,1646,2022-06-16T09:12:00Z,38.963,lat,ndbc,44063
,,1647,2022-06-16T09:18:00Z,36.998,lat,ndbc,44064
,,1648,2022-06-16T09:20:00Z,40.369,lat,ndbc,44065
,,1649,2022-06-16T09:20:00Z,39.609,lat,ndbc,44066
,,1650,2022-06-16T09:00:00Z,40.698,lat,ndbc,44069
,,1651,2022-06-16T09:18:00Z,37.201,lat,ndbc,44072
,,1652,2022-06-16T09:26:00Z,36.001,lat,ndbc,44086
,,1653,2022-06-16T09:00:00Z,36.611,lat,ndbc,44088
,,1654,2022-06-16T09:26:00Z,37.754,lat,ndbc,44089
,,1655,2022-06-16T08:56:00Z,41.84,lat,ndbc,44090
,,1656,2022-06-16T08:56:00Z,39.768,lat,ndbc,44091
,,1657,2022-06-16T09:26:00Z,35.75,lat,ndbc,44095
,,1658,2022-06-16T09:26:00Z,40.967,lat,ndbc,44097
,,1659,2022-06-16T09:26:00Z,42.8,lat,ndbc,44098
,,1660,2022-06-16T08:56:00Z,36.915,lat,ndbc,44099
,,1661,2022-06-16T09:00:00Z,42.26,lat,ndbc,44137
,,1662,2022-06-16T09:00:00Z,44.24,lat,ndbc,44139
,,1663,2022-06-16T09:00:00Z,42.5,lat,ndbc,44150
,,1664,2022-06-16T09:00:00Z,44.5,lat,ndbc,44258
,,1665,2022-06-16T09:00:00Z,45.44,lat,ndbc,44488
,,1666,2022-06-16T09:00:00Z,45.49,lat,ndbc,44489
,,1667,2022-06-16T09:00:00Z,44.66,lat,ndbc,44490
,,1668,2022-06-16T09:30:00Z,48.061,lat,ndbc,45001
,,1669,2022-06-16T09:30:00Z,45.344,lat,ndbc,45002
,,1670,2022-06-16T09:30:00Z,45.351,lat,ndbc,45003
,,1671,2022-06-16T09:30:00Z,47.585,lat,ndbc,45004
,,1672,2022-06-16T09:30:00Z,41.677,lat,ndbc,45005
,,1673,2022-06-16T09:30:00Z,47.335,lat,ndbc,45006
,,1674,2022-06-16T09:30:00Z,42.674,lat,ndbc,45007
,,1675,2022-06-16T09:30:00Z,44.283,lat,ndbc,45008
,,1676,2022-06-16T09:30:00Z,43.621,lat,ndbc,45012
,,1677,2022-06-16T09:40:00Z,45.405,lat,ndbc,45022
,,1678,2022-06-16T09:30:00Z,43.981,lat,ndbc,45024
,,1679,2022-06-16T09:40:00Z,46.969,lat,ndbc,45025
,,1680,2022-06-16T09:30:00Z,41.982,lat,ndbc,45026
,,1681,2022-06-16T09:30:00Z,46.86,lat,ndbc,45027
,,1682,2022-06-16T09:30:00Z,46.814,lat,ndbc,45028
,,1683,2022-06-16T09:30:00Z,42.9,lat,ndbc,45029
,,1684,2022-06-16T09:00:00Z,42.46,lat,ndbc,45132
,,1685,2022-06-16T09:00:00Z,43.78,lat,ndbc,45135
,,1686,2022-06-16T09:00:00Z,48.54,lat,ndbc,45136
,,1687,2022-06-16T09:00:00Z,45.54,lat,ndbc,45137
,,1688,2022-06-16T09:00:00Z,43.25,lat,ndbc,45139
,,1689,2022-06-16T09:00:00Z,42.74,lat,ndbc,45142
,,1690,2022-06-16T09:00:00Z,44.94,lat,ndbc,45143
,,1691,2022-06-16T09:00:00Z,43.54,lat,ndbc,45149
,,1692,2022-06-16T09:00:00Z,44.5,lat,ndbc,45151
,,1693,2022-06-16T09:00:00Z,46.23,lat,ndbc,45152
,,1694,2022-06-16T09:00:00Z,46.05,lat,ndbc,45154
,,1695,2022-06-16T09:00:00Z,43.77,lat,ndbc,45159
,,1696,2022-06-16T09:20:00Z,43.182,lat,ndbc,45161
,,1697,2022-06-16T09:20:00Z,44.988,lat,ndbc,45162
,,1698,2022-06-16T09:00:00Z,43.985,lat,ndbc,45163
,,1699,2022-06-16T09:00:00Z,41.748,lat,ndbc,45164
,,1700,2022-06-16T09:30:00Z,41.702,lat,ndbc,45165
,,1701,2022-06-16T09:00:00Z,42.185,lat,ndbc,45167
,,1702,2022-06-16T09:30:00Z,42.397,lat,ndbc,45168
,,1703,2022-06-16T09:20:00Z,41.755,lat,ndbc,45170
,,1704,2022-06-16T09:30:00Z,42.135,lat,ndbc,45174
,,1705,2022-06-16T09:35:00Z,45.825,lat,ndbc,45175
,,1706,2022-06-16T09:30:00Z,41.55,lat,ndbc,45176
,,1707,2022-06-16T09:26:00Z,48.034,lat,ndbc,45180
,,1708,2022-06-16T09:30:00Z,44.982,lat,ndbc,45183
,,1709,2022-06-16T09:30:00Z,42.368,lat,ndbc,45186
,,1710,2022-06-16T09:30:00Z,42.491,lat,ndbc,45187
,,1711,2022-06-16T09:00:00Z,45.804,lat,ndbc,45194
,,1712,2022-06-16T09:00:00Z,44.488,lat,ndbc,45195
,,1713,2022-06-16T09:20:00Z,41.521,lat,ndbc,45196
,,1714,2022-06-16T09:20:00Z,41.619,lat,ndbc,45197
,,1715,2022-06-16T09:30:00Z,41.892,lat,ndbc,45198
,,1716,2022-06-16T09:20:00Z,56.291,lat,ndbc,46001
,,1717,2022-06-16T09:20:00Z,42.662,lat,ndbc,46002
,,1718,2022-06-16T09:00:00Z,50.93,lat,ndbc,46004
,,1719,2022-06-16T09:20:00Z,46.134,lat,ndbc,46005
,,1720,2022-06-16T09:20:00Z,40.764,lat,ndbc,46006
,,1721,2022-06-16T09:30:00Z,34.956,lat,ndbc,46011
,,1722,2022-06-16T09:30:00Z,37.356,lat,ndbc,46012
,,1723,2022-06-16T09:30:00Z,38.235,lat,ndbc,46013
,,1724,2022-06-16T09:30:00Z,39.231,lat,ndbc,46014
,,1725,2022-06-16T09:30:00Z,42.752,lat,ndbc,46015
,,1726,2022-06-16T09:30:00Z,40.748,lat,ndbc,46022
,,1727,2022-06-16T09:30:00Z,33.755,lat,ndbc,46025
,,1728,2022-06-16T09:30:00Z,37.754,lat,ndbc,46026
,,1729,2022-06-16T09:30:00Z,41.84,lat,ndbc,46027
,,1730,2022-06-16T09:30:00Z,35.77,lat,ndbc,46028
,,1731,2022-06-16T09:30:00Z,46.163,lat,ndbc,46029
,,1732,2022-06-16T08:50:00Z,57.016,lat,ndbc,46035
,,1733,2022-06-16T09:00:00Z,48.36,lat,ndbc,46036
,,1734,2022-06-16T09:30:00Z,36.785,lat,ndbc,46042
,,1735,2022-06-16T09:20:00Z,32.388,lat,ndbc,46047
,,1736,2022-06-16T09:30:00Z,44.669,lat,ndbc,46050
,,1737,2022-06-16T09:30:00Z,34.241,lat,ndbc,46053
,,1738,2022-06-16T09:30:00Z,34.274,lat,ndbc,46054
,,1739,2022-06-16T09:20:00Z,38.053,lat,ndbc,46059
,,1740,2022-06-16T08:50:00Z,60.586,lat,ndbc,46060
,,1741,2022-06-16T08:50:00Z,60.238,lat,ndbc,46061
,,1742,2022-06-16T09:20:00Z,52.765,lat,ndbc,46066
,,1743,2022-06-16T09:20:00Z,51.666,lat,ndbc,46072
,,1744,2022-06-16T08:50:00Z,55.008,lat,ndbc,46073
,,1745,2022-06-16T09:20:00Z,53.969,lat,ndbc,46075
,,1746,2022-06-16T09:20:00Z,59.471,lat,ndbc,46076
,,1747,2022-06-16T08:50:00Z,57.869,lat,ndbc,46077
,,1748,2022-06-16T09:20:00Z,55.564,lat,ndbc,46078
,,1749,2022-06-16T08:50:00Z,57.947,lat,ndbc,46080
,,1750,2022-06-16T08:50:00Z,60.802,lat,ndbc,46081
,,1751,2022-06-16T08:50:00Z,59.67,lat,ndbc,46082
,,1752,2022-06-16T08:50:00Z,58.27,lat,ndbc,46083
,,1753,2022-06-16T09:20:00Z,56.622,lat,ndbc,46084
,,1754,2022-06-16T09:20:00Z,55.878,lat,ndbc,46085
,,1755,2022-06-16T09:30:00Z,32.499,lat,ndbc,46086
,,1756,2022-06-16T09:20:00Z,45.936,lat,ndbc,46089
,,1757,2022-06-16T09:16:00Z,36.751,lat,ndbc,46092
,,1758,2022-06-16T08:30:00Z,46.173,lat,ndbc,46096
,,1759,2022-06-16T07:50:00Z,44.639,lat,ndbc,46097
,,1760,2022-06-16T07:40:00Z,44.381,lat,ndbc,46098
,,1761,2022-06-16T06:50:00Z,46.986,lat,ndbc,46099
,,1762,2022-06-16T07:20:00Z,46.851,lat,ndbc,46100
,,1763,2022-06-16T09:00:00Z,59.596,lat,ndbc,46108
,,1764,2022-06-16T08:56:00Z,36.7,lat,ndbc,46114
,,1765,2022-06-16T09:20:00Z,47.761,lat,ndbc,46120
,,1766,2022-06-16T09:20:00Z,47.28,lat,ndbc,46121
,,1767,2022-06-16T08:50:00Z,47.907,lat,ndbc,46125
,,1768,2022-06-16T09:00:00Z,43.292,lat,ndbc,46128
,,1769,2022-06-16T09:00:00Z,49.91,lat,ndbc,46131
,,1770,2022-06-16T09:00:00Z,49.78,lat,ndbc,46132
,,1771,2022-06-16T09:00:00Z,54.37,lat,ndbc,46145
,,1772,2022-06-16T09:00:00Z,49.34,lat,ndbc,46146
,,1773,2022-06-16T09:00:00Z,51.83,lat,ndbc,46147
,,1774,2022-06-16T09:00:00Z,53.83,lat,ndbc,46181
,,1775,2022-06-16T09:00:00Z,53.62,lat,ndbc,46183
,,1776,2022-06-16T09:00:00Z,52.42,lat,ndbc,46185
,,1777,2022-06-16T09:00:00Z,51.38,lat,ndbc,46204
,,1778,2022-06-16T09:00:00Z,54.18,lat,ndbc,46205
,,1779,2022-06-16T09:00:00Z,48.84,lat,ndbc,46206
,,1780,2022-06-16T09:00:00Z,50.87,lat,ndbc,46207
,,1781,2022-06-16T09:26:00Z,46.857,lat,ndbc,46211
,,1782,2022-06-16T09:26:00Z,40.295,lat,ndbc,46213
,,1783,2022-06-16T09:26:00Z,37.937,lat,ndbc,46214
,,1784,2022-06-16T09:26:00Z,35.204,lat,ndbc,46215
,,1785,2022-06-16T09:26:00Z,34.452,lat,ndbc,46218
,,1786,2022-06-16T08:56:00Z,33.219,lat,ndbc,46219
,,1787,2022-06-16T09:26:00Z,33.86,lat,ndbc,46221
,,1788,2022-06-16T09:26:00Z,33.618,lat,ndbc,46222
,,1789,2022-06-16T09:26:00Z,33.178,lat,ndbc,46224
,,1790,2022-06-16T09:26:00Z,32.933,lat,ndbc,46225
,,1791,2022-06-16T09:26:00Z,43.772,lat,ndbc,46229
,,1792,2022-06-16T08:56:00Z,32.517,lat,ndbc,46232
,,1793,2022-06-16T09:26:00Z,32.57,lat,ndbc,46235
,,1794,2022-06-16T08:30:00Z,37.788,lat,ndbc,46237
,,1795,2022-06-16T09:26:00Z,36.335,lat,ndbc,46239
,,1796,2022-06-16T09:26:00Z,46.216,lat,ndbc,46243
,,1797,2022-06-16T09:26:00Z,40.896,lat,ndbc,46244
,,1798,2022-06-16T08:26:00Z,50.033,lat,ndbc,46246
,,1799,2022-06-16T09:26:00Z,46.133,lat,ndbc,46248
,,1800,2022-06-16T08:56:00Z,33.769,lat,ndbc,46251
,,1801,2022-06-16T09:26:00Z,33.576,lat,ndbc,46253
,,1802,2022-06-16T09:26:00Z,32.868,lat,ndbc,46254
,,1803,2022-06-16T09:26:00Z,33.7,lat,ndbc,46256
,,1804,2022-06-16T08:56:00Z,32.752,lat,ndbc,46258
,,1805,2022-06-16T09:26:00Z,34.767,lat,ndbc,46259
,,1806,2022-06-16T09:00:00Z,32.957,lat,ndbc,46266
,,1807,2022-06-16T09:00:00Z,48.173,lat,ndbc,46267
,,1808,2022-06-16T09:00:00Z,34.022,lat,ndbc,46268
,,1809,2022-06-16T09:00:00Z,36.934,lat,ndbc,46269
,,1810,2022-06-16T09:00:00Z,49.02,lat,ndbc,46303
,,1811,2022-06-16T09:00:00Z,49.3,lat,ndbc,46304
,,1812,2022-06-16T09:20:00Z,23.528,lat,ndbc,51000
,,1813,2022-06-16T09:20:00Z,24.451,lat,ndbc,51001
,,1814,2022-06-16T09:20:00Z,17.042,lat,ndbc,51002
,,1815,2022-06-16T09:20:00Z,19.196,lat,ndbc,51003
,,1816,2022-06-16T09:20:00Z,17.538,lat,ndbc,51004
,,1817,2022-06-16T09:20:00Z,24.359,lat,ndbc,51101
,,1818,2022-06-16T08:56:00Z,21.671,lat,ndbc,51201
,,1819,2022-06-16T08:56:00Z,21.417,lat,ndbc,51202
,,1820,2022-06-16T09:15:00Z,19.779,lat,ndbc,51206
,,1821,2022-06-16T08:56:00Z,21.477,lat,ndbc,51207
,,1822,2022-06-16T08:56:00Z,22.285,lat,ndbc,51208
,,1823,2022-06-16T08:56:00Z,-14.273,lat,ndbc,51209
,,1824,2022-06-16T09:00:00Z,21.297,lat,ndbc,51211
,,1825,2022-06-16T09:00:00Z,21.323,lat,ndbc,51212
,,1826,2022-06-16T08:30:00Z,23,lat,ndbc,51WH0
,,1827,2022-06-16T08:56:00Z,13.354,lat,ndbc,52200
,,1828,2022-06-16T08:56:00Z,13.682,lat,ndbc,52202
,,1829,2022-06-16T08:56:00Z,15.268,lat,ndbc,52211
,,1830,2022-06-16T09:00:00Z,7.63,lat,ndbc,52212
,,1831,2022-06-16T07:00:00Z,-12,lat,ndbc,53006
,,1832,2022-06-16T09:00:00Z,48.72,lat,ndbc,62029
,,1833,2022-06-16T09:00:00Z,50,lat,ndbc,62050
,,1834,2022-06-16T09:00:00Z,51,lat,ndbc,62081
,,1835,2022-06-16T09:00:00Z,49.9,lat,ndbc,62103
,,1836,2022-06-16T09:00:00Z,50.102,lat,ndbc,62107
,,1837,2022-06-16T09:00:00Z,58.3,lat,ndbc,62114
,,1838,2022-06-16T09:00:00Z,53.5,lat,ndbc,62121
,,1839,2022-06-16T09:00:00Z,53.6,lat,ndbc,62124
,,1840,2022-06-16T09:00:00Z,54,lat,ndbc,62127
,,1841,2022-06-16T09:00:00Z,58.7,lat,ndbc,62130
,,1842,2022-06-16T09:00:00Z,54.2,lat,ndbc,62135
,,1843,2022-06-16T09:00:00Z,53.4,lat,ndbc,62144
,,1844,2022-06-16T09:00:00Z,53.102,lat,ndbc,62145
,,1845,2022-06-16T09:00:00Z,57.2,lat,ndbc,62146
,,1846,2022-06-16T09:00:00Z,53.6,lat,ndbc,62148
,,1847,2022-06-16T09:00:00Z,53.7,lat,ndbc,62149
,,1848,2022-06-16T09:00:00Z,47.55,lat,ndbc,62163
,,1849,2022-06-16T09:00:00Z,57.2,lat,ndbc,62164
,,1850,2022-06-16T09:00:00Z,54,lat,ndbc,62165
,,1851,2022-06-16T09:00:00Z,51.24,lat,ndbc,62170
,,1852,2022-06-16T09:00:00Z,51.102,lat,ndbc,62304
,,1853,2022-06-16T09:00:00Z,50.4,lat,ndbc,62305
,,1854,2022-06-16T09:00:00Z,49,lat,ndbc,62442
,,1855,2022-06-16T09:00:00Z,59.5,lat,ndbc,63110
,,1856,2022-06-16T09:00:00Z,61.1,lat,ndbc,63112
,,1857,2022-06-16T09:00:00Z,61.6,lat,ndbc,63115
,,1858,2022-06-16T09:00:00Z,61.4,lat,ndbc,63117
,,1859,2022-06-16T09:00:00Z,59.15,lat,ndbc,64045
,,1860,2022-06-16T09:00:00Z,37.772,lat,ndbc,AAMC1
,,1861,2022-06-16T08:45:00Z,32.559,lat,ndbc,ACXS1
,,1862,2022-06-16T09:00:00Z,39.357,lat,ndbc,ACYN4
,,1863,2022-06-16T09:00:00Z,51.861,lat,ndbc,ADKA2
,,1864,2022-06-16T09:00:00Z,42.621,lat,ndbc,AGCM4
,,1865,2022-06-16T08:54:00Z,33.716,lat,ndbc,AGXC1
,,1866,2022-06-16T09:00:00Z,56.898,lat,ndbc,ALIA2
,,1867,2022-06-16T09:00:00Z,44.331,lat,ndbc,ALXN6
,,1868,2022-06-16T09:30:00Z,58.915,lat,ndbc,AMAA2
,,1869,2022-06-16T09:18:00Z,29.45,lat,ndbc,AMRL1
,,1870,2022-06-16T08:30:00Z,42.018,lat,ndbc,ANMN6
,,1871,2022-06-16T09:18:00Z,27.837,lat,ndbc,ANPT2
,,1872,2022-06-16T09:00:00Z,38.915,lat,ndbc,ANVC1
,,1873,2022-06-16T09:00:00Z,38.983,lat,ndbc,APAM2
,,1874,2022-06-16T09:18:00Z,29.724,lat,ndbc,APCF1
,,1875,2022-06-16T09:30:00Z,45.06,lat,ndbc,APNM4
,,1876,2022-06-16T09:00:00Z,13.444,lat,ndbc,APRP7
,,1877,2022-06-16T08:45:00Z,29.769,lat,ndbc,APXF1
,,1878,2022-06-16T09:12:00Z,18.48,lat,ndbc,AROP4
,,1879,2022-06-16T07:54:00Z,28.433,lat,ndbc,ARPF1
,,1880,2022-06-16T09:00:00Z,46.207,lat,ndbc,ASTO3
,,1881,2022-06-16T09:00:00Z,44.392,lat,ndbc,ATGM1
,,1882,2022-06-16T09:00:00Z,52.232,lat,ndbc,ATKA2
,,1883,2022-06-16T09:30:00Z,59.378,lat,ndbc,AUGA2
,,1884,2022-06-16T09:12:00Z,28.227,lat,ndbc,AWRT2
,,1885,2022-06-16T09:18:00Z,27.297,lat,ndbc,BABT2
,,1886,2022-06-16T09:12:00Z,17.591,lat,ndbc,BARA9
,,1887,2022-06-16T09:00:00Z,40.701,lat,ndbc,BATN6
,,1888,2022-06-16T08:48:00Z,33.766,lat,ndbc,BAXC1
,,1889,2022-06-16T08:00:00Z,25.601,lat,ndbc,BBNF1
,,1890,2022-06-16T08:00:00Z,25.472,lat,ndbc,BBSF1
,,1891,2022-06-16T08:36:00Z,40.082,lat,ndbc,BDRN4
,,1892,2022-06-16T09:00:00Z,39.98,lat,ndbc,BDSP1
,,1893,2022-06-16T08:00:00Z,25.478,lat,ndbc,BDVF1
,,1894,2022-06-16T09:00:00Z,38.317,lat,ndbc,BDXC1
,,1895,2022-06-16T09:00:00Z,34.717,lat,ndbc,BFTN7
,,1896,2022-06-16T08:54:00Z,26.404,lat,ndbc,BGCF1
,,1897,2022-06-16T09:00:00Z,40.639,lat,ndbc,BGNN6
,,1898,2022-06-16T08:45:00Z,43.059,lat,ndbc,BGXN3
,,1899,2022-06-16T09:00:00Z,42.355,lat,ndbc,BHBM3
,,1900,2022-06-16T08:40:00Z,41.646,lat,ndbc,BHRI3
,,1901,2022-06-16T08:40:00Z,46.827,lat,ndbc,BIGM4
,,1902,2022-06-16T09:00:00Z,38.22,lat,ndbc,BISM2
,,1903,2022-06-16T09:18:00Z,30.192,lat,ndbc,BKBF1
,,1904,2022-06-16T09:18:00Z,30.19,lat,ndbc,BKTL1
,,1905,2022-06-16T08:00:00Z,25.119,lat,ndbc,BKYF1
,,1906,2022-06-16T09:30:00Z,60.839,lat,ndbc,BLIA2
,,1907,2022-06-16T09:18:00Z,30.393,lat,ndbc,BLIF1
,,1908,2022-06-16T09:26:00Z,58.455,lat,ndbc,BLTA2
,,1909,2022-06-16T09:00:00Z,39.267,lat,ndbc,BLTM2
,,1910,2022-06-16T09:00:00Z,41.704,lat,ndbc,BLTM3
,,1911,2022-06-16T09:00:00Z,47.562,lat,ndbc,BMTW1
,,1912,2022-06-16T08:00:00Z,25.087,lat,ndbc,BNKF1
,,1913,2022-06-16T09:00:00Z,41.174,lat,ndbc,BRHC3
,,1914,2022-06-16T09:00:00Z,38.987,lat,ndbc,BRND1
,,1915,2022-06-16T08:40:00Z,44.055,lat,ndbc,BSBM4
,,1916,2022-06-16T08:30:00Z,30.329,lat,ndbc,BSCA1
,,1917,2022-06-16T08:30:00Z,38.781,lat,ndbc,BSLM2
,,1918,2022-06-16T09:00:00Z,42.878,lat,ndbc,BUFN6
,,1919,2022-06-16T09:00:00Z,28.905,lat,ndbc,BURL1
,,1920,2022-06-16T09:00:00Z,41.397,lat,ndbc,BUZM3
,,1921,2022-06-16T07:00:00Z,25.178,lat,ndbc,BWSF1
,,1922,2022-06-16T09:18:00Z,29.789,lat,ndbc,BYGL1
,,1923,2022-06-16T09:00:00Z,41.524,lat,ndbc,BZBM3
,,1924,2022-06-16T09:18:00Z,26.067,lat,ndbc,BZST2
,,1925,2022-06-16T09:00:00Z,38.574,lat,ndbc,CAMM2
,,1926,2022-06-16T08:00:00Z,25.422,lat,ndbc,CANF1
,,1927,2022-06-16T09:18:00Z,29.768,lat,ndbc,CAPL1
,,1928,2022-06-16T09:18:00Z,29.933,lat,ndbc,CARL1
,,1929,2022-06-16T09:00:00Z,43.656,lat,ndbc,CASM1
,,1930,2022-06-16T09:22:00Z,56.001,lat,ndbc,CDEA2
,,1931,2022-06-16T09:00:00Z,29.136,lat,ndbc,CDRF1
,,1932,2022-06-16T09:32:00Z,56.001,lat,ndbc,CDXA2
,,1933,2022-06-16T09:00:00Z,41.746,lat,ndbc,CECC1
,,1934,2022-06-16T09:00:00Z,44.657,lat,ndbc,CFWM1
,,1935,2022-06-16T08:36:00Z,43.351,lat,ndbc,CHAO3
,,1936,2022-06-16T09:18:00Z,18.335,lat,ndbc,CHAV3
,,1937,2022-06-16T09:00:00Z,37.032,lat,ndbc,CHBV2
,,1938,2022-06-16T09:00:00Z,39.527,lat,ndbc,CHCM2
,,1939,2022-06-16T09:20:00Z,41.916,lat,ndbc,CHII2
,,1940,2022-06-16T09:12:00Z,17.748,lat,ndbc,CHSV3
,,1941,2022-06-16T09:00:00Z,41.688,lat,ndbc,CHTM3
,,1942,2022-06-16T09:00:00Z,32.781,lat,ndbc,CHTS1
,,1943,2022-06-16T09:00:00Z,36.926,lat,ndbc,CHYV2
,,1944,2022-06-16T09:00:00Z,48.863,lat,ndbc,CHYW1
,,1945,2022-06-16T09:18:00Z,18.301,lat,ndbc,CLBP4
,,1946,2022-06-16T09:00:00Z,34.622,lat,ndbc,CLKN7
,,1947,2022-06-16T09:00:00Z,42.471,lat,ndbc,CLSM4
,,1948,2022-06-16T09:00:00Z,38.968,lat,ndbc,CMAN4
,,1949,2022-06-16T07:04:00Z,43.07,lat,ndbc,CMLN3
,,1950,2022-06-16T08:30:00Z,41.547,lat,ndbc,CMPO1
,,1951,2022-06-16T09:00:00Z,41.73,lat,ndbc,CMTI2
,,1952,2022-06-16T08:00:00Z,25.702,lat,ndbc,CNBF1
,,1953,2022-06-16T09:00:00Z,41.542,lat,ndbc,CNDO1
,,1954,2022-06-16T09:30:00Z,41.856,lat,ndbc,CNII2
,,1955,2022-06-16T09:00:00Z,38.402,lat,ndbc,COVM2
,,1956,2022-06-16T09:00:00Z,48.86,lat,ndbc,CPMW1
,,1957,2022-06-16T09:00:00Z,48.863,lat,ndbc,CPNW1
,,1958,2022-06-16T09:00:00Z,41.717,lat,ndbc,CPTR1
,,1959,2022-06-16T09:00:00Z,38.995,lat,ndbc,CPVM2
,,1960,2022-06-16T09:11:00Z,35.17,lat,ndbc,CPXC1
,,1961,2022-06-16T09:24:00Z,55.474,lat,ndbc,CRGA2
,,1962,2022-06-16T08:00:00Z,30.308,lat,ndbc,CRTA1
,,1963,2022-06-16T09:00:00Z,60.558,lat,ndbc,CRVA2
,,1964,2022-06-16T09:00:00Z,36.888,lat,ndbc,CRYV2
,,1965,2022-06-16T09:10:00Z,58.199,lat,ndbc,CSPA2
,,1966,2022-06-16T07:00:00Z,25.297,lat,ndbc,CWAF1
,,1967,2022-06-16T09:12:00Z,27.978,lat,ndbc,CWBF1
,,1968,2022-06-16T09:00:00Z,47.334,lat,ndbc,CWCI
,,1969,2022-06-16T09:00:00Z,42.494,lat,ndbc,DBLN6
,,1970,2022-06-16T09:00:00Z,39.582,lat,ndbc,DELD1
,,1971,2022-06-16T09:00:00Z,47.675,lat,ndbc,DESW1
,,1972,2022-06-16T09:00:00Z,47.079,lat,ndbc,DISW3
,,1973,2022-06-16T07:00:00Z,25.18,lat,ndbc,DKKF1
,,1974,2022-06-16T09:18:00Z,30.387,lat,ndbc,DMSF1
,,1975,2022-06-16T09:00:00Z,36.962,lat,ndbc,DOMV2
,,1976,2022-06-16T07:30:00Z,30.251,lat,ndbc,DPHA1
,,1977,2022-06-16T09:00:00Z,38.056,lat,ndbc,DPXC1
,,1978,2022-06-16T08:30:00Z,39.089,lat,ndbc,DRSD1
,,1979,2022-06-16T09:00:00Z,45.993,lat,ndbc,DTLM4
,,1980,2022-06-16T09:00:00Z,36.184,lat,ndbc,DUKN7
,,1981,2022-06-16T09:00:00Z,46.776,lat,ndbc,DULM5
,,1982,2022-06-16T09:18:00Z,27.923,lat,ndbc,EBEF1
,,1983,2022-06-16T09:18:00Z,30.429,lat,ndbc,EFLA1
,,1984,2022-06-16T09:18:00Z,29.373,lat,ndbc,EINL1
,,1985,2022-06-16T09:00:00Z,58.193,lat,ndbc,ELFA2
,,1986,2022-06-16T08:45:00Z,36.815,lat,ndbc,ELXC1
,,1987,2022-06-16T09:18:00Z,28.71,lat,ndbc,EMAT2
,,1988,2022-06-16T09:18:00Z,29.481,lat,ndbc,EPTT2
,,1989,2022-06-16T09:00:00Z,42.172,lat,ndbc,EREP1
,,1990,2022-06-16T09:24:00Z,58.971,lat,ndbc,EROA2
,,1991,2022-06-16T09:32:00Z,58.971,lat,ndbc,ERXA2
,,1992,2022-06-16T09:12:00Z,18.094,lat,ndbc,ESPP4
,,1993,2022-06-16T09:00:00Z,41.764,lat,ndbc,FAIO1
,,1994,2022-06-16T09:00:00Z,32.685,lat,ndbc,FBIS1
,,1995,2022-06-16T09:00:00Z,57.272,lat,ndbc,FFIA2
,,1996,2022-06-16T08:54:00Z,28.153,lat,ndbc,FHPF1
,,1997,2022-06-16T09:30:00Z,59.332,lat,ndbc,FILA2
,,1998,2022-06-16T09:18:00Z,30.228,lat,ndbc,FMOA1
,,1999,2022-06-16T09:18:00Z,26.647,lat,ndbc,FMRF1
,,2000,2022-06-16T09:00:00Z,41.807,lat,ndbc,FOXR1
,,2001,2022-06-16T09:00:00Z,32.035,lat,ndbc,FPKG1
,,2002,2022-06-16T09:18:00Z,28.936,lat,ndbc,FPST2
,,2003,2022-06-16T08:40:00Z,45.619,lat,ndbc,FPTM4
,,2004,2022-06-16T09:18:00Z,30.675,lat,ndbc,FRDF1
,,2005,2022-06-16T08:36:00Z,48.545,lat,ndbc,FRDW1
,,2006,2022-06-16T09:00:00Z,41.704,lat,ndbc,FRVM3
,,2007,2022-06-16T09:00:00Z,41.696,lat,ndbc,FRXM3
,,2008,2022-06-16T09:00:00Z,39.219,lat,ndbc,FSKM2
,,2009,2022-06-16T09:00:00Z,43.007,lat,ndbc,FTGM4
,,2010,2022-06-16T09:00:00Z,37.806,lat,ndbc,FTPC1
,,2011,2022-06-16T09:00:00Z,25.591,lat,ndbc,FWYF1
,,2012,2022-06-16T08:00:00Z,25.378,lat,ndbc,GBIF1
,,2013,2022-06-16T08:00:00Z,25.167,lat,ndbc,GBTF1
,,2014,2022-06-16T09:00:00Z,44.538,lat,ndbc,GBWW3
,,2015,2022-06-16T09:18:00Z,27.774,lat,ndbc,GCTF1
,,2016,2022-06-16T09:00:00Z,47.749,lat,ndbc,GDMM5
,,2017,2022-06-16T08:30:00Z,41.859,lat,ndbc,GELO1
,,2018,2022-06-16T09:33:00Z,58.212,lat,ndbc,GEXA2
,,2019,2022-06-16T09:18:00Z,29.265,lat,ndbc,GISL1
,,2020,2022-06-16T09:32:00Z,55.446,lat,ndbc,GIXA2
,,2021,2022-06-16T08:00:00Z,24.627,lat,ndbc,GKYF1
,,2022,2022-06-16T09:30:00Z,46.721,lat,ndbc,GRIM4
,,2023,2022-06-16T08:40:00Z,46.684,lat,ndbc,GRMM4
,,2024,2022-06-16T09:18:00Z,29.302,lat,ndbc,GRRT2
,,2025,2022-06-16T08:40:00Z,44.018,lat,ndbc,GSLM4
,,2026,2022-06-16T08:40:00Z,45.211,lat,ndbc,GTLM4
,,2027,2022-06-16T09:18:00Z,29.311,lat,ndbc,GTOT2
,,2028,2022-06-16T09:00:00Z,47.179,lat,ndbc,GTRM4
,,2029,2022-06-16T08:45:00Z,29.658,lat,ndbc,GTXF1
,,2030,2022-06-16T09:32:00Z,58.408,lat,ndbc,GUXA2
,,2031,2022-06-16T09:32:00Z,59.234,lat,ndbc,HAXA2
,,2032,2022-06-16T08:36:00Z,40.767,lat,ndbc,HBYC1
,,2033,2022-06-16T08:00:00Z,25.254,lat,ndbc,HCEF1
,,2034,2022-06-16T09:00:00Z,35.209,lat,ndbc,HCGN7
,,2035,2022-06-16T09:00:00Z,41.401,lat,ndbc,HHLO1
,,2036,2022-06-16T09:18:00Z,29.595,lat,ndbc,HIST2
,,2037,2022-06-16T09:18:00Z,27.844,lat,ndbc,HIVT2
,,2038,2022-06-16T09:00:00Z,42.773,lat,ndbc,HLNM4
,,2039,2022-06-16T08:30:00Z,59.601,lat,ndbc,HMRA2
,,2040,2022-06-16T09:32:00Z,59.602,lat,ndbc,HMSA2
,,2041,2022-06-16T09:00:00Z,43.846,lat,ndbc,HRBM4
,,2042,2022-06-16T08:54:00Z,34.469,lat,ndbc,HRVC1
,,2043,2022-06-16T09:00:00Z,34.008,lat,ndbc,ICAC1
,,2044,2022-06-16T09:32:00Z,59.927,lat,ndbc,ICYA2
,,2045,2022-06-16T09:00:00Z,19.73,lat,ndbc,ILOH1
,,2046,2022-06-16T09:00:00Z,42.967,lat,ndbc,IOSN3
,,2047,2022-06-16T09:18:00Z,27.48,lat,ndbc,IRDT2
,,2048,2022-06-16T09:00:00Z,57.052,lat,ndbc,ITKA2
,,2049,2022-06-16T08:00:00Z,41.781,lat,ndbc,JAKI2
,,2050,2022-06-16T08:00:00Z,25.224,lat,ndbc,JBYF1
,,2051,2022-06-16T08:30:00Z,39.535,lat,ndbc,JCRN4
,,2052,2022-06-16T08:00:00Z,25.053,lat,ndbc,JKYF1
,,2053,2022-06-16T09:33:00Z,58.298,lat,ndbc,JLXA2
,,2054,2022-06-16T09:32:00Z,58.286,lat,ndbc,JMLA2
,,2055,2022-06-16T09:00:00Z,34.213,lat,ndbc,JMPN7
,,2056,2022-06-16T09:00:00Z,58.298,lat,ndbc,JNEA2
,,2057,2022-06-16T09:33:00Z,58.291,lat,ndbc,JNGA2
,,2058,2022-06-16T08:45:00Z,17.956,lat,ndbc,JOXP4
,,2059,2022-06-16T09:18:00Z,30.354,lat,ndbc,JXUF1
,,2060,2022-06-16T09:35:00Z,28.314,lat,ndbc,KBQX
,,2061,2022-06-16T09:00:00Z,57.731,lat,ndbc,KDAA2
,,2062,2022-06-16T09:00:00Z,55.331,lat,ndbc,KECA2
,,2063,2022-06-16T09:32:00Z,55.352,lat,ndbc,KEXA2
,,2064,2022-06-16T09:35:00Z,27.204,lat,ndbc,KGBK
,,2065,2022-06-16T09:00:00Z,55.062,lat,ndbc,KGCA2
,,2066,2022-06-16T09:35:00Z,27.84,lat,ndbc,KGHB
,,2067,2022-06-16T08:56:00Z,47.745,lat,ndbc,KGNA
,,2068,2022-06-16T09:35:00Z,27.625,lat,ndbc,KGRY
,,2069,2022-06-16T09:45:00Z,27.304,lat,ndbc,KGUL
,,2070,2022-06-16T09:35:00Z,26.939,lat,ndbc,KHHV
,,2071,2022-06-16T09:00:00Z,20.895,lat,ndbc,KLIH1
,,2072,2022-06-16T09:00:00Z,42.589,lat,ndbc,KNSW3
,,2073,2022-06-16T08:56:00Z,46.417,lat,ndbc,KP53
,,2074,2022-06-16T08:55:00Z,44.017,lat,ndbc,KP58
,,2075,2022-06-16T08:51:00Z,47.467,lat,ndbc,KP59
,,2076,2022-06-16T09:00:00Z,40.811,lat,ndbc,KPTN6
,,2077,2022-06-16T09:00:00Z,37.165,lat,ndbc,KPTV2
,,2078,2022-06-16T09:00:00Z,29.819,lat,ndbc,KTNF1
,,2079,2022-06-16T09:35:00Z,27.354,lat,ndbc,KVAF
,,2080,2022-06-16T09:35:00Z,29.248,lat,ndbc,KVKY
,,2081,2022-06-16T09:35:00Z,29.229,lat,ndbc,KVOA
,,2082,2022-06-16T09:00:00Z,20.037,lat,ndbc,KWHH1
,,2083,2022-06-16T09:00:00Z,8.732,lat,ndbc,KWJP8
,,2084,2022-06-16T09:00:00Z,44.465,lat,ndbc,KWNW3
,,2085,2022-06-16T09:18:00Z,24.556,lat,ndbc,KYWF1
,,2086,2022-06-16T09:18:00Z,18.318,lat,ndbc,LAMV3
,,2087,2022-06-16T08:36:00Z,47.913,lat,ndbc,LAPW1
,,2088,2022-06-16T07:00:00Z,25.214,lat,ndbc,LBSF1
,,2089,2022-06-16T09:18:00Z,30.224,lat,ndbc,LCLL1
,,2090,2022-06-16T09:10:00Z,56.058,lat,ndbc,LCNA2
,,2091,2022-06-16T09:10:00Z,41.306,lat,ndbc,LDLC3
,,2092,2022-06-16T09:00:00Z,43.947,lat,ndbc,LDTM4
,,2093,2022-06-16T09:32:00Z,58.54,lat,ndbc,LIXA2
,,2094,2022-06-16T09:00:00Z,32.867,lat,ndbc,LJAC1
,,2095,2022-06-16T09:20:00Z,32.867,lat,ndbc,LJPC1
,,2096,2022-06-16T09:18:00Z,26.613,lat,ndbc,LKWF1
,,2097,2022-06-16T08:00:00Z,25.176,lat,ndbc,LMDF1
,,2098,2022-06-16T09:20:00Z,34.107,lat,ndbc,LMFS1
,,2099,2022-06-16T08:00:00Z,25.556,lat,ndbc,LMRF1
,,2100,2022-06-16T09:00:00Z,37.795,lat,ndbc,LNDC1
,,2101,2022-06-16T09:30:00Z,24.844,lat,ndbc,LONF1
,,2102,2022-06-16T09:02:00Z,28.885,lat,ndbc,LOPL1
,,2103,2022-06-16T09:00:00Z,46.106,lat,ndbc,LOPW1
,,2104,2022-06-16T09:30:00Z,41.481,lat,ndbc,LORO1
,,2105,2022-06-16T09:00:00Z,45.063,lat,ndbc,LPNM4
,,2106,2022-06-16T09:18:00Z,27.881,lat,ndbc,LQAT2
,,2107,2022-06-16T08:00:00Z,25.284,lat,ndbc,LRIF1
,,2108,2022-06-16T07:00:00Z,24.982,lat,ndbc,LRKF1
,,2109,2022-06-16T08:00:00Z,25.235,lat,ndbc,LSNF1
,,2110,2022-06-16T09:18:00Z,17.695,lat,ndbc,LTBV3
,,2111,2022-06-16T09:18:00Z,30.379,lat,ndbc,LTJF1
,,2112,2022-06-16T09:00:00Z,46.486,lat,ndbc,LTRM4
,,2113,2022-06-16T09:18:00Z,29.076,lat,ndbc,LUIT2
,,2114,2022-06-16T09:00:00Z,37.995,lat,ndbc,LWTV2
,,2115,2022-06-16T09:00:00Z,45.777,lat,ndbc,MACM4
,,2116,2022-06-16T09:00:00Z,28.132,lat,ndbc,MAXT2
,,2117,2022-06-16T09:18:00Z,28.422,lat,ndbc,MBET2
,,2118,2022-06-16T09:00:00Z,34.091,lat,ndbc,MBIN7
,,2119,2022-06-16T09:00:00Z,34.171,lat,ndbc,MBNN7
,,2120,2022-06-16T09:18:00Z,30.527,lat,ndbc,MBPA1
,,2121,2022-06-16T09:00:00Z,42.975,lat,ndbc,MBRM4
,,2122,2022-06-16T09:18:00Z,30.649,lat,ndbc,MCGA1
,,2123,2022-06-16T09:00:00Z,46.546,lat,ndbc,MCGM4
,,2124,2022-06-16T09:20:00Z,41.729,lat,ndbc,MCYI3
,,2125,2022-06-16T08:00:00Z,25.289,lat,ndbc,MDKF1
,,2126,2022-06-16T09:00:00Z,43.969,lat,ndbc,MDRM1
,,2127,2022-06-16T08:40:00Z,44.251,lat,ndbc,MEEM4
,,2128,2022-06-16T08:36:00Z,36.605,lat,ndbc,MEYC1
,,2129,2022-06-16T09:18:00Z,17.97,lat,ndbc,MGIP4
,,2130,2022-06-16T09:18:00Z,29.682,lat,ndbc,MGPT2
,,2131,2022-06-16T09:18:00Z,18.218,lat,ndbc,MGZP4
,,2132,2022-06-16T09:18:00Z,27.828,lat,ndbc,MHBT2
,,2133,2022-06-16T09:00:00Z,40.641,lat,ndbc,MHRN6
,,2134,2022-06-16T09:00:00Z,43.784,lat,ndbc,MISM1
,,2135,2022-06-16T09:30:00Z,43.227,lat,ndbc,MKGM4
,,2136,2022-06-16T09:20:00Z,43.005,lat,ndbc,MLWW3
,,2137,2022-06-16T08:00:00Z,25.239,lat,ndbc,MNBF1
,,2138,2022-06-16T09:00:00Z,45.096,lat,ndbc,MNMM4
,,2139,2022-06-16T09:00:00Z,36.778,lat,ndbc,MNPV2
,,2140,2022-06-16T08:36:00Z,21.433,lat,ndbc,MOKH1
,,2141,2022-06-16T09:00:00Z,39.809,lat,ndbc,MRCP1
,,2142,2022-06-16T09:00:00Z,41.544,lat,ndbc,MRHO1
,,2143,2022-06-16T09:30:00Z,61.082,lat,ndbc,MRKA2
,,2144,2022-06-16T09:32:00Z,58.198,lat,ndbc,MRNA2
,,2145,2022-06-16T09:00:00Z,33.656,lat,ndbc,MROS1
,,2146,2022-06-16T09:32:00Z,55.099,lat,ndbc,MRYA2
,,2147,2022-06-16T09:18:00Z,27.661,lat,ndbc,MTBF1
,,2148,2022-06-16T09:00:00Z,41.048,lat,ndbc,MTKN6
,,2149,2022-06-16T08:00:00Z,25.106,lat,ndbc,MUKF1
,,2150,2022-06-16T09:32:00Z,58.364,lat,ndbc,MVXA2
,,2151,2022-06-16T09:32:00Z,58.301,lat,ndbc,MXXA2
,,2152,2022-06-16T09:18:00Z,30.398,lat,ndbc,MYPF1
,,2153,2022-06-16T09:00:00Z,38.035,lat,ndbc,MZXC1
,,2154,2022-06-16T08:40:00Z,46.087,lat,ndbc,NABM4
,,2155,2022-06-16T08:45:00Z,41.637,lat,ndbc,NAXR1
,,2156,2022-06-16T09:00:00Z,40.137,lat,ndbc,NBLP1
,,2157,2022-06-16T09:00:00Z,38.32,lat,ndbc,NCDV2
,,2158,2022-06-16T09:18:00Z,29.726,lat,ndbc,NCHT2
,,2159,2022-06-16T09:00:00Z,48.367,lat,ndbc,NEAW1
,,2160,2022-06-16T09:18:00Z,30.4,lat,ndbc,NFDF1
,,2161,2022-06-16T09:00:00Z,43.077,lat,ndbc,NIAN6
,,2162,2022-06-16T08:45:00Z,33.349,lat,ndbc,NIWS1
,,2163,2022-06-16T08:24:00Z,40.769,lat,ndbc,NJLC1
,,2164,2022-06-16T09:32:00Z,52.972,lat,ndbc,NKLA2
,,2165,2022-06-16T09:00:00Z,60.683,lat,ndbc,NKTA2
,,2166,2022-06-16T09:32:00Z,58.255,lat,ndbc,NKXA2
,,2167,2022-06-16T09:00:00Z,41.361,lat,ndbc,NLNC3
,,2168,2022-06-16T09:00:00Z,64.5,lat,ndbc,NMTA2
,,2169,2022-06-16T08:40:00Z,45.291,lat,ndbc,NPDW3
,,2170,2022-06-16T09:18:00Z,26.132,lat,ndbc,NPSF1
,,2171,2022-06-16T08:30:00Z,41.831,lat,ndbc,NPXN6
,,2172,2022-06-16T08:30:00Z,42.258,lat,ndbc,NREP1
,,2173,2022-06-16T08:00:00Z,25.338,lat,ndbc,NRRF1
,,2174,2022-06-16T08:36:00Z,34.405,lat,ndbc,NTBC1
,,2175,2022-06-16T09:00:00Z,41.285,lat,ndbc,NTKM3
,,2176,2022-06-16T09:12:00Z,27.832,lat,ndbc,NUET2
,,2177,2022-06-16T09:18:00Z,30.027,lat,ndbc,NWCL1
,,2178,2022-06-16T09:00:00Z,41.283,lat,ndbc,NWHC3
,,2179,2022-06-16T09:00:00Z,44.613,lat,ndbc,NWPO3
,,2180,2022-06-16T09:00:00Z,41.504,lat,ndbc,NWPR1
,,2181,2022-06-16T09:00:00Z,21.954,lat,ndbc,NWWH1
,,2182,2022-06-16T09:00:00Z,44.702,lat,ndbc,OBGN6
,,2183,2022-06-16T09:18:00Z,30.705,lat,ndbc,OBLA1
,,2184,2022-06-16T09:00:00Z,37.804,lat,ndbc,OBXC1
,,2185,2022-06-16T09:00:00Z,38.328,lat,ndbc,OCIM2
,,2186,2022-06-16T09:00:00Z,33.72,lat,ndbc,OHBC1
,,2187,2022-06-16T08:00:00Z,41.912,lat,ndbc,OKSI2
,,2188,2022-06-16T09:00:00Z,37.811,lat,ndbc,OKXC1
,,2189,2022-06-16T09:00:00Z,43.341,lat,ndbc,OLCN6
,,2190,2022-06-16T09:00:00Z,52.94,lat,ndbc,OLSA2
,,2191,2022-06-16T09:00:00Z,37.801,lat,ndbc,OMHC1
,,2192,2022-06-16T09:00:00Z,21.303,lat,ndbc,OOUH1
,,2193,2022-06-16T09:18:00Z,27.858,lat,ndbc,OPTF1
,,2194,2022-06-16T09:00:00Z,35.796,lat,ndbc,ORIN7
,,2195,2022-06-16T09:00:00Z,43.464,lat,ndbc,OSGN6
,,2196,2022-06-16T08:00:00Z,46.87,lat,ndbc,OTNM4
,,2197,2022-06-16T09:00:00Z,59.44,lat,ndbc,OVIA2
,,2198,2022-06-16T08:45:00Z,41.378,lat,ndbc,OWXO1
,,2199,2022-06-16T09:18:00Z,30.152,lat,ndbc,PACF1
,,2200,2022-06-16T09:18:00Z,27.634,lat,ndbc,PACT2
,,2201,2022-06-16T09:33:00Z,58.159,lat,ndbc,PAXA2
,,2202,2022-06-16T08:30:00Z,48.464,lat,ndbc,PBFW1
,,2203,2022-06-16T09:10:00Z,58.203,lat,ndbc,PBPA2
,,2204,2022-06-16T09:12:00Z,30.213,lat,ndbc,PCBF1
,,2205,2022-06-16T09:18:00Z,26.072,lat,ndbc,PCGT2
,,2206,2022-06-16T09:18:00Z,30.404,lat,ndbc,PCLF1
,,2207,2022-06-16T09:12:00Z,28.446,lat,ndbc,PCNT2
,,2208,2022-06-16T09:00:00Z,38.056,lat,ndbc,PCOC1
,,2209,2022-06-16T09:00:00Z,41.611,lat,ndbc,PDVR1
,,2210,2022-06-16T09:18:00Z,26.086,lat,ndbc,PEGF1
,,2211,2022-06-16T08:54:00Z,33.735,lat,ndbc,PFDC1
,,2212,2022-06-16T09:00:00Z,33.747,lat,ndbc,PFXC1
,,2213,2022-06-16T09:00:00Z,13.428,lat,ndbc,PGBP7
,,2214,2022-06-16T09:33:00Z,57.016,lat,ndbc,PGXA2
,,2215,2022-06-16T09:00:00Z,39.933,lat,ndbc,PHBP1
,,2216,2022-06-16T09:30:00Z,59.742,lat,ndbc,PILA2
,,2217,2022-06-16T09:18:00Z,29.179,lat,ndbc,PILL1
,,2218,2022-06-16T09:00:00Z,48.223,lat,ndbc,PILM4
,,2219,2022-06-16T09:00:00Z,46.672,lat,ndbc,PKBW3
,,2220,2022-06-16T08:00:00Z,24.918,lat,ndbc,PKYF1
,,2221,2022-06-16T09:00:00Z,56.247,lat,ndbc,PLXA2
,,2222,2022-06-16T09:18:00Z,27.638,lat,ndbc,PMAF1
,,2223,2022-06-16T09:18:00Z,26.559,lat,ndbc,PMNT2
,,2224,2022-06-16T08:40:00Z,46.792,lat,ndbc,PNGW3
,,2225,2022-06-16T09:00:00Z,45.968,lat,ndbc,PNLM4
,,2226,2022-06-16T09:18:00Z,30.368,lat,ndbc,PNLM6
,,2227,2022-06-16T09:00:00Z,42.739,lat,ndbc,PORO3
,,2228,2022-06-16T09:18:00Z,29.867,lat,ndbc,PORT2
,,2229,2022-06-16T09:30:00Z,61.06,lat,ndbc,POTA2
,,2230,2022-06-16T09:00:00Z,38.134,lat,ndbc,PPTM2
,,2231,2022-06-16T09:00:00Z,37.906,lat,ndbc,PPXC1
,,2232,2022-06-16T09:00:00Z,70.4,lat,ndbc,PRDA2
,,2233,2022-06-16T09:00:00Z,33.733,lat,ndbc,PRJC1
,,2234,2022-06-16T09:10:00Z,58.411,lat,ndbc,PRTA2
,,2235,2022-06-16T09:00:00Z,41.605,lat,ndbc,PRUR1
,,2236,2022-06-16T09:00:00Z,37.996,lat,ndbc,PRYC1
,,2237,2022-06-16T09:00:00Z,38.04,lat,ndbc,PSBC1
,,2238,2022-06-16T09:00:00Z,44.905,lat,ndbc,PSBM1
,,2239,2022-06-16T09:00:00Z,43.42,lat,ndbc,PSCM4
,,2240,2022-06-16T09:00:00Z,35.169,lat,ndbc,PSLC1
,,2241,2022-06-16T09:12:00Z,28.932,lat,ndbc,PSTL1
,,2242,2022-06-16T09:00:00Z,42.691,lat,ndbc,PSTN6
,,2243,2022-06-16T09:00:00Z,33.768,lat,ndbc,PSXC1
,,2244,2022-06-16T09:00:00Z,27.826,lat,ndbc,PTAT2
,,2245,2022-06-16T08:36:00Z,48.125,lat,ndbc,PTAW1
,,2246,2022-06-16T09:18:00Z,30.213,lat,ndbc,PTBM6
,,2247,2022-06-16T09:00:00Z,41.638,lat,ndbc,PTCR1
,,2248,2022-06-16T09:00:00Z,34.577,lat,ndbc,PTGC1
,,2249,2022-06-16T09:00:00Z,46.485,lat,ndbc,PTIM4
,,2250,2022-06-16T09:18:00Z,26.061,lat,ndbc,PTIT2
,,2251,2022-06-16T09:32:00Z,58.346,lat,ndbc,PTLA2
,,2252,2022-06-16T09:18:00Z,30.671,lat,ndbc,PTOA1
,,2253,2022-06-16T09:00:00Z,48.111,lat,ndbc,PTWW1
,,2254,2022-06-16T09:00:00Z,41.786,lat,ndbc,PVDR1
,,2255,2022-06-16T08:40:00Z,43.388,lat,ndbc,PWAW3
,,2256,2022-06-16T08:54:00Z,33.764,lat,ndbc,PXAC1
,,2257,2022-06-16T09:00:00Z,37.798,lat,ndbc,PXOC1
,,2258,2022-06-16T09:00:00Z,37.803,lat,ndbc,PXSC1
,,2259,2022-06-16T09:00:00Z,41.586,lat,ndbc,QPTR1
,,2260,2022-06-16T09:00:00Z,46.264,lat,ndbc,RCKM4
,,2261,2022-06-16T09:00:00Z,37.923,lat,ndbc,RCMC1
,,2262,2022-06-16T09:18:00Z,28.024,lat,ndbc,RCPT2
,,2263,2022-06-16T09:00:00Z,43.269,lat,ndbc,RCRN6
,,2264,2022-06-16T09:00:00Z,67.575,lat,ndbc,RDDA2
,,2265,2022-06-16T09:00:00Z,39.558,lat,ndbc,RDYD1
,,2266,2022-06-16T09:32:00Z,58.177,lat,ndbc,RIXA2
,,2267,2022-06-16T08:45:00Z,26.05,lat,ndbc,RKXF1
,,2268,2022-06-16T09:12:00Z,26.262,lat,ndbc,RLIT2
,,2269,2022-06-16T09:18:00Z,29.515,lat,ndbc,RLOT2
,,2270,2022-06-16T09:00:00Z,47.867,lat,ndbc,ROAM4
,,2271,2022-06-16T09:00:00Z,40.657,lat,ndbc,ROBN4
,,2272,2022-06-16T09:00:00Z,37.538,lat,ndbc,RPLV2
,,2273,2022-06-16T09:00:00Z,43.263,lat,ndbc,RPRN6
,,2274,2022-06-16T09:18:00Z,26.801,lat,ndbc,RSJT2
,,2275,2022-06-16T09:18:00Z,27.84,lat,ndbc,RTAT2
,,2276,2022-06-16T09:00:00Z,37.507,lat,ndbc,RTYC1
,,2277,2022-06-16T09:30:00Z,24.456,lat,ndbc,SANF1
,,2278,2022-06-16T09:18:00Z,27.761,lat,ndbc,SAPF1
,,2279,2022-06-16T09:00:00Z,29.857,lat,ndbc,SAUF1
,,2280,2022-06-16T09:00:00Z,31.418,lat,ndbc,SAXG1
,,2281,2022-06-16T09:00:00Z,44.625,lat,ndbc,SBEO3
,,2282,2022-06-16T09:00:00Z,41.629,lat,ndbc,SBIO1
,,2283,2022-06-16T09:00:00Z,43.81,lat,ndbc,SBLM4
,,2284,2022-06-16T09:32:00Z,58.205,lat,ndbc,SCXA2
,,2285,2022-06-16T09:00:00Z,32.714,lat,ndbc,SDBC1
,,2286,2022-06-16T09:00:00Z,40.467,lat,ndbc,SDHN4
,,2287,2022-06-16T09:26:00Z,58.277,lat,ndbc,SDIA2
,,2288,2022-06-16T09:18:00Z,28.407,lat,ndbc,SDRT2
,,2289,2022-06-16T09:00:00Z,43.08,lat,ndbc,SEIM1
,,2290,2022-06-16T08:45:00Z,38.2,lat,ndbc,SFXC1
,,2291,2022-06-16T09:18:00Z,28.771,lat,ndbc,SGNT2
,,2292,2022-06-16T09:00:00Z,43.749,lat,ndbc,SGNW3
,,2293,2022-06-16T09:00:00Z,29.408,lat,ndbc,SGOF1
,,2294,2022-06-16T09:12:00Z,29.868,lat,ndbc,SHBL1
,,2295,2022-06-16T07:54:00Z,30.058,lat,ndbc,SHPF1
,,2296,2022-06-16T09:33:00Z,57.055,lat,ndbc,SHXA2
,,2297,2022-06-16T07:30:00Z,27.862,lat,ndbc,SIPF1
,,2298,2022-06-16T09:22:00Z,58.177,lat,ndbc,SISA2
,,2299,2022-06-16T09:30:00Z,48.321,lat,ndbc,SISW1
,,2300,2022-06-16T09:18:00Z,18.459,lat,ndbc,SJNP4
,,2301,2022-06-16T09:00:00Z,39.305,lat,ndbc,SJSN4
,,2302,2022-06-16T09:12:00Z,27.921,lat,ndbc,SKCF1
,,2303,2022-06-16T09:00:00Z,59.45,lat,ndbc,SKTA2
,,2304,2022-06-16T09:33:00Z,59.448,lat,ndbc,SKXA2
,,2305,2022-06-16T09:00:00Z,38.321,lat,ndbc,SLIM2
,,2306,2022-06-16T08:40:00Z,47.278,lat,ndbc,SLVM5
,,2307,2022-06-16T09:33:00Z,55.34,lat,ndbc,SLXA2
,,2308,2022-06-16T09:30:00Z,24.628,lat,ndbc,SMKF1
,,2309,2022-06-16T09:00:00Z,55.336,lat,ndbc,SNDA2
,,2310,2022-06-16T09:00:00Z,28.215,lat,ndbc,SNDP5
,,2311,2022-06-16T08:30:00Z,43.279,lat,ndbc,SNTO3
,,2312,2022-06-16T09:00:00Z,26.704,lat,ndbc,SPGF1
,,2313,2022-06-16T09:33:00Z,55.616,lat,ndbc,SPXA2
,,2314,2022-06-16T08:00:00Z,25.352,lat,ndbc,SREF1
,,2315,2022-06-16T09:00:00Z,29.683,lat,ndbc,SRST2
,,2316,2022-06-16T08:35:00Z,33.838,lat,ndbc,SSBN7
,,2317,2022-06-16T09:00:00Z,47.184,lat,ndbc,STDM4
,,2318,2022-06-16T09:33:00Z,57.116,lat,ndbc,STXA2
,,2319,2022-06-16T09:30:00Z,42.401,lat,ndbc,SVNM4
,,2320,2022-06-16T09:00:00Z,60.12,lat,ndbc,SWLA2
,,2321,2022-06-16T09:00:00Z,46.501,lat,ndbc,SWPM4
,,2322,2022-06-16T09:00:00Z,36.943,lat,ndbc,SWPV2
,,2323,2022-06-16T08:40:00Z,46.563,lat,ndbc,SXHW3
,,2324,2022-06-16T09:33:00Z,55.315,lat,ndbc,SXXA2
,,2325,2022-06-16T09:18:00Z,27.815,lat,ndbc,TAQT2
,,2326,2022-06-16T08:40:00Z,44.254,lat,ndbc,TAWM4
,,2327,2022-06-16T09:00:00Z,45.035,lat,ndbc,TBIM4
,,2328,2022-06-16T08:00:00Z,25.155,lat,ndbc,TBYF1
,,2329,2022-06-16T09:00:00Z,39.213,lat,ndbc,TCBM2
,,2330,2022-06-16T09:00:00Z,47.276,lat,ndbc,TCMW1
,,2331,2022-06-16T09:00:00Z,47.267,lat,ndbc,TCNW1
,,2332,2022-06-16T08:00:00Z,25.213,lat,ndbc,TCVF1
,,2333,2022-06-16T09:00:00Z,41.055,lat,ndbc,TDPC1
,,2334,2022-06-16T09:18:00Z,29.668,lat,ndbc,TESL1
,,2335,2022-06-16T09:00:00Z,65.698,lat,ndbc,TFBLK
,,2336,2022-06-16T09:00:00Z,41.826,lat,ndbc,THLO1
,,2337,2022-06-16T07:00:00Z,25.203,lat,ndbc,THRF1
,,2338,2022-06-16T09:00:00Z,41.694,lat,ndbc,THRO1
,,2339,2022-06-16T08:17:00Z,37.892,lat,ndbc,TIBC1
,,2340,2022-06-16T08:45:00Z,32.575,lat,ndbc,TIXC1
,,2341,2022-06-16T09:32:00Z,57.779,lat,ndbc,TKEA2
,,2342,2022-06-16T09:00:00Z,42.014,lat,ndbc,TKPN6
,,2343,2022-06-16T09:00:00Z,45.555,lat,ndbc,TLBO3
,,2344,2022-06-16T09:18:00Z,27.819,lat,ndbc,TLVT2
,,2345,2022-06-16T09:00:00Z,46.707,lat,ndbc,TOKW1
,,2346,2022-06-16T08:00:00Z,25.41,lat,ndbc,TPEF1
,,2347,2022-06-16T09:00:00Z,38.899,lat,ndbc,TPLM2
,,2348,2022-06-16T09:18:00Z,28.416,lat,ndbc,TRDF1
,,2349,2022-06-16T08:00:00Z,25.217,lat,ndbc,TRRF1
,,2350,2022-06-16T09:20:00Z,41.699,lat,ndbc,TWCO1
,,2351,2022-06-16T09:18:00Z,29.689,lat,ndbc,TXPT2
,,2352,2022-06-16T09:18:00Z,27.813,lat,ndbc,TXVT2
,,2353,2022-06-16T09:00:00Z,63.872,lat,ndbc,ULRA2
,,2354,2022-06-16T09:00:00Z,53.88,lat,ndbc,UNLA2
,,2355,2022-06-16T09:00:00Z,38.038,lat,ndbc,UPBC1
,,2356,2022-06-16T09:18:00Z,27.838,lat,ndbc,UTVT2
,,2357,2022-06-16T09:12:00Z,25.731,lat,ndbc,VAKF1
,,2358,2022-06-16T09:18:00Z,24.711,lat,ndbc,VCAF1
,,2359,2022-06-16T09:18:00Z,28.64,lat,ndbc,VCAT2
,,2360,2022-06-16T09:00:00Z,57.125,lat,ndbc,VCVA2
,,2361,2022-06-16T09:00:00Z,61.125,lat,ndbc,VDZA2
,,2362,2022-06-16T09:00:00Z,27.072,lat,ndbc,VENF1
,,2363,2022-06-16T09:18:00Z,27.841,lat,ndbc,VTBT2
,,2364,2022-06-16T09:00:00Z,37.608,lat,ndbc,WAHV2
,,2365,2022-06-16T09:00:00Z,19.291,lat,ndbc,WAKP8
,,2366,2022-06-16T09:00:00Z,38.873,lat,ndbc,WASD2
,,2367,2022-06-16T09:30:00Z,34.335,lat,ndbc,WATS1
,,2368,2022-06-16T08:45:00Z,41.582,lat,ndbc,WAXM3
,,2369,2022-06-16T09:33:00Z,55.402,lat,ndbc,WCXA2
,,2370,2022-06-16T09:00:00Z,36.977,lat,ndbc,WDSV2
,,2371,2022-06-16T09:00:00Z,43.32,lat,ndbc,WELM1
,,2372,2022-06-16T09:00:00Z,43.337,lat,ndbc,WEXM1
,,2373,2022-06-16T08:40:00Z,46.76,lat,ndbc,WFPM4
,,2374,2022-06-16T08:00:00Z,42.361,lat,ndbc,WHRI2
,,2375,2022-06-16T08:00:00Z,25.587,lat,ndbc,WIWF1
,,2376,2022-06-16T08:45:00Z,30.421,lat,ndbc,WKXA1
,,2377,2022-06-16T09:00:00Z,34.228,lat,ndbc,WLON7
,,2378,2022-06-16T09:00:00Z,46.285,lat,ndbc,WNEM4
,,2379,2022-06-16T08:00:00Z,25.71,lat,ndbc,WPLF1
,,2380,2022-06-16T09:00:00Z,47.662,lat,ndbc,WPOW1
,,2381,2022-06-16T08:36:00Z,46.904,lat,ndbc,WPTW1
,,2382,2022-06-16T08:00:00Z,25.072,lat,ndbc,WRBF1
,,2383,2022-06-16T09:00:00Z,45.842,lat,ndbc,WSLM4
,,2384,2022-06-16T07:00:00Z,25.232,lat,ndbc,WWEF1
,,2385,2022-06-16T09:18:00Z,30.326,lat,ndbc,WYCM6
,,2386,2022-06-16T09:00:00Z,59.548,lat,ndbc,YATA2
,,2387,2022-06-16T09:00:00Z,37.251,lat,ndbc,YKRV2
,,2388,2022-06-16T09:00:00Z,37.227,lat,ndbc,YKTV2
,,2389,2022-06-16T08:30:00Z,37.414,lat,ndbc,YRSV2
,,2390,2022-06-16T07:00:00Z,-23,lon,ndbc,13001
,,2391,2022-06-16T07:00:00Z,-23,lon,ndbc,13002
,,2392,2022-06-16T07:00:00Z,-38,lon,ndbc,13008
,,2393,2022-06-16T07:00:00Z,67,lon,ndbc,14040
,,2394,2022-06-16T07:00:00Z,67,lon,ndbc,14043
,,2395,2022-06-16T07:00:00Z,-10,lon,ndbc,15001
,,2396,2022-06-16T09:00:00Z,-10,lon,ndbc,15002
,,2397,2022-06-16T07:00:00Z,-10,lon,ndbc,15006
,,2398,2022-06-16T09:00:00Z,126.02,lon,ndbc,22101
,,2399,2022-06-16T09:00:00Z,125.78,lon,ndbc,22102
,,2400,2022-06-16T09:00:00Z,127.5,lon,ndbc,22103
,,2401,2022-06-16T09:00:00Z,128.9,lon,ndbc,22104
,,2402,2022-06-16T09:00:00Z,130,lon,ndbc,22105
,,2403,2022-06-16T09:00:00Z,129.78,lon,ndbc,22106
,,2404,2022-06-16T09:00:00Z,126.03,lon,ndbc,22107
,,2405,2022-06-16T09:00:00Z,125.75,lon,ndbc,22108
,,2406,2022-06-16T08:00:00Z,-34,lon,ndbc,31005
,,2407,2022-06-16T07:00:00Z,-23,lon,ndbc,31006
,,2408,2022-06-16T07:00:00Z,-23,lon,ndbc,31007
,,2409,2022-06-16T08:30:00Z,-85,lon,ndbc,32ST0
,,2410,2022-06-16T09:20:00Z,-72.248,lon,ndbc,41001
,,2411,2022-06-16T09:20:00Z,-74.936,lon,ndbc,41002
,,2412,2022-06-16T09:20:00Z,-79.099,lon,ndbc,41004
,,2413,2022-06-16T08:50:00Z,-80.866,lon,ndbc,41008
,,2414,2022-06-16T09:20:00Z,-80.185,lon,ndbc,41009
,,2415,2022-06-16T09:20:00Z,-78.485,lon,ndbc,41010
,,2416,2022-06-16T09:20:00Z,-77.764,lon,ndbc,41013
,,2417,2022-06-16T09:08:00Z,-78.477,lon,ndbc,41024
,,2418,2022-06-16T09:20:00Z,-75.454,lon,ndbc,41025
,,2419,2022-06-16T09:08:00Z,-79.624,lon,ndbc,41029
,,2420,2022-06-16T07:08:00Z,-80.406,lon,ndbc,41033
,,2421,2022-06-16T09:08:00Z,-77.362,lon,ndbc,41037
,,2422,2022-06-16T08:08:00Z,-77.715,lon,ndbc,41038
,,2423,2022-06-16T09:20:00Z,-53.329,lon,ndbc,41040
,,2424,2022-06-16T09:20:00Z,-64.793,lon,ndbc,41043
,,2425,2022-06-16T09:20:00Z,-58.63,lon,ndbc,41044
,,2426,2022-06-16T09:20:00Z,-68.384,lon,ndbc,41046
,,2427,2022-06-16T09:20:00Z,-71.452,lon,ndbc,41047
,,2428,2022-06-16T09:20:00Z,-69.573,lon,ndbc,41048
,,2429,2022-06-16T09:20:00Z,-62.938,lon,ndbc,41049
,,2430,2022-06-16T09:00:00Z,-64.763,lon,ndbc,41052
,,2431,2022-06-16T09:00:00Z,-66.099,lon,ndbc,41053
,,2432,2022-06-16T09:08:00Z,-76.949,lon,ndbc,41064
,,2433,2022-06-16T08:35:00Z,-79.619,lon,ndbc,41065
,,2434,2022-06-16T09:08:00Z,-79.656,lon,ndbc,41066
,,2435,2022-06-16T09:17:00Z,-79.659,lon,ndbc,41076
,,2436,2022-06-16T09:00:00Z,-78.016,lon,ndbc,41108
,,2437,2022-06-16T08:56:00Z,-77.715,lon,ndbc,41110
,,2438,2022-06-16T09:00:00Z,-81.292,lon,ndbc,41112
,,2439,2022-06-16T08:56:00Z,-80.533,lon,ndbc,41113
,,2440,2022-06-16T08:56:00Z,-80.217,lon,ndbc,41114
,,2441,2022-06-16T08:56:00Z,-67.28,lon,ndbc,41115
,,2442,2022-06-16T09:00:00Z,-81.08,lon,ndbc,41117
,,2443,2022-06-16T08:56:00Z,-75.286,lon,ndbc,41120
,,2444,2022-06-16T09:26:00Z,-66.701,lon,ndbc,41121
,,2445,2022-06-16T09:00:00Z,-38,lon,ndbc,41139
,,2446,2022-06-16T08:30:00Z,-51,lon,ndbc,41NT0
,,2447,2022-06-16T09:20:00Z,-93.646,lon,ndbc,42002
,,2448,2022-06-16T09:20:00Z,-87.548,lon,ndbc,42012
,,2449,2022-06-16T08:30:00Z,-82.924,lon,ndbc,42013
,,2450,2022-06-16T09:20:00Z,-95.345,lon,ndbc,42019
,,2451,2022-06-16T09:20:00Z,-96.693,lon,ndbc,42020
,,2452,2022-06-16T08:30:00Z,-83.741,lon,ndbc,42022
,,2453,2022-06-16T08:30:00Z,-83.086,lon,ndbc,42023
,,2454,2022-06-16T08:30:00Z,-83.475,lon,ndbc,42026
,,2455,2022-06-16T09:20:00Z,-94.413,lon,ndbc,42035
,,2456,2022-06-16T09:20:00Z,-84.508,lon,ndbc,42036
,,2457,2022-06-16T09:20:00Z,-86.007,lon,ndbc,42039
,,2458,2022-06-16T09:20:00Z,-88.237,lon,ndbc,42040
,,2459,2022-06-16T09:20:00Z,-93.941,lon,ndbc,42055
,,2460,2022-06-16T09:20:00Z,-84.945,lon,ndbc,42056
,,2461,2022-06-16T09:20:00Z,-67.483,lon,ndbc,42059
,,2462,2022-06-16T09:20:00Z,-63.329,lon,ndbc,42060
,,2463,2022-06-16T08:30:00Z,-66.532,lon,ndbc,42085
,,2464,2022-06-16T09:00:00Z,-81.967,lon,ndbc,42095
,,2465,2022-06-16T08:56:00Z,-83.65,lon,ndbc,42097
,,2466,2022-06-16T09:26:00Z,-84.275,lon,ndbc,42099
,,2467,2022-06-16T08:50:00Z,-69.127,lon,ndbc,44005
,,2468,2022-06-16T09:20:00Z,-70.14,lon,ndbc,44007
,,2469,2022-06-16T09:20:00Z,-69.25,lon,ndbc,44008
,,2470,2022-06-16T09:20:00Z,-74.692,lon,ndbc,44009
,,2471,2022-06-16T09:20:00Z,-66.562,lon,ndbc,44011
,,2472,2022-06-16T09:20:00Z,-70.651,lon,ndbc,44013
,,2473,2022-06-16T09:20:00Z,-74.842,lon,ndbc,44014
,,2474,2022-06-16T09:20:00Z,-72.049,lon,ndbc,44017
,,2475,2022-06-16T09:20:00Z,-70.154,lon,ndbc,44018
,,2476,2022-06-16T09:20:00Z,-70.279,lon,ndbc,44020
,,2477,2022-06-16T09:15:00Z,-73.728,lon,ndbc,44022
,,2478,2022-06-16T09:20:00Z,-73.164,lon,ndbc,44025
,,2479,2022-06-16T08:50:00Z,-67.3,lon,ndbc,44027
,,2480,2022-06-16T08:04:00Z,-70.566,lon,ndbc,44029
,,2481,2022-06-16T08:04:00Z,-70.426,lon,ndbc,44030
,,2482,2022-06-16T08:04:00Z,-69.355,lon,ndbc,44032
,,2483,2022-06-16T08:04:00Z,-68.996,lon,ndbc,44033
,,2484,2022-06-16T08:04:00Z,-68.112,lon,ndbc,44034
,,2485,2022-06-16T08:04:00Z,-67.876,lon,ndbc,44037
,,2486,2022-06-16T09:15:00Z,-73.58,lon,ndbc,44040
,,2487,2022-06-16T09:18:00Z,-76.787,lon,ndbc,44041
,,2488,2022-06-16T09:12:00Z,-76.335,lon,ndbc,44042
,,2489,2022-06-16T08:56:00Z,-75.714,lon,ndbc,44056
,,2490,2022-06-16T09:12:00Z,-76.257,lon,ndbc,44058
,,2491,2022-06-16T09:12:00Z,-76.415,lon,ndbc,44062
,,2492,2022-06-16T09:12:00Z,-76.448,lon,ndbc,44063
,,2493,2022-06-16T09:18:00Z,-76.087,lon,ndbc,44064
,,2494,2022-06-16T09:20:00Z,-73.703,lon,ndbc,44065
,,2495,2022-06-16T09:20:00Z,-72.65,lon,ndbc,44066
,,2496,2022-06-16T09:00:00Z,-73.087,lon,ndbc,44069
,,2497,2022-06-16T09:18:00Z,-76.266,lon,ndbc,44072
,,2498,2022-06-16T09:26:00Z,-75.421,lon,ndbc,44086
,,2499,2022-06-16T09:00:00Z,-74.841,lon,ndbc,44088
,,2500,2022-06-16T09:26:00Z,-75.325,lon,ndbc,44089
,,2501,2022-06-16T08:56:00Z,-70.329,lon,ndbc,44090
,,2502,2022-06-16T08:56:00Z,-73.77,lon,ndbc,44091
,,2503,2022-06-16T09:26:00Z,-75.33,lon,ndbc,44095
,,2504,2022-06-16T09:26:00Z,-71.126,lon,ndbc,44097
,,2505,2022-06-16T09:26:00Z,-70.171,lon,ndbc,44098
,,2506,2022-06-16T08:56:00Z,-75.722,lon,ndbc,44099
,,2507,2022-06-16T09:00:00Z,-62.03,lon,ndbc,44137
,,2508,2022-06-16T09:00:00Z,-57.1,lon,ndbc,44139
,,2509,2022-06-16T09:00:00Z,-64.02,lon,ndbc,44150
,,2510,2022-06-16T09:00:00Z,-63.4,lon,ndbc,44258
,,2511,2022-06-16T09:00:00Z,-60.95,lon,ndbc,44488
,,2512,2022-06-16T09:00:00Z,-61.14,lon,ndbc,44489
,,2513,2022-06-16T09:00:00Z,-66.37,lon,ndbc,44490
,,2514,2022-06-16T09:30:00Z,-87.793,lon,ndbc,45001
,,2515,2022-06-16T09:30:00Z,-86.411,lon,ndbc,45002
,,2516,2022-06-16T09:30:00Z,-82.84,lon,ndbc,45003
,,2517,2022-06-16T09:30:00Z,-86.585,lon,ndbc,45004
,,2518,2022-06-16T09:30:00Z,-82.398,lon,ndbc,45005
,,2519,2022-06-16T09:30:00Z,-89.793,lon,ndbc,45006
,,2520,2022-06-16T09:30:00Z,-87.026,lon,ndbc,45007
,,2521,2022-06-16T09:30:00Z,-82.416,lon,ndbc,45008
,,2522,2022-06-16T09:30:00Z,-77.401,lon,ndbc,45012
,,2523,2022-06-16T09:40:00Z,-85.087,lon,ndbc,45022
,,2524,2022-06-16T09:30:00Z,-86.556,lon,ndbc,45024
,,2525,2022-06-16T09:40:00Z,-88.398,lon,ndbc,45025
,,2526,2022-06-16T09:30:00Z,-86.619,lon,ndbc,45026
,,2527,2022-06-16T09:30:00Z,-91.93,lon,ndbc,45027
,,2528,2022-06-16T09:30:00Z,-91.829,lon,ndbc,45028
,,2529,2022-06-16T09:30:00Z,-86.272,lon,ndbc,45029
,,2530,2022-06-16T09:00:00Z,-81.22,lon,ndbc,45132
,,2531,2022-06-16T09:00:00Z,-76.87,lon,ndbc,45135
,,2532,2022-06-16T09:00:00Z,-86.95,lon,ndbc,45136
,,2533,2022-06-16T09:00:00Z,-81.02,lon,ndbc,45137
,,2534,2022-06-16T09:00:00Z,-79.53,lon,ndbc,45139
,,2535,2022-06-16T09:00:00Z,-79.29,lon,ndbc,45142
,,2536,2022-06-16T09:00:00Z,-80.627,lon,ndbc,45143
,,2537,2022-06-16T09:00:00Z,-82.08,lon,ndbc,45149
,,2538,2022-06-16T09:00:00Z,-79.37,lon,ndbc,45151
,,2539,2022-06-16T09:00:00Z,-79.72,lon,ndbc,45152
,,2540,2022-06-16T09:00:00Z,-82.64,lon,ndbc,45154
,,2541,2022-06-16T09:00:00Z,-78.98,lon,ndbc,45159
,,2542,2022-06-16T09:20:00Z,-86.36,lon,ndbc,45161
,,2543,2022-06-16T09:20:00Z,-83.27,lon,ndbc,45162
,,2544,2022-06-16T09:00:00Z,-83.596,lon,ndbc,45163
,,2545,2022-06-16T09:00:00Z,-81.698,lon,ndbc,45164
,,2546,2022-06-16T09:30:00Z,-83.261,lon,ndbc,45165
,,2547,2022-06-16T09:00:00Z,-80.135,lon,ndbc,45167
,,2548,2022-06-16T09:30:00Z,-86.331,lon,ndbc,45168
,,2549,2022-06-16T09:20:00Z,-86.968,lon,ndbc,45170
,,2550,2022-06-16T09:30:00Z,-87.655,lon,ndbc,45174
,,2551,2022-06-16T09:35:00Z,-84.772,lon,ndbc,45175
,,2552,2022-06-16T09:30:00Z,-81.765,lon,ndbc,45176
,,2553,2022-06-16T09:26:00Z,-87.73,lon,ndbc,45180
,,2554,2022-06-16T09:30:00Z,-85.831,lon,ndbc,45183
,,2555,2022-06-16T09:30:00Z,-87.795,lon,ndbc,45186
,,2556,2022-06-16T09:30:00Z,-87.779,lon,ndbc,45187
,,2557,2022-06-16T09:00:00Z,-84.792,lon,ndbc,45194
,,2558,2022-06-16T09:00:00Z,-73.339,lon,ndbc,45195
,,2559,2022-06-16T09:20:00Z,-81.88,lon,ndbc,45196
,,2560,2022-06-16T09:20:00Z,-81.617,lon,ndbc,45197
,,2561,2022-06-16T09:30:00Z,-87.563,lon,ndbc,45198
,,2562,2022-06-16T09:20:00Z,-148.057,lon,ndbc,46001
,,2563,2022-06-16T09:20:00Z,-130.507,lon,ndbc,46002
,,2564,2022-06-16T09:00:00Z,-136.1,lon,ndbc,46004
,,2565,2022-06-16T09:20:00Z,-131.079,lon,ndbc,46005
,,2566,2022-06-16T09:20:00Z,-137.377,lon,ndbc,46006
,,2567,2022-06-16T09:30:00Z,-121.019,lon,ndbc,46011
,,2568,2022-06-16T09:30:00Z,-122.881,lon,ndbc,46012
,,2569,2022-06-16T09:30:00Z,-123.317,lon,ndbc,46013
,,2570,2022-06-16T09:30:00Z,-123.974,lon,ndbc,46014
,,2571,2022-06-16T09:30:00Z,-124.844,lon,ndbc,46015
,,2572,2022-06-16T09:30:00Z,-124.527,lon,ndbc,46022
,,2573,2022-06-16T09:30:00Z,-119.045,lon,ndbc,46025
,,2574,2022-06-16T09:30:00Z,-122.839,lon,ndbc,46026
,,2575,2022-06-16T09:30:00Z,-124.382,lon,ndbc,46027
,,2576,2022-06-16T09:30:00Z,-121.903,lon,ndbc,46028
,,2577,2022-06-16T09:30:00Z,-124.487,lon,ndbc,46029
,,2578,2022-06-16T08:50:00Z,-177.703,lon,ndbc,46035
,,2579,2022-06-16T09:00:00Z,-133.94,lon,ndbc,46036
,,2580,2022-06-16T09:30:00Z,-122.396,lon,ndbc,46042
,,2581,2022-06-16T09:20:00Z,-119.525,lon,ndbc,46047
,,2582,2022-06-16T09:30:00Z,-124.546,lon,ndbc,46050
,,2583,2022-06-16T09:30:00Z,-119.839,lon,ndbc,46053
,,2584,2022-06-16T09:30:00Z,-120.468,lon,ndbc,46054
,,2585,2022-06-16T09:20:00Z,-129.967,lon,ndbc,46059
,,2586,2022-06-16T08:50:00Z,-146.787,lon,ndbc,46060
,,2587,2022-06-16T08:50:00Z,-146.833,lon,ndbc,46061
,,2588,2022-06-16T09:20:00Z,-155.009,lon,ndbc,46066
,,2589,2022-06-16T09:20:00Z,-172.114,lon,ndbc,46072
,,2590,2022-06-16T08:50:00Z,-172.012,lon,ndbc,46073
,,2591,2022-06-16T09:20:00Z,-160.794,lon,ndbc,46075
,,2592,2022-06-16T09:20:00Z,-148.009,lon,ndbc,46076
,,2593,2022-06-16T08:50:00Z,-154.211,lon,ndbc,46077
,,2594,2022-06-16T09:20:00Z,-152.603,lon,ndbc,46078
,,2595,2022-06-16T08:50:00Z,-150.042,lon,ndbc,46080
,,2596,2022-06-16T08:50:00Z,-148.283,lon,ndbc,46081
,,2597,2022-06-16T08:50:00Z,-143.353,lon,ndbc,46082
,,2598,2022-06-16T08:50:00Z,-138.019,lon,ndbc,46083
,,2599,2022-06-16T09:20:00Z,-136.102,lon,ndbc,46084
,,2600,2022-06-16T09:20:00Z,-142.876,lon,ndbc,46085
,,2601,2022-06-16T09:30:00Z,-118.052,lon,ndbc,46086
,,2602,2022-06-16T09:20:00Z,-125.793,lon,ndbc,46089
,,2603,2022-06-16T09:16:00Z,-122.029,lon,ndbc,46092
,,2604,2022-06-16T08:30:00Z,-124.127,lon,ndbc,46096
,,2605,2022-06-16T07:50:00Z,-124.304,lon,ndbc,46097
,,2606,2022-06-16T07:40:00Z,-124.956,lon,ndbc,46098
,,2607,2022-06-16T06:50:00Z,-124.566,lon,ndbc,46099
,,2608,2022-06-16T07:20:00Z,-124.972,lon,ndbc,46100
,,2609,2022-06-16T09:00:00Z,-151.829,lon,ndbc,46108
,,2610,2022-06-16T08:56:00Z,-122.343,lon,ndbc,46114
,,2611,2022-06-16T09:20:00Z,-122.397,lon,ndbc,46120
,,2612,2022-06-16T09:20:00Z,-122.73,lon,ndbc,46121
,,2613,2022-06-16T08:50:00Z,-122.627,lon,ndbc,46125
,,2614,2022-06-16T09:00:00Z,-124.538,lon,ndbc,46128
,,2615,2022-06-16T09:00:00Z,-124.98,lon,ndbc,46131
,,2616,2022-06-16T09:00:00Z,-127.89,lon,ndbc,46132
,,2617,2022-06-16T09:00:00Z,-132.42,lon,ndbc,46145
,,2618,2022-06-16T09:00:00Z,-123.73,lon,ndbc,46146
,,2619,2022-06-16T09:00:00Z,-131.22,lon,ndbc,46147
,,2620,2022-06-16T09:00:00Z,-128.83,lon,ndbc,46181
,,2621,2022-06-16T09:00:00Z,-131.1,lon,ndbc,46183
,,2622,2022-06-16T09:00:00Z,-129.79,lon,ndbc,46185
,,2623,2022-06-16T09:00:00Z,-128.77,lon,ndbc,46204
,,2624,2022-06-16T09:00:00Z,-134.32,lon,ndbc,46205
,,2625,2022-06-16T09:00:00Z,-126,lon,ndbc,46206
,,2626,2022-06-16T09:00:00Z,-129.92,lon,ndbc,46207
,,2627,2022-06-16T09:26:00Z,-124.244,lon,ndbc,46211
,,2628,2022-06-16T09:26:00Z,-124.732,lon,ndbc,46213
,,2629,2022-06-16T09:26:00Z,-123.463,lon,ndbc,46214
,,2630,2022-06-16T09:26:00Z,-120.859,lon,ndbc,46215
,,2631,2022-06-16T09:26:00Z,-120.78,lon,ndbc,46218
,,2632,2022-06-16T08:56:00Z,-119.872,lon,ndbc,46219
,,2633,2022-06-16T09:26:00Z,-118.641,lon,ndbc,46221
,,2634,2022-06-16T09:26:00Z,-118.317,lon,ndbc,46222
,,2635,2022-06-16T09:26:00Z,-117.472,lon,ndbc,46224
,,2636,2022-06-16T09:26:00Z,-117.391,lon,ndbc,46225
,,2637,2022-06-16T09:26:00Z,-124.549,lon,ndbc,46229
,,2638,2022-06-16T08:56:00Z,-117.425,lon,ndbc,46232
,,2639,2022-06-16T09:26:00Z,-117.169,lon,ndbc,46235
,,2640,2022-06-16T08:30:00Z,-122.632,lon,ndbc,46237
,,2641,2022-06-16T09:26:00Z,-122.104,lon,ndbc,46239
,,2642,2022-06-16T09:26:00Z,-124.128,lon,ndbc,46243
,,2643,2022-06-16T09:26:00Z,-124.357,lon,ndbc,46244
,,2644,2022-06-16T08:26:00Z,-145.205,lon,ndbc,46246
,,2645,2022-06-16T09:26:00Z,-124.644,lon,ndbc,46248
,,2646,2022-06-16T08:56:00Z,-119.565,lon,ndbc,46251
,,2647,2022-06-16T09:26:00Z,-118.181,lon,ndbc,46253
,,2648,2022-06-16T09:26:00Z,-117.267,lon,ndbc,46254
,,2649,2022-06-16T09:26:00Z,-118.201,lon,ndbc,46256
,,2650,2022-06-16T08:56:00Z,-117.501,lon,ndbc,46258
,,2651,2022-06-16T09:26:00Z,-121.498,lon,ndbc,46259
,,2652,2022-06-16T09:00:00Z,-117.279,lon,ndbc,46266
,,2653,2022-06-16T09:00:00Z,-123.607,lon,ndbc,46267
,,2654,2022-06-16T09:00:00Z,-118.578,lon,ndbc,46268
,,2655,2022-06-16T09:00:00Z,-122.034,lon,ndbc,46269
,,2656,2022-06-16T09:00:00Z,-123.43,lon,ndbc,46303
,,2657,2022-06-16T09:00:00Z,-123.36,lon,ndbc,46304
,,2658,2022-06-16T09:20:00Z,-153.792,lon,ndbc,51000
,,2659,2022-06-16T09:20:00Z,-162.008,lon,ndbc,51001
,,2660,2022-06-16T09:20:00Z,-157.746,lon,ndbc,51002
,,2661,2022-06-16T09:20:00Z,-160.639,lon,ndbc,51003
,,2662,2022-06-16T09:20:00Z,-152.23,lon,ndbc,51004
,,2663,2022-06-16T09:20:00Z,-162.081,lon,ndbc,51101
,,2664,2022-06-16T08:56:00Z,-158.117,lon,ndbc,51201
,,2665,2022-06-16T08:56:00Z,-157.68,lon,ndbc,51202
,,2666,2022-06-16T09:15:00Z,-154.97,lon,ndbc,51206
,,2667,2022-06-16T08:56:00Z,-157.752,lon,ndbc,51207
,,2668,2022-06-16T08:56:00Z,-159.574,lon,ndbc,51208
,,2669,2022-06-16T08:56:00Z,-170.5,lon,ndbc,51209
,,2670,2022-06-16T09:00:00Z,-157.959,lon,ndbc,51211
,,2671,2022-06-16T09:00:00Z,-158.149,lon,ndbc,51212
,,2672,2022-06-16T08:30:00Z,-158,lon,ndbc,51WH0
,,2673,2022-06-16T08:56:00Z,144.788,lon,ndbc,52200
,,2674,2022-06-16T08:56:00Z,144.806,lon,ndbc,52202
,,2675,2022-06-16T08:56:00Z,145.662,lon,ndbc,52211
,,2676,2022-06-16T09:00:00Z,134.671,lon,ndbc,52212
,,2677,2022-06-16T07:00:00Z,81,lon,ndbc,53006
,,2678,2022-06-16T09:00:00Z,-12.43,lon,ndbc,62029
,,2679,2022-06-16T09:00:00Z,-4.4,lon,ndbc,62050
,,2680,2022-06-16T09:00:00Z,-13.55,lon,ndbc,62081
,,2681,2022-06-16T09:00:00Z,-2.9,lon,ndbc,62103
,,2682,2022-06-16T09:00:00Z,-6.1,lon,ndbc,62107
,,2683,2022-06-16T09:00:00Z,0,lon,ndbc,62114
,,2684,2022-06-16T09:00:00Z,2.7,lon,ndbc,62121
,,2685,2022-06-16T09:00:00Z,-3.6,lon,ndbc,62124
,,2686,2022-06-16T09:00:00Z,0.7,lon,ndbc,62127
,,2687,2022-06-16T09:00:00Z,1.3,lon,ndbc,62130
,,2688,2022-06-16T09:00:00Z,1.6,lon,ndbc,62135
,,2689,2022-06-16T09:00:00Z,1.7,lon,ndbc,62144
,,2690,2022-06-16T09:00:00Z,2.8,lon,ndbc,62145
,,2691,2022-06-16T09:00:00Z,2.1,lon,ndbc,62146
,,2692,2022-06-16T09:00:00Z,1.5,lon,ndbc,62148
,,2693,2022-06-16T09:00:00Z,1.1,lon,ndbc,62149
,,2694,2022-06-16T09:00:00Z,-8.47,lon,ndbc,62163
,,2695,2022-06-16T09:00:00Z,0.8,lon,ndbc,62164
,,2696,2022-06-16T09:00:00Z,1.1,lon,ndbc,62165
,,2697,2022-06-16T09:00:00Z,2,lon,ndbc,62170
,,2698,2022-06-16T09:00:00Z,1.8,lon,ndbc,62304
,,2699,2022-06-16T09:00:00Z,0,lon,ndbc,62305
,,2700,2022-06-16T09:00:00Z,-16.5,lon,ndbc,62442
,,2701,2022-06-16T09:00:00Z,1.5,lon,ndbc,63110
,,2702,2022-06-16T09:00:00Z,1,lon,ndbc,63112
,,2703,2022-06-16T09:00:00Z,1.3,lon,ndbc,63115
,,2704,2022-06-16T09:00:00Z,1.1,lon,ndbc,63117
,,2705,2022-06-16T09:00:00Z,-11.79,lon,ndbc,64045
,,2706,2022-06-16T09:00:00Z,-122.3,lon,ndbc,AAMC1
,,2707,2022-06-16T08:45:00Z,-80.454,lon,ndbc,ACXS1
,,2708,2022-06-16T09:00:00Z,-74.418,lon,ndbc,ACYN4
,,2709,2022-06-16T09:00:00Z,-176.637,lon,ndbc,ADKA2
,,2710,2022-06-16T09:00:00Z,-82.527,lon,ndbc,AGCM4
,,2711,2022-06-16T08:54:00Z,-118.246,lon,ndbc,AGXC1
,,2712,2022-06-16T09:00:00Z,-154.247,lon,ndbc,ALIA2
,,2713,2022-06-16T09:00:00Z,-75.934,lon,ndbc,ALXN6
,,2714,2022-06-16T09:30:00Z,-151.952,lon,ndbc,AMAA2
,,2715,2022-06-16T09:18:00Z,-91.338,lon,ndbc,AMRL1
,,2716,2022-06-16T08:30:00Z,-73.917,lon,ndbc,ANMN6
,,2717,2022-06-16T09:18:00Z,-97.039,lon,ndbc,ANPT2
,,2718,2022-06-16T09:00:00Z,-123.711,lon,ndbc,ANVC1
,,2719,2022-06-16T09:00:00Z,-76.479,lon,ndbc,APAM2
,,2720,2022-06-16T09:18:00Z,-84.98,lon,ndbc,APCF1
,,2721,2022-06-16T09:30:00Z,-83.424,lon,ndbc,APNM4
,,2722,2022-06-16T09:00:00Z,144.657,lon,ndbc,APRP7
,,2723,2022-06-16T08:45:00Z,-84.881,lon,ndbc,APXF1
,,2724,2022-06-16T09:12:00Z,-66.702,lon,ndbc,AROP4
,,2725,2022-06-16T07:54:00Z,-82.667,lon,ndbc,ARPF1
,,2726,2022-06-16T09:00:00Z,-123.768,lon,ndbc,ASTO3
,,2727,2022-06-16T09:00:00Z,-68.204,lon,ndbc,ATGM1
,,2728,2022-06-16T09:00:00Z,-174.173,lon,ndbc,ATKA2
,,2729,2022-06-16T09:30:00Z,-153.348,lon,ndbc,AUGA2
,,2730,2022-06-16T09:12:00Z,-96.796,lon,ndbc,AWRT2
,,2731,2022-06-16T09:18:00Z,-97.405,lon,ndbc,BABT2
,,2732,2022-06-16T09:12:00Z,-61.821,lon,ndbc,BARA9
,,2733,2022-06-16T09:00:00Z,-74.014,lon,ndbc,BATN6
,,2734,2022-06-16T08:48:00Z,-118.24,lon,ndbc,BAXC1
,,2735,2022-06-16T08:00:00Z,-80.306,lon,ndbc,BBNF1
,,2736,2022-06-16T08:00:00Z,-80.349,lon,ndbc,BBSF1
,,2737,2022-06-16T08:36:00Z,-74.87,lon,ndbc,BDRN4
,,2738,2022-06-16T09:00:00Z,-75.079,lon,ndbc,BDSP1
,,2739,2022-06-16T08:00:00Z,-80.989,lon,ndbc,BDVF1
,,2740,2022-06-16T09:00:00Z,-123.071,lon,ndbc,BDXC1
,,2741,2022-06-16T09:00:00Z,-76.671,lon,ndbc,BFTN7
,,2742,2022-06-16T08:54:00Z,-81.881,lon,ndbc,BGCF1
,,2743,2022-06-16T09:00:00Z,-74.146,lon,ndbc,BGNN6
,,2744,2022-06-16T08:45:00Z,-70.83,lon,ndbc,BGXN3
,,2745,2022-06-16T09:00:00Z,-71.05,lon,ndbc,BHBM3
,,2746,2022-06-16T08:40:00Z,-87.147,lon,ndbc,BHRI3
,,2747,2022-06-16T08:40:00Z,-87.727,lon,ndbc,BIGM4
,,2748,2022-06-16T09:00:00Z,-76.039,lon,ndbc,BISM2
,,2749,2022-06-16T09:18:00Z,-81.692,lon,ndbc,BKBF1
,,2750,2022-06-16T09:18:00Z,-93.301,lon,ndbc,BKTL1
,,2751,2022-06-16T08:00:00Z,-80.834,lon,ndbc,BKYF1
,,2752,2022-06-16T09:30:00Z,-146.884,lon,ndbc,BLIA2
,,2753,2022-06-16T09:18:00Z,-81.523,lon,ndbc,BLIF1
,,2754,2022-06-16T09:26:00Z,-135.889,lon,ndbc,BLTA2
,,2755,2022-06-16T09:00:00Z,-76.579,lon,ndbc,BLTM2
,,2756,2022-06-16T09:00:00Z,-71.174,lon,ndbc,BLTM3
,,2757,2022-06-16T09:00:00Z,-122.626,lon,ndbc,BMTW1
,,2758,2022-06-16T08:00:00Z,-80.519,lon,ndbc,BNKF1
,,2759,2022-06-16T09:00:00Z,-73.181,lon,ndbc,BRHC3
,,2760,2022-06-16T09:00:00Z,-75.113,lon,ndbc,BRND1
,,2761,2022-06-16T08:40:00Z,-86.514,lon,ndbc,BSBM4
,,2762,2022-06-16T08:30:00Z,-87.829,lon,ndbc,BSCA1
,,2763,2022-06-16T08:30:00Z,-76.708,lon,ndbc,BSLM2
,,2764,2022-06-16T09:00:00Z,-78.89,lon,ndbc,BUFN6
,,2765,2022-06-16T09:00:00Z,-89.428,lon,ndbc,BURL1
,,2766,2022-06-16T09:00:00Z,-71.033,lon,ndbc,BUZM3
,,2767,2022-06-16T07:00:00Z,-80.438,lon,ndbc,BWSF1
,,2768,2022-06-16T09:18:00Z,-90.42,lon,ndbc,BYGL1
,,2769,2022-06-16T09:00:00Z,-70.671,lon,ndbc,BZBM3
,,2770,2022-06-16T09:18:00Z,-97.155,lon,ndbc,BZST2
,,2771,2022-06-16T09:00:00Z,-76.069,lon,ndbc,CAMM2
,,2772,2022-06-16T08:00:00Z,-80.942,lon,ndbc,CANF1
,,2773,2022-06-16T09:18:00Z,-93.343,lon,ndbc,CAPL1
,,2774,2022-06-16T09:18:00Z,-90.135,lon,ndbc,CARL1
,,2775,2022-06-16T09:00:00Z,-70.246,lon,ndbc,CASM1
,,2776,2022-06-16T09:22:00Z,-134.136,lon,ndbc,CDEA2
,,2777,2022-06-16T09:00:00Z,-83.029,lon,ndbc,CDRF1
,,2778,2022-06-16T09:32:00Z,-134.136,lon,ndbc,CDXA2
,,2779,2022-06-16T09:00:00Z,-124.184,lon,ndbc,CECC1
,,2780,2022-06-16T09:00:00Z,-67.205,lon,ndbc,CFWM1
,,2781,2022-06-16T08:36:00Z,-124.337,lon,ndbc,CHAO3
,,2782,2022-06-16T09:18:00Z,-64.92,lon,ndbc,CHAV3
,,2783,2022-06-16T09:00:00Z,-76.083,lon,ndbc,CHBV2
,,2784,2022-06-16T09:00:00Z,-75.81,lon,ndbc,CHCM2
,,2785,2022-06-16T09:20:00Z,-87.572,lon,ndbc,CHII2
,,2786,2022-06-16T09:12:00Z,-64.699,lon,ndbc,CHSV3
,,2787,2022-06-16T09:00:00Z,-69.95,lon,ndbc,CHTM3
,,2788,2022-06-16T09:00:00Z,-79.924,lon,ndbc,CHTS1
,,2789,2022-06-16T09:00:00Z,-76.007,lon,ndbc,CHYV2
,,2790,2022-06-16T09:00:00Z,-122.759,lon,ndbc,CHYW1
,,2791,2022-06-16T09:18:00Z,-65.302,lon,ndbc,CLBP4
,,2792,2022-06-16T09:00:00Z,-76.525,lon,ndbc,CLKN7
,,2793,2022-06-16T09:00:00Z,-82.877,lon,ndbc,CLSM4
,,2794,2022-06-16T09:00:00Z,-74.96,lon,ndbc,CMAN4
,,2795,2022-06-16T07:04:00Z,-70.7,lon,ndbc,CMLN3
,,2796,2022-06-16T08:30:00Z,-83.015,lon,ndbc,CMPO1
,,2797,2022-06-16T09:00:00Z,-87.538,lon,ndbc,CMTI2
,,2798,2022-06-16T08:00:00Z,-81.186,lon,ndbc,CNBF1
,,2799,2022-06-16T09:00:00Z,-81.637,lon,ndbc,CNDO1
,,2800,2022-06-16T09:30:00Z,-87.609,lon,ndbc,CNII2
,,2801,2022-06-16T09:00:00Z,-76.385,lon,ndbc,COVM2
,,2802,2022-06-16T09:00:00Z,-122.756,lon,ndbc,CPMW1
,,2803,2022-06-16T09:00:00Z,-122.758,lon,ndbc,CPNW1
,,2804,2022-06-16T09:00:00Z,-71.345,lon,ndbc,CPTR1
,,2805,2022-06-16T09:00:00Z,-76.388,lon,ndbc,CPVM2
,,2806,2022-06-16T09:11:00Z,-120.741,lon,ndbc,CPXC1
,,2807,2022-06-16T09:24:00Z,-133.136,lon,ndbc,CRGA2
,,2808,2022-06-16T08:00:00Z,-88.14,lon,ndbc,CRTA1
,,2809,2022-06-16T09:00:00Z,-145.752,lon,ndbc,CRVA2
,,2810,2022-06-16T09:00:00Z,-76.338,lon,ndbc,CRYV2
,,2811,2022-06-16T09:10:00Z,-136.64,lon,ndbc,CSPA2
,,2812,2022-06-16T07:00:00Z,-81.013,lon,ndbc,CWAF1
,,2813,2022-06-16T09:12:00Z,-82.832,lon,ndbc,CWBF1
,,2814,2022-06-16T09:00:00Z,-85.833,lon,ndbc,CWCI
,,2815,2022-06-16T09:00:00Z,-79.354,lon,ndbc,DBLN6
,,2816,2022-06-16T09:00:00Z,-75.589,lon,ndbc,DELD1
,,2817,2022-06-16T09:00:00Z,-124.485,lon,ndbc,DESW1
,,2818,2022-06-16T09:00:00Z,-90.728,lon,ndbc,DISW3
,,2819,2022-06-16T07:00:00Z,-80.49,lon,ndbc,DKKF1
,,2820,2022-06-16T09:18:00Z,-81.559,lon,ndbc,DMSF1
,,2821,2022-06-16T09:00:00Z,-76.424,lon,ndbc,DOMV2
,,2822,2022-06-16T07:30:00Z,-88.078,lon,ndbc,DPHA1
,,2823,2022-06-16T09:00:00Z,-122.264,lon,ndbc,DPXC1
,,2824,2022-06-16T08:30:00Z,-75.437,lon,ndbc,DRSD1
,,2825,2022-06-16T09:00:00Z,-83.898,lon,ndbc,DTLM4
,,2826,2022-06-16T09:00:00Z,-75.746,lon,ndbc,DUKN7
,,2827,2022-06-16T09:00:00Z,-92.092,lon,ndbc,DULM5
,,2828,2022-06-16T09:18:00Z,-82.421,lon,ndbc,EBEF1
,,2829,2022-06-16T09:18:00Z,-88.01,lon,ndbc,EFLA1
,,2830,2022-06-16T09:18:00Z,-91.384,lon,ndbc,EINL1
,,2831,2022-06-16T09:00:00Z,-136.347,lon,ndbc,ELFA2
,,2832,2022-06-16T08:45:00Z,-121.738,lon,ndbc,ELXC1
,,2833,2022-06-16T09:18:00Z,-95.914,lon,ndbc,EMAT2
,,2834,2022-06-16T09:18:00Z,-94.917,lon,ndbc,EPTT2
,,2835,2022-06-16T09:00:00Z,-80.098,lon,ndbc,EREP1
,,2836,2022-06-16T09:24:00Z,-135.221,lon,ndbc,EROA2
,,2837,2022-06-16T09:32:00Z,-135.221,lon,ndbc,ERXA2
,,2838,2022-06-16T09:12:00Z,-65.471,lon,ndbc,ESPP4
,,2839,2022-06-16T09:00:00Z,-81.281,lon,ndbc,FAIO1
,,2840,2022-06-16T09:00:00Z,-79.888,lon,ndbc,FBIS1
,,2841,2022-06-16T09:00:00Z,-133.63,lon,ndbc,FFIA2
,,2842,2022-06-16T08:54:00Z,-82.801,lon,ndbc,FHPF1
,,2843,2022-06-16T09:30:00Z,-151.995,lon,ndbc,FILA2
,,2844,2022-06-16T09:18:00Z,-88.024,lon,ndbc,FMOA1
,,2845,2022-06-16T09:18:00Z,-81.871,lon,ndbc,FMRF1
,,2846,2022-06-16T09:00:00Z,-71.401,lon,ndbc,FOXR1
,,2847,2022-06-16T09:00:00Z,-80.903,lon,ndbc,FPKG1
,,2848,2022-06-16T09:18:00Z,-95.294,lon,ndbc,FPST2
,,2849,2022-06-16T08:40:00Z,-86.66,lon,ndbc,FPTM4
,,2850,2022-06-16T09:18:00Z,-81.465,lon,ndbc,FRDF1
,,2851,2022-06-16T08:36:00Z,-123.012,lon,ndbc,FRDW1
,,2852,2022-06-16T09:00:00Z,-71.164,lon,ndbc,FRVM3
,,2853,2022-06-16T09:00:00Z,-71.18,lon,ndbc,FRXM3
,,2854,2022-06-16T09:00:00Z,-76.528,lon,ndbc,FSKM2
,,2855,2022-06-16T09:00:00Z,-82.422,lon,ndbc,FTGM4
,,2856,2022-06-16T09:00:00Z,-122.466,lon,ndbc,FTPC1
,,2857,2022-06-16T09:00:00Z,-80.097,lon,ndbc,FWYF1
,,2858,2022-06-16T08:00:00Z,-81.029,lon,ndbc,GBIF1
,,2859,2022-06-16T08:00:00Z,-80.801,lon,ndbc,GBTF1
,,2860,2022-06-16T09:00:00Z,-88.003,lon,ndbc,GBWW3
,,2861,2022-06-16T09:18:00Z,-82.517,lon,ndbc,GCTF1
,,2862,2022-06-16T09:00:00Z,-90.341,lon,ndbc,GDMM5
,,2863,2022-06-16T08:30:00Z,-80.975,lon,ndbc,GELO1
,,2864,2022-06-16T09:33:00Z,-136.381,lon,ndbc,GEXA2
,,2865,2022-06-16T09:18:00Z,-89.958,lon,ndbc,GISL1
,,2866,2022-06-16T09:32:00Z,-131.881,lon,ndbc,GIXA2
,,2867,2022-06-16T08:00:00Z,-82.872,lon,ndbc,GKYF1
,,2868,2022-06-16T09:30:00Z,-87.412,lon,ndbc,GRIM4
,,2869,2022-06-16T08:40:00Z,-85.972,lon,ndbc,GRMM4
,,2870,2022-06-16T09:18:00Z,-94.896,lon,ndbc,GRRT2
,,2871,2022-06-16T08:40:00Z,-83.537,lon,ndbc,GSLM4
,,2872,2022-06-16T08:40:00Z,-85.55,lon,ndbc,GTLM4
,,2873,2022-06-16T09:18:00Z,-94.792,lon,ndbc,GTOT2
,,2874,2022-06-16T09:00:00Z,-88.241,lon,ndbc,GTRM4
,,2875,2022-06-16T08:45:00Z,-81.233,lon,ndbc,GTXF1
,,2876,2022-06-16T09:32:00Z,-135.726,lon,ndbc,GUXA2
,,2877,2022-06-16T09:32:00Z,-135.442,lon,ndbc,HAXA2
,,2878,2022-06-16T08:36:00Z,-124.217,lon,ndbc,HBYC1
,,2879,2022-06-16T08:00:00Z,-80.444,lon,ndbc,HCEF1
,,2880,2022-06-16T09:00:00Z,-75.704,lon,ndbc,HCGN7
,,2881,2022-06-16T09:00:00Z,-82.545,lon,ndbc,HHLO1
,,2882,2022-06-16T09:18:00Z,-94.39,lon,ndbc,HIST2
,,2883,2022-06-16T09:18:00Z,-97.07,lon,ndbc,HIVT2
,,2884,2022-06-16T09:00:00Z,-86.213,lon,ndbc,HLNM4
,,2885,2022-06-16T08:30:00Z,-151.41,lon,ndbc,HMRA2
,,2886,2022-06-16T09:32:00Z,-151.417,lon,ndbc,HMSA2
,,2887,2022-06-16T09:00:00Z,-82.643,lon,ndbc,HRBM4
,,2888,2022-06-16T08:54:00Z,-120.682,lon,ndbc,HRVC1
,,2889,2022-06-16T09:00:00Z,-118.5,lon,ndbc,ICAC1
,,2890,2022-06-16T09:32:00Z,-141.359,lon,ndbc,ICYA2
,,2891,2022-06-16T09:00:00Z,-155.056,lon,ndbc,ILOH1
,,2892,2022-06-16T09:00:00Z,-70.623,lon,ndbc,IOSN3
,,2893,2022-06-16T09:18:00Z,-97.322,lon,ndbc,IRDT2
,,2894,2022-06-16T09:00:00Z,-135.342,lon,ndbc,ITKA2
,,2895,2022-06-16T08:00:00Z,-87.573,lon,ndbc,JAKI2
,,2896,2022-06-16T08:00:00Z,-80.541,lon,ndbc,JBYF1
,,2897,2022-06-16T08:30:00Z,-74.464,lon,ndbc,JCRN4
,,2898,2022-06-16T08:00:00Z,-80.904,lon,ndbc,JKYF1
,,2899,2022-06-16T09:33:00Z,-134.405,lon,ndbc,JLXA2
,,2900,2022-06-16T09:32:00Z,-134.39,lon,ndbc,JMLA2
,,2901,2022-06-16T09:00:00Z,-77.786,lon,ndbc,JMPN7
,,2902,2022-06-16T09:00:00Z,-134.411,lon,ndbc,JNEA2
,,2903,2022-06-16T09:33:00Z,-134.394,lon,ndbc,JNGA2
,,2904,2022-06-16T08:45:00Z,-66.223,lon,ndbc,JOXP4
,,2905,2022-06-16T09:18:00Z,-81.612,lon,ndbc,JXUF1
,,2906,2022-06-16T09:35:00Z,-95.62,lon,ndbc,KBQX
,,2907,2022-06-16T09:00:00Z,-152.511,lon,ndbc,KDAA2
,,2908,2022-06-16T09:00:00Z,-131.625,lon,ndbc,KECA2
,,2909,2022-06-16T09:32:00Z,-131.684,lon,ndbc,KEXA2
,,2910,2022-06-16T09:35:00Z,-92.203,lon,ndbc,KGBK
,,2911,2022-06-16T09:00:00Z,-162.327,lon,ndbc,KGCA2
,,2912,2022-06-16T09:35:00Z,-91.988,lon,ndbc,KGHB
,,2913,2022-06-16T08:56:00Z,-90.346,lon,ndbc,KGNA
,,2914,2022-06-16T09:35:00Z,-90.441,lon,ndbc,KGRY
,,2915,2022-06-16T09:45:00Z,-93.538,lon,ndbc,KGUL
,,2916,2022-06-16T09:35:00Z,-94.689,lon,ndbc,KHHV
,,2917,2022-06-16T09:00:00Z,-156.469,lon,ndbc,KLIH1
,,2918,2022-06-16T09:00:00Z,-87.809,lon,ndbc,KNSW3
,,2919,2022-06-16T08:56:00Z,-86.65,lon,ndbc,KP53
,,2920,2022-06-16T08:55:00Z,-82.8,lon,ndbc,KP58
,,2921,2022-06-16T08:51:00Z,-87.883,lon,ndbc,KP59
,,2922,2022-06-16T09:00:00Z,-73.765,lon,ndbc,KPTN6
,,2923,2022-06-16T09:00:00Z,-75.988,lon,ndbc,KPTV2
,,2924,2022-06-16T09:00:00Z,-83.594,lon,ndbc,KTNF1
,,2925,2022-06-16T09:35:00Z,-94.625,lon,ndbc,KVAF
,,2926,2022-06-16T09:35:00Z,-88.441,lon,ndbc,KVKY
,,2927,2022-06-16T09:35:00Z,-87.781,lon,ndbc,KVOA
,,2928,2022-06-16T09:00:00Z,-155.829,lon,ndbc,KWHH1
,,2929,2022-06-16T09:00:00Z,167.734,lon,ndbc,KWJP8
,,2930,2022-06-16T09:00:00Z,-87.496,lon,ndbc,KWNW3
,,2931,2022-06-16T09:18:00Z,-81.808,lon,ndbc,KYWF1
,,2932,2022-06-16T09:18:00Z,-64.724,lon,ndbc,LAMV3
,,2933,2022-06-16T08:36:00Z,-124.637,lon,ndbc,LAPW1
,,2934,2022-06-16T07:00:00Z,-80.432,lon,ndbc,LBSF1
,,2935,2022-06-16T09:18:00Z,-93.222,lon,ndbc,LCLL1
,,2936,2022-06-16T09:10:00Z,-132.69,lon,ndbc,LCNA2
,,2937,2022-06-16T09:10:00Z,-72.077,lon,ndbc,LDLC3
,,2938,2022-06-16T09:00:00Z,-86.441,lon,ndbc,LDTM4
,,2939,2022-06-16T09:32:00Z,-135.047,lon,ndbc,LIXA2
,,2940,2022-06-16T09:00:00Z,-117.257,lon,ndbc,LJAC1
,,2941,2022-06-16T09:20:00Z,-117.257,lon,ndbc,LJPC1
,,2942,2022-06-16T09:18:00Z,-80.034,lon,ndbc,LKWF1
,,2943,2022-06-16T08:00:00Z,-80.633,lon,ndbc,LMDF1
,,2944,2022-06-16T09:20:00Z,-81.271,lon,ndbc,LMFS1
,,2945,2022-06-16T08:00:00Z,-81.169,lon,ndbc,LMRF1
,,2946,2022-06-16T09:00:00Z,-122.281,lon,ndbc,LNDC1
,,2947,2022-06-16T09:30:00Z,-80.864,lon,ndbc,LONF1
,,2948,2022-06-16T09:02:00Z,-90.025,lon,ndbc,LOPL1
,,2949,2022-06-16T09:00:00Z,-122.954,lon,ndbc,LOPW1
,,2950,2022-06-16T09:30:00Z,-82.195,lon,ndbc,LORO1
,,2951,2022-06-16T09:00:00Z,-83.429,lon,ndbc,LPNM4
,,2952,2022-06-16T09:18:00Z,-97.285,lon,ndbc,LQAT2
,,2953,2022-06-16T08:00:00Z,-80.894,lon,ndbc,LRIF1
,,2954,2022-06-16T07:00:00Z,-80.826,lon,ndbc,LRKF1
,,2955,2022-06-16T08:00:00Z,-80.457,lon,ndbc,LSNF1
,,2956,2022-06-16T09:18:00Z,-64.754,lon,ndbc,LTBV3
,,2957,2022-06-16T09:18:00Z,-81.446,lon,ndbc,LTJF1
,,2958,2022-06-16T09:00:00Z,-84.302,lon,ndbc,LTRM4
,,2959,2022-06-16T09:18:00Z,-95.122,lon,ndbc,LUIT2
,,2960,2022-06-16T09:00:00Z,-76.465,lon,ndbc,LWTV2
,,2961,2022-06-16T09:00:00Z,-84.721,lon,ndbc,MACM4
,,2962,2022-06-16T09:00:00Z,-97.034,lon,ndbc,MAXT2
,,2963,2022-06-16T09:18:00Z,-96.327,lon,ndbc,MBET2
,,2964,2022-06-16T09:00:00Z,-77.868,lon,ndbc,MBIN7
,,2965,2022-06-16T09:00:00Z,-77.824,lon,ndbc,MBNN7
,,2966,2022-06-16T09:18:00Z,-88.086,lon,ndbc,MBPA1
,,2967,2022-06-16T09:00:00Z,-82.419,lon,ndbc,MBRM4
,,2968,2022-06-16T09:18:00Z,-88.058,lon,ndbc,MCGA1
,,2969,2022-06-16T09:00:00Z,-87.379,lon,ndbc,MCGM4
,,2970,2022-06-16T09:20:00Z,-86.912,lon,ndbc,MCYI3
,,2971,2022-06-16T08:00:00Z,-80.396,lon,ndbc,MDKF1
,,2972,2022-06-16T09:00:00Z,-68.128,lon,ndbc,MDRM1
,,2973,2022-06-16T08:40:00Z,-86.342,lon,ndbc,MEEM4
,,2974,2022-06-16T08:36:00Z,-121.889,lon,ndbc,MEYC1
,,2975,2022-06-16T09:18:00Z,-67.046,lon,ndbc,MGIP4
,,2976,2022-06-16T09:18:00Z,-94.985,lon,ndbc,MGPT2
,,2977,2022-06-16T09:18:00Z,-67.159,lon,ndbc,MGZP4
,,2978,2022-06-16T09:18:00Z,-97.201,lon,ndbc,MHBT2
,,2979,2022-06-16T09:00:00Z,-74.162,lon,ndbc,MHRN6
,,2980,2022-06-16T09:00:00Z,-68.855,lon,ndbc,MISM1
,,2981,2022-06-16T09:30:00Z,-86.339,lon,ndbc,MKGM4
,,2982,2022-06-16T09:20:00Z,-87.884,lon,ndbc,MLWW3
,,2983,2022-06-16T08:00:00Z,-80.422,lon,ndbc,MNBF1
,,2984,2022-06-16T09:00:00Z,-87.59,lon,ndbc,MNMM4
,,2985,2022-06-16T09:00:00Z,-76.302,lon,ndbc,MNPV2
,,2986,2022-06-16T08:36:00Z,-157.79,lon,ndbc,MOKH1
,,2987,2022-06-16T09:00:00Z,-75.415,lon,ndbc,MRCP1
,,2988,2022-06-16T09:00:00Z,-82.731,lon,ndbc,MRHO1
,,2989,2022-06-16T09:30:00Z,-146.662,lon,ndbc,MRKA2
,,2990,2022-06-16T09:32:00Z,-134.257,lon,ndbc,MRNA2
,,2991,2022-06-16T09:00:00Z,-78.916,lon,ndbc,MROS1
,,2992,2022-06-16T09:32:00Z,-131.182,lon,ndbc,MRYA2
,,2993,2022-06-16T09:18:00Z,-82.594,lon,ndbc,MTBF1
,,2994,2022-06-16T09:00:00Z,-71.959,lon,ndbc,MTKN6
,,2995,2022-06-16T08:00:00Z,-80.942,lon,ndbc,MUKF1
,,2996,2022-06-16T09:32:00Z,-134.606,lon,ndbc,MVXA2
,,2997,2022-06-16T09:32:00Z,-134.425,lon,ndbc,MXXA2
,,2998,2022-06-16T09:18:00Z,-81.428,lon,ndbc,MYPF1
,,2999,2022-06-16T09:00:00Z,-122.125,lon,ndbc,MZXC1
,,3000,2022-06-16T08:40:00Z,-85.444,lon,ndbc,NABM4
,,3001,2022-06-16T08:45:00Z,-71.339,lon,ndbc,NAXR1
,,3002,2022-06-16T09:00:00Z,-74.752,lon,ndbc,NBLP1
,,3003,2022-06-16T09:00:00Z,-77.037,lon,ndbc,NCDV2
,,3004,2022-06-16T09:18:00Z,-95.266,lon,ndbc,NCHT2
,,3005,2022-06-16T09:00:00Z,-124.614,lon,ndbc,NEAW1
,,3006,2022-06-16T09:18:00Z,-81.627,lon,ndbc,NFDF1
,,3007,2022-06-16T09:00:00Z,-79.014,lon,ndbc,NIAN6
,,3008,2022-06-16T08:45:00Z,-79.189,lon,ndbc,NIWS1
,,3009,2022-06-16T08:24:00Z,-124.239,lon,ndbc,NJLC1
,,3010,2022-06-16T09:32:00Z,-168.855,lon,ndbc,NKLA2
,,3011,2022-06-16T09:00:00Z,-151.399,lon,ndbc,NKTA2
,,3012,2022-06-16T09:32:00Z,-134.945,lon,ndbc,NKXA2
,,3013,2022-06-16T09:00:00Z,-72.09,lon,ndbc,NLNC3
,,3014,2022-06-16T09:00:00Z,-165.43,lon,ndbc,NMTA2
,,3015,2022-06-16T08:40:00Z,-86.977,lon,ndbc,NPDW3
,,3016,2022-06-16T09:18:00Z,-81.807,lon,ndbc,NPSF1
,,3017,2022-06-16T08:30:00Z,-73.942,lon,ndbc,NPXN6
,,3018,2022-06-16T08:30:00Z,-79.792,lon,ndbc,NREP1
,,3019,2022-06-16T08:00:00Z,-80.911,lon,ndbc,NRRF1
,,3020,2022-06-16T08:36:00Z,-119.692,lon,ndbc,NTBC1
,,3021,2022-06-16T09:00:00Z,-70.096,lon,ndbc,NTKM3
,,3022,2022-06-16T09:12:00Z,-97.486,lon,ndbc,NUET2
,,3023,2022-06-16T09:18:00Z,-90.113,lon,ndbc,NWCL1
,,3024,2022-06-16T09:00:00Z,-72.908,lon,ndbc,NWHC3
,,3025,2022-06-16T09:00:00Z,-124.067,lon,ndbc,NWPO3
,,3026,2022-06-16T09:00:00Z,-71.326,lon,ndbc,NWPR1
,,3027,2022-06-16T09:00:00Z,-159.353,lon,ndbc,NWWH1
,,3028,2022-06-16T09:00:00Z,-75.494,lon,ndbc,OBGN6
,,3029,2022-06-16T09:18:00Z,-88.04,lon,ndbc,OBLA1
,,3030,2022-06-16T09:00:00Z,-122.341,lon,ndbc,OBXC1
,,3031,2022-06-16T09:00:00Z,-75.091,lon,ndbc,OCIM2
,,3032,2022-06-16T09:00:00Z,-118.273,lon,ndbc,OHBC1
,,3033,2022-06-16T08:00:00Z,-87.624,lon,ndbc,OKSI2
,,3034,2022-06-16T09:00:00Z,-122.333,lon,ndbc,OKXC1
,,3035,2022-06-16T09:00:00Z,-78.719,lon,ndbc,OLCN6
,,3036,2022-06-16T09:00:00Z,-168.87,lon,ndbc,OLSA2
,,3037,2022-06-16T09:00:00Z,-122.33,lon,ndbc,OMHC1
,,3038,2022-06-16T09:00:00Z,-157.865,lon,ndbc,OOUH1
,,3039,2022-06-16T09:18:00Z,-82.553,lon,ndbc,OPTF1
,,3040,2022-06-16T09:00:00Z,-75.548,lon,ndbc,ORIN7
,,3041,2022-06-16T09:00:00Z,-76.511,lon,ndbc,OSGN6
,,3042,2022-06-16T08:00:00Z,-89.33,lon,ndbc,OTNM4
,,3043,2022-06-16T09:00:00Z,-151.72,lon,ndbc,OVIA2
,,3044,2022-06-16T08:45:00Z,-82.508,lon,ndbc,OWXO1
,,3045,2022-06-16T09:18:00Z,-85.667,lon,ndbc,PACF1
,,3046,2022-06-16T09:18:00Z,-97.237,lon,ndbc,PACT2
,,3047,2022-06-16T09:33:00Z,-134.178,lon,ndbc,PAXA2
,,3048,2022-06-16T08:30:00Z,-122.469,lon,ndbc,PBFW1
,,3049,2022-06-16T09:10:00Z,-134.148,lon,ndbc,PBPA2
,,3050,2022-06-16T09:12:00Z,-85.88,lon,ndbc,PCBF1
,,3051,2022-06-16T09:18:00Z,-97.167,lon,ndbc,PCGT2
,,3052,2022-06-16T09:18:00Z,-87.211,lon,ndbc,PCLF1
,,3053,2022-06-16T09:12:00Z,-96.396,lon,ndbc,PCNT2
,,3054,2022-06-16T09:00:00Z,-122.039,lon,ndbc,PCOC1
,,3055,2022-06-16T09:00:00Z,-71.41,lon,ndbc,PDVR1
,,3056,2022-06-16T09:18:00Z,-80.116,lon,ndbc,PEGF1
,,3057,2022-06-16T08:54:00Z,-118.241,lon,ndbc,PFDC1
,,3058,2022-06-16T09:00:00Z,-118.215,lon,ndbc,PFXC1
,,3059,2022-06-16T09:00:00Z,144.796,lon,ndbc,PGBP7
,,3060,2022-06-16T09:33:00Z,-134.618,lon,ndbc,PGXA2
,,3061,2022-06-16T09:00:00Z,-75.142,lon,ndbc,PHBP1
,,3062,2022-06-16T09:30:00Z,-149.47,lon,ndbc,PILA2
,,3063,2022-06-16T09:18:00Z,-89.259,lon,ndbc,PILL1
,,3064,2022-06-16T09:00:00Z,-88.366,lon,ndbc,PILM4
,,3065,2022-06-16T09:00:00Z,-92.136,lon,ndbc,PKBW3
,,3066,2022-06-16T08:00:00Z,-80.747,lon,ndbc,PKYF1
,,3067,2022-06-16T09:00:00Z,-134.647,lon,ndbc,PLXA2
,,3068,2022-06-16T09:18:00Z,-82.562,lon,ndbc,PMAF1
,,3069,2022-06-16T09:18:00Z,-97.424,lon,ndbc,PMNT2
,,3070,2022-06-16T08:40:00Z,-91.386,lon,ndbc,PNGW3
,,3071,2022-06-16T09:00:00Z,-85.869,lon,ndbc,PNLM4
,,3072,2022-06-16T09:18:00Z,-88.563,lon,ndbc,PNLM6
,,3073,2022-06-16T09:00:00Z,-124.498,lon,ndbc,PORO3
,,3074,2022-06-16T09:18:00Z,-93.931,lon,ndbc,PORT2
,,3075,2022-06-16T09:30:00Z,-146.7,lon,ndbc,POTA2
,,3076,2022-06-16T09:00:00Z,-76.533,lon,ndbc,PPTM2
,,3077,2022-06-16T09:00:00Z,-122.365,lon,ndbc,PPXC1
,,3078,2022-06-16T09:00:00Z,-148.527,lon,ndbc,PRDA2
,,3079,2022-06-16T09:00:00Z,-118.186,lon,ndbc,PRJC1
,,3080,2022-06-16T09:10:00Z,-134.955,lon,ndbc,PRTA2
,,3081,2022-06-16T09:00:00Z,-71.304,lon,ndbc,PRUR1
,,3082,2022-06-16T09:00:00Z,-122.977,lon,ndbc,PRYC1
,,3083,2022-06-16T09:00:00Z,-121.887,lon,ndbc,PSBC1
,,3084,2022-06-16T09:00:00Z,-66.983,lon,ndbc,PSBM1
,,3085,2022-06-16T09:00:00Z,-82.54,lon,ndbc,PSCM4
,,3086,2022-06-16T09:00:00Z,-120.754,lon,ndbc,PSLC1
,,3087,2022-06-16T09:12:00Z,-89.407,lon,ndbc,PSTL1
,,3088,2022-06-16T09:00:00Z,-79.048,lon,ndbc,PSTN6
,,3089,2022-06-16T09:00:00Z,-118.226,lon,ndbc,PSXC1
,,3090,2022-06-16T09:00:00Z,-97.051,lon,ndbc,PTAT2
,,3091,2022-06-16T08:36:00Z,-123.441,lon,ndbc,PTAW1
,,3092,2022-06-16T09:18:00Z,-88.505,lon,ndbc,PTBM6
,,3093,2022-06-16T09:00:00Z,-71.34,lon,ndbc,PTCR1
,,3094,2022-06-16T09:00:00Z,-120.648,lon,ndbc,PTGC1
,,3095,2022-06-16T09:00:00Z,-84.631,lon,ndbc,PTIM4
,,3096,2022-06-16T09:18:00Z,-97.215,lon,ndbc,PTIT2
,,3097,2022-06-16T09:32:00Z,-134.752,lon,ndbc,PTLA2
,,3098,2022-06-16T09:18:00Z,-88.031,lon,ndbc,PTOA1
,,3099,2022-06-16T09:00:00Z,-122.76,lon,ndbc,PTWW1
,,3100,2022-06-16T09:00:00Z,-71.383,lon,ndbc,PVDR1
,,3101,2022-06-16T08:40:00Z,-87.867,lon,ndbc,PWAW3
,,3102,2022-06-16T08:54:00Z,-118.265,lon,ndbc,PXAC1
,,3103,2022-06-16T09:00:00Z,-122.393,lon,ndbc,PXOC1
,,3104,2022-06-16T09:00:00Z,-122.397,lon,ndbc,PXSC1
,,3105,2022-06-16T09:00:00Z,-71.407,lon,ndbc,QPTR1
,,3106,2022-06-16T09:00:00Z,-84.191,lon,ndbc,RCKM4
,,3107,2022-06-16T09:00:00Z,-122.41,lon,ndbc,RCMC1
,,3108,2022-06-16T09:18:00Z,-97.048,lon,ndbc,RCPT2
,,3109,2022-06-16T09:00:00Z,-77.626,lon,ndbc,RCRN6
,,3110,2022-06-16T09:00:00Z,-164.067,lon,ndbc,RDDA2
,,3111,2022-06-16T09:00:00Z,-75.572,lon,ndbc,RDYD1
,,3112,2022-06-16T09:32:00Z,-135.052,lon,ndbc,RIXA2
,,3113,2022-06-16T08:45:00Z,-81.701,lon,ndbc,RKXF1
,,3114,2022-06-16T09:12:00Z,-97.285,lon,ndbc,RLIT2
,,3115,2022-06-16T09:18:00Z,-94.513,lon,ndbc,RLOT2
,,3116,2022-06-16T09:00:00Z,-89.313,lon,ndbc,ROAM4
,,3117,2022-06-16T09:00:00Z,-74.065,lon,ndbc,ROBN4
,,3118,2022-06-16T09:00:00Z,-76.014,lon,ndbc,RPLV2
,,3119,2022-06-16T09:00:00Z,-77.598,lon,ndbc,RPRN6
,,3120,2022-06-16T09:18:00Z,-97.471,lon,ndbc,RSJT2
,,3121,2022-06-16T09:18:00Z,-97.072,lon,ndbc,RTAT2
,,3122,2022-06-16T09:00:00Z,-122.212,lon,ndbc,RTYC1
,,3123,2022-06-16T09:30:00Z,-81.877,lon,ndbc,SANF1
,,3124,2022-06-16T09:18:00Z,-82.627,lon,ndbc,SAPF1
,,3125,2022-06-16T09:00:00Z,-81.265,lon,ndbc,SAUF1
,,3126,2022-06-16T09:00:00Z,-81.296,lon,ndbc,SAXG1
,,3127,2022-06-16T09:00:00Z,-124.045,lon,ndbc,SBEO3
,,3128,2022-06-16T09:00:00Z,-82.841,lon,ndbc,SBIO1
,,3129,2022-06-16T09:00:00Z,-83.72,lon,ndbc,SBLM4
,,3130,2022-06-16T09:32:00Z,-134.646,lon,ndbc,SCXA2
,,3131,2022-06-16T09:00:00Z,-117.174,lon,ndbc,SDBC1
,,3132,2022-06-16T09:00:00Z,-74.009,lon,ndbc,SDHN4
,,3133,2022-06-16T09:26:00Z,-134.389,lon,ndbc,SDIA2
,,3134,2022-06-16T09:18:00Z,-96.712,lon,ndbc,SDRT2
,,3135,2022-06-16T09:00:00Z,-70.742,lon,ndbc,SEIM1
,,3136,2022-06-16T08:45:00Z,-122.026,lon,ndbc,SFXC1
,,3137,2022-06-16T09:18:00Z,-95.617,lon,ndbc,SGNT2
,,3138,2022-06-16T09:00:00Z,-87.693,lon,ndbc,SGNW3
,,3139,2022-06-16T09:00:00Z,-84.858,lon,ndbc,SGOF1
,,3140,2022-06-16T09:12:00Z,-89.673,lon,ndbc,SHBL1
,,3141,2022-06-16T07:54:00Z,-84.291,lon,ndbc,SHPF1
,,3142,2022-06-16T09:33:00Z,-135.349,lon,ndbc,SHXA2
,,3143,2022-06-16T07:30:00Z,-80.445,lon,ndbc,SIPF1
,,3144,2022-06-16T09:22:00Z,-135.259,lon,ndbc,SISA2
,,3145,2022-06-16T09:30:00Z,-122.831,lon,ndbc,SISW1
,,3146,2022-06-16T09:18:00Z,-66.116,lon,ndbc,SJNP4
,,3147,2022-06-16T09:00:00Z,-75.377,lon,ndbc,SJSN4
,,3148,2022-06-16T09:12:00Z,-82.445,lon,ndbc,SKCF1
,,3149,2022-06-16T09:00:00Z,-135.327,lon,ndbc,SKTA2
,,3150,2022-06-16T09:33:00Z,-135.326,lon,ndbc,SKXA2
,,3151,2022-06-16T09:00:00Z,-76.452,lon,ndbc,SLIM2
,,3152,2022-06-16T08:40:00Z,-91.27,lon,ndbc,SLVM5
,,3153,2022-06-16T09:33:00Z,-131.644,lon,ndbc,SLXA2
,,3154,2022-06-16T09:30:00Z,-81.109,lon,ndbc,SMKF1
,,3155,2022-06-16T09:00:00Z,-160.502,lon,ndbc,SNDA2
,,3156,2022-06-16T09:00:00Z,-177.361,lon,ndbc,SNDP5
,,3157,2022-06-16T08:30:00Z,-124.318,lon,ndbc,SNTO3
,,3158,2022-06-16T09:00:00Z,-78.995,lon,ndbc,SPGF1
,,3159,2022-06-16T09:33:00Z,-132.203,lon,ndbc,SPXA2
,,3160,2022-06-16T08:00:00Z,-81.1,lon,ndbc,SREF1
,,3161,2022-06-16T09:00:00Z,-94.033,lon,ndbc,SRST2
,,3162,2022-06-16T08:35:00Z,-78.484,lon,ndbc,SSBN7
,,3163,2022-06-16T09:00:00Z,-87.225,lon,ndbc,STDM4
,,3164,2022-06-16T09:33:00Z,-135.391,lon,ndbc,STXA2
,,3165,2022-06-16T09:30:00Z,-86.288,lon,ndbc,SVNM4
,,3166,2022-06-16T09:00:00Z,-149.427,lon,ndbc,SWLA2
,,3167,2022-06-16T09:00:00Z,-84.372,lon,ndbc,SWPM4
,,3168,2022-06-16T09:00:00Z,-76.329,lon,ndbc,SWPV2
,,3169,2022-06-16T08:40:00Z,-90.437,lon,ndbc,SXHW3
,,3170,2022-06-16T09:33:00Z,-131.596,lon,ndbc,SXXA2
,,3171,2022-06-16T09:18:00Z,-97.389,lon,ndbc,TAQT2
,,3172,2022-06-16T08:40:00Z,-83.449,lon,ndbc,TAWM4
,,3173,2022-06-16T09:00:00Z,-83.194,lon,ndbc,TBIM4
,,3174,2022-06-16T08:00:00Z,-80.722,lon,ndbc,TBYF1
,,3175,2022-06-16T09:00:00Z,-76.244,lon,ndbc,TCBM2
,,3176,2022-06-16T09:00:00Z,-122.418,lon,ndbc,TCMW1
,,3177,2022-06-16T09:00:00Z,-122.413,lon,ndbc,TCNW1
,,3178,2022-06-16T08:00:00Z,-80.533,lon,ndbc,TCVF1
,,3179,2022-06-16T09:00:00Z,-124.147,lon,ndbc,TDPC1
,,3180,2022-06-16T09:18:00Z,-91.237,lon,ndbc,TESL1
,,3181,2022-06-16T09:00:00Z,-24.778,lon,ndbc,TFBLK
,,3182,2022-06-16T09:00:00Z,-83.194,lon,ndbc,THLO1
,,3183,2022-06-16T07:00:00Z,-80.372,lon,ndbc,THRF1
,,3184,2022-06-16T09:00:00Z,-83.473,lon,ndbc,THRO1
,,3185,2022-06-16T08:17:00Z,-122.447,lon,ndbc,TIBC1
,,3186,2022-06-16T08:45:00Z,-117.127,lon,ndbc,TIXC1
,,3187,2022-06-16T09:32:00Z,-135.219,lon,ndbc,TKEA2
,,3188,2022-06-16T09:00:00Z,-73.939,lon,ndbc,TKPN6
,,3189,2022-06-16T09:00:00Z,-123.919,lon,ndbc,TLBO3
,,3190,2022-06-16T09:18:00Z,-97.454,lon,ndbc,TLVT2
,,3191,2022-06-16T09:00:00Z,-123.967,lon,ndbc,TOKW1
,,3192,2022-06-16T08:00:00Z,-80.964,lon,ndbc,TPEF1
,,3193,2022-06-16T09:00:00Z,-76.436,lon,ndbc,TPLM2
,,3194,2022-06-16T09:18:00Z,-80.593,lon,ndbc,TRDF1
,,3195,2022-06-16T08:00:00Z,-80.65,lon,ndbc,TRRF1
,,3196,2022-06-16T09:20:00Z,-83.259,lon,ndbc,TWCO1
,,3197,2022-06-16T09:18:00Z,-93.842,lon,ndbc,TXPT2
,,3198,2022-06-16T09:18:00Z,-97.389,lon,ndbc,TXVT2
,,3199,2022-06-16T09:00:00Z,-160.784,lon,ndbc,ULRA2
,,3200,2022-06-16T09:00:00Z,-166.537,lon,ndbc,UNLA2
,,3201,2022-06-16T09:00:00Z,-122.121,lon,ndbc,UPBC1
,,3202,2022-06-16T09:18:00Z,-97.052,lon,ndbc,UTVT2
,,3203,2022-06-16T09:12:00Z,-80.162,lon,ndbc,VAKF1
,,3204,2022-06-16T09:18:00Z,-81.107,lon,ndbc,VCAF1
,,3205,2022-06-16T09:18:00Z,-96.609,lon,ndbc,VCAT2
,,3206,2022-06-16T09:00:00Z,-170.285,lon,ndbc,VCVA2
,,3207,2022-06-16T09:00:00Z,-146.361,lon,ndbc,VDZA2
,,3208,2022-06-16T09:00:00Z,-82.453,lon,ndbc,VENF1
,,3209,2022-06-16T09:18:00Z,-97.52,lon,ndbc,VTBT2
,,3210,2022-06-16T09:00:00Z,-75.686,lon,ndbc,WAHV2
,,3211,2022-06-16T09:00:00Z,166.618,lon,ndbc,WAKP8
,,3212,2022-06-16T09:00:00Z,-77.021,lon,ndbc,WASD2
,,3213,2022-06-16T09:30:00Z,-80.702,lon,ndbc,WATS1
,,3214,2022-06-16T08:45:00Z,-70.525,lon,ndbc,WAXM3
,,3215,2022-06-16T09:33:00Z,-131.729,lon,ndbc,WCXA2
,,3216,2022-06-16T09:00:00Z,-76.315,lon,ndbc,WDSV2
,,3217,2022-06-16T09:00:00Z,-70.563,lon,ndbc,WELM1
,,3218,2022-06-16T09:00:00Z,-70.549,lon,ndbc,WEXM1
,,3219,2022-06-16T08:40:00Z,-84.97,lon,ndbc,WFPM4
,,3220,2022-06-16T08:00:00Z,-87.813,lon,ndbc,WHRI2
,,3221,2022-06-16T08:00:00Z,-81.044,lon,ndbc,WIWF1
,,3222,2022-06-16T08:45:00Z,-87.828,lon,ndbc,WKXA1
,,3223,2022-06-16T09:00:00Z,-77.954,lon,ndbc,WLON7
,,3224,2022-06-16T09:00:00Z,-84.21,lon,ndbc,WNEM4
,,3225,2022-06-16T08:00:00Z,-81.249,lon,ndbc,WPLF1
,,3226,2022-06-16T09:00:00Z,-122.436,lon,ndbc,WPOW1
,,3227,2022-06-16T08:36:00Z,-124.105,lon,ndbc,WPTW1
,,3228,2022-06-16T08:00:00Z,-80.735,lon,ndbc,WRBF1
,,3229,2022-06-16T09:00:00Z,-85.135,lon,ndbc,WSLM4
,,3230,2022-06-16T07:00:00Z,-80.938,lon,ndbc,WWEF1
,,3231,2022-06-16T09:18:00Z,-89.326,lon,ndbc,WYCM6
,,3232,2022-06-16T09:00:00Z,-139.733,lon,ndbc,YATA2
,,3233,2022-06-16T09:00:00Z,-76.342,lon,ndbc,YKRV2
,,3234,2022-06-16T09:00:00Z,-76.479,lon,ndbc,YKTV2
,,3235,2022-06-16T08:30:00Z,-76.712,lon,ndbc,YRSV2
,,3236,2022-06-16T08:04:00Z,1.6,pressure_tendency_hpa,ndbc,44030
,,3237,2022-06-16T08:04:00Z,1.6,pressure_tendency_hpa,ndbc,44032
,,3238,2022-06-16T08:04:00Z,0,pressure_tendency_hpa,ndbc,44033
,,3239,2022-06-16T08:04:00Z,1.6,pressure_tendency_hpa,ndbc,44034
,,3240,2022-06-16T08:04:00Z,1.6,pressure_tendency_hpa,ndbc,44037
,,3241,2022-06-16T09:00:00Z,27,pressure_tendency_hpa,ndbc,62107
,,3242,2022-06-16T09:00:00Z,11,pressure_tendency_hpa,ndbc,62127
,,3243,2022-06-16T09:00:00Z,27,pressure_tendency_hpa,ndbc,62130
,,3244,2022-06-16T09:00:00Z,11,pressure_tendency_hpa,ndbc,62144
,,3245,2022-06-16T09:00:00Z,5,pressure_tendency_hpa,ndbc,62145
,,3246,2022-06-16T09:00:00Z,11,pressure_tendency_hpa,ndbc,62146
,,3247,2022-06-16T09:00:00Z,11,pressure_tendency_hpa,ndbc,62149
,,3248,2022-06-16T09:00:00Z,11,pressure_tendency_hpa,ndbc,62164
,,3249,2022-06-16T09:00:00Z,11,pressure_tendency_hpa,ndbc,62165
,,3250,2022-06-16T09:00:00Z,5,pressure_tendency_hpa,ndbc,62170
,,3251,2022-06-16T09:00:00Z,5,pressure_tendency_hpa,ndbc,62304
,,3252,2022-06-16T09:00:00Z,2,pressure_tendency_hpa,ndbc,62305
,,3253,2022-06-16T09:00:00Z,11,pressure_tendency_hpa,ndbc,63110
,,3254,2022-06-16T09:00:00Z,27,pressure_tendency_hpa,ndbc,63112
,,3255,2022-06-16T09:00:00Z,0.1,pressure_tendency_hpa,ndbc,63115
,,3256,2022-06-16T09:00:00Z,11,pressure_tendency_hpa,ndbc,63117
,,3257,2022-06-16T09:00:00Z,5.9,pressure_tendency_hpa,ndbc,CPVM2
,,3258,2022-06-16T09:18:00Z,5.9,pressure_tendency_hpa,ndbc,EFLA1
,,3259,2022-06-16T09:00:00Z,5.9,pressure_tendency_hpa,ndbc,FRXM3
,,3260,2022-06-16T09:18:00Z,5.9,pressure_tendency_hpa,ndbc,GCTF1
,,3261,2022-06-16T09:18:00Z,5.9,pressure_tendency_hpa,ndbc,HIVT2
,,3262,2022-06-16T09:35:00Z,2.6,pressure_tendency_hpa,ndbc,KBQX
,,3263,2022-06-16T09:35:00Z,2.6,pressure_tendency_hpa,ndbc,KGBK
,,3264,2022-06-16T09:35:00Z,8.7,pressure_tendency_hpa,ndbc,KGHB
,,3265,2022-06-16T09:35:00Z,8.7,pressure_tendency_hpa,ndbc,KGRY
,,3266,2022-06-16T09:45:00Z,7.8,pressure_tendency_hpa,ndbc,KGUL
,,3267,2022-06-16T09:35:00Z,4.3,pressure_tendency_hpa,ndbc,KHHV
,,3268,2022-06-16T09:35:00Z,7.8,pressure_tendency_hpa,ndbc,KVAF
,,3269,2022-06-16T09:35:00Z,8.7,pressure_tendency_hpa,ndbc,KVKY
,,3270,2022-06-16T09:35:00Z,8.7,pressure_tendency_hpa,ndbc,KVOA
,,3271,2022-06-16T09:18:00Z,5.9,pressure_tendency_hpa,ndbc,MBPA1
,,3272,2022-06-16T09:18:00Z,5.9,pressure_tendency_hpa,ndbc,MHBT2
,,3273,2022-06-16T09:18:00Z,5.9,pressure_tendency_hpa,ndbc,MTBF1
,,3274,2022-06-16T09:00:00Z,5.9,pressure_tendency_hpa,ndbc,MZXC1
,,3275,2022-06-16T09:18:00Z,5.9,pressure_tendency_hpa,ndbc,NFDF1
,,3276,2022-06-16T09:00:00Z,5.9,pressure_tendency_hpa,ndbc,PRUR1
,,3277,2022-06-16T09:18:00Z,5.9,pressure_tendency_hpa,ndbc,PTOA1
,,3278,2022-06-16T09:00:00Z,5.9,pressure_tendency_hpa,ndbc,PVDR1
,,3279,2022-06-16T09:00:00Z,5.9,pressure_tendency_hpa,ndbc,PXSC1
,,3280,2022-06-16T09:18:00Z,5.9,pressure_tendency_hpa,ndbc,TLVT2
,,3281,2022-06-16T09:18:00Z,5.9,pressure_tendency_hpa,ndbc,TXVT2
,,3282,2022-06-16T09:18:00Z,4.9,pressure_tendency_hpa,ndbc,UTVT2
,,3283,2022-06-16T09:18:00Z,4.9,pressure_tendency_hpa,ndbc,VTBT2
,,3284,2022-06-16T07:00:00Z,1013.5,sea_level_pressure_hpa,ndbc,13001
,,3285,2022-06-16T07:00:00Z,1015.6,sea_level_pressure_hpa,ndbc,13008
,,3286,2022-06-16T07:00:00Z,1011.4,sea_level_pressure_hpa,ndbc,14040
,,3287,2022-06-16T07:00:00Z,1013.1,sea_level_pressure_hpa,ndbc,14043
,,3288,2022-06-16T07:00:00Z,1013.8,sea_level_pressure_hpa,ndbc,15001
,,3289,2022-06-16T08:00:00Z,1017.5,sea_level_pressure_hpa,ndbc,31005
,,3290,2022-06-16T07:00:00Z,1013.4,sea_level_pressure_hpa,ndbc,31007
,,3291,2022-06-16T08:30:00Z,1023.4,sea_level_pressure_hpa,ndbc,32ST0
,,3292,2022-06-16T09:20:00Z,1020.2,sea_level_pressure_hpa,ndbc,41001
,,3293,2022-06-16T09:20:00Z,1017.6,sea_level_pressure_hpa,ndbc,41002
,,3294,2022-06-16T09:20:00Z,1019.5,sea_level_pressure_hpa,ndbc,41004
,,3295,2022-06-16T08:50:00Z,1017.8,sea_level_pressure_hpa,ndbc,41008
,,3296,2022-06-16T09:20:00Z,1017,sea_level_pressure_hpa,ndbc,41009
,,3297,2022-06-16T09:20:00Z,1018,sea_level_pressure_hpa,ndbc,41010
,,3298,2022-06-16T09:20:00Z,1020.1,sea_level_pressure_hpa,ndbc,41013
,,3299,2022-06-16T09:08:00Z,1020.3,sea_level_pressure_hpa,ndbc,41024
,,3300,2022-06-16T09:20:00Z,1020.5,sea_level_pressure_hpa,ndbc,41025
,,3301,2022-06-16T09:08:00Z,1019.2,sea_level_pressure_hpa,ndbc,41029
,,3302,2022-06-16T07:08:00Z,1018.4,sea_level_pressure_hpa,ndbc,41033
,,3303,2022-06-16T09:08:00Z,1020.4,sea_level_pressure_hpa,ndbc,41037
,,3304,2022-06-16T08:08:00Z,1020.9,sea_level_pressure_hpa,ndbc,41038
,,3305,2022-06-16T09:20:00Z,1016.5,sea_level_pressure_hpa,ndbc,41040
,,3306,2022-06-16T09:20:00Z,1015.4,sea_level_pressure_hpa,ndbc,41043
,,3307,2022-06-16T09:20:00Z,1018.7,sea_level_pressure_hpa,ndbc,41044
,,3308,2022-06-16T09:20:00Z,1017.9,sea_level_pressure_hpa,ndbc,41046
,,3309,2022-06-16T09:20:00Z,1015.5,sea_level_pressure_hpa,ndbc,41047
,,3310,2022-06-16T09:20:00Z,1017.9,sea_level_pressure_hpa,ndbc,41048
,,3311,2022-06-16T09:20:00Z,1015.5,sea_level_pressure_hpa,ndbc,41049
,,3312,2022-06-16T09:00:00Z,1015,sea_level_pressure_hpa,ndbc,41052
,,3313,2022-06-16T09:00:00Z,1015,sea_level_pressure_hpa,ndbc,41053
,,3314,2022-06-16T09:08:00Z,1020.7,sea_level_pressure_hpa,ndbc,41064
,,3315,2022-06-16T09:08:00Z,1019.4,sea_level_pressure_hpa,ndbc,41066
,,3316,2022-06-16T09:00:00Z,1018.3,sea_level_pressure_hpa,ndbc,41139
,,3317,2022-06-16T08:30:00Z,1014.9,sea_level_pressure_hpa,ndbc,41NT0
,,3318,2022-06-16T09:20:00Z,1017,sea_level_pressure_hpa,ndbc,42002
,,3319,2022-06-16T09:20:00Z,1016.9,sea_level_pressure_hpa,ndbc,42019
,,3320,2022-06-16T09:20:00Z,1016.8,sea_level_pressure_hpa,ndbc,42020
,,3321,2022-06-16T08:30:00Z,1017.3,sea_level_pressure_hpa,ndbc,42022
,,3322,2022-06-16T08:30:00Z,1017.1,sea_level_pressure_hpa,ndbc,42023
,,3323,2022-06-16T08:30:00Z,1016.8,sea_level_pressure_hpa,ndbc,42026
,,3324,2022-06-16T09:20:00Z,1017.1,sea_level_pressure_hpa,ndbc,42035
,,3325,2022-06-16T09:20:00Z,1016.3,sea_level_pressure_hpa,ndbc,42036
,,3326,2022-06-16T09:20:00Z,1017.5,sea_level_pressure_hpa,ndbc,42039
,,3327,2022-06-16T09:20:00Z,1017.1,sea_level_pressure_hpa,ndbc,42040
,,3328,2022-06-16T09:20:00Z,1015.8,sea_level_pressure_hpa,ndbc,42055
,,3329,2022-06-16T09:20:00Z,1014.1,sea_level_pressure_hpa,ndbc,42059
,,3330,2022-06-16T09:20:00Z,1015.4,sea_level_pressure_hpa,ndbc,42060
,,3331,2022-06-16T08:30:00Z,1015.6,sea_level_pressure_hpa,ndbc,42085
,,3332,2022-06-16T08:50:00Z,1021.7,sea_level_pressure_hpa,ndbc,44005
,,3333,2022-06-16T09:20:00Z,1021.2,sea_level_pressure_hpa,ndbc,44007
,,3334,2022-06-16T09:20:00Z,1021.6,sea_level_pressure_hpa,ndbc,44008
,,3335,2022-06-16T09:20:00Z,1021.4,sea_level_pressure_hpa,ndbc,44009
,,3336,2022-06-16T09:20:00Z,1022.7,sea_level_pressure_hpa,ndbc,44011
,,3337,2022-06-16T09:20:00Z,1023.2,sea_level_pressure_hpa,ndbc,44013
,,3338,2022-06-16T09:20:00Z,1019.7,sea_level_pressure_hpa,ndbc,44014
,,3339,2022-06-16T09:20:00Z,1023.1,sea_level_pressure_hpa,ndbc,44017
,,3340,2022-06-16T09:20:00Z,1022.7,sea_level_pressure_hpa,ndbc,44018
,,3341,2022-06-16T09:20:00Z,1022.5,sea_level_pressure_hpa,ndbc,44020
,,3342,2022-06-16T09:20:00Z,1021.1,sea_level_pressure_hpa,ndbc,44025
,,3343,2022-06-16T08:50:00Z,1022.1,sea_level_pressure_hpa,ndbc,44027
,,3344,2022-06-16T08:04:00Z,1020.8,sea_level_pressure_hpa,ndbc,44030
,,3345,2022-06-16T08:04:00Z,1021.8,sea_level_pressure_hpa,ndbc,44032
,,3346,2022-06-16T08:04:00Z,1021.7,sea_level_pressure_hpa,ndbc,44033
,,3347,2022-06-16T08:04:00Z,1021.4,sea_level_pressure_hpa,ndbc,44034
,,3348,2022-06-16T09:12:00Z,1021.4,sea_level_pressure_hpa,ndbc,44062
,,3349,2022-06-16T09:12:00Z,1020.3,sea_level_pressure_hpa,ndbc,44063
,,3350,2022-06-16T09:18:00Z,1021.4,sea_level_pressure_hpa,ndbc,44064
,,3351,2022-06-16T09:20:00Z,1020.7,sea_level_pressure_hpa,ndbc,44065
,,3352,2022-06-16T09:20:00Z,1022.2,sea_level_pressure_hpa,ndbc,44066
,,3353,2022-06-16T09:00:00Z,1020.8,sea_level_pressure_hpa,ndbc,44137
,,3354,2022-06-16T09:00:00Z,1019.5,sea_level_pressure_hpa,ndbc,44139
,,3355,2022-06-16T09:00:00Z,1021.6,sea_level_pressure_hpa,ndbc,44150
,,3356,2022-06-16T09:00:00Z,1021.6,sea_level_pressure_hpa,ndbc,44258
,,3357,2022-06-16T09:00:00Z,1020.6,sea_level_pressure_hpa,ndbc,44488
,,3358,2022-06-16T09:00:00Z,1020.7,sea_level_pressure_hpa,ndbc,44489
,,3359,2022-06-16T09:00:00Z,1022.3,sea_level_pressure_hpa,ndbc,44490
,,3360,2022-06-16T09:30:00Z,1002.7,sea_level_pressure_hpa,ndbc,45001
,,3361,2022-06-16T09:30:00Z,1008.1,sea_level_pressure_hpa,ndbc,45002
,,3362,2022-06-16T09:30:00Z,1007.4,sea_level_pressure_hpa,ndbc,45003
,,3363,2022-06-16T09:30:00Z,1005.3,sea_level_pressure_hpa,ndbc,45004
,,3364,2022-06-16T09:30:00Z,1013,sea_level_pressure_hpa,ndbc,45005
,,3365,2022-06-16T09:30:00Z,999.9,sea_level_pressure_hpa,ndbc,45006
,,3366,2022-06-16T09:30:00Z,1012.2,sea_level_pressure_hpa,ndbc,45007
,,3367,2022-06-16T09:30:00Z,1011.9,sea_level_pressure_hpa,ndbc,45008
,,3368,2022-06-16T09:40:00Z,1007.8,sea_level_pressure_hpa,ndbc,45022
,,3369,2022-06-16T09:30:00Z,1007.7,sea_level_pressure_hpa,ndbc,45024
,,3370,2022-06-16T09:40:00Z,1003.7,sea_level_pressure_hpa,ndbc,45025
,,3371,2022-06-16T09:30:00Z,1012.9,sea_level_pressure_hpa,ndbc,45026
,,3372,2022-06-16T09:30:00Z,1002.3,sea_level_pressure_hpa,ndbc,45027
,,3373,2022-06-16T09:30:00Z,1011.3,sea_level_pressure_hpa,ndbc,45029
,,3374,2022-06-16T09:00:00Z,1011.9,sea_level_pressure_hpa,ndbc,45139
,,3375,2022-06-16T09:00:00Z,1011.3,sea_level_pressure_hpa,ndbc,45149
,,3376,2022-06-16T09:00:00Z,1011.6,sea_level_pressure_hpa,ndbc,45159
,,3377,2022-06-16T09:20:00Z,1011.5,sea_level_pressure_hpa,ndbc,45161
,,3378,2022-06-16T09:20:00Z,1007.1,sea_level_pressure_hpa,ndbc,45162
,,3379,2022-06-16T09:00:00Z,1010.7,sea_level_pressure_hpa,ndbc,45163
,,3380,2022-06-16T09:30:00Z,1012.3,sea_level_pressure_hpa,ndbc,45168
,,3381,2022-06-16T09:30:00Z,1011.1,sea_level_pressure_hpa,ndbc,45174
,,3382,2022-06-16T09:35:00Z,1007.8,sea_level_pressure_hpa,ndbc,45175
,,3383,2022-06-16T09:30:00Z,1014.4,sea_level_pressure_hpa,ndbc,45176
,,3384,2022-06-16T09:30:00Z,1011.1,sea_level_pressure_hpa,ndbc,45183
,,3385,2022-06-16T09:30:00Z,1010.7,sea_level_pressure_hpa,ndbc,45186
,,3386,2022-06-16T09:20:00Z,1014.2,sea_level_pressure_hpa,ndbc,45196
,,3387,2022-06-16T09:20:00Z,1014.5,sea_level_pressure_hpa,ndbc,45197
,,3388,2022-06-16T09:30:00Z,1014.5,sea_level_pressure_hpa,ndbc,45198
,,3389,2022-06-16T09:20:00Z,1020.8,sea_level_pressure_hpa,ndbc,46001
,,3390,2022-06-16T09:20:00Z,1012.6,sea_level_pressure_hpa,ndbc,46002
,,3391,2022-06-16T09:00:00Z,1015.5,sea_level_pressure_hpa,ndbc,46004
,,3392,2022-06-16T09:20:00Z,1006.8,sea_level_pressure_hpa,ndbc,46005
,,3393,2022-06-16T09:20:00Z,1020.7,sea_level_pressure_hpa,ndbc,46006
,,3394,2022-06-16T09:30:00Z,1009.9,sea_level_pressure_hpa,ndbc,46011
,,3395,2022-06-16T09:30:00Z,1014,sea_level_pressure_hpa,ndbc,46012
,,3396,2022-06-16T09:30:00Z,1013.9,sea_level_pressure_hpa,ndbc,46013
,,3397,2022-06-16T09:30:00Z,1015.7,sea_level_pressure_hpa,ndbc,46014
,,3398,2022-06-16T09:30:00Z,1014.6,sea_level_pressure_hpa,ndbc,46015
,,3399,2022-06-16T09:30:00Z,1014.9,sea_level_pressure_hpa,ndbc,46022
,,3400,2022-06-16T09:30:00Z,1009.2,sea_level_pressure_hpa,ndbc,46025
,,3401,2022-06-16T09:30:00Z,1013.9,sea_level_pressure_hpa,ndbc,46026
,,3402,2022-06-16T09:30:00Z,1015.5,sea_level_pressure_hpa,ndbc,46027
,,3403,2022-06-16T09:30:00Z,1010.3,sea_level_pressure_hpa,ndbc,46028
,,3404,2022-06-16T09:30:00Z,1012.1,sea_level_pressure_hpa,ndbc,46029
,,3405,2022-06-16T08:50:00Z,1006,sea_level_pressure_hpa,ndbc,46035
,,3406,2022-06-16T09:00:00Z,1009.8,sea_level_pressure_hpa,ndbc,46036
,,3407,2022-06-16T09:30:00Z,1013.3,sea_level_pressure_hpa,ndbc,46042
,,3408,2022-06-16T09:20:00Z,1008.8,sea_level_pressure_hpa,ndbc,46047
,,3409,2022-06-16T09:30:00Z,1011,sea_level_pressure_hpa,ndbc,46050
,,3410,2022-06-16T09:30:00Z,1009.9,sea_level_pressure_hpa,ndbc,46053
,,3411,2022-06-16T09:30:00Z,1009.3,sea_level_pressure_hpa,ndbc,46054
,,3412,2022-06-16T09:20:00Z,1019.2,sea_level_pressure_hpa,ndbc,46059
,,3413,2022-06-16T08:50:00Z,1019.8,sea_level_pressure_hpa,ndbc,46060
,,3414,2022-06-16T08:50:00Z,1020.4,sea_level_pressure_hpa,ndbc,46061
,,3415,2022-06-16T09:20:00Z,1021.1,sea_level_pressure_hpa,ndbc,46066
,,3416,2022-06-16T09:20:00Z,999.1,sea_level_pressure_hpa,ndbc,46072
,,3417,2022-06-16T09:20:00Z,1015.2,sea_level_pressure_hpa,ndbc,46075
,,3418,2022-06-16T09:20:00Z,1020.4,sea_level_pressure_hpa,ndbc,46076
,,3419,2022-06-16T08:50:00Z,1020.4,sea_level_pressure_hpa,ndbc,46077
,,3420,2022-06-16T09:20:00Z,1021.9,sea_level_pressure_hpa,ndbc,46078
,,3421,2022-06-16T08:50:00Z,1020.9,sea_level_pressure_hpa,ndbc,46080
,,3422,2022-06-16T08:50:00Z,1020.3,sea_level_pressure_hpa,ndbc,46081
,,3423,2022-06-16T08:50:00Z,1017.2,sea_level_pressure_hpa,ndbc,46082
,,3424,2022-06-16T08:50:00Z,1017.4,sea_level_pressure_hpa,ndbc,46083
,,3425,2022-06-16T09:20:00Z,1014.3,sea_level_pressure_hpa,ndbc,46084
,,3426,2022-06-16T09:20:00Z,1020.9,sea_level_pressure_hpa,ndbc,46085
,,3427,2022-06-16T09:30:00Z,1009.4,sea_level_pressure_hpa,ndbc,46086
,,3428,2022-06-16T09:20:00Z,1011.7,sea_level_pressure_hpa,ndbc,46089
,,3429,2022-06-16T09:16:00Z,1012.3,sea_level_pressure_hpa,ndbc,46092
,,3430,2022-06-16T07:50:00Z,1012,sea_level_pressure_hpa,ndbc,46097
,,3431,2022-06-16T07:40:00Z,1011.1,sea_level_pressure_hpa,ndbc,46098
,,3432,2022-06-16T06:50:00Z,1012.4,sea_level_pressure_hpa,ndbc,46099
,,3433,2022-06-16T07:20:00Z,1011.5,sea_level_pressure_hpa,ndbc,46100
,,3434,2022-06-16T09:00:00Z,1012.6,sea_level_pressure_hpa,ndbc,46131
,,3435,2022-06-16T09:00:00Z,1012.1,sea_level_pressure_hpa,ndbc,46132
,,3436,2022-06-16T09:00:00Z,1010.7,sea_level_pressure_hpa,ndbc,46145
,,3437,2022-06-16T09:00:00Z,1012.8,sea_level_pressure_hpa,ndbc,46146
,,3438,2022-06-16T09:00:00Z,1012.4,sea_level_pressure_hpa,ndbc,46147
,,3439,2022-06-16T09:00:00Z,1009.4,sea_level_pressure_hpa,ndbc,46181
,,3440,2022-06-16T09:00:00Z,1010.3,sea_level_pressure_hpa,ndbc,46183
,,3441,2022-06-16T09:00:00Z,1011.5,sea_level_pressure_hpa,ndbc,46185
,,3442,2022-06-16T09:00:00Z,1012.1,sea_level_pressure_hpa,ndbc,46204
,,3443,2022-06-16T09:00:00Z,1013,sea_level_pressure_hpa,ndbc,46205
,,3444,2022-06-16T09:00:00Z,1012.1,sea_level_pressure_hpa,ndbc,46206
,,3445,2022-06-16T09:00:00Z,1012.6,sea_level_pressure_hpa,ndbc,46207
,,3446,2022-06-16T09:00:00Z,1013.1,sea_level_pressure_hpa,ndbc,46303
,,3447,2022-06-16T09:00:00Z,1012.9,sea_level_pressure_hpa,ndbc,46304
,,3448,2022-06-16T09:20:00Z,1019.3,sea_level_pressure_hpa,ndbc,51000
,,3449,2022-06-16T09:20:00Z,1020.4,sea_level_pressure_hpa,ndbc,51001
,,3450,2022-06-16T09:20:00Z,1016.1,sea_level_pressure_hpa,ndbc,51002
,,3451,2022-06-16T09:20:00Z,1017.3,sea_level_pressure_hpa,ndbc,51003
,,3452,2022-06-16T09:20:00Z,1015.1,sea_level_pressure_hpa,ndbc,51004
,,3453,2022-06-16T09:20:00Z,1020.7,sea_level_pressure_hpa,ndbc,51101
,,3454,2022-06-16T09:00:00Z,1019,sea_level_pressure_hpa,ndbc,62029
,,3455,2022-06-16T09:00:00Z,1021.7,sea_level_pressure_hpa,ndbc,62050
,,3456,2022-06-16T09:00:00Z,1018.1,sea_level_pressure_hpa,ndbc,62081
,,3457,2022-06-16T09:00:00Z,1022.5,sea_level_pressure_hpa,ndbc,62103
,,3458,2022-06-16T09:00:00Z,1021.3,sea_level_pressure_hpa,ndbc,62107
,,3459,2022-06-16T09:00:00Z,1019.9,sea_level_pressure_hpa,ndbc,62114
,,3460,2022-06-16T09:00:00Z,1023.1,sea_level_pressure_hpa,ndbc,62121
,,3461,2022-06-16T09:00:00Z,1022,sea_level_pressure_hpa,ndbc,62124
,,3462,2022-06-16T09:00:00Z,1022.5,sea_level_pressure_hpa,ndbc,62127
,,3463,2022-06-16T09:00:00Z,1019.8,sea_level_pressure_hpa,ndbc,62130
,,3464,2022-06-16T09:00:00Z,1022.7,sea_level_pressure_hpa,ndbc,62135
,,3465,2022-06-16T09:00:00Z,1022.6,sea_level_pressure_hpa,ndbc,62144
,,3466,2022-06-16T09:00:00Z,1023.4,sea_level_pressure_hpa,ndbc,62145
,,3467,2022-06-16T09:00:00Z,1020.6,sea_level_pressure_hpa,ndbc,62146
,,3468,2022-06-16T09:00:00Z,1022.8,sea_level_pressure_hpa,ndbc,62149
,,3469,2022-06-16T09:00:00Z,1019.5,sea_level_pressure_hpa,ndbc,62163
,,3470,2022-06-16T09:00:00Z,1020.6,sea_level_pressure_hpa,ndbc,62164
,,3471,2022-06-16T09:00:00Z,1022.6,sea_level_pressure_hpa,ndbc,62165
,,3472,2022-06-16T09:00:00Z,1023,sea_level_pressure_hpa,ndbc,62170
,,3473,2022-06-16T09:00:00Z,1022.8,sea_level_pressure_hpa,ndbc,62304
,,3474,2022-06-16T09:00:00Z,1022.8,sea_level_pressure_hpa,ndbc,62305
,,3475,2022-06-16T09:00:00Z,1016.9,sea_level_pressure_hpa,ndbc,62442
,,3476,2022-06-16T09:00:00Z,1019.1,sea_level_pressure_hpa,ndbc,63110
,,3477,2022-06-16T09:00:00Z,1017.7,sea_level_pressure_hpa,ndbc,63112
,,3478,2022-06-16T09:00:00Z,1017.5,sea_level_pressure_hpa,ndbc,63115
,,3479,2022-06-16T09:00:00Z,1018,sea_level_pressure_hpa,ndbc,63117
,,3480,2022-06-16T09:00:00Z,1014.3,sea_level_pressure_hpa,ndbc,64045
,,3481,2022-06-16T09:00:00Z,1013.3,sea_level_pressure_hpa,ndbc,AAMC1
,,3482,2022-06-16T08:45:00Z,1020,sea_level_pressure_hpa,ndbc,ACXS1
,,3483,2022-06-16T09:00:00Z,1022,sea_level_pressure_hpa,ndbc,ACYN4
,,3484,2022-06-16T09:00:00Z,994.6,sea_level_pressure_hpa,ndbc,ADKA2
,,3485,2022-06-16T09:00:00Z,1012.6,sea_level_pressure_hpa,ndbc,AGCM4
,,3486,2022-06-16T08:54:00Z,1007.6,sea_level_pressure_hpa,ndbc,AGXC1
,,3487,2022-06-16T09:00:00Z,1021.7,sea_level_pressure_hpa,ndbc,ALIA2
,,3488,2022-06-16T09:00:00Z,1013,sea_level_pressure_hpa,ndbc,ALXN6
,,3489,2022-06-16T09:30:00Z,1020.2,sea_level_pressure_hpa,ndbc,AMAA2
,,3490,2022-06-16T09:18:00Z,1017.8,sea_level_pressure_hpa,ndbc,AMRL1
,,3491,2022-06-16T08:30:00Z,1020,sea_level_pressure_hpa,ndbc,ANMN6
,,3492,2022-06-16T09:18:00Z,1015.7,sea_level_pressure_hpa,ndbc,ANPT2
,,3493,2022-06-16T09:00:00Z,1014.4,sea_level_pressure_hpa,ndbc,ANVC1
,,3494,2022-06-16T09:00:00Z,1019.6,sea_level_pressure_hpa,ndbc,APAM2
,,3495,2022-06-16T09:18:00Z,1018,sea_level_pressure_hpa,ndbc,APCF1
,,3496,2022-06-16T09:00:00Z,1011.3,sea_level_pressure_hpa,ndbc,APRP7
,,3497,2022-06-16T08:45:00Z,1019,sea_level_pressure_hpa,ndbc,APXF1
,,3498,2022-06-16T07:54:00Z,1017.1,sea_level_pressure_hpa,ndbc,ARPF1
,,3499,2022-06-16T09:00:00Z,1012.1,sea_level_pressure_hpa,ndbc,ASTO3
,,3500,2022-06-16T09:00:00Z,1021.7,sea_level_pressure_hpa,ndbc,ATGM1
,,3501,2022-06-16T09:00:00Z,997.6,sea_level_pressure_hpa,ndbc,ATKA2
,,3502,2022-06-16T09:12:00Z,1016,sea_level_pressure_hpa,ndbc,AWRT2
,,3503,2022-06-16T09:18:00Z,1016.6,sea_level_pressure_hpa,ndbc,BABT2
,,3504,2022-06-16T09:12:00Z,1015.4,sea_level_pressure_hpa,ndbc,BARA9
,,3505,2022-06-16T09:00:00Z,1021.6,sea_level_pressure_hpa,ndbc,BATN6
,,3506,2022-06-16T08:36:00Z,1020.5,sea_level_pressure_hpa,ndbc,BDRN4
,,3507,2022-06-16T09:00:00Z,1020.7,sea_level_pressure_hpa,ndbc,BDSP1
,,3508,2022-06-16T09:00:00Z,1019.6,sea_level_pressure_hpa,ndbc,BFTN7
,,3509,2022-06-16T09:00:00Z,1021,sea_level_pressure_hpa,ndbc,BGNN6
,,3510,2022-06-16T08:45:00Z,1022,sea_level_pressure_hpa,ndbc,BGXN3
,,3511,2022-06-16T09:00:00Z,1022,sea_level_pressure_hpa,ndbc,BHBM3
,,3512,2022-06-16T08:40:00Z,1013.2,sea_level_pressure_hpa,ndbc,BHRI3
,,3513,2022-06-16T08:40:00Z,1003,sea_level_pressure_hpa,ndbc,BIGM4
,,3514,2022-06-16T09:00:00Z,1020.8,sea_level_pressure_hpa,ndbc,BISM2
,,3515,2022-06-16T09:18:00Z,1017.6,sea_level_pressure_hpa,ndbc,BKBF1
,,3516,2022-06-16T09:30:00Z,1020.9,sea_level_pressure_hpa,ndbc,BLIA2
,,3517,2022-06-16T09:18:00Z,1018.4,sea_level_pressure_hpa,ndbc,BLIF1
,,3518,2022-06-16T09:00:00Z,1019,sea_level_pressure_hpa,ndbc,BLTM2
,,3519,2022-06-16T09:00:00Z,1022.7,sea_level_pressure_hpa,ndbc,BLTM3
,,3520,2022-06-16T09:00:00Z,1013.3,sea_level_pressure_hpa,ndbc,BMTW1
,,3521,2022-06-16T09:00:00Z,1021.4,sea_level_pressure_hpa,ndbc,BRHC3
,,3522,2022-06-16T09:00:00Z,1021.3,sea_level_pressure_hpa,ndbc,BRND1
,,3523,2022-06-16T08:40:00Z,1011.2,sea_level_pressure_hpa,ndbc,BSBM4
,,3524,2022-06-16T08:30:00Z,1017.4,sea_level_pressure_hpa,ndbc,BSCA1
,,3525,2022-06-16T08:30:00Z,1019,sea_level_pressure_hpa,ndbc,BSLM2
,,3526,2022-06-16T09:00:00Z,1012.3,sea_level_pressure_hpa,ndbc,BUFN6
,,3527,2022-06-16T09:00:00Z,1022.8,sea_level_pressure_hpa,ndbc,BUZM3
,,3528,2022-06-16T09:18:00Z,1017.5,sea_level_pressure_hpa,ndbc,BYGL1
,,3529,2022-06-16T09:00:00Z,1022.6,sea_level_pressure_hpa,ndbc,BZBM3
,,3530,2022-06-16T09:18:00Z,1015.1,sea_level_pressure_hpa,ndbc,BZST2
,,3531,2022-06-16T09:00:00Z,1020.4,sea_level_pressure_hpa,ndbc,CAMM2
,,3532,2022-06-16T09:18:00Z,1016.1,sea_level_pressure_hpa,ndbc,CAPL1
,,3533,2022-06-16T09:22:00Z,1013.4,sea_level_pressure_hpa,ndbc,CDEA2
,,3534,2022-06-16T09:00:00Z,1017.7,sea_level_pressure_hpa,ndbc,CDRF1
,,3535,2022-06-16T09:32:00Z,1008.9,sea_level_pressure_hpa,ndbc,CDXA2
,,3536,2022-06-16T09:00:00Z,1015.3,sea_level_pressure_hpa,ndbc,CECC1
,,3537,2022-06-16T09:00:00Z,1021,sea_level_pressure_hpa,ndbc,CFWM1
,,3538,2022-06-16T08:36:00Z,1014.7,sea_level_pressure_hpa,ndbc,CHAO3
,,3539,2022-06-16T09:18:00Z,1015.2,sea_level_pressure_hpa,ndbc,CHAV3
,,3540,2022-06-16T09:00:00Z,1019.9,sea_level_pressure_hpa,ndbc,CHBV2
,,3541,2022-06-16T09:00:00Z,1020.3,sea_level_pressure_hpa,ndbc,CHCM2
,,3542,2022-06-16T09:12:00Z,1014.5,sea_level_pressure_hpa,ndbc,CHSV3
,,3543,2022-06-16T09:00:00Z,1022.3,sea_level_pressure_hpa,ndbc,CHTM3
,,3544,2022-06-16T09:00:00Z,1018.1,sea_level_pressure_hpa,ndbc,CHTS1
,,3545,2022-06-16T09:00:00Z,1020.9,sea_level_pressure_hpa,ndbc,CHYV2
,,3546,2022-06-16T09:00:00Z,1013.2,sea_level_pressure_hpa,ndbc,CHYW1
,,3547,2022-06-16T09:18:00Z,1014.8,sea_level_pressure_hpa,ndbc,CLBP4
,,3548,2022-06-16T09:00:00Z,1020.8,sea_level_pressure_hpa,ndbc,CLKN7
,,3549,2022-06-16T09:00:00Z,1012.9,sea_level_pressure_hpa,ndbc,CLSM4
,,3550,2022-06-16T09:00:00Z,1021,sea_level_pressure_hpa,ndbc,CMAN4
,,3551,2022-06-16T09:00:00Z,1011.2,sea_level_pressure_hpa,ndbc,CMTI2
,,3552,2022-06-16T09:00:00Z,1015,sea_level_pressure_hpa,ndbc,CNDO1
,,3553,2022-06-16T09:00:00Z,1020.5,sea_level_pressure_hpa,ndbc,COVM2
,,3554,2022-06-16T09:00:00Z,1022.9,sea_level_pressure_hpa,ndbc,CPTR1
,,3555,2022-06-16T09:24:00Z,1012.1,sea_level_pressure_hpa,ndbc,CRGA2
,,3556,2022-06-16T08:00:00Z,1016.9,sea_level_pressure_hpa,ndbc,CRTA1
,,3557,2022-06-16T09:00:00Z,1020.4,sea_level_pressure_hpa,ndbc,CRVA2
,,3558,2022-06-16T09:00:00Z,1020.2,sea_level_pressure_hpa,ndbc,CRYV2
,,3559,2022-06-16T09:10:00Z,1016,sea_level_pressure_hpa,ndbc,CSPA2
,,3560,2022-06-16T09:12:00Z,1017.3,sea_level_pressure_hpa,ndbc,CWBF1
,,3561,2022-06-16T09:00:00Z,1004.9,sea_level_pressure_hpa,ndbc,CWCI
,,3562,2022-06-16T09:00:00Z,1013.3,sea_level_pressure_hpa,ndbc,DBLN6
,,3563,2022-06-16T09:00:00Z,1020.4,sea_level_pressure_hpa,ndbc,DELD1
,,3564,2022-06-16T09:00:00Z,1012.1,sea_level_pressure_hpa,ndbc,DESW1
,,3565,2022-06-16T09:00:00Z,1001,sea_level_pressure_hpa,ndbc,DISW3
,,3566,2022-06-16T09:00:00Z,1020.8,sea_level_pressure_hpa,ndbc,DOMV2
,,3567,2022-06-16T07:30:00Z,1016.9,sea_level_pressure_hpa,ndbc,DPHA1
,,3568,2022-06-16T09:00:00Z,1012,sea_level_pressure_hpa,ndbc,DPXC1
,,3569,2022-06-16T08:30:00Z,1021,sea_level_pressure_hpa,ndbc,DRSD1
,,3570,2022-06-16T09:00:00Z,1005.4,sea_level_pressure_hpa,ndbc,DTLM4
,,3571,2022-06-16T09:00:00Z,1020.4,sea_level_pressure_hpa,ndbc,DUKN7
,,3572,2022-06-16T09:00:00Z,1001.1,sea_level_pressure_hpa,ndbc,DULM5
,,3573,2022-06-16T09:18:00Z,1017.1,sea_level_pressure_hpa,ndbc,EBEF1
,,3574,2022-06-16T09:18:00Z,1017.5,sea_level_pressure_hpa,ndbc,EINL1
,,3575,2022-06-16T09:00:00Z,1017.1,sea_level_pressure_hpa,ndbc,ELFA2
,,3576,2022-06-16T08:45:00Z,1013,sea_level_pressure_hpa,ndbc,ELXC1
,,3577,2022-06-16T09:18:00Z,1016.3,sea_level_pressure_hpa,ndbc,EMAT2
,,3578,2022-06-16T09:18:00Z,1016.5,sea_level_pressure_hpa,ndbc,EPTT2
,,3579,2022-06-16T09:24:00Z,1017.1,sea_level_pressure_hpa,ndbc,EROA2
,,3580,2022-06-16T09:32:00Z,1012.8,sea_level_pressure_hpa,ndbc,ERXA2
,,3581,2022-06-16T09:12:00Z,1015.8,sea_level_pressure_hpa,ndbc,ESPP4
,,3582,2022-06-16T09:00:00Z,1014.2,sea_level_pressure_hpa,ndbc,FAIO1
,,3583,2022-06-16T09:00:00Z,1019.7,sea_level_pressure_hpa,ndbc,FBIS1
,,3584,2022-06-16T09:00:00Z,1013.1,sea_level_pressure_hpa,ndbc,FFIA2
,,3585,2022-06-16T08:54:00Z,1017.6,sea_level_pressure_hpa,ndbc,FHPF1
,,3586,2022-06-16T09:30:00Z,1020.9,sea_level_pressure_hpa,ndbc,FILA2
,,3587,2022-06-16T09:18:00Z,1016.7,sea_level_pressure_hpa,ndbc,FMOA1
,,3588,2022-06-16T09:18:00Z,1015.8,sea_level_pressure_hpa,ndbc,FMRF1
,,3589,2022-06-16T09:00:00Z,1022.9,sea_level_pressure_hpa,ndbc,FOXR1
,,3590,2022-06-16T09:00:00Z,1019.4,sea_level_pressure_hpa,ndbc,FPKG1
,,3591,2022-06-16T09:18:00Z,1015.9,sea_level_pressure_hpa,ndbc,FPST2
,,3592,2022-06-16T09:18:00Z,1018.3,sea_level_pressure_hpa,ndbc,FRDF1
,,3593,2022-06-16T08:36:00Z,1013.2,sea_level_pressure_hpa,ndbc,FRDW1
,,3594,2022-06-16T09:00:00Z,1023,sea_level_pressure_hpa,ndbc,FRVM3
,,3595,2022-06-16T09:00:00Z,1019.5,sea_level_pressure_hpa,ndbc,FSKM2
,,3596,2022-06-16T09:00:00Z,1011.4,sea_level_pressure_hpa,ndbc,FTGM4
,,3597,2022-06-16T09:00:00Z,1013.4,sea_level_pressure_hpa,ndbc,FTPC1
,,3598,2022-06-16T09:00:00Z,1016.9,sea_level_pressure_hpa,ndbc,FWYF1
,,3599,2022-06-16T09:00:00Z,1008.1,sea_level_pressure_hpa,ndbc,GBWW3
,,3600,2022-06-16T09:18:00Z,1016.3,sea_level_pressure_hpa,ndbc,GCTF1
,,3601,2022-06-16T09:00:00Z,1000.3,sea_level_pressure_hpa,ndbc,GDMM5
,,3602,2022-06-16T09:33:00Z,1014.2,sea_level_pressure_hpa,ndbc,GEXA2
,,3603,2022-06-16T09:18:00Z,1017.1,sea_level_pressure_hpa,ndbc,GISL1
,,3604,2022-06-16T09:32:00Z,1008,sea_level_pressure_hpa,ndbc,GIXA2
,,3605,2022-06-16T09:30:00Z,1004.1,sea_level_pressure_hpa,ndbc,GRIM4
,,3606,2022-06-16T08:40:00Z,1006.8,sea_level_pressure_hpa,ndbc,GRMM4
,,3607,2022-06-16T09:18:00Z,1016.8,sea_level_pressure_hpa,ndbc,GRRT2
,,3608,2022-06-16T08:40:00Z,1012.2,sea_level_pressure_hpa,ndbc,GSLM4
,,3609,2022-06-16T08:40:00Z,1008.5,sea_level_pressure_hpa,ndbc,GTLM4
,,3610,2022-06-16T09:18:00Z,1016.9,sea_level_pressure_hpa,ndbc,GTOT2
,,3611,2022-06-16T09:00:00Z,1003.7,sea_level_pressure_hpa,ndbc,GTRM4
,,3612,2022-06-16T08:45:00Z,1019,sea_level_pressure_hpa,ndbc,GTXF1
,,3613,2022-06-16T09:32:00Z,1013.7,sea_level_pressure_hpa,ndbc,GUXA2
,,3614,2022-06-16T09:32:00Z,1014.9,sea_level_pressure_hpa,ndbc,HAXA2
,,3615,2022-06-16T08:36:00Z,1015.6,sea_level_pressure_hpa,ndbc,HBYC1
,,3616,2022-06-16T09:00:00Z,1021.2,sea_level_pressure_hpa,ndbc,HCGN7
,,3617,2022-06-16T09:00:00Z,1013.9,sea_level_pressure_hpa,ndbc,HHLO1
,,3618,2022-06-16T09:18:00Z,1017.2,sea_level_pressure_hpa,ndbc,HIST2
,,3619,2022-06-16T09:18:00Z,1016.3,sea_level_pressure_hpa,ndbc,HIVT2
,,3620,2022-06-16T09:00:00Z,1010.1,sea_level_pressure_hpa,ndbc,HLNM4
,,3621,2022-06-16T08:30:00Z,1020,sea_level_pressure_hpa,ndbc,HMRA2
,,3622,2022-06-16T09:00:00Z,1011.4,sea_level_pressure_hpa,ndbc,HRBM4
,,3623,2022-06-16T08:54:00Z,1010.7,sea_level_pressure_hpa,ndbc,HRVC1
,,3624,2022-06-16T09:00:00Z,1010.4,sea_level_pressure_hpa,ndbc,ICAC1
,,3625,2022-06-16T09:00:00Z,1017.9,sea_level_pressure_hpa,ndbc,ILOH1
,,3626,2022-06-16T09:00:00Z,1021,sea_level_pressure_hpa,ndbc,IOSN3
,,3627,2022-06-16T09:18:00Z,1016.2,sea_level_pressure_hpa,ndbc,IRDT2
,,3628,2022-06-16T09:00:00Z,1014.6,sea_level_pressure_hpa,ndbc,ITKA2
,,3629,2022-06-16T08:30:00Z,1022,sea_level_pressure_hpa,ndbc,JCRN4
,,3630,2022-06-16T09:33:00Z,1011.8,sea_level_pressure_hpa,ndbc,JLXA2
,,3631,2022-06-16T09:32:00Z,1011.9,sea_level_pressure_hpa,ndbc,JMLA2
,,3632,2022-06-16T09:00:00Z,1020,sea_level_pressure_hpa,ndbc,JMPN7
,,3633,2022-06-16T09:00:00Z,1015.8,sea_level_pressure_hpa,ndbc,JNEA2
,,3634,2022-06-16T09:33:00Z,1014.4,sea_level_pressure_hpa,ndbc,JNGA2
,,3635,2022-06-16T08:45:00Z,1017,sea_level_pressure_hpa,ndbc,JOXP4
,,3636,2022-06-16T09:00:00Z,1021.9,sea_level_pressure_hpa,ndbc,KDAA2
,,3637,2022-06-16T09:00:00Z,1010.8,sea_level_pressure_hpa,ndbc,KECA2
,,3638,2022-06-16T09:32:00Z,1008.5,sea_level_pressure_hpa,ndbc,KEXA2
,,3639,2022-06-16T09:00:00Z,1015.5,sea_level_pressure_hpa,ndbc,KGCA2
,,3640,2022-06-16T08:56:00Z,1001.6,sea_level_pressure_hpa,ndbc,KGNA
,,3641,2022-06-16T09:00:00Z,1018.1,sea_level_pressure_hpa,ndbc,KLIH1
,,3642,2022-06-16T09:00:00Z,1011.5,sea_level_pressure_hpa,ndbc,KNSW3
,,3643,2022-06-16T08:56:00Z,1005.6,sea_level_pressure_hpa,ndbc,KP53
,,3644,2022-06-16T08:55:00Z,1008.8,sea_level_pressure_hpa,ndbc,KP58
,,3645,2022-06-16T08:51:00Z,1002.1,sea_level_pressure_hpa,ndbc,KP59
,,3646,2022-06-16T09:00:00Z,1022.3,sea_level_pressure_hpa,ndbc,KPTN6
,,3647,2022-06-16T09:00:00Z,1018,sea_level_pressure_hpa,ndbc,KTNF1
,,3648,2022-06-16T09:00:00Z,1016.6,sea_level_pressure_hpa,ndbc,KWHH1
,,3649,2022-06-16T09:00:00Z,1010.6,sea_level_pressure_hpa,ndbc,KWJP8
,,3650,2022-06-16T09:00:00Z,1007.4,sea_level_pressure_hpa,ndbc,KWNW3
,,3651,2022-06-16T08:36:00Z,1012.8,sea_level_pressure_hpa,ndbc,LAPW1
,,3652,2022-06-16T09:18:00Z,1018.3,sea_level_pressure_hpa,ndbc,LCLL1
,,3653,2022-06-16T09:10:00Z,1018.3,sea_level_pressure_hpa,ndbc,LDLC3
,,3654,2022-06-16T09:32:00Z,1013.8,sea_level_pressure_hpa,ndbc,LIXA2
,,3655,2022-06-16T09:00:00Z,1009.9,sea_level_pressure_hpa,ndbc,LJAC1
,,3656,2022-06-16T09:18:00Z,1016.7,sea_level_pressure_hpa,ndbc,LKWF1
,,3657,2022-06-16T09:00:00Z,1013.1,sea_level_pressure_hpa,ndbc,LNDC1
,,3658,2022-06-16T09:30:00Z,1016.1,sea_level_pressure_hpa,ndbc,LONF1
,,3659,2022-06-16T09:00:00Z,1012.3,sea_level_pressure_hpa,ndbc,LOPW1
,,3660,2022-06-16T09:00:00Z,1007.4,sea_level_pressure_hpa,ndbc,LPNM4
,,3661,2022-06-16T09:18:00Z,1015,sea_level_pressure_hpa,ndbc,LTBV3
,,3662,2022-06-16T09:00:00Z,1004.5,sea_level_pressure_hpa,ndbc,LTRM4
,,3663,2022-06-16T09:18:00Z,1016.6,sea_level_pressure_hpa,ndbc,LUIT2
,,3664,2022-06-16T09:00:00Z,1020.5,sea_level_pressure_hpa,ndbc,LWTV2
,,3665,2022-06-16T09:00:00Z,1005.7,sea_level_pressure_hpa,ndbc,MACM4
,,3666,2022-06-16T09:00:00Z,1017,sea_level_pressure_hpa,ndbc,MAXT2
,,3667,2022-06-16T09:18:00Z,1015.4,sea_level_pressure_hpa,ndbc,MBET2
,,3668,2022-06-16T09:00:00Z,1019.5,sea_level_pressure_hpa,ndbc,MBIN7
,,3669,2022-06-16T09:00:00Z,1019.7,sea_level_pressure_hpa,ndbc,MBNN7
,,3670,2022-06-16T09:00:00Z,1011,sea_level_pressure_hpa,ndbc,MBRM4
,,3671,2022-06-16T09:18:00Z,1016.9,sea_level_pressure_hpa,ndbc,MCGA1
,,3672,2022-06-16T09:00:00Z,1004.3,sea_level_pressure_hpa,ndbc,MCGM4
,,3673,2022-06-16T09:20:00Z,1011.7,sea_level_pressure_hpa,ndbc,MCYI3
,,3674,2022-06-16T09:00:00Z,1021.7,sea_level_pressure_hpa,ndbc,MDRM1
,,3675,2022-06-16T08:40:00Z,1010.5,sea_level_pressure_hpa,ndbc,MEEM4
,,3676,2022-06-16T08:36:00Z,1013.9,sea_level_pressure_hpa,ndbc,MEYC1
,,3677,2022-06-16T09:18:00Z,1015.3,sea_level_pressure_hpa,ndbc,MGIP4
,,3678,2022-06-16T09:18:00Z,1016.7,sea_level_pressure_hpa,ndbc,MGPT2
,,3679,2022-06-16T09:18:00Z,1015.3,sea_level_pressure_hpa,ndbc,MGZP4
,,3680,2022-06-16T09:18:00Z,1016.7,sea_level_pressure_hpa,ndbc,MHBT2
,,3681,2022-06-16T09:00:00Z,1021.9,sea_level_pressure_hpa,ndbc,MISM1
,,3682,2022-06-16T09:30:00Z,1011.6,sea_level_pressure_hpa,ndbc,MKGM4
,,3683,2022-06-16T09:00:00Z,1007,sea_level_pressure_hpa,ndbc,MNMM4
,,3684,2022-06-16T09:00:00Z,1020,sea_level_pressure_hpa,ndbc,MNPV2
,,3685,2022-06-16T08:36:00Z,1018.8,sea_level_pressure_hpa,ndbc,MOKH1
,,3686,2022-06-16T09:00:00Z,1020,sea_level_pressure_hpa,ndbc,MRCP1
,,3687,2022-06-16T09:00:00Z,1013.2,sea_level_pressure_hpa,ndbc,MRHO1
,,3688,2022-06-16T09:30:00Z,1020.5,sea_level_pressure_hpa,ndbc,MRKA2
,,3689,2022-06-16T09:32:00Z,1012.5,sea_level_pressure_hpa,ndbc,MRNA2
,,3690,2022-06-16T09:00:00Z,1020.9,sea_level_pressure_hpa,ndbc,MROS1
,,3691,2022-06-16T09:32:00Z,1009.1,sea_level_pressure_hpa,ndbc,MRYA2
,,3692,2022-06-16T09:00:00Z,1022.9,sea_level_pressure_hpa,ndbc,MTKN6
,,3693,2022-06-16T09:32:00Z,1013.1,sea_level_pressure_hpa,ndbc,MVXA2
,,3694,2022-06-16T09:32:00Z,1012.6,sea_level_pressure_hpa,ndbc,MXXA2
,,3695,2022-06-16T09:18:00Z,1018.6,sea_level_pressure_hpa,ndbc,MYPF1
,,3696,2022-06-16T09:00:00Z,1012.1,sea_level_pressure_hpa,ndbc,MZXC1
,,3697,2022-06-16T08:40:00Z,1006.4,sea_level_pressure_hpa,ndbc,NABM4
,,3698,2022-06-16T08:45:00Z,1022,sea_level_pressure_hpa,ndbc,NAXR1
,,3699,2022-06-16T09:00:00Z,1021.5,sea_level_pressure_hpa,ndbc,NBLP1
,,3700,2022-06-16T09:00:00Z,1019.3,sea_level_pressure_hpa,ndbc,NCDV2
,,3701,2022-06-16T09:18:00Z,1016.9,sea_level_pressure_hpa,ndbc,NCHT2
,,3702,2022-06-16T09:00:00Z,1012.6,sea_level_pressure_hpa,ndbc,NEAW1
,,3703,2022-06-16T09:18:00Z,1018,sea_level_pressure_hpa,ndbc,NFDF1
,,3704,2022-06-16T09:00:00Z,1012.9,sea_level_pressure_hpa,ndbc,NIAN6
,,3705,2022-06-16T08:45:00Z,1020,sea_level_pressure_hpa,ndbc,NIWS1
,,3706,2022-06-16T09:00:00Z,1020.2,sea_level_pressure_hpa,ndbc,NKTA2
,,3707,2022-06-16T09:32:00Z,1014,sea_level_pressure_hpa,ndbc,NKXA2
,,3708,2022-06-16T09:00:00Z,1023.3,sea_level_pressure_hpa,ndbc,NLNC3
,,3709,2022-06-16T09:00:00Z,1021.8,sea_level_pressure_hpa,ndbc,NMTA2
,,3710,2022-06-16T08:40:00Z,1008.1,sea_level_pressure_hpa,ndbc,NPDW3
,,3711,2022-06-16T09:18:00Z,1015.5,sea_level_pressure_hpa,ndbc,NPSF1
,,3712,2022-06-16T08:30:00Z,1022,sea_level_pressure_hpa,ndbc,NPXN6
,,3713,2022-06-16T08:36:00Z,1010,sea_level_pressure_hpa,ndbc,NTBC1
,,3714,2022-06-16T09:00:00Z,1022.7,sea_level_pressure_hpa,ndbc,NTKM3
,,3715,2022-06-16T09:12:00Z,1017.4,sea_level_pressure_hpa,ndbc,NUET2
,,3716,2022-06-16T09:18:00Z,1016.2,sea_level_pressure_hpa,ndbc,NWCL1
,,3717,2022-06-16T09:00:00Z,1022,sea_level_pressure_hpa,ndbc,NWHC3
,,3718,2022-06-16T09:00:00Z,1022.9,sea_level_pressure_hpa,ndbc,NWPR1
,,3719,2022-06-16T09:00:00Z,1019.9,sea_level_pressure_hpa,ndbc,NWWH1
,,3720,2022-06-16T09:00:00Z,1011.8,sea_level_pressure_hpa,ndbc,OBGN6
,,3721,2022-06-16T09:18:00Z,1015.6,sea_level_pressure_hpa,ndbc,OBLA1
,,3722,2022-06-16T09:00:00Z,1021.6,sea_level_pressure_hpa,ndbc,OCIM2
,,3723,2022-06-16T09:00:00Z,1010.2,sea_level_pressure_hpa,ndbc,OHBC1
,,3724,2022-06-16T09:00:00Z,1013.1,sea_level_pressure_hpa,ndbc,OKXC1
,,3725,2022-06-16T09:00:00Z,1012.2,sea_level_pressure_hpa,ndbc,OLCN6
,,3726,2022-06-16T09:00:00Z,1001.1,sea_level_pressure_hpa,ndbc,OLSA2
,,3727,2022-06-16T09:00:00Z,1018.8,sea_level_pressure_hpa,ndbc,OOUH1
,,3728,2022-06-16T09:18:00Z,1017.4,sea_level_pressure_hpa,ndbc,OPTF1
,,3729,2022-06-16T09:00:00Z,1021,sea_level_pressure_hpa,ndbc,ORIN7
,,3730,2022-06-16T09:00:00Z,1012.8,sea_level_pressure_hpa,ndbc,OSGN6
,,3731,2022-06-16T08:00:00Z,1003.4,sea_level_pressure_hpa,ndbc,OTNM4
,,3732,2022-06-16T09:00:00Z,1020.5,sea_level_pressure_hpa,ndbc,OVIA2
,,3733,2022-06-16T08:45:00Z,1015,sea_level_pressure_hpa,ndbc,OWXO1
,,3734,2022-06-16T09:18:00Z,1016.1,sea_level_pressure_hpa,ndbc,PACT2
,,3735,2022-06-16T09:33:00Z,1012.4,sea_level_pressure_hpa,ndbc,PAXA2
,,3736,2022-06-16T08:30:00Z,1013,sea_level_pressure_hpa,ndbc,PBFW1
,,3737,2022-06-16T09:10:00Z,1014.9,sea_level_pressure_hpa,ndbc,PBPA2
,,3738,2022-06-16T09:12:00Z,1017.7,sea_level_pressure_hpa,ndbc,PCBF1
,,3739,2022-06-16T09:18:00Z,1015.8,sea_level_pressure_hpa,ndbc,PCGT2
,,3740,2022-06-16T09:18:00Z,1017.1,sea_level_pressure_hpa,ndbc,PCLF1
,,3741,2022-06-16T09:12:00Z,1016.5,sea_level_pressure_hpa,ndbc,PCNT2
,,3742,2022-06-16T09:00:00Z,1012.4,sea_level_pressure_hpa,ndbc,PCOC1
,,3743,2022-06-16T09:00:00Z,1022.2,sea_level_pressure_hpa,ndbc,PDVR1
,,3744,2022-06-16T09:18:00Z,1017.6,sea_level_pressure_hpa,ndbc,PEGF1
,,3745,2022-06-16T09:00:00Z,1011.2,sea_level_pressure_hpa,ndbc,PGBP7
,,3746,2022-06-16T09:00:00Z,1020.3,sea_level_pressure_hpa,ndbc,PHBP1
,,3747,2022-06-16T09:30:00Z,1020.5,sea_level_pressure_hpa,ndbc,PILA2
,,3748,2022-06-16T09:18:00Z,1017.2,sea_level_pressure_hpa,ndbc,PILL1
,,3749,2022-06-16T09:00:00Z,1003.2,sea_level_pressure_hpa,ndbc,PILM4
,,3750,2022-06-16T09:00:00Z,1002,sea_level_pressure_hpa,ndbc,PKBW3
,,3751,2022-06-16T09:00:00Z,1013.8,sea_level_pressure_hpa,ndbc,PLXA2
,,3752,2022-06-16T09:18:00Z,1017.2,sea_level_pressure_hpa,ndbc,PMAF1
,,3753,2022-06-16T09:18:00Z,1016.5,sea_level_pressure_hpa,ndbc,PMNT2
,,3754,2022-06-16T08:40:00Z,1001.4,sea_level_pressure_hpa,ndbc,PNGW3
,,3755,2022-06-16T09:00:00Z,1005.9,sea_level_pressure_hpa,ndbc,PNLM4
,,3756,2022-06-16T09:00:00Z,1015.4,sea_level_pressure_hpa,ndbc,PORO3
,,3757,2022-06-16T09:18:00Z,1017.7,sea_level_pressure_hpa,ndbc,PORT2
,,3758,2022-06-16T09:30:00Z,1020.6,sea_level_pressure_hpa,ndbc,POTA2
,,3759,2022-06-16T09:00:00Z,1013.2,sea_level_pressure_hpa,ndbc,PPXC1
,,3760,2022-06-16T09:00:00Z,1019.8,sea_level_pressure_hpa,ndbc,PRDA2
,,3761,2022-06-16T09:10:00Z,1016.1,sea_level_pressure_hpa,ndbc,PRTA2
,,3762,2022-06-16T09:00:00Z,1013.2,sea_level_pressure_hpa,ndbc,PRYC1
,,3763,2022-06-16T09:00:00Z,1011,sea_level_pressure_hpa,ndbc,PSBC1
,,3764,2022-06-16T09:00:00Z,1022.3,sea_level_pressure_hpa,ndbc,PSBM1
,,3765,2022-06-16T09:00:00Z,1029.5,sea_level_pressure_hpa,ndbc,PSCM4
,,3766,2022-06-16T09:00:00Z,1010.7,sea_level_pressure_hpa,ndbc,PSLC1
,,3767,2022-06-16T09:12:00Z,1015.1,sea_level_pressure_hpa,ndbc,PSTL1
,,3768,2022-06-16T09:00:00Z,1013.4,sea_level_pressure_hpa,ndbc,PSTN6
,,3769,2022-06-16T08:36:00Z,1013.9,sea_level_pressure_hpa,ndbc,PTAW1
,,3770,2022-06-16T09:18:00Z,1017.4,sea_level_pressure_hpa,ndbc,PTBM6
,,3771,2022-06-16T09:00:00Z,1023.6,sea_level_pressure_hpa,ndbc,PTCR1
,,3772,2022-06-16T09:00:00Z,1010.1,sea_level_pressure_hpa,ndbc,PTGC1
,,3773,2022-06-16T09:00:00Z,1004.7,sea_level_pressure_hpa,ndbc,PTIM4
,,3774,2022-06-16T09:18:00Z,1015.8,sea_level_pressure_hpa,ndbc,PTIT2
,,3775,2022-06-16T09:32:00Z,1014.2,sea_level_pressure_hpa,ndbc,PTLA2
,,3776,2022-06-16T09:00:00Z,1013.4,sea_level_pressure_hpa,ndbc,PTWW1
,,3777,2022-06-16T09:00:00Z,1023.1,sea_level_pressure_hpa,ndbc,PVDR1
,,3778,2022-06-16T08:40:00Z,1011.9,sea_level_pressure_hpa,ndbc,PWAW3
,,3779,2022-06-16T09:00:00Z,1011.9,sea_level_pressure_hpa,ndbc,PXOC1
,,3780,2022-06-16T09:00:00Z,1023.1,sea_level_pressure_hpa,ndbc,QPTR1
,,3781,2022-06-16T09:00:00Z,1004.9,sea_level_pressure_hpa,ndbc,RCKM4
,,3782,2022-06-16T09:00:00Z,1012.6,sea_level_pressure_hpa,ndbc,RCMC1
,,3783,2022-06-16T09:18:00Z,1016.5,sea_level_pressure_hpa,ndbc,RCPT2
,,3784,2022-06-16T09:00:00Z,1020,sea_level_pressure_hpa,ndbc,RDDA2
,,3785,2022-06-16T09:00:00Z,1019.9,sea_level_pressure_hpa,ndbc,RDYD1
,,3786,2022-06-16T09:32:00Z,1013.7,sea_level_pressure_hpa,ndbc,RIXA2
,,3787,2022-06-16T08:45:00Z,1018,sea_level_pressure_hpa,ndbc,RKXF1
,,3788,2022-06-16T09:12:00Z,1015.5,sea_level_pressure_hpa,ndbc,RLIT2
,,3789,2022-06-16T09:18:00Z,1016.8,sea_level_pressure_hpa,ndbc,RLOT2
,,3790,2022-06-16T09:00:00Z,1003.2,sea_level_pressure_hpa,ndbc,ROAM4
,,3791,2022-06-16T09:00:00Z,1021.1,sea_level_pressure_hpa,ndbc,ROBN4
,,3792,2022-06-16T09:00:00Z,1020.5,sea_level_pressure_hpa,ndbc,RPLV2
,,3793,2022-06-16T09:00:00Z,1013.2,sea_level_pressure_hpa,ndbc,RPRN6
,,3794,2022-06-16T09:18:00Z,1016,sea_level_pressure_hpa,ndbc,RSJT2
,,3795,2022-06-16T09:18:00Z,1016,sea_level_pressure_hpa,ndbc,RTAT2
,,3796,2022-06-16T09:00:00Z,1014,sea_level_pressure_hpa,ndbc,RTYC1
,,3797,2022-06-16T09:30:00Z,1016.6,sea_level_pressure_hpa,ndbc,SANF1
,,3798,2022-06-16T09:18:00Z,1017.2,sea_level_pressure_hpa,ndbc,SAPF1
,,3799,2022-06-16T09:00:00Z,1018.3,sea_level_pressure_hpa,ndbc,SAUF1
,,3800,2022-06-16T09:00:00Z,1018,sea_level_pressure_hpa,ndbc,SAXG1
,,3801,2022-06-16T09:00:00Z,1013.2,sea_level_pressure_hpa,ndbc,SBEO3
,,3802,2022-06-16T09:00:00Z,1013.4,sea_level_pressure_hpa,ndbc,SBIO1
,,3803,2022-06-16T09:00:00Z,1007.5,sea_level_pressure_hpa,ndbc,SBLM4
,,3804,2022-06-16T09:32:00Z,1012.9,sea_level_pressure_hpa,ndbc,SCXA2
,,3805,2022-06-16T09:00:00Z,1010,sea_level_pressure_hpa,ndbc,SDBC1
,,3806,2022-06-16T09:00:00Z,1021.9,sea_level_pressure_hpa,ndbc,SDHN4
,,3807,2022-06-16T09:26:00Z,1015,sea_level_pressure_hpa,ndbc,SDIA2
,,3808,2022-06-16T09:18:00Z,1016.7,sea_level_pressure_hpa,ndbc,SDRT2
,,3809,2022-06-16T09:00:00Z,1022.1,sea_level_pressure_hpa,ndbc,SEIM1
,,3810,2022-06-16T08:45:00Z,1011,sea_level_pressure_hpa,ndbc,SFXC1
,,3811,2022-06-16T09:18:00Z,1016.5,sea_level_pressure_hpa,ndbc,SGNT2
,,3812,2022-06-16T09:00:00Z,1010.3,sea_level_pressure_hpa,ndbc,SGNW3
,,3813,2022-06-16T09:00:00Z,1017.8,sea_level_pressure_hpa,ndbc,SGOF1
,,3814,2022-06-16T09:12:00Z,1017.2,sea_level_pressure_hpa,ndbc,SHBL1
,,3815,2022-06-16T07:54:00Z,1016.6,sea_level_pressure_hpa,ndbc,SHPF1
,,3816,2022-06-16T09:33:00Z,1012.2,sea_level_pressure_hpa,ndbc,SHXA2
,,3817,2022-06-16T07:30:00Z,1019,sea_level_pressure_hpa,ndbc,SIPF1
,,3818,2022-06-16T09:30:00Z,1012.7,sea_level_pressure_hpa,ndbc,SISW1
,,3819,2022-06-16T09:18:00Z,1014.8,sea_level_pressure_hpa,ndbc,SJNP4
,,3820,2022-06-16T09:00:00Z,1021.7,sea_level_pressure_hpa,ndbc,SJSN4
,,3821,2022-06-16T09:00:00Z,1017.9,sea_level_pressure_hpa,ndbc,SKTA2
,,3822,2022-06-16T09:33:00Z,1015.8,sea_level_pressure_hpa,ndbc,SKXA2
,,3823,2022-06-16T09:00:00Z,1019.1,sea_level_pressure_hpa,ndbc,SLIM2
,,3824,2022-06-16T08:40:00Z,1001,sea_level_pressure_hpa,ndbc,SLVM5
,,3825,2022-06-16T09:33:00Z,1007.6,sea_level_pressure_hpa,ndbc,SLXA2
,,3826,2022-06-16T09:30:00Z,1016.7,sea_level_pressure_hpa,ndbc,SMKF1
,,3827,2022-06-16T09:00:00Z,1018,sea_level_pressure_hpa,ndbc,SNDA2
,,3828,2022-06-16T08:30:00Z,1015,sea_level_pressure_hpa,ndbc,SNTO3
,,3829,2022-06-16T09:00:00Z,1017.6,sea_level_pressure_hpa,ndbc,SPGF1
,,3830,2022-06-16T09:33:00Z,1009.8,sea_level_pressure_hpa,ndbc,SPXA2
,,3831,2022-06-16T09:00:00Z,1017.6,sea_level_pressure_hpa,ndbc,SRST2
,,3832,2022-06-16T09:33:00Z,1011.8,sea_level_pressure_hpa,ndbc,STXA2
,,3833,2022-06-16T09:00:00Z,1020.7,sea_level_pressure_hpa,ndbc,SWLA2
,,3834,2022-06-16T09:00:00Z,1004.9,sea_level_pressure_hpa,ndbc,SWPM4
,,3835,2022-06-16T09:00:00Z,1019.8,sea_level_pressure_hpa,ndbc,SWPV2
,,3836,2022-06-16T08:40:00Z,1002.7,sea_level_pressure_hpa,ndbc,SXHW3
,,3837,2022-06-16T09:33:00Z,1008.4,sea_level_pressure_hpa,ndbc,SXXA2
,,3838,2022-06-16T09:18:00Z,1015.9,sea_level_pressure_hpa,ndbc,TAQT2
,,3839,2022-06-16T08:40:00Z,1011.2,sea_level_pressure_hpa,ndbc,TAWM4
,,3840,2022-06-16T09:00:00Z,1020.1,sea_level_pressure_hpa,ndbc,TCBM2
,,3841,2022-06-16T09:00:00Z,1013.3,sea_level_pressure_hpa,ndbc,TCNW1
,,3842,2022-06-16T09:18:00Z,1018.1,sea_level_pressure_hpa,ndbc,TESL1
,,3843,2022-06-16T09:00:00Z,1012.9,sea_level_pressure_hpa,ndbc,THRO1
,,3844,2022-06-16T08:17:00Z,1012,sea_level_pressure_hpa,ndbc,TIBC1
,,3845,2022-06-16T08:45:00Z,1011,sea_level_pressure_hpa,ndbc,TIXC1
,,3846,2022-06-16T09:32:00Z,1014,sea_level_pressure_hpa,ndbc,TKEA2
,,3847,2022-06-16T09:00:00Z,1021.1,sea_level_pressure_hpa,ndbc,TKPN6
,,3848,2022-06-16T09:00:00Z,1013.1,sea_level_pressure_hpa,ndbc,TLBO3
,,3849,2022-06-16T09:18:00Z,1016.3,sea_level_pressure_hpa,ndbc,TLVT2
,,3850,2022-06-16T09:00:00Z,1013.3,sea_level_pressure_hpa,ndbc,TOKW1
,,3851,2022-06-16T09:00:00Z,1020.8,sea_level_pressure_hpa,ndbc,TPLM2
,,3852,2022-06-16T09:18:00Z,1016.9,sea_level_pressure_hpa,ndbc,TRDF1
,,3853,2022-06-16T09:18:00Z,1016.7,sea_level_pressure_hpa,ndbc,TXPT2
,,3854,2022-06-16T09:18:00Z,1016.7,sea_level_pressure_hpa,ndbc,TXVT2
,,3855,2022-06-16T09:00:00Z,1021.4,sea_level_pressure_hpa,ndbc,ULRA2
,,3856,2022-06-16T09:00:00Z,1005.3,sea_level_pressure_hpa,ndbc,UNLA2
,,3857,2022-06-16T09:12:00Z,1017.2,sea_level_pressure_hpa,ndbc,VAKF1
,,3858,2022-06-16T09:18:00Z,1015,sea_level_pressure_hpa,ndbc,VCAF1
,,3859,2022-06-16T09:18:00Z,1016.7,sea_level_pressure_hpa,ndbc,VCAT2
,,3860,2022-06-16T09:00:00Z,1009.8,sea_level_pressure_hpa,ndbc,VCVA2
,,3861,2022-06-16T09:00:00Z,1020.7,sea_level_pressure_hpa,ndbc,VDZA2
,,3862,2022-06-16T09:00:00Z,1016.5,sea_level_pressure_hpa,ndbc,VENF1
,,3863,2022-06-16T09:18:00Z,1016.6,sea_level_pressure_hpa,ndbc,VTBT2
,,3864,2022-06-16T09:00:00Z,1020.1,sea_level_pressure_hpa,ndbc,WAHV2
,,3865,2022-06-16T09:00:00Z,1014.1,sea_level_pressure_hpa,ndbc,WAKP8
,,3866,2022-06-16T09:00:00Z,1019.6,sea_level_pressure_hpa,ndbc,WASD2
,,3867,2022-06-16T08:45:00Z,1022,sea_level_pressure_hpa,ndbc,WAXM3
,,3868,2022-06-16T09:33:00Z,1009.9,sea_level_pressure_hpa,ndbc,WCXA2
,,3869,2022-06-16T09:00:00Z,1020.5,sea_level_pressure_hpa,ndbc,WDSV2
,,3870,2022-06-16T09:00:00Z,1021.7,sea_level_pressure_hpa,ndbc,WELM1
,,3871,2022-06-16T08:40:00Z,1006.4,sea_level_pressure_hpa,ndbc,WFPM4
,,3872,2022-06-16T08:45:00Z,1017,sea_level_pressure_hpa,ndbc,WKXA1
,,3873,2022-06-16T09:00:00Z,1019.7,sea_level_pressure_hpa,ndbc,WLON7
,,3874,2022-06-16T09:00:00Z,1005.2,sea_level_pressure_hpa,ndbc,WNEM4
,,3875,2022-06-16T09:00:00Z,1012.6,sea_level_pressure_hpa,ndbc,WPOW1
,,3876,2022-06-16T08:36:00Z,1012.3,sea_level_pressure_hpa,ndbc,WPTW1
,,3877,2022-06-16T09:00:00Z,1007.2,sea_level_pressure_hpa,ndbc,WSLM4
,,3878,2022-06-16T09:18:00Z,1017.3,sea_level_pressure_hpa,ndbc,WYCM6
,,3879,2022-06-16T09:00:00Z,1018.9,sea_level_pressure_hpa,ndbc,YATA2
,,3880,2022-06-16T09:00:00Z,1020.6,sea_level_pressure_hpa,ndbc,YKRV2
,,3881,2022-06-16T09:00:00Z,1020.2,sea_level_pressure_hpa,ndbc,YKTV2
,,3882,2022-06-16T08:30:00Z,1021,sea_level_pressure_hpa,ndbc,YRSV2
,,3883,2022-06-16T07:00:00Z,26.3,sea_surface_temp_degc,ndbc,13001
,,3884,2022-06-16T07:00:00Z,22.5,sea_surface_temp_degc,ndbc,13002
,,3885,2022-06-16T07:00:00Z,25.2,sea_surface_temp_degc,ndbc,13008
,,3886,2022-06-16T07:00:00Z,27.4,sea_surface_temp_degc,ndbc,14040
,,3887,2022-06-16T07:00:00Z,26.3,sea_surface_temp_degc,ndbc,14043
,,3888,2022-06-16T07:00:00Z,24.9,sea_surface_temp_degc,ndbc,15001
,,3889,2022-06-16T09:00:00Z,25.6,sea_surface_temp_degc,ndbc,15002
,,3890,2022-06-16T07:00:00Z,25.9,sea_surface_temp_degc,ndbc,15006
,,3891,2022-06-16T09:00:00Z,17.7,sea_surface_temp_degc,ndbc,22101
,,3892,2022-06-16T09:00:00Z,17.9,sea_surface_temp_degc,ndbc,22102
,,3893,2022-06-16T09:00:00Z,20.1,sea_surface_temp_degc,ndbc,22103
,,3894,2022-06-16T09:00:00Z,20.9,sea_surface_temp_degc,ndbc,22104
,,3895,2022-06-16T09:00:00Z,21.1,sea_surface_temp_degc,ndbc,22105
,,3896,2022-06-16T09:00:00Z,24.8,sea_surface_temp_degc,ndbc,22106
,,3897,2022-06-16T09:00:00Z,23.4,sea_surface_temp_degc,ndbc,22107
,,3898,2022-06-16T09:00:00Z,20.1,sea_surface_temp_degc,ndbc,22108
,,3899,2022-06-16T08:00:00Z,23.3,sea_surface_temp_degc,ndbc,31005
,,3900,2022-06-16T07:00:00Z,27.5,sea_surface_temp_degc,ndbc,31006
,,3901,2022-06-16T07:00:00Z,26.1,sea_surface_temp_degc,ndbc,31007
,,3902,2022-06-16T08:30:00Z,17.9,sea_surface_temp_degc,ndbc,32ST0
,,3903,2022-06-16T09:20:00Z,23.5,sea_surface_temp_degc,ndbc,41001
,,3904,2022-06-16T09:20:00Z,25.7,sea_surface_temp_degc,ndbc,41002
,,3905,2022-06-16T09:20:00Z,26.9,sea_surface_temp_degc,ndbc,41004
,,3906,2022-06-16T08:50:00Z,27.7,sea_surface_temp_degc,ndbc,41008
,,3907,2022-06-16T09:20:00Z,27.3,sea_surface_temp_degc,ndbc,41009
,,3908,2022-06-16T09:20:00Z,27.9,sea_surface_temp_degc,ndbc,41010
,,3909,2022-06-16T09:20:00Z,26.1,sea_surface_temp_degc,ndbc,41013
,,3910,2022-06-16T09:08:00Z,26.4,sea_surface_temp_degc,ndbc,41024
,,3911,2022-06-16T09:08:00Z,26.8,sea_surface_temp_degc,ndbc,41029
,,3912,2022-06-16T07:08:00Z,27.2,sea_surface_temp_degc,ndbc,41033
,,3913,2022-06-16T09:08:00Z,26.4,sea_surface_temp_degc,ndbc,41037
,,3914,2022-06-16T08:08:00Z,25.7,sea_surface_temp_degc,ndbc,41038
,,3915,2022-06-16T09:20:00Z,26.6,sea_surface_temp_degc,ndbc,41040
,,3916,2022-06-16T09:20:00Z,27.7,sea_surface_temp_degc,ndbc,41043
,,3917,2022-06-16T09:20:00Z,27.4,sea_surface_temp_degc,ndbc,41046
,,3918,2022-06-16T09:20:00Z,26.8,sea_surface_temp_degc,ndbc,41047
,,3919,2022-06-16T09:20:00Z,23.7,sea_surface_temp_degc,ndbc,41048
,,3920,2022-06-16T09:20:00Z,26.5,sea_surface_temp_degc,ndbc,41049
,,3921,2022-06-16T09:00:00Z,28.2,sea_surface_temp_degc,ndbc,41052
,,3922,2022-06-16T09:00:00Z,26.9,sea_surface_temp_degc,ndbc,41053
,,3923,2022-06-16T09:08:00Z,26.1,sea_surface_temp_degc,ndbc,41064
,,3924,2022-06-16T09:08:00Z,26.9,sea_surface_temp_degc,ndbc,41066
,,3925,2022-06-16T09:00:00Z,27.6,sea_surface_temp_degc,ndbc,41112
,,3926,2022-06-16T09:00:00Z,27.4,sea_surface_temp_degc,ndbc,41117
,,3927,2022-06-16T09:00:00Z,24.5,sea_surface_temp_degc,ndbc,41139
,,3928,2022-06-16T08:30:00Z,26.6,sea_surface_temp_degc,ndbc,41NT0
,,3929,2022-06-16T09:20:00Z,28.3,sea_surface_temp_degc,ndbc,42002
,,3930,2022-06-16T09:20:00Z,28.8,sea_surface_temp_degc,ndbc,42012
,,3931,2022-06-16T08:30:00Z,28.4,sea_surface_temp_degc,ndbc,42013
,,3932,2022-06-16T09:20:00Z,28.3,sea_surface_temp_degc,ndbc,42019
,,3933,2022-06-16T09:20:00Z,27.9,sea_surface_temp_degc,ndbc,42020
,,3934,2022-06-16T08:30:00Z,28.7,sea_surface_temp_degc,ndbc,42026
,,3935,2022-06-16T09:20:00Z,28.2,sea_surface_temp_degc,ndbc,42035
,,3936,2022-06-16T09:20:00Z,28.1,sea_surface_temp_degc,ndbc,42036
,,3937,2022-06-16T09:20:00Z,28.4,sea_surface_temp_degc,ndbc,42039
,,3938,2022-06-16T09:20:00Z,28.2,sea_surface_temp_degc,ndbc,42040
,,3939,2022-06-16T09:20:00Z,27.9,sea_surface_temp_degc,ndbc,42056
,,3940,2022-06-16T09:20:00Z,25.4,sea_surface_temp_degc,ndbc,42059
,,3941,2022-06-16T08:30:00Z,28.4,sea_surface_temp_degc,ndbc,42085
,,3942,2022-06-16T09:00:00Z,28.2,sea_surface_temp_degc,ndbc,42095
,,3943,2022-06-16T08:50:00Z,15.5,sea_surface_temp_degc,ndbc,44005
,,3944,2022-06-16T09:20:00Z,16.2,sea_surface_temp_degc,ndbc,44007
,,3945,2022-06-16T09:20:00Z,20.5,sea_surface_temp_degc,ndbc,44009
,,3946,2022-06-16T09:20:00Z,18.1,sea_surface_temp_degc,ndbc,44017
,,3947,2022-06-16T09:20:00Z,15.7,sea_surface_temp_degc,ndbc,44018
,,3948,2022-06-16T09:20:00Z,17.3,sea_surface_temp_degc,ndbc,44020
,,3949,2022-06-16T09:15:00Z,18.3,sea_surface_temp_degc,ndbc,44022
,,3950,2022-06-16T08:50:00Z,12.1,sea_surface_temp_degc,ndbc,44027
,,3951,2022-06-16T08:04:00Z,16.1,sea_surface_temp_degc,ndbc,44030
,,3952,2022-06-16T08:04:00Z,15.2,sea_surface_temp_degc,ndbc,44032
,,3953,2022-06-16T08:04:00Z,14.5,sea_surface_temp_degc,ndbc,44033
,,3954,2022-06-16T08:04:00Z,11.5,sea_surface_temp_degc,ndbc,44034
,,3955,2022-06-16T08:04:00Z,14.1,sea_surface_temp_degc,ndbc,44037
,,3956,2022-06-16T09:15:00Z,18.2,sea_surface_temp_degc,ndbc,44040
,,3957,2022-06-16T09:18:00Z,22.6,sea_surface_temp_degc,ndbc,44041
,,3958,2022-06-16T09:12:00Z,22.6,sea_surface_temp_degc,ndbc,44042
,,3959,2022-06-16T09:12:00Z,22.3,sea_surface_temp_degc,ndbc,44058
,,3960,2022-06-16T09:12:00Z,22,sea_surface_temp_degc,ndbc,44062
,,3961,2022-06-16T09:12:00Z,22.2,sea_surface_temp_degc,ndbc,44063
,,3962,2022-06-16T09:18:00Z,21.6,sea_surface_temp_degc,ndbc,44064
,,3963,2022-06-16T09:20:00Z,18.4,sea_surface_temp_degc,ndbc,44066
,,3964,2022-06-16T09:00:00Z,19.3,sea_surface_temp_degc,ndbc,44069
,,3965,2022-06-16T09:18:00Z,22.5,sea_surface_temp_degc,ndbc,44072
,,3966,2022-06-16T09:00:00Z,20.9,sea_surface_temp_degc,ndbc,44088
,,3967,2022-06-16T09:00:00Z,12.4,sea_surface_temp_degc,ndbc,44137
,,3968,2022-06-16T09:00:00Z,10.7,sea_surface_temp_degc,ndbc,44139
,,3969,2022-06-16T09:00:00Z,12.7,sea_surface_temp_degc,ndbc,44150
,,3970,2022-06-16T09:00:00Z,12.1,sea_surface_temp_degc,ndbc,44258
,,3971,2022-06-16T09:00:00Z,9.6,sea_surface_temp_degc,ndbc,44488
,,3972,2022-06-16T09:00:00Z,10.9,sea_surface_temp_degc,ndbc,44489
,,3973,2022-06-16T09:00:00Z,11.9,sea_surface_temp_degc,ndbc,44490
,,3974,2022-06-16T09:30:00Z,4.1,sea_surface_temp_degc,ndbc,45001
,,3975,2022-06-16T09:30:00Z,9.2,sea_surface_temp_degc,ndbc,45002
,,3976,2022-06-16T09:30:00Z,10.2,sea_surface_temp_degc,ndbc,45003
,,3977,2022-06-16T09:30:00Z,4.4,sea_surface_temp_degc,ndbc,45004
,,3978,2022-06-16T09:30:00Z,23.8,sea_surface_temp_degc,ndbc,45005
,,3979,2022-06-16T09:30:00Z,15.1,sea_surface_temp_degc,ndbc,45007
,,3980,2022-06-16T09:30:00Z,14.2,sea_surface_temp_degc,ndbc,45008
,,3981,2022-06-16T09:40:00Z,16.3,sea_surface_temp_degc,ndbc,45022
,,3982,2022-06-16T09:30:00Z,13.2,sea_surface_temp_degc,ndbc,45024
,,3983,2022-06-16T09:40:00Z,12.3,sea_surface_temp_degc,ndbc,45025
,,3984,2022-06-16T09:30:00Z,20.2,sea_surface_temp_degc,ndbc,45026
,,3985,2022-06-16T09:30:00Z,8.4,sea_surface_temp_degc,ndbc,45027
,,3986,2022-06-16T09:30:00Z,18.7,sea_surface_temp_degc,ndbc,45029
,,3987,2022-06-16T09:00:00Z,21.1,sea_surface_temp_degc,ndbc,45132
,,3988,2022-06-16T09:00:00Z,18.5,sea_surface_temp_degc,ndbc,45135
,,3989,2022-06-16T09:00:00Z,4.2,sea_surface_temp_degc,ndbc,45136
,,3990,2022-06-16T09:00:00Z,10.9,sea_surface_temp_degc,ndbc,45137
,,3991,2022-06-16T09:00:00Z,17.7,sea_surface_temp_degc,ndbc,45139
,,3992,2022-06-16T09:00:00Z,22.8,sea_surface_temp_degc,ndbc,45142
,,3993,2022-06-16T09:00:00Z,14.6,sea_surface_temp_degc,ndbc,45143
,,3994,2022-06-16T09:00:00Z,17.8,sea_surface_temp_degc,ndbc,45149
,,3995,2022-06-16T09:00:00Z,19.2,sea_surface_temp_degc,ndbc,45151
,,3996,2022-06-16T09:00:00Z,20.8,sea_surface_temp_degc,ndbc,45152
,,3997,2022-06-16T09:00:00Z,17.7,sea_surface_temp_degc,ndbc,45154
,,3998,2022-06-16T09:00:00Z,16,sea_surface_temp_degc,ndbc,45159
,,3999,2022-06-16T09:20:00Z,16.6,sea_surface_temp_degc,ndbc,45161
,,4000,2022-06-16T09:20:00Z,15.1,sea_surface_temp_degc,ndbc,45162
,,4001,2022-06-16T09:00:00Z,20.6,sea_surface_temp_degc,ndbc,45163
,,4002,2022-06-16T09:00:00Z,23.5,sea_surface_temp_degc,ndbc,45164
,,4003,2022-06-16T09:30:00Z,26.4,sea_surface_temp_degc,ndbc,45165
,,4004,2022-06-16T09:00:00Z,24.8,sea_surface_temp_degc,ndbc,45167
,,4005,2022-06-16T09:30:00Z,19.9,sea_surface_temp_degc,ndbc,45168
,,4006,2022-06-16T09:20:00Z,20.1,sea_surface_temp_degc,ndbc,45170
,,4007,2022-06-16T09:35:00Z,15,sea_surface_temp_degc,ndbc,45175
,,4008,2022-06-16T09:30:00Z,25.6,sea_surface_temp_degc,ndbc,45176
,,4009,2022-06-16T09:30:00Z,17.5,sea_surface_temp_degc,ndbc,45183
,,4010,2022-06-16T09:30:00Z,18.4,sea_surface_temp_degc,ndbc,45186
,,4011,2022-06-16T09:30:00Z,16.8,sea_surface_temp_degc,ndbc,45187
,,4012,2022-06-16T09:00:00Z,15.8,sea_surface_temp_degc,ndbc,45194
,,4013,2022-06-16T09:20:00Z,24.2,sea_surface_temp_degc,ndbc,45196
,,4014,2022-06-16T09:20:00Z,24.5,sea_surface_temp_degc,ndbc,45197
,,4015,2022-06-16T09:30:00Z,18.5,sea_surface_temp_degc,ndbc,45198
,,4016,2022-06-16T09:20:00Z,8.1,sea_surface_temp_degc,ndbc,46001
,,4017,2022-06-16T09:20:00Z,12.7,sea_surface_temp_degc,ndbc,46002
,,4018,2022-06-16T09:00:00Z,10.4,sea_surface_temp_degc,ndbc,46004
,,4019,2022-06-16T09:20:00Z,10.6,sea_surface_temp_degc,ndbc,46005
,,4020,2022-06-16T09:30:00Z,12.3,sea_surface_temp_degc,ndbc,46012
,,4021,2022-06-16T09:30:00Z,10.8,sea_surface_temp_degc,ndbc,46013
,,4022,2022-06-16T09:30:00Z,11.6,sea_surface_temp_degc,ndbc,46014
,,4023,2022-06-16T09:30:00Z,13.4,sea_surface_temp_degc,ndbc,46015
,,4024,2022-06-16T09:30:00Z,12.1,sea_surface_temp_degc,ndbc,46022
,,4025,2022-06-16T09:30:00Z,16.5,sea_surface_temp_degc,ndbc,46025
,,4026,2022-06-16T09:30:00Z,11.5,sea_surface_temp_degc,ndbc,46027
,,4027,2022-06-16T09:30:00Z,12.2,sea_surface_temp_degc,ndbc,46028
,,4028,2022-06-16T09:30:00Z,12.5,sea_surface_temp_degc,ndbc,46029
,,4029,2022-06-16T08:50:00Z,6.8,sea_surface_temp_degc,ndbc,46035
,,4030,2022-06-16T09:00:00Z,10,sea_surface_temp_degc,ndbc,46036
,,4031,2022-06-16T09:30:00Z,12.2,sea_surface_temp_degc,ndbc,46042
,,4032,2022-06-16T09:20:00Z,15.1,sea_surface_temp_degc,ndbc,46047
,,4033,2022-06-16T09:30:00Z,16.4,sea_surface_temp_degc,ndbc,46053
,,4034,2022-06-16T09:20:00Z,14.9,sea_surface_temp_degc,ndbc,46059
,,4035,2022-06-16T08:50:00Z,12.3,sea_surface_temp_degc,ndbc,46060
,,4036,2022-06-16T08:50:00Z,12.7,sea_surface_temp_degc,ndbc,46061
,,4037,2022-06-16T09:20:00Z,7.5,sea_surface_temp_degc,ndbc,46066
,,4038,2022-06-16T09:20:00Z,7.5,sea_surface_temp_degc,ndbc,46075
,,4039,2022-06-16T09:20:00Z,12.1,sea_surface_temp_degc,ndbc,46076
,,4040,2022-06-16T08:50:00Z,11.4,sea_surface_temp_degc,ndbc,46077
,,4041,2022-06-16T09:20:00Z,8.5,sea_surface_temp_degc,ndbc,46078
,,4042,2022-06-16T08:50:00Z,10.5,sea_surface_temp_degc,ndbc,46080
,,4043,2022-06-16T08:50:00Z,12.5,sea_surface_temp_degc,ndbc,46081
,,4044,2022-06-16T08:50:00Z,12.4,sea_surface_temp_degc,ndbc,46082
,,4045,2022-06-16T08:50:00Z,12.3,sea_surface_temp_degc,ndbc,46083
,,4046,2022-06-16T09:20:00Z,11.5,sea_surface_temp_degc,ndbc,46084
,,4047,2022-06-16T09:20:00Z,7.2,sea_surface_temp_degc,ndbc,46085
,,4048,2022-06-16T09:30:00Z,15.8,sea_surface_temp_degc,ndbc,46086
,,4049,2022-06-16T09:20:00Z,11.8,sea_surface_temp_degc,ndbc,46089
,,4050,2022-06-16T09:16:00Z,11.6,sea_surface_temp_degc,ndbc,46092
,,4051,2022-06-16T07:50:00Z,12.7,sea_surface_temp_degc,ndbc,46097
,,4052,2022-06-16T07:40:00Z,12.9,sea_surface_temp_degc,ndbc,46098
,,4053,2022-06-16T06:50:00Z,13,sea_surface_temp_degc,ndbc,46099
,,4054,2022-06-16T09:20:00Z,11.3,sea_surface_temp_degc,ndbc,46120
,,4055,2022-06-16T09:20:00Z,12.5,sea_surface_temp_degc,ndbc,46121
,,4056,2022-06-16T08:50:00Z,10.8,sea_surface_temp_degc,ndbc,46125
,,4057,2022-06-16T09:00:00Z,12.4,sea_surface_temp_degc,ndbc,46131
,,4058,2022-06-16T09:00:00Z,11.7,sea_surface_temp_degc,ndbc,46132
,,4059,2022-06-16T09:00:00Z,12.2,sea_surface_temp_degc,ndbc,46145
,,4060,2022-06-16T09:00:00Z,12.9,sea_surface_temp_degc,ndbc,46146
,,4061,2022-06-16T09:00:00Z,10.3,sea_surface_temp_degc,ndbc,46147
,,4062,2022-06-16T09:00:00Z,14.4,sea_surface_temp_degc,ndbc,46181
,,4063,2022-06-16T09:00:00Z,11.9,sea_surface_temp_degc,ndbc,46183
,,4064,2022-06-16T09:00:00Z,11.3,sea_surface_temp_degc,ndbc,46185
,,4065,2022-06-16T09:00:00Z,10.9,sea_surface_temp_degc,ndbc,46204
,,4066,2022-06-16T09:00:00Z,11.2,sea_surface_temp_degc,ndbc,46205
,,4067,2022-06-16T09:00:00Z,12.1,sea_surface_temp_degc,ndbc,46206
,,4068,2022-06-16T09:00:00Z,11.1,sea_surface_temp_degc,ndbc,46207
,,4069,2022-06-16T09:26:00Z,17,sea_surface_temp_degc,ndbc,46235
,,4070,2022-06-16T08:30:00Z,10.4,sea_surface_temp_degc,ndbc,46237
,,4071,2022-06-16T09:00:00Z,17.3,sea_surface_temp_degc,ndbc,46266
,,4072,2022-06-16T09:00:00Z,18.4,sea_surface_temp_degc,ndbc,46268
,,4073,2022-06-16T09:00:00Z,12.2,sea_surface_temp_degc,ndbc,46303
,,4074,2022-06-16T09:00:00Z,12.9,sea_surface_temp_degc,ndbc,46304
,,4075,2022-06-16T09:20:00Z,24.4,sea_surface_temp_degc,ndbc,51000
,,4076,2022-06-16T09:20:00Z,26.3,sea_surface_temp_degc,ndbc,51001
,,4077,2022-06-16T09:20:00Z,25.4,sea_surface_temp_degc,ndbc,51002
,,4078,2022-06-16T09:20:00Z,25.8,sea_surface_temp_degc,ndbc,51003
,,4079,2022-06-16T09:20:00Z,25,sea_surface_temp_degc,ndbc,51004
,,4080,2022-06-16T09:20:00Z,26.3,sea_surface_temp_degc,ndbc,51101
,,4081,2022-06-16T09:00:00Z,24.5,sea_surface_temp_degc,ndbc,51211
,,4082,2022-06-16T08:30:00Z,25.3,sea_surface_temp_degc,ndbc,51WH0
,,4083,2022-06-16T09:00:00Z,28.7,sea_surface_temp_degc,ndbc,52212
,,4084,2022-06-16T07:00:00Z,25.2,sea_surface_temp_degc,ndbc,53006
,,4085,2022-06-16T09:00:00Z,15.9,sea_surface_temp_degc,ndbc,62029
,,4086,2022-06-16T09:00:00Z,14.8,sea_surface_temp_degc,ndbc,62050
,,4087,2022-06-16T09:00:00Z,15,sea_surface_temp_degc,ndbc,62081
,,4088,2022-06-16T09:00:00Z,14.5,sea_surface_temp_degc,ndbc,62103
,,4089,2022-06-16T09:00:00Z,15,sea_surface_temp_degc,ndbc,62107
,,4090,2022-06-16T09:00:00Z,13.7,sea_surface_temp_degc,ndbc,62114
,,4091,2022-06-16T09:00:00Z,16,sea_surface_temp_degc,ndbc,62121
,,4092,2022-06-16T09:00:00Z,16.2,sea_surface_temp_degc,ndbc,62124
,,4093,2022-06-16T09:00:00Z,14.7,sea_surface_temp_degc,ndbc,62127
,,4094,2022-06-16T09:00:00Z,15.4,sea_surface_temp_degc,ndbc,62130
,,4095,2022-06-16T09:00:00Z,15.5,sea_surface_temp_degc,ndbc,62135
,,4096,2022-06-16T09:00:00Z,15.5,sea_surface_temp_degc,ndbc,62144
,,4097,2022-06-16T09:00:00Z,14.8,sea_surface_temp_degc,ndbc,62145
,,4098,2022-06-16T09:00:00Z,13.2,sea_surface_temp_degc,ndbc,62146
,,4099,2022-06-16T09:00:00Z,14.8,sea_surface_temp_degc,ndbc,62149
,,4100,2022-06-16T09:00:00Z,17.1,sea_surface_temp_degc,ndbc,62163
,,4101,2022-06-16T09:00:00Z,15.2,sea_surface_temp_degc,ndbc,62164
,,4102,2022-06-16T09:00:00Z,13.1,sea_surface_temp_degc,ndbc,62165
,,4103,2022-06-16T09:00:00Z,16.4,sea_surface_temp_degc,ndbc,62170
,,4104,2022-06-16T09:00:00Z,16.2,sea_surface_temp_degc,ndbc,62304
,,4105,2022-06-16T09:00:00Z,16,sea_surface_temp_degc,ndbc,62305
,,4106,2022-06-16T09:00:00Z,15.3,sea_surface_temp_degc,ndbc,62442
,,4107,2022-06-16T09:00:00Z,14.1,sea_surface_temp_degc,ndbc,63110
,,4108,2022-06-16T09:00:00Z,13.2,sea_surface_temp_degc,ndbc,63112
,,4109,2022-06-16T09:00:00Z,10.7,sea_surface_temp_degc,ndbc,63115
,,4110,2022-06-16T09:00:00Z,11.7,sea_surface_temp_degc,ndbc,64045
,,4111,2022-06-16T09:00:00Z,13.4,sea_surface_temp_degc,ndbc,AAMC1
,,4112,2022-06-16T08:45:00Z,23.4,sea_surface_temp_degc,ndbc,ACXS1
,,4113,2022-06-16T09:00:00Z,19.8,sea_surface_temp_degc,ndbc,ACYN4
,,4114,2022-06-16T09:00:00Z,7.7,sea_surface_temp_degc,ndbc,ADKA2
,,4115,2022-06-16T09:00:00Z,23.1,sea_surface_temp_degc,ndbc,AGCM4
,,4116,2022-06-16T08:54:00Z,18.1,sea_surface_temp_degc,ndbc,AGXC1
,,4117,2022-06-16T09:00:00Z,10.4,sea_surface_temp_degc,ndbc,ALIA2
,,4118,2022-06-16T09:30:00Z,10.7,sea_surface_temp_degc,ndbc,AMAA2
,,4119,2022-06-16T09:18:00Z,27.7,sea_surface_temp_degc,ndbc,AMRL1
,,4120,2022-06-16T08:30:00Z,19.2,sea_surface_temp_degc,ndbc,ANMN6
,,4121,2022-06-16T09:18:00Z,27.1,sea_surface_temp_degc,ndbc,ANPT2
,,4122,2022-06-16T09:00:00Z,12.6,sea_surface_temp_degc,ndbc,ANVC1
,,4123,2022-06-16T09:00:00Z,23.3,sea_surface_temp_degc,ndbc,APAM2
,,4124,2022-06-16T09:18:00Z,25.7,sea_surface_temp_degc,ndbc,APCF1
,,4125,2022-06-16T09:30:00Z,18.6,sea_surface_temp_degc,ndbc,APNM4
,,4126,2022-06-16T09:00:00Z,27.4,sea_surface_temp_degc,ndbc,APRP7
,,4127,2022-06-16T08:45:00Z,26.4,sea_surface_temp_degc,ndbc,APXF1
,,4128,2022-06-16T07:54:00Z,24.4,sea_surface_temp_degc,ndbc,ARPF1
,,4129,2022-06-16T09:00:00Z,12.1,sea_surface_temp_degc,ndbc,ASTO3
,,4130,2022-06-16T09:00:00Z,12.2,sea_surface_temp_degc,ndbc,ATGM1
,,4131,2022-06-16T09:00:00Z,7.7,sea_surface_temp_degc,ndbc,ATKA2
,,4132,2022-06-16T09:30:00Z,10.7,sea_surface_temp_degc,ndbc,AUGA2
,,4133,2022-06-16T09:12:00Z,27.7,sea_surface_temp_degc,ndbc,AWRT2
,,4134,2022-06-16T09:18:00Z,26,sea_surface_temp_degc,ndbc,BABT2
,,4135,2022-06-16T09:12:00Z,26.2,sea_surface_temp_degc,ndbc,BARA9
,,4136,2022-06-16T09:00:00Z,19.4,sea_surface_temp_degc,ndbc,BATN6
,,4137,2022-06-16T08:36:00Z,19.3,sea_surface_temp_degc,ndbc,BDRN4
,,4138,2022-06-16T09:00:00Z,20.1,sea_surface_temp_degc,ndbc,BDSP1
,,4139,2022-06-16T09:00:00Z,24.2,sea_surface_temp_degc,ndbc,BFTN7
,,4140,2022-06-16T08:54:00Z,27.1,sea_surface_temp_degc,ndbc,BGCF1
,,4141,2022-06-16T09:00:00Z,19.7,sea_surface_temp_degc,ndbc,BGNN6
,,4142,2022-06-16T08:45:00Z,9.4,sea_surface_temp_degc,ndbc,BGXN3
,,4143,2022-06-16T09:00:00Z,16.9,sea_surface_temp_degc,ndbc,BHBM3
,,4144,2022-06-16T08:40:00Z,21.3,sea_surface_temp_degc,ndbc,BHRI3
,,4145,2022-06-16T08:40:00Z,17.7,sea_surface_temp_degc,ndbc,BIGM4
,,4146,2022-06-16T09:00:00Z,23.5,sea_surface_temp_degc,ndbc,BISM2
,,4147,2022-06-16T09:18:00Z,27.4,sea_surface_temp_degc,ndbc,BKBF1
,,4148,2022-06-16T09:30:00Z,12.2,sea_surface_temp_degc,ndbc,BLIA2
,,4149,2022-06-16T09:18:00Z,27.3,sea_surface_temp_degc,ndbc,BLIF1
,,4150,2022-06-16T09:26:00Z,9.4,sea_surface_temp_degc,ndbc,BLTA2
,,4151,2022-06-16T09:00:00Z,23.1,sea_surface_temp_degc,ndbc,BLTM2
,,4152,2022-06-16T09:00:00Z,16.7,sea_surface_temp_degc,ndbc,BLTM3
,,4153,2022-06-16T09:00:00Z,12.8,sea_surface_temp_degc,ndbc,BMTW1
,,4154,2022-06-16T09:00:00Z,18,sea_surface_temp_degc,ndbc,BRHC3
,,4155,2022-06-16T08:40:00Z,14.1,sea_surface_temp_degc,ndbc,BSBM4
,,4156,2022-06-16T08:30:00Z,29.6,sea_surface_temp_degc,ndbc,BSCA1
,,4157,2022-06-16T08:30:00Z,22.7,sea_surface_temp_degc,ndbc,BSLM2
,,4158,2022-06-16T09:00:00Z,23.2,sea_surface_temp_degc,ndbc,BUFN6
,,4159,2022-06-16T09:00:00Z,15.8,sea_surface_temp_degc,ndbc,BUZM3
,,4160,2022-06-16T09:18:00Z,27.4,sea_surface_temp_degc,ndbc,BYGL1
,,4161,2022-06-16T09:00:00Z,15.6,sea_surface_temp_degc,ndbc,BZBM3
,,4162,2022-06-16T09:18:00Z,25.4,sea_surface_temp_degc,ndbc,BZST2
,,4163,2022-06-16T09:00:00Z,21.6,sea_surface_temp_degc,ndbc,CAMM2
,,4164,2022-06-16T09:18:00Z,28.7,sea_surface_temp_degc,ndbc,CAPL1
,,4165,2022-06-16T09:00:00Z,15.1,sea_surface_temp_degc,ndbc,CASM1
,,4166,2022-06-16T09:22:00Z,10.1,sea_surface_temp_degc,ndbc,CDEA2
,,4167,2022-06-16T09:00:00Z,27.2,sea_surface_temp_degc,ndbc,CDRF1
,,4168,2022-06-16T09:32:00Z,8.9,sea_surface_temp_degc,ndbc,CDXA2
,,4169,2022-06-16T09:00:00Z,11.9,sea_surface_temp_degc,ndbc,CECC1
,,4170,2022-06-16T09:00:00Z,7.8,sea_surface_temp_degc,ndbc,CFWM1
,,4171,2022-06-16T09:18:00Z,27.9,sea_surface_temp_degc,ndbc,CHAV3
,,4172,2022-06-16T09:00:00Z,22.3,sea_surface_temp_degc,ndbc,CHBV2
,,4173,2022-06-16T09:00:00Z,19.7,sea_surface_temp_degc,ndbc,CHCM2
,,4174,2022-06-16T09:20:00Z,19.4,sea_surface_temp_degc,ndbc,CHII2
,,4175,2022-06-16T09:12:00Z,29.4,sea_surface_temp_degc,ndbc,CHSV3
,,4176,2022-06-16T09:00:00Z,12.6,sea_surface_temp_degc,ndbc,CHTM3
,,4177,2022-06-16T09:00:00Z,26.9,sea_surface_temp_degc,ndbc,CHTS1
,,4178,2022-06-16T09:00:00Z,22.8,sea_surface_temp_degc,ndbc,CHYV2
,,4179,2022-06-16T09:18:00Z,27.4,sea_surface_temp_degc,ndbc,CLBP4
,,4180,2022-06-16T09:00:00Z,24.8,sea_surface_temp_degc,ndbc,CLKN7
,,4181,2022-06-16T09:00:00Z,27.9,sea_surface_temp_degc,ndbc,CLSM4
,,4182,2022-06-16T09:00:00Z,19.7,sea_surface_temp_degc,ndbc,CMAN4
,,4183,2022-06-16T07:04:00Z,13.6,sea_surface_temp_degc,ndbc,CMLN3
,,4184,2022-06-16T08:30:00Z,26.6,sea_surface_temp_degc,ndbc,CMPO1
,,4185,2022-06-16T09:00:00Z,21.4,sea_surface_temp_degc,ndbc,CMTI2
,,4186,2022-06-16T09:00:00Z,27.9,sea_surface_temp_degc,ndbc,CNDO1
,,4187,2022-06-16T09:30:00Z,22,sea_surface_temp_degc,ndbc,CNII2
,,4188,2022-06-16T09:00:00Z,23.3,sea_surface_temp_degc,ndbc,COVM2
,,4189,2022-06-16T09:00:00Z,11.4,sea_surface_temp_degc,ndbc,CPMW1
,,4190,2022-06-16T09:00:00Z,11.7,sea_surface_temp_degc,ndbc,CPNW1
,,4191,2022-06-16T09:00:00Z,16.2,sea_surface_temp_degc,ndbc,CPTR1
,,4192,2022-06-16T09:00:00Z,23.3,sea_surface_temp_degc,ndbc,CPVM2
,,4193,2022-06-16T09:24:00Z,11.3,sea_surface_temp_degc,ndbc,CRGA2
,,4194,2022-06-16T08:00:00Z,28.2,sea_surface_temp_degc,ndbc,CRTA1
,,4195,2022-06-16T09:00:00Z,11.4,sea_surface_temp_degc,ndbc,CRVA2
,,4196,2022-06-16T09:00:00Z,23.4,sea_surface_temp_degc,ndbc,CRYV2
,,4197,2022-06-16T09:10:00Z,10.1,sea_surface_temp_degc,ndbc,CSPA2
,,4198,2022-06-16T09:12:00Z,26.6,sea_surface_temp_degc,ndbc,CWBF1
,,4199,2022-06-16T09:00:00Z,5.2,sea_surface_temp_degc,ndbc,CWCI
,,4200,2022-06-16T09:00:00Z,27.8,sea_surface_temp_degc,ndbc,DBLN6
,,4201,2022-06-16T09:00:00Z,21.4,sea_surface_temp_degc,ndbc,DELD1
,,4202,2022-06-16T09:00:00Z,15.9,sea_surface_temp_degc,ndbc,DISW3
,,4203,2022-06-16T09:00:00Z,23.4,sea_surface_temp_degc,ndbc,DOMV2
,,4204,2022-06-16T07:30:00Z,29.3,sea_surface_temp_degc,ndbc,DPHA1
,,4205,2022-06-16T09:00:00Z,15.8,sea_surface_temp_degc,ndbc,DPXC1
,,4206,2022-06-16T08:30:00Z,20.6,sea_surface_temp_degc,ndbc,DRSD1
,,4207,2022-06-16T09:00:00Z,14.4,sea_surface_temp_degc,ndbc,DTLM4
,,4208,2022-06-16T09:00:00Z,22.6,sea_surface_temp_degc,ndbc,DUKN7
,,4209,2022-06-16T09:00:00Z,16.1,sea_surface_temp_degc,ndbc,DULM5
,,4210,2022-06-16T09:18:00Z,25,sea_surface_temp_degc,ndbc,EBEF1
,,4211,2022-06-16T09:18:00Z,27.4,sea_surface_temp_degc,ndbc,EFLA1
,,4212,2022-06-16T09:18:00Z,28.3,sea_surface_temp_degc,ndbc,EINL1
,,4213,2022-06-16T09:00:00Z,8,sea_surface_temp_degc,ndbc,ELFA2
,,4214,2022-06-16T08:45:00Z,9.7,sea_surface_temp_degc,ndbc,ELXC1
,,4215,2022-06-16T09:18:00Z,27.7,sea_surface_temp_degc,ndbc,EMAT2
,,4216,2022-06-16T09:18:00Z,27.8,sea_surface_temp_degc,ndbc,EPTT2
,,4217,2022-06-16T09:24:00Z,12.9,sea_surface_temp_degc,ndbc,EROA2
,,4218,2022-06-16T09:32:00Z,13.6,sea_surface_temp_degc,ndbc,ERXA2
,,4219,2022-06-16T09:12:00Z,27.9,sea_surface_temp_degc,ndbc,ESPP4
,,4220,2022-06-16T09:00:00Z,29,sea_surface_temp_degc,ndbc,FAIO1
,,4221,2022-06-16T09:00:00Z,26.7,sea_surface_temp_degc,ndbc,FBIS1
,,4222,2022-06-16T09:00:00Z,13.2,sea_surface_temp_degc,ndbc,FFIA2
,,4223,2022-06-16T08:54:00Z,26.4,sea_surface_temp_degc,ndbc,FHPF1
,,4224,2022-06-16T09:30:00Z,10.6,sea_surface_temp_degc,ndbc,FILA2
,,4225,2022-06-16T09:18:00Z,28.6,sea_surface_temp_degc,ndbc,FMOA1
,,4226,2022-06-16T09:18:00Z,26.5,sea_surface_temp_degc,ndbc,FMRF1
,,4227,2022-06-16T09:00:00Z,16.3,sea_surface_temp_degc,ndbc,FOXR1
,,4228,2022-06-16T09:00:00Z,27.5,sea_surface_temp_degc,ndbc,FPKG1
,,4229,2022-06-16T09:18:00Z,28.1,sea_surface_temp_degc,ndbc,FPST2
,,4230,2022-06-16T08:40:00Z,16.2,sea_surface_temp_degc,ndbc,FPTM4
,,4231,2022-06-16T09:18:00Z,29.3,sea_surface_temp_degc,ndbc,FRDF1
,,4232,2022-06-16T08:36:00Z,10.2,sea_surface_temp_degc,ndbc,FRDW1
,,4233,2022-06-16T09:00:00Z,16.5,sea_surface_temp_degc,ndbc,FRVM3
,,4234,2022-06-16T09:00:00Z,16,sea_surface_temp_degc,ndbc,FRXM3
,,4235,2022-06-16T09:00:00Z,23,sea_surface_temp_degc,ndbc,FSKM2
,,4236,2022-06-16T09:00:00Z,26,sea_surface_temp_degc,ndbc,FTGM4
,,4237,2022-06-16T09:00:00Z,11.5,sea_surface_temp_degc,ndbc,FTPC1
,,4238,2022-06-16T09:00:00Z,28.2,sea_surface_temp_degc,ndbc,FWYF1
,,4239,2022-06-16T09:00:00Z,18.7,sea_surface_temp_degc,ndbc,GBWW3
,,4240,2022-06-16T09:18:00Z,26.9,sea_surface_temp_degc,ndbc,GCTF1
,,4241,2022-06-16T09:00:00Z,3.5,sea_surface_temp_degc,ndbc,GDMM5
,,4242,2022-06-16T09:33:00Z,9.5,sea_surface_temp_degc,ndbc,GEXA2
,,4243,2022-06-16T09:18:00Z,29.4,sea_surface_temp_degc,ndbc,GISL1
,,4244,2022-06-16T09:32:00Z,13.9,sea_surface_temp_degc,ndbc,GIXA2
,,4245,2022-06-16T08:00:00Z,28.2,sea_surface_temp_degc,ndbc,GKYF1
,,4246,2022-06-16T09:30:00Z,16.5,sea_surface_temp_degc,ndbc,GRIM4
,,4247,2022-06-16T08:40:00Z,17.3,sea_surface_temp_degc,ndbc,GRMM4
,,4248,2022-06-16T09:18:00Z,27.7,sea_surface_temp_degc,ndbc,GRRT2
,,4249,2022-06-16T08:40:00Z,22.4,sea_surface_temp_degc,ndbc,GSLM4
,,4250,2022-06-16T08:40:00Z,18,sea_surface_temp_degc,ndbc,GTLM4
,,4251,2022-06-16T09:18:00Z,28.1,sea_surface_temp_degc,ndbc,GTOT2
,,4252,2022-06-16T09:00:00Z,9.1,sea_surface_temp_degc,ndbc,GTRM4
,,4253,2022-06-16T08:45:00Z,24.5,sea_surface_temp_degc,ndbc,GTXF1
,,4254,2022-06-16T09:32:00Z,8.5,sea_surface_temp_degc,ndbc,GUXA2
,,4255,2022-06-16T09:32:00Z,11.9,sea_surface_temp_degc,ndbc,HAXA2
,,4256,2022-06-16T09:00:00Z,23.1,sea_surface_temp_degc,ndbc,HCGN7
,,4257,2022-06-16T09:00:00Z,26.1,sea_surface_temp_degc,ndbc,HHLO1
,,4258,2022-06-16T09:18:00Z,26.8,sea_surface_temp_degc,ndbc,HIST2
,,4259,2022-06-16T09:18:00Z,27.3,sea_surface_temp_degc,ndbc,HIVT2
,,4260,2022-06-16T09:00:00Z,21.2,sea_surface_temp_degc,ndbc,HLNM4
,,4261,2022-06-16T09:32:00Z,10.7,sea_surface_temp_degc,ndbc,HMSA2
,,4262,2022-06-16T09:00:00Z,26.4,sea_surface_temp_degc,ndbc,HRBM4
,,4263,2022-06-16T08:54:00Z,13,sea_surface_temp_degc,ndbc,HRVC1
,,4264,2022-06-16T09:00:00Z,18.3,sea_surface_temp_degc,ndbc,ICAC1
,,4265,2022-06-16T09:00:00Z,22,sea_surface_temp_degc,ndbc,ILOH1
,,4266,2022-06-16T09:00:00Z,17.2,sea_surface_temp_degc,ndbc,IOSN3
,,4267,2022-06-16T09:18:00Z,26.3,sea_surface_temp_degc,ndbc,IRDT2
,,4268,2022-06-16T09:00:00Z,9.8,sea_surface_temp_degc,ndbc,ITKA2
,,4269,2022-06-16T08:00:00Z,22.1,sea_surface_temp_degc,ndbc,JAKI2
,,4270,2022-06-16T08:30:00Z,19.3,sea_surface_temp_degc,ndbc,JCRN4
,,4271,2022-06-16T09:33:00Z,11,sea_surface_temp_degc,ndbc,JLXA2
,,4272,2022-06-16T09:32:00Z,12.1,sea_surface_temp_degc,ndbc,JMLA2
,,4273,2022-06-16T09:00:00Z,25.5,sea_surface_temp_degc,ndbc,JMPN7
,,4274,2022-06-16T09:00:00Z,11.1,sea_surface_temp_degc,ndbc,JNEA2
,,4275,2022-06-16T09:33:00Z,10.6,sea_surface_temp_degc,ndbc,JNGA2
,,4276,2022-06-16T08:45:00Z,27.1,sea_surface_temp_degc,ndbc,JOXP4
,,4277,2022-06-16T09:35:00Z,28,sea_surface_temp_degc,ndbc,KBQX
,,4278,2022-06-16T09:00:00Z,7.1,sea_surface_temp_degc,ndbc,KDAA2
,,4279,2022-06-16T09:00:00Z,12.4,sea_surface_temp_degc,ndbc,KECA2
,,4280,2022-06-16T09:32:00Z,16.6,sea_surface_temp_degc,ndbc,KEXA2
,,4281,2022-06-16T09:35:00Z,28,sea_surface_temp_degc,ndbc,KGBK
,,4282,2022-06-16T09:00:00Z,6.6,sea_surface_temp_degc,ndbc,KGCA2
,,4283,2022-06-16T09:35:00Z,28,sea_surface_temp_degc,ndbc,KGHB
,,4284,2022-06-16T08:56:00Z,3.9,sea_surface_temp_degc,ndbc,KGNA
,,4285,2022-06-16T09:35:00Z,28,sea_surface_temp_degc,ndbc,KGRY
,,4286,2022-06-16T09:45:00Z,28,sea_surface_temp_degc,ndbc,KGUL
,,4287,2022-06-16T09:35:00Z,28,sea_surface_temp_degc,ndbc,KHHV
,,4288,2022-06-16T09:00:00Z,24.4,sea_surface_temp_degc,ndbc,KLIH1
,,4289,2022-06-16T09:00:00Z,22.2,sea_surface_temp_degc,ndbc,KNSW3
,,4290,2022-06-16T08:56:00Z,16.7,sea_surface_temp_degc,ndbc,KP53
,,4291,2022-06-16T08:55:00Z,25,sea_surface_temp_degc,ndbc,KP58
,,4292,2022-06-16T08:51:00Z,15.6,sea_surface_temp_degc,ndbc,KP59
,,4293,2022-06-16T09:00:00Z,18.7,sea_surface_temp_degc,ndbc,KPTN6
,,4294,2022-06-16T09:00:00Z,25.9,sea_surface_temp_degc,ndbc,KTNF1
,,4295,2022-06-16T09:35:00Z,28,sea_surface_temp_degc,ndbc,KVAF
,,4296,2022-06-16T09:35:00Z,28,sea_surface_temp_degc,ndbc,KVKY
,,4297,2022-06-16T09:35:00Z,28,sea_surface_temp_degc,ndbc,KVOA
,,4298,2022-06-16T09:00:00Z,25.3,sea_surface_temp_degc,ndbc,KWHH1
,,4299,2022-06-16T09:00:00Z,19.1,sea_surface_temp_degc,ndbc,KWNW3
,,4300,2022-06-16T09:18:00Z,27.6,sea_surface_temp_degc,ndbc,KYWF1
,,4301,2022-06-16T09:18:00Z,27.9,sea_surface_temp_degc,ndbc,LAMV3
,,4302,2022-06-16T08:36:00Z,10.5,sea_surface_temp_degc,ndbc,LAPW1
,,4303,2022-06-16T09:18:00Z,26.8,sea_surface_temp_degc,ndbc,LCLL1
,,4304,2022-06-16T09:10:00Z,13.4,sea_surface_temp_degc,ndbc,LCNA2
,,4305,2022-06-16T09:10:00Z,16.5,sea_surface_temp_degc,ndbc,LDLC3
,,4306,2022-06-16T09:00:00Z,16.8,sea_surface_temp_degc,ndbc,LDTM4
,,4307,2022-06-16T09:32:00Z,13.4,sea_surface_temp_degc,ndbc,LIXA2
,,4308,2022-06-16T09:00:00Z,17,sea_surface_temp_degc,ndbc,LJAC1
,,4309,2022-06-16T09:18:00Z,27.7,sea_surface_temp_degc,ndbc,LKWF1
,,4310,2022-06-16T09:20:00Z,26.6,sea_surface_temp_degc,ndbc,LMFS1
,,4311,2022-06-16T09:00:00Z,13.4,sea_surface_temp_degc,ndbc,LNDC1
,,4312,2022-06-16T09:30:00Z,28.7,sea_surface_temp_degc,ndbc,LONF1
,,4313,2022-06-16T09:30:00Z,27.5,sea_surface_temp_degc,ndbc,LORO1
,,4314,2022-06-16T09:00:00Z,17.7,sea_surface_temp_degc,ndbc,LPNM4
,,4315,2022-06-16T09:18:00Z,27.6,sea_surface_temp_degc,ndbc,LQAT2
,,4316,2022-06-16T09:18:00Z,28,sea_surface_temp_degc,ndbc,LTBV3
,,4317,2022-06-16T09:18:00Z,27.1,sea_surface_temp_degc,ndbc,LTJF1
,,4318,2022-06-16T09:00:00Z,19.6,sea_surface_temp_degc,ndbc,LTRM4
,,4319,2022-06-16T09:18:00Z,27.9,sea_surface_temp_degc,ndbc,LUIT2
,,4320,2022-06-16T09:00:00Z,23.6,sea_surface_temp_degc,ndbc,LWTV2
,,4321,2022-06-16T09:00:00Z,19.5,sea_surface_temp_degc,ndbc,MACM4
,,4322,2022-06-16T09:00:00Z,27.8,sea_surface_temp_degc,ndbc,MAXT2
,,4323,2022-06-16T09:18:00Z,27.9,sea_surface_temp_degc,ndbc,MBET2
,,4324,2022-06-16T09:00:00Z,25.9,sea_surface_temp_degc,ndbc,MBIN7
,,4325,2022-06-16T09:00:00Z,25.6,sea_surface_temp_degc,ndbc,MBNN7
,,4326,2022-06-16T09:18:00Z,25.6,sea_surface_temp_degc,ndbc,MBPA1
,,4327,2022-06-16T09:00:00Z,26,sea_surface_temp_degc,ndbc,MBRM4
,,4328,2022-06-16T09:18:00Z,25.7,sea_surface_temp_degc,ndbc,MCGA1
,,4329,2022-06-16T09:00:00Z,16,sea_surface_temp_degc,ndbc,MCGM4
,,4330,2022-06-16T09:20:00Z,23.3,sea_surface_temp_degc,ndbc,MCYI3
,,4331,2022-06-16T09:00:00Z,13.6,sea_surface_temp_degc,ndbc,MDRM1
,,4332,2022-06-16T08:40:00Z,16.1,sea_surface_temp_degc,ndbc,MEEM4
,,4333,2022-06-16T08:36:00Z,11.7,sea_surface_temp_degc,ndbc,MEYC1
,,4334,2022-06-16T09:18:00Z,27.6,sea_surface_temp_degc,ndbc,MGIP4
,,4335,2022-06-16T09:18:00Z,25.6,sea_surface_temp_degc,ndbc,MGZP4
,,4336,2022-06-16T09:18:00Z,27.1,sea_surface_temp_degc,ndbc,MHBT2
,,4337,2022-06-16T09:00:00Z,14,sea_surface_temp_degc,ndbc,MISM1
,,4338,2022-06-16T09:30:00Z,18.1,sea_surface_temp_degc,ndbc,MKGM4
,,4339,2022-06-16T09:20:00Z,20.8,sea_surface_temp_degc,ndbc,MLWW3
,,4340,2022-06-16T09:00:00Z,18.3,sea_surface_temp_degc,ndbc,MNMM4
,,4341,2022-06-16T09:00:00Z,22.2,sea_surface_temp_degc,ndbc,MNPV2
,,4342,2022-06-16T08:36:00Z,25.3,sea_surface_temp_degc,ndbc,MOKH1
,,4343,2022-06-16T09:00:00Z,20.6,sea_surface_temp_degc,ndbc,MRCP1
,,4344,2022-06-16T09:00:00Z,27,sea_surface_temp_degc,ndbc,MRHO1
,,4345,2022-06-16T09:30:00Z,11.2,sea_surface_temp_degc,ndbc,MRKA2
,,4346,2022-06-16T09:32:00Z,11.9,sea_surface_temp_degc,ndbc,MRNA2
,,4347,2022-06-16T09:00:00Z,26,sea_surface_temp_degc,ndbc,MROS1
,,4348,2022-06-16T09:32:00Z,15.5,sea_surface_temp_degc,ndbc,MRYA2
,,4349,2022-06-16T09:18:00Z,26.4,sea_surface_temp_degc,ndbc,MTBF1
,,4350,2022-06-16T09:00:00Z,15.3,sea_surface_temp_degc,ndbc,MTKN6
,,4351,2022-06-16T09:32:00Z,8.8,sea_surface_temp_degc,ndbc,MVXA2
,,4352,2022-06-16T09:32:00Z,10.6,sea_surface_temp_degc,ndbc,MXXA2
,,4353,2022-06-16T09:18:00Z,27,sea_surface_temp_degc,ndbc,MYPF1
,,4354,2022-06-16T09:00:00Z,17.7,sea_surface_temp_degc,ndbc,MZXC1
,,4355,2022-06-16T08:40:00Z,13.6,sea_surface_temp_degc,ndbc,NABM4
,,4356,2022-06-16T08:45:00Z,14.9,sea_surface_temp_degc,ndbc,NAXR1
,,4357,2022-06-16T09:00:00Z,19.1,sea_surface_temp_degc,ndbc,NBLP1
,,4358,2022-06-16T09:00:00Z,24,sea_surface_temp_degc,ndbc,NCDV2
,,4359,2022-06-16T09:18:00Z,26.7,sea_surface_temp_degc,ndbc,NCHT2
,,4360,2022-06-16T09:18:00Z,28.1,sea_surface_temp_degc,ndbc,NFDF1
,,4361,2022-06-16T09:00:00Z,24.6,sea_surface_temp_degc,ndbc,NIAN6
,,4362,2022-06-16T08:45:00Z,25.5,sea_surface_temp_degc,ndbc,NIWS1
,,4363,2022-06-16T08:24:00Z,12.4,sea_surface_temp_degc,ndbc,NJLC1
,,4364,2022-06-16T09:32:00Z,6.5,sea_surface_temp_degc,ndbc,NKLA2
,,4365,2022-06-16T09:00:00Z,11.4,sea_surface_temp_degc,ndbc,NKTA2
,,4366,2022-06-16T09:32:00Z,11.2,sea_surface_temp_degc,ndbc,NKXA2
,,4367,2022-06-16T09:00:00Z,16.4,sea_surface_temp_degc,ndbc,NLNC3
,,4368,2022-06-16T09:00:00Z,6.1,sea_surface_temp_degc,ndbc,NMTA2
,,4369,2022-06-16T08:40:00Z,18.3,sea_surface_temp_degc,ndbc,NPDW3
,,4370,2022-06-16T09:18:00Z,27.3,sea_surface_temp_degc,ndbc,NPSF1
,,4371,2022-06-16T08:30:00Z,19.5,sea_surface_temp_degc,ndbc,NPXN6
,,4372,2022-06-16T08:30:00Z,27.7,sea_surface_temp_degc,ndbc,NREP1
,,4373,2022-06-16T08:36:00Z,17.2,sea_surface_temp_degc,ndbc,NTBC1
,,4374,2022-06-16T09:00:00Z,13.6,sea_surface_temp_degc,ndbc,NTKM3
,,4375,2022-06-16T09:18:00Z,28.8,sea_surface_temp_degc,ndbc,NWCL1
,,4376,2022-06-16T09:00:00Z,18.3,sea_surface_temp_degc,ndbc,NWHC3
,,4377,2022-06-16T09:00:00Z,12.4,sea_surface_temp_degc,ndbc,NWPO3
,,4378,2022-06-16T09:00:00Z,16.8,sea_surface_temp_degc,ndbc,NWPR1
,,4379,2022-06-16T09:00:00Z,24.5,sea_surface_temp_degc,ndbc,NWWH1
,,4380,2022-06-16T09:00:00Z,20,sea_surface_temp_degc,ndbc,OBGN6
,,4381,2022-06-16T09:18:00Z,25.5,sea_surface_temp_degc,ndbc,OBLA1
,,4382,2022-06-16T09:00:00Z,13.3,sea_surface_temp_degc,ndbc,OBXC1
,,4383,2022-06-16T09:00:00Z,20.7,sea_surface_temp_degc,ndbc,OCIM2
,,4384,2022-06-16T08:00:00Z,24.6,sea_surface_temp_degc,ndbc,OKSI2
,,4385,2022-06-16T09:00:00Z,13.4,sea_surface_temp_degc,ndbc,OKXC1
,,4386,2022-06-16T09:00:00Z,26.8,sea_surface_temp_degc,ndbc,OLCN6
,,4387,2022-06-16T09:00:00Z,7.6,sea_surface_temp_degc,ndbc,OLSA2
,,4388,2022-06-16T09:00:00Z,24,sea_surface_temp_degc,ndbc,OOUH1
,,4389,2022-06-16T09:18:00Z,25.6,sea_surface_temp_degc,ndbc,OPTF1
,,4390,2022-06-16T09:00:00Z,22.5,sea_surface_temp_degc,ndbc,ORIN7
,,4391,2022-06-16T09:00:00Z,21.6,sea_surface_temp_degc,ndbc,OSGN6
,,4392,2022-06-16T08:45:00Z,25.9,sea_surface_temp_degc,ndbc,OWXO1
,,4393,2022-06-16T09:18:00Z,26.8,sea_surface_temp_degc,ndbc,PACT2
,,4394,2022-06-16T09:33:00Z,14.4,sea_surface_temp_degc,ndbc,PAXA2
,,4395,2022-06-16T08:30:00Z,11.4,sea_surface_temp_degc,ndbc,PBFW1
,,4396,2022-06-16T09:10:00Z,12.2,sea_surface_temp_degc,ndbc,PBPA2
,,4397,2022-06-16T09:12:00Z,26.4,sea_surface_temp_degc,ndbc,PCBF1
,,4398,2022-06-16T09:18:00Z,25.5,sea_surface_temp_degc,ndbc,PCGT2
,,4399,2022-06-16T09:18:00Z,27.9,sea_surface_temp_degc,ndbc,PCLF1
,,4400,2022-06-16T09:12:00Z,27.6,sea_surface_temp_degc,ndbc,PCNT2
,,4401,2022-06-16T09:00:00Z,15.3,sea_surface_temp_degc,ndbc,PCOC1
,,4402,2022-06-16T09:00:00Z,14.2,sea_surface_temp_degc,ndbc,PDVR1
,,4403,2022-06-16T09:18:00Z,28.3,sea_surface_temp_degc,ndbc,PEGF1
,,4404,2022-06-16T09:00:00Z,18.2,sea_surface_temp_degc,ndbc,PFXC1
,,4405,2022-06-16T09:33:00Z,10.7,sea_surface_temp_degc,ndbc,PGXA2
,,4406,2022-06-16T09:00:00Z,20.5,sea_surface_temp_degc,ndbc,PHBP1
,,4407,2022-06-16T09:30:00Z,12.4,sea_surface_temp_degc,ndbc,PILA2
,,4408,2022-06-16T09:18:00Z,26.2,sea_surface_temp_degc,ndbc,PILL1
,,4409,2022-06-16T09:00:00Z,3.4,sea_surface_temp_degc,ndbc,PILM4
,,4410,2022-06-16T09:00:00Z,17.4,sea_surface_temp_degc,ndbc,PKBW3
,,4411,2022-06-16T09:00:00Z,9.5,sea_surface_temp_degc,ndbc,PLXA2
,,4412,2022-06-16T09:18:00Z,24.6,sea_surface_temp_degc,ndbc,PMAF1
,,4413,2022-06-16T09:18:00Z,26.7,sea_surface_temp_degc,ndbc,PMNT2
,,4414,2022-06-16T08:40:00Z,17.5,sea_surface_temp_degc,ndbc,PNGW3
,,4415,2022-06-16T09:00:00Z,11.9,sea_surface_temp_degc,ndbc,PNLM4
,,4416,2022-06-16T09:00:00Z,10.8,sea_surface_temp_degc,ndbc,PORO3
,,4417,2022-06-16T09:18:00Z,26.4,sea_surface_temp_degc,ndbc,PORT2
,,4418,2022-06-16T09:30:00Z,10.7,sea_surface_temp_degc,ndbc,POTA2
,,4419,2022-06-16T09:00:00Z,13.6,sea_surface_temp_degc,ndbc,PPXC1
,,4420,2022-06-16T09:00:00Z,0.7,sea_surface_temp_degc,ndbc,PRDA2
,,4421,2022-06-16T09:10:00Z,13.2,sea_surface_temp_degc,ndbc,PRTA2
,,4422,2022-06-16T09:00:00Z,16,sea_surface_temp_degc,ndbc,PRUR1
,,4423,2022-06-16T09:00:00Z,19.1,sea_surface_temp_degc,ndbc,PSBC1
,,4424,2022-06-16T09:00:00Z,11.1,sea_surface_temp_degc,ndbc,PSBM1
,,4425,2022-06-16T09:00:00Z,26.2,sea_surface_temp_degc,ndbc,PSCM4
,,4426,2022-06-16T09:00:00Z,12.8,sea_surface_temp_degc,ndbc,PSLC1
,,4427,2022-06-16T09:12:00Z,27.5,sea_surface_temp_degc,ndbc,PSTL1
,,4428,2022-06-16T09:00:00Z,26.1,sea_surface_temp_degc,ndbc,PSTN6
,,4429,2022-06-16T09:00:00Z,26.9,sea_surface_temp_degc,ndbc,PTAT2
,,4430,2022-06-16T08:36:00Z,11,sea_surface_temp_degc,ndbc,PTAW1
,,4431,2022-06-16T09:00:00Z,15.7,sea_surface_temp_degc,ndbc,PTCR1
,,4432,2022-06-16T09:00:00Z,11.9,sea_surface_temp_degc,ndbc,PTGC1
,,4433,2022-06-16T09:00:00Z,19,sea_surface_temp_degc,ndbc,PTIM4
,,4434,2022-06-16T09:18:00Z,26.5,sea_surface_temp_degc,ndbc,PTIT2
,,4435,2022-06-16T09:32:00Z,12.7,sea_surface_temp_degc,ndbc,PTLA2
,,4436,2022-06-16T09:18:00Z,25.2,sea_surface_temp_degc,ndbc,PTOA1
,,4437,2022-06-16T09:00:00Z,9.8,sea_surface_temp_degc,ndbc,PTWW1
,,4438,2022-06-16T09:00:00Z,16,sea_surface_temp_degc,ndbc,PVDR1
,,4439,2022-06-16T08:40:00Z,20.2,sea_surface_temp_degc,ndbc,PWAW3
,,4440,2022-06-16T09:00:00Z,12.7,sea_surface_temp_degc,ndbc,PXOC1
,,4441,2022-06-16T09:00:00Z,13.1,sea_surface_temp_degc,ndbc,PXSC1
,,4442,2022-06-16T09:00:00Z,15.8,sea_surface_temp_degc,ndbc,QPTR1
,,4443,2022-06-16T09:00:00Z,12.8,sea_surface_temp_degc,ndbc,RCMC1
,,4444,2022-06-16T09:18:00Z,27.8,sea_surface_temp_degc,ndbc,RCPT2
,,4445,2022-06-16T09:00:00Z,25.5,sea_surface_temp_degc,ndbc,RCRN6
,,4446,2022-06-16T09:00:00Z,4.3,sea_surface_temp_degc,ndbc,RDDA2
,,4447,2022-06-16T09:00:00Z,21.1,sea_surface_temp_degc,ndbc,RDYD1
,,4448,2022-06-16T09:32:00Z,11.3,sea_surface_temp_degc,ndbc,RIXA2
,,4449,2022-06-16T08:45:00Z,23.5,sea_surface_temp_degc,ndbc,RKXF1
,,4450,2022-06-16T09:12:00Z,27.4,sea_surface_temp_degc,ndbc,RLIT2
,,4451,2022-06-16T09:18:00Z,27.3,sea_surface_temp_degc,ndbc,RLOT2
,,4452,2022-06-16T09:00:00Z,7.9,sea_surface_temp_degc,ndbc,ROAM4
,,4453,2022-06-16T09:00:00Z,19.5,sea_surface_temp_degc,ndbc,ROBN4
,,4454,2022-06-16T09:00:00Z,25.6,sea_surface_temp_degc,ndbc,RPRN6
,,4455,2022-06-16T09:18:00Z,27.5,sea_surface_temp_degc,ndbc,RSJT2
,,4456,2022-06-16T09:18:00Z,26.8,sea_surface_temp_degc,ndbc,RTAT2
,,4457,2022-06-16T09:00:00Z,14.9,sea_surface_temp_degc,ndbc,RTYC1
,,4458,2022-06-16T09:30:00Z,28,sea_surface_temp_degc,ndbc,SANF1
,,4459,2022-06-16T09:18:00Z,27.2,sea_surface_temp_degc,ndbc,SAPF1
,,4460,2022-06-16T09:00:00Z,27.7,sea_surface_temp_degc,ndbc,SAUF1
,,4461,2022-06-16T09:00:00Z,25.5,sea_surface_temp_degc,ndbc,SAXG1
,,4462,2022-06-16T09:00:00Z,12.9,sea_surface_temp_degc,ndbc,SBEO3
,,4463,2022-06-16T09:00:00Z,26.1,sea_surface_temp_degc,ndbc,SBIO1
,,4464,2022-06-16T09:00:00Z,19.9,sea_surface_temp_degc,ndbc,SBLM4
,,4465,2022-06-16T09:32:00Z,11.8,sea_surface_temp_degc,ndbc,SCXA2
,,4466,2022-06-16T09:00:00Z,18.9,sea_surface_temp_degc,ndbc,SDHN4
,,4467,2022-06-16T09:26:00Z,12.2,sea_surface_temp_degc,ndbc,SDIA2
,,4468,2022-06-16T09:18:00Z,28.9,sea_surface_temp_degc,ndbc,SDRT2
,,4469,2022-06-16T09:00:00Z,14.9,sea_surface_temp_degc,ndbc,SEIM1
,,4470,2022-06-16T08:45:00Z,14.9,sea_surface_temp_degc,ndbc,SFXC1
,,4471,2022-06-16T09:18:00Z,28.2,sea_surface_temp_degc,ndbc,SGNT2
,,4472,2022-06-16T09:00:00Z,19.5,sea_surface_temp_degc,ndbc,SGNW3
,,4473,2022-06-16T09:00:00Z,27.3,sea_surface_temp_degc,ndbc,SGOF1
,,4474,2022-06-16T09:12:00Z,28,sea_surface_temp_degc,ndbc,SHBL1
,,4475,2022-06-16T07:54:00Z,26.9,sea_surface_temp_degc,ndbc,SHPF1
,,4476,2022-06-16T09:33:00Z,10.5,sea_surface_temp_degc,ndbc,SHXA2
,,4477,2022-06-16T07:30:00Z,26.2,sea_surface_temp_degc,ndbc,SIPF1
,,4478,2022-06-16T09:22:00Z,11.5,sea_surface_temp_degc,ndbc,SISA2
,,4479,2022-06-16T09:30:00Z,10.5,sea_surface_temp_degc,ndbc,SISW1
,,4480,2022-06-16T09:18:00Z,26.8,sea_surface_temp_degc,ndbc,SJNP4
,,4481,2022-06-16T09:00:00Z,21.4,sea_surface_temp_degc,ndbc,SJSN4
,,4482,2022-06-16T09:00:00Z,10.7,sea_surface_temp_degc,ndbc,SKTA2
,,4483,2022-06-16T09:33:00Z,10.7,sea_surface_temp_degc,ndbc,SKXA2
,,4484,2022-06-16T09:00:00Z,23.1,sea_surface_temp_degc,ndbc,SLIM2
,,4485,2022-06-16T08:40:00Z,9.2,sea_surface_temp_degc,ndbc,SLVM5
,,4486,2022-06-16T09:33:00Z,12.8,sea_surface_temp_degc,ndbc,SLXA2
,,4487,2022-06-16T09:30:00Z,27.9,sea_surface_temp_degc,ndbc,SMKF1
,,4488,2022-06-16T09:00:00Z,6.6,sea_surface_temp_degc,ndbc,SNDA2
,,4489,2022-06-16T08:30:00Z,12.6,sea_surface_temp_degc,ndbc,SNTO3
,,4490,2022-06-16T09:00:00Z,27.1,sea_surface_temp_degc,ndbc,SPGF1
,,4491,2022-06-16T09:33:00Z,14.8,sea_surface_temp_degc,ndbc,SPXA2
,,4492,2022-06-16T09:00:00Z,28.1,sea_surface_temp_degc,ndbc,SRST2
,,4493,2022-06-16T09:33:00Z,11.4,sea_surface_temp_degc,ndbc,STXA2
,,4494,2022-06-16T09:30:00Z,22.1,sea_surface_temp_degc,ndbc,SVNM4
,,4495,2022-06-16T09:00:00Z,18.6,sea_surface_temp_degc,ndbc,SWPM4
,,4496,2022-06-16T08:40:00Z,17.2,sea_surface_temp_degc,ndbc,SXHW3
,,4497,2022-06-16T09:33:00Z,12.2,sea_surface_temp_degc,ndbc,SXXA2
,,4498,2022-06-16T09:18:00Z,27.4,sea_surface_temp_degc,ndbc,TAQT2
,,4499,2022-06-16T08:40:00Z,21.2,sea_surface_temp_degc,ndbc,TAWM4
,,4500,2022-06-16T09:00:00Z,14,sea_surface_temp_degc,ndbc,TBIM4
,,4501,2022-06-16T09:00:00Z,21.7,sea_surface_temp_degc,ndbc,TCBM2
,,4502,2022-06-16T09:18:00Z,25.3,sea_surface_temp_degc,ndbc,TESL1
,,4503,2022-06-16T09:00:00Z,26,sea_surface_temp_degc,ndbc,THLO1
,,4504,2022-06-16T09:00:00Z,26.6,sea_surface_temp_degc,ndbc,THRO1
,,4505,2022-06-16T08:17:00Z,13.3,sea_surface_temp_degc,ndbc,TIBC1
,,4506,2022-06-16T08:45:00Z,17.1,sea_surface_temp_degc,ndbc,TIXC1
,,4507,2022-06-16T09:32:00Z,11.5,sea_surface_temp_degc,ndbc,TKEA2
,,4508,2022-06-16T09:00:00Z,19.9,sea_surface_temp_degc,ndbc,TKPN6
,,4509,2022-06-16T09:18:00Z,27.3,sea_surface_temp_degc,ndbc,TLVT2
,,4510,2022-06-16T09:00:00Z,12.1,sea_surface_temp_degc,ndbc,TOKW1
,,4511,2022-06-16T09:00:00Z,23,sea_surface_temp_degc,ndbc,TPLM2
,,4512,2022-06-16T09:18:00Z,26.4,sea_surface_temp_degc,ndbc,TRDF1
,,4513,2022-06-16T09:18:00Z,27.7,sea_surface_temp_degc,ndbc,TXPT2
,,4514,2022-06-16T09:18:00Z,27.1,sea_surface_temp_degc,ndbc,TXVT2
,,4515,2022-06-16T09:00:00Z,8.3,sea_surface_temp_degc,ndbc,UNLA2
,,4516,2022-06-16T09:18:00Z,27.1,sea_surface_temp_degc,ndbc,UTVT2
,,4517,2022-06-16T09:12:00Z,29.1,sea_surface_temp_degc,ndbc,VAKF1
,,4518,2022-06-16T09:18:00Z,28.2,sea_surface_temp_degc,ndbc,VCAF1
,,4519,2022-06-16T09:18:00Z,27,sea_surface_temp_degc,ndbc,VCAT2
,,4520,2022-06-16T09:00:00Z,10.3,sea_surface_temp_degc,ndbc,VDZA2
,,4521,2022-06-16T09:00:00Z,24.5,sea_surface_temp_degc,ndbc,VENF1
,,4522,2022-06-16T09:18:00Z,26.3,sea_surface_temp_degc,ndbc,VTBT2
,,4523,2022-06-16T09:00:00Z,22.3,sea_surface_temp_degc,ndbc,WAHV2
,,4524,2022-06-16T09:00:00Z,28.5,sea_surface_temp_degc,ndbc,WAKP8
,,4525,2022-06-16T09:00:00Z,24.4,sea_surface_temp_degc,ndbc,WASD2
,,4526,2022-06-16T09:30:00Z,22.1,sea_surface_temp_degc,ndbc,WATS1
,,4527,2022-06-16T08:45:00Z,14.5,sea_surface_temp_degc,ndbc,WAXM3
,,4528,2022-06-16T09:33:00Z,10.7,sea_surface_temp_degc,ndbc,WCXA2
,,4529,2022-06-16T09:00:00Z,22.7,sea_surface_temp_degc,ndbc,WDSV2
,,4530,2022-06-16T09:00:00Z,14.1,sea_surface_temp_degc,ndbc,WELM1
,,4531,2022-06-16T09:00:00Z,12.7,sea_surface_temp_degc,ndbc,WEXM1
,,4532,2022-06-16T08:40:00Z,16.7,sea_surface_temp_degc,ndbc,WFPM4
,,4533,2022-06-16T08:00:00Z,21.7,sea_surface_temp_degc,ndbc,WHRI2
,,4534,2022-06-16T08:45:00Z,26.3,sea_surface_temp_degc,ndbc,WKXA1
,,4535,2022-06-16T09:00:00Z,24.6,sea_surface_temp_degc,ndbc,WLON7
,,4536,2022-06-16T09:00:00Z,18.6,sea_surface_temp_degc,ndbc,WNEM4
,,4537,2022-06-16T09:00:00Z,11.8,sea_surface_temp_degc,ndbc,WPOW1
,,4538,2022-06-16T08:36:00Z,11.3,sea_surface_temp_degc,ndbc,WPTW1
,,4539,2022-06-16T09:00:00Z,17.5,sea_surface_temp_degc,ndbc,WSLM4
,,4540,2022-06-16T09:18:00Z,30.3,sea_surface_temp_degc,ndbc,WYCM6
,,4541,2022-06-16T09:00:00Z,23.9,sea_surface_temp_degc,ndbc,YKRV2
,,4542,2022-06-16T09:00:00Z,22.8,sea_surface_temp_degc,ndbc,YKTV2
,,4543,2022-06-16T08:30:00Z,21.5,sea_surface_temp_degc,ndbc,YRSV2
,,4544,2022-06-16T08:50:00Z,0.7,significant_wave_height_m,ndbc,41008
,,4545,2022-06-16T09:00:00Z,1,significant_wave_height_m,ndbc,41052
,,4546,2022-06-16T09:00:00Z,0.9,significant_wave_height_m,ndbc,41053
,,4547,2022-06-16T08:35:00Z,0.7,significant_wave_height_m,ndbc,41065
,,4548,2022-06-16T09:17:00Z,0.9,significant_wave_height_m,ndbc,41076
,,4549,2022-06-16T09:00:00Z,0.8,significant_wave_height_m,ndbc,41108
,,4550,2022-06-16T08:56:00Z,0.8,significant_wave_height_m,ndbc,41110
,,4551,2022-06-16T09:00:00Z,0.5,significant_wave_height_m,ndbc,41112
,,4552,2022-06-16T08:56:00Z,0.3,significant_wave_height_m,ndbc,41113
,,4553,2022-06-16T08:56:00Z,0.3,significant_wave_height_m,ndbc,41114
,,4554,2022-06-16T08:56:00Z,0.4,significant_wave_height_m,ndbc,41115
,,4555,2022-06-16T09:00:00Z,0.4,significant_wave_height_m,ndbc,41117
,,4556,2022-06-16T08:56:00Z,1,significant_wave_height_m,ndbc,41120
,,4557,2022-06-16T09:26:00Z,0.9,significant_wave_height_m,ndbc,41121
,,4558,2022-06-16T09:00:00Z,0.8,significant_wave_height_m,ndbc,42095
,,4559,2022-06-16T08:56:00Z,0.4,significant_wave_height_m,ndbc,42097
,,4560,2022-06-16T09:26:00Z,0.4,significant_wave_height_m,ndbc,42099
,,4561,2022-06-16T08:50:00Z,0.8,significant_wave_height_m,ndbc,44005
,,4562,2022-06-16T08:50:00Z,0.2,significant_wave_height_m,ndbc,44027
,,4563,2022-06-16T08:04:00Z,0.3,significant_wave_height_m,ndbc,44029
,,4564,2022-06-16T08:04:00Z,0.3,significant_wave_height_m,ndbc,44030
,,4565,2022-06-16T08:04:00Z,0.3,significant_wave_height_m,ndbc,44032
,,4566,2022-06-16T08:04:00Z,0.2,significant_wave_height_m,ndbc,44033
,,4567,2022-06-16T08:04:00Z,0.4,significant_wave_height_m,ndbc,44034
,,4568,2022-06-16T08:04:00Z,0.8,significant_wave_height_m,ndbc,44037
,,4569,2022-06-16T08:56:00Z,0.8,significant_wave_height_m,ndbc,44056
,,4570,2022-06-16T09:12:00Z,0.3,significant_wave_height_m,ndbc,44063
,,4571,2022-06-16T09:18:00Z,0.2,significant_wave_height_m,ndbc,44072
,,4572,2022-06-16T09:26:00Z,0.8,significant_wave_height_m,ndbc,44086
,,4573,2022-06-16T09:00:00Z,0.9,significant_wave_height_m,ndbc,44088
,,4574,2022-06-16T09:26:00Z,0.9,significant_wave_height_m,ndbc,44089
,,4575,2022-06-16T08:56:00Z,0.1,significant_wave_height_m,ndbc,44090
,,4576,2022-06-16T08:56:00Z,0.8,significant_wave_height_m,ndbc,44091
,,4577,2022-06-16T09:26:00Z,0.8,significant_wave_height_m,ndbc,44095
,,4578,2022-06-16T09:26:00Z,0.5,significant_wave_height_m,ndbc,44097
,,4579,2022-06-16T09:26:00Z,0.5,significant_wave_height_m,ndbc,44098
,,4580,2022-06-16T08:56:00Z,0.7,significant_wave_height_m,ndbc,44099
,,4581,2022-06-16T09:00:00Z,1.8,significant_wave_height_m,ndbc,44137
,,4582,2022-06-16T09:00:00Z,1.3,significant_wave_height_m,ndbc,44139
,,4583,2022-06-16T09:00:00Z,1.2,significant_wave_height_m,ndbc,44150
,,4584,2022-06-16T09:00:00Z,0.8,significant_wave_height_m,ndbc,44258
,,4585,2022-06-16T09:00:00Z,0.7,significant_wave_height_m,ndbc,44488
,,4586,2022-06-16T09:00:00Z,0.3,significant_wave_height_m,ndbc,44489
,,4587,2022-06-16T09:00:00Z,0.1,significant_wave_height_m,ndbc,44490
,,4588,2022-06-16T09:30:00Z,0.8,significant_wave_height_m,ndbc,45024
,,4589,2022-06-16T09:40:00Z,0.2,significant_wave_height_m,ndbc,45025
,,4590,2022-06-16T09:30:00Z,0.4,significant_wave_height_m,ndbc,45026
,,4591,2022-06-16T09:30:00Z,0.1,significant_wave_height_m,ndbc,45027
,,4592,2022-06-16T09:30:00Z,0.5,significant_wave_height_m,ndbc,45029
,,4593,2022-06-16T09:00:00Z,0.3,significant_wave_height_m,ndbc,45132
,,4594,2022-06-16T09:00:00Z,0.5,significant_wave_height_m,ndbc,45136
,,4595,2022-06-16T09:00:00Z,0.5,significant_wave_height_m,ndbc,45137
,,4596,2022-06-16T09:00:00Z,0.4,significant_wave_height_m,ndbc,45139
,,4597,2022-06-16T09:00:00Z,0.4,significant_wave_height_m,ndbc,45142
,,4598,2022-06-16T09:00:00Z,0.3,significant_wave_height_m,ndbc,45143
,,4599,2022-06-16T09:00:00Z,0.3,significant_wave_height_m,ndbc,45149
,,4600,2022-06-16T09:00:00Z,0,significant_wave_height_m,ndbc,45151
,,4601,2022-06-16T09:00:00Z,0.2,significant_wave_height_m,ndbc,45152
,,4602,2022-06-16T09:00:00Z,0.1,significant_wave_height_m,ndbc,45154
,,4603,2022-06-16T09:00:00Z,0.4,significant_wave_height_m,ndbc,45159
,,4604,2022-06-16T09:20:00Z,0.4,significant_wave_height_m,ndbc,45161
,,4605,2022-06-16T09:20:00Z,0.3,significant_wave_height_m,ndbc,45162
,,4606,2022-06-16T09:00:00Z,0.4,significant_wave_height_m,ndbc,45163
,,4607,2022-06-16T09:00:00Z,0.2,significant_wave_height_m,ndbc,45164
,,4608,2022-06-16T09:30:00Z,0.3,significant_wave_height_m,ndbc,45165
,,4609,2022-06-16T09:00:00Z,0.3,significant_wave_height_m,ndbc,45167
,,4610,2022-06-16T09:30:00Z,0.5,significant_wave_height_m,ndbc,45168
,,4611,2022-06-16T09:20:00Z,0.3,significant_wave_height_m,ndbc,45170
,,4612,2022-06-16T09:30:00Z,0.2,significant_wave_height_m,ndbc,45174
,,4613,2022-06-16T09:35:00Z,0.6,significant_wave_height_m,ndbc,45175
,,4614,2022-06-16T09:30:00Z,0.3,significant_wave_height_m,ndbc,45176
,,4615,2022-06-16T09:26:00Z,0.6,significant_wave_height_m,ndbc,45180
,,4616,2022-06-16T09:30:00Z,0.3,significant_wave_height_m,ndbc,45183
,,4617,2022-06-16T09:30:00Z,0.2,significant_wave_height_m,ndbc,45186
,,4618,2022-06-16T09:30:00Z,0.2,significant_wave_height_m,ndbc,45187
,,4619,2022-06-16T09:00:00Z,0.6,significant_wave_height_m,ndbc,45194
,,4620,2022-06-16T09:00:00Z,0.6,significant_wave_height_m,ndbc,45195
,,4621,2022-06-16T09:20:00Z,0.2,significant_wave_height_m,ndbc,45196
,,4622,2022-06-16T09:20:00Z,0.3,significant_wave_height_m,ndbc,45197
,,4623,2022-06-16T09:30:00Z,0.2,significant_wave_height_m,ndbc,45198
,,4624,2022-06-16T09:00:00Z,1.6,significant_wave_height_m,ndbc,46004
,,4625,2022-06-16T08:50:00Z,3.5,significant_wave_height_m,ndbc,46035
,,4626,2022-06-16T09:00:00Z,2,significant_wave_height_m,ndbc,46036
,,4627,2022-06-16T08:50:00Z,0.4,significant_wave_height_m,ndbc,46060
,,4628,2022-06-16T08:50:00Z,0.7,significant_wave_height_m,ndbc,46061
,,4629,2022-06-16T08:50:00Z,3.7,significant_wave_height_m,ndbc,46073
,,4630,2022-06-16T08:50:00Z,0.2,significant_wave_height_m,ndbc,46077
,,4631,2022-06-16T08:50:00Z,0.8,significant_wave_height_m,ndbc,46080
,,4632,2022-06-16T08:50:00Z,0,significant_wave_height_m,ndbc,46081
,,4633,2022-06-16T08:50:00Z,1.1,significant_wave_height_m,ndbc,46082
,,4634,2022-06-16T08:50:00Z,1.3,significant_wave_height_m,ndbc,46083
,,4635,2022-06-16T07:20:00Z,0.7,significant_wave_height_m,ndbc,46100
,,4636,2022-06-16T09:00:00Z,0.3,significant_wave_height_m,ndbc,46108
,,4637,2022-06-16T08:56:00Z,1.7,significant_wave_height_m,ndbc,46114
,,4638,2022-06-16T09:00:00Z,0.3,significant_wave_height_m,ndbc,46131
,,4639,2022-06-16T09:00:00Z,0.7,significant_wave_height_m,ndbc,46132
,,4640,2022-06-16T09:00:00Z,0.7,significant_wave_height_m,ndbc,46145
,,4641,2022-06-16T09:00:00Z,1.3,significant_wave_height_m,ndbc,46147
,,4642,2022-06-16T09:00:00Z,0.1,significant_wave_height_m,ndbc,46181
,,4643,2022-06-16T09:00:00Z,0.5,significant_wave_height_m,ndbc,46183
,,4644,2022-06-16T09:00:00Z,0.5,significant_wave_height_m,ndbc,46185
,,4645,2022-06-16T09:00:00Z,0.9,significant_wave_height_m,ndbc,46204
,,4646,2022-06-16T09:00:00Z,1.4,significant_wave_height_m,ndbc,46205
,,4647,2022-06-16T09:00:00Z,0.5,significant_wave_height_m,ndbc,46206
,,4648,2022-06-16T09:00:00Z,1.2,significant_wave_height_m,ndbc,46207
,,4649,2022-06-16T09:26:00Z,0.6,significant_wave_height_m,ndbc,46211
,,4650,2022-06-16T09:26:00Z,0.8,significant_wave_height_m,ndbc,46213
,,4651,2022-06-16T09:26:00Z,1.4,significant_wave_height_m,ndbc,46214
,,4652,2022-06-16T09:26:00Z,1.5,significant_wave_height_m,ndbc,46215
,,4653,2022-06-16T09:26:00Z,2.4,significant_wave_height_m,ndbc,46218
,,4654,2022-06-16T08:56:00Z,1.8,significant_wave_height_m,ndbc,46219
,,4655,2022-06-16T09:26:00Z,0.7,significant_wave_height_m,ndbc,46221
,,4656,2022-06-16T09:26:00Z,0.8,significant_wave_height_m,ndbc,46222
,,4657,2022-06-16T09:26:00Z,0.6,significant_wave_height_m,ndbc,46224
,,4658,2022-06-16T09:26:00Z,0.9,significant_wave_height_m,ndbc,46225
,,4659,2022-06-16T09:26:00Z,1.2,significant_wave_height_m,ndbc,46229
,,4660,2022-06-16T08:56:00Z,1,significant_wave_height_m,ndbc,46232
,,4661,2022-06-16T09:26:00Z,0.6,significant_wave_height_m,ndbc,46235
,,4662,2022-06-16T08:30:00Z,1.2,significant_wave_height_m,ndbc,46237
,,4663,2022-06-16T09:26:00Z,1.7,significant_wave_height_m,ndbc,46239
,,4664,2022-06-16T09:26:00Z,0.8,significant_wave_height_m,ndbc,46243
,,4665,2022-06-16T09:26:00Z,0.7,significant_wave_height_m,ndbc,46244
,,4666,2022-06-16T08:26:00Z,1.7,significant_wave_height_m,ndbc,46246
,,4667,2022-06-16T09:26:00Z,0.8,significant_wave_height_m,ndbc,46248
,,4668,2022-06-16T08:56:00Z,1,significant_wave_height_m,ndbc,46251
,,4669,2022-06-16T09:26:00Z,0.7,significant_wave_height_m,ndbc,46253
,,4670,2022-06-16T09:26:00Z,0.5,significant_wave_height_m,ndbc,46254
,,4671,2022-06-16T09:26:00Z,0.6,significant_wave_height_m,ndbc,46256
,,4672,2022-06-16T08:56:00Z,0.9,significant_wave_height_m,ndbc,46258
,,4673,2022-06-16T09:26:00Z,2.9,significant_wave_height_m,ndbc,46259
,,4674,2022-06-16T09:00:00Z,0.7,significant_wave_height_m,ndbc,46266
,,4675,2022-06-16T09:00:00Z,0.2,significant_wave_height_m,ndbc,46267
,,4676,2022-06-16T09:00:00Z,0.5,significant_wave_height_m,ndbc,46268
,,4677,2022-06-16T09:00:00Z,0.8,significant_wave_height_m,ndbc,46269
,,4678,2022-06-16T09:00:00Z,0.1,significant_wave_height_m,ndbc,46304
,,4679,2022-06-16T08:56:00Z,1.2,significant_wave_height_m,ndbc,51201
,,4680,2022-06-16T08:56:00Z,1.9,significant_wave_height_m,ndbc,51202
,,4681,2022-06-16T09:15:00Z,1.4,significant_wave_height_m,ndbc,51206
,,4682,2022-06-16T08:56:00Z,1.6,significant_wave_height_m,ndbc,51207
,,4683,2022-06-16T08:56:00Z,1.7,significant_wave_height_m,ndbc,51208
,,4684,2022-06-16T08:56:00Z,2.4,significant_wave_height_m,ndbc,51209
,,4685,2022-06-16T09:00:00Z,0.6,significant_wave_height_m,ndbc,51211
,,4686,2022-06-16T09:00:00Z,0.7,significant_wave_height_m,ndbc,51212
,,4687,2022-06-16T08:56:00Z,1.3,significant_wave_height_m,ndbc,52200
,,4688,2022-06-16T08:56:00Z,1.4,significant_wave_height_m,ndbc,52202
,,4689,2022-06-16T08:56:00Z,1.2,significant_wave_height_m,ndbc,52211
,,4690,2022-06-16T09:00:00Z,1,significant_wave_height_m,ndbc,52212
,,4691,2022-06-16T09:00:00Z,1.2,significant_wave_height_m,ndbc,62107
,,4692,2022-06-16T09:00:00Z,0.2,significant_wave_height_m,ndbc,62127
,,4693,2022-06-16T09:00:00Z,0.6,significant_wave_height_m,ndbc,62130
,,4694,2022-06-16T09:00:00Z,0.2,significant_wave_height_m,ndbc,62144
,,4695,2022-06-16T09:00:00Z,0.2,significant_wave_height_m,ndbc,62145
,,4696,2022-06-16T09:00:00Z,0.5,significant_wave_height_m,ndbc,62146
,,4697,2022-06-16T09:00:00Z,0.2,significant_wave_height_m,ndbc,62149
,,4698,2022-06-16T09:00:00Z,0.2,significant_wave_height_m,ndbc,62170
,,4699,2022-06-16T09:00:00Z,0.1,significant_wave_height_m,ndbc,62304
,,4700,2022-06-16T09:00:00Z,0.2,significant_wave_height_m,ndbc,62305
,,4701,2022-06-16T09:00:00Z,1,significant_wave_height_m,ndbc,63110
,,4702,2022-06-16T09:00:00Z,1.3,significant_wave_height_m,ndbc,63112
,,4703,2022-06-16T09:20:00Z,0.5,significant_wave_height_m,ndbc,LJPC1
,,4704,2022-06-16T09:02:00Z,0.4,significant_wave_height_m,ndbc,LOPL1
,,4705,2022-06-16T08:35:00Z,0.6,significant_wave_height_m,ndbc,SSBN7
,,4706,2022-06-16T09:00:00Z,2,significant_wave_height_m,ndbc,TFBLK
,,4707,2022-06-16T08:30:00Z,11.1,station_visibility_nmi,ndbc,32ST0
,,4708,2022-06-16T09:20:00Z,21.5,station_visibility_nmi,ndbc,41002
,,4709,2022-06-16T09:20:00Z,22.6,station_visibility_nmi,ndbc,41004
,,4710,2022-06-16T09:20:00Z,25.2,station_visibility_nmi,ndbc,41009
,,4711,2022-06-16T09:20:00Z,25.3,station_visibility_nmi,ndbc,41010
,,4712,2022-06-16T09:20:00Z,21.2,station_visibility_nmi,ndbc,41013
,,4713,2022-06-16T09:20:00Z,21.9,station_visibility_nmi,ndbc,41040
,,4714,2022-06-16T09:20:00Z,26,station_visibility_nmi,ndbc,41043
,,4715,2022-06-16T09:20:00Z,25.2,station_visibility_nmi,ndbc,41046
,,4716,2022-06-16T09:20:00Z,22.9,station_visibility_nmi,ndbc,41047
,,4717,2022-06-16T09:20:00Z,17.8,station_visibility_nmi,ndbc,41048
,,4718,2022-06-16T09:20:00Z,24.5,station_visibility_nmi,ndbc,41049
,,4719,2022-06-16T08:30:00Z,22.3,station_visibility_nmi,ndbc,41NT0
,,4720,2022-06-16T09:20:00Z,24.9,station_visibility_nmi,ndbc,42019
,,4721,2022-06-16T09:20:00Z,25.4,station_visibility_nmi,ndbc,42020
,,4722,2022-06-16T09:20:00Z,25.4,station_visibility_nmi,ndbc,42035
,,4723,2022-06-16T09:20:00Z,26.3,station_visibility_nmi,ndbc,42036
,,4724,2022-06-16T09:20:00Z,25.7,station_visibility_nmi,ndbc,42039
,,4725,2022-06-16T09:20:00Z,25.2,station_visibility_nmi,ndbc,42040
,,4726,2022-06-16T09:20:00Z,23.3,station_visibility_nmi,ndbc,42056
,,4727,2022-06-16T09:20:00Z,24.3,station_visibility_nmi,ndbc,42059
,,4728,2022-06-16T08:50:00Z,14.5,station_visibility_nmi,ndbc,44005
,,4729,2022-06-16T09:20:00Z,12.9,station_visibility_nmi,ndbc,44007
,,4730,2022-06-16T09:20:00Z,18.8,station_visibility_nmi,ndbc,44009
,,4731,2022-06-16T09:20:00Z,14,station_visibility_nmi,ndbc,44017
,,4732,2022-06-16T09:20:00Z,14.3,station_visibility_nmi,ndbc,44018
,,4733,2022-06-16T09:15:00Z,15.7,station_visibility_nmi,ndbc,44022
,,4734,2022-06-16T08:50:00Z,12.1,station_visibility_nmi,ndbc,44027
,,4735,2022-06-16T09:15:00Z,16.2,station_visibility_nmi,ndbc,44040
,,4736,2022-06-16T09:20:00Z,15.5,station_visibility_nmi,ndbc,44066
,,4737,2022-06-16T09:00:00Z,17.8,station_visibility_nmi,ndbc,44069
,,4738,2022-06-16T09:30:00Z,21.7,station_visibility_nmi,ndbc,45005
,,4739,2022-06-16T09:30:00Z,15.1,station_visibility_nmi,ndbc,45007
,,4740,2022-06-16T09:30:00Z,14.2,station_visibility_nmi,ndbc,45008
,,4741,2022-06-16T09:40:00Z,16.1,station_visibility_nmi,ndbc,45022
,,4742,2022-06-16T09:40:00Z,12.1,station_visibility_nmi,ndbc,45025
,,4743,2022-06-16T09:30:00Z,17.8,station_visibility_nmi,ndbc,45026
,,4744,2022-06-16T09:30:00Z,8.3,station_visibility_nmi,ndbc,45027
,,4745,2022-06-16T09:30:00Z,16.6,station_visibility_nmi,ndbc,45029
,,4746,2022-06-16T09:30:00Z,18.2,station_visibility_nmi,ndbc,45168
,,4747,2022-06-16T09:20:00Z,19,station_visibility_nmi,ndbc,45170
,,4748,2022-06-16T09:35:00Z,15,station_visibility_nmi,ndbc,45175
,,4749,2022-06-16T09:20:00Z,21.3,station_visibility_nmi,ndbc,45196
,,4750,2022-06-16T09:20:00Z,21.4,station_visibility_nmi,ndbc,45197
,,4751,2022-06-16T09:30:00Z,17.4,station_visibility_nmi,ndbc,45198
,,4752,2022-06-16T09:20:00Z,7.8,station_visibility_nmi,ndbc,46001
,,4753,2022-06-16T09:20:00Z,10,station_visibility_nmi,ndbc,46002
,,4754,2022-06-16T09:20:00Z,9.8,station_visibility_nmi,ndbc,46005
,,4755,2022-06-16T09:30:00Z,11.3,station_visibility_nmi,ndbc,46012
,,4756,2022-06-16T09:30:00Z,11.6,station_visibility_nmi,ndbc,46014
,,4757,2022-06-16T09:30:00Z,11,station_visibility_nmi,ndbc,46015
,,4758,2022-06-16T09:30:00Z,11.3,station_visibility_nmi,ndbc,46022
,,4759,2022-06-16T09:30:00Z,16.3,station_visibility_nmi,ndbc,46025
,,4760,2022-06-16T09:20:00Z,12.4,station_visibility_nmi,ndbc,46047
,,4761,2022-06-16T09:30:00Z,15.2,station_visibility_nmi,ndbc,46053
,,4762,2022-06-16T09:20:00Z,10.7,station_visibility_nmi,ndbc,46059
,,4763,2022-06-16T09:20:00Z,7.3,station_visibility_nmi,ndbc,46066
,,4764,2022-06-16T09:20:00Z,5.9,station_visibility_nmi,ndbc,46075
,,4765,2022-06-16T09:20:00Z,9.6,station_visibility_nmi,ndbc,46076
,,4766,2022-06-16T08:50:00Z,9.1,station_visibility_nmi,ndbc,46077
,,4767,2022-06-16T09:20:00Z,8.5,station_visibility_nmi,ndbc,46078
,,4768,2022-06-16T08:50:00Z,10.3,station_visibility_nmi,ndbc,46080
,,4769,2022-06-16T08:50:00Z,7.3,station_visibility_nmi,ndbc,46081
,,4770,2022-06-16T08:50:00Z,9.8,station_visibility_nmi,ndbc,46082
,,4771,2022-06-16T08:50:00Z,10.8,station_visibility_nmi,ndbc,46083
,,4772,2022-06-16T09:20:00Z,9.7,station_visibility_nmi,ndbc,46084
,,4773,2022-06-16T09:20:00Z,6.9,station_visibility_nmi,ndbc,46085
,,4774,2022-06-16T09:30:00Z,14.5,station_visibility_nmi,ndbc,46086
,,4775,2022-06-16T09:20:00Z,11.8,station_visibility_nmi,ndbc,46089
,,4776,2022-06-16T09:20:00Z,9.9,station_visibility_nmi,ndbc,46120
,,4777,2022-06-16T09:20:00Z,10.9,station_visibility_nmi,ndbc,46121
,,4778,2022-06-16T08:50:00Z,9.2,station_visibility_nmi,ndbc,46125
,,4779,2022-06-16T09:20:00Z,21.1,station_visibility_nmi,ndbc,51000
,,4780,2022-06-16T09:20:00Z,22.2,station_visibility_nmi,ndbc,51001
,,4781,2022-06-16T09:20:00Z,23.4,station_visibility_nmi,ndbc,51002
,,4782,2022-06-16T09:20:00Z,22.9,station_visibility_nmi,ndbc,51003
,,4783,2022-06-16T09:20:00Z,20.3,station_visibility_nmi,ndbc,51004
,,4784,2022-06-16T09:20:00Z,24,station_visibility_nmi,ndbc,51101
,,4785,2022-06-16T08:30:00Z,22.2,station_visibility_nmi,ndbc,51WH0
,,4786,2022-06-16T09:00:00Z,13.1,station_visibility_nmi,ndbc,62029
,,4787,2022-06-16T09:00:00Z,10.9,station_visibility_nmi,ndbc,62050
,,4788,2022-06-16T09:00:00Z,13.7,station_visibility_nmi,ndbc,62081
,,4789,2022-06-16T09:00:00Z,12.2,station_visibility_nmi,ndbc,62103
,,4790,2022-06-16T09:00:00Z,12.2,station_visibility_nmi,ndbc,62107
,,4791,2022-06-16T09:00:00Z,10.9,station_visibility_nmi,ndbc,62121
,,4792,2022-06-16T09:00:00Z,11.1,station_visibility_nmi,ndbc,62124
,,4793,2022-06-16T09:00:00Z,13.2,station_visibility_nmi,ndbc,62127
,,4794,2022-06-16T09:00:00Z,11,station_visibility_nmi,ndbc,62130
,,4795,2022-06-16T09:00:00Z,11.5,station_visibility_nmi,ndbc,62135
,,4796,2022-06-16T09:00:00Z,10.6,station_visibility_nmi,ndbc,62144
,,4797,2022-06-16T09:00:00Z,11.8,station_visibility_nmi,ndbc,62145
,,4798,2022-06-16T09:00:00Z,11.4,station_visibility_nmi,ndbc,62146
,,4799,2022-06-16T09:00:00Z,14.8,station_visibility_nmi,ndbc,62149
,,4800,2022-06-16T09:00:00Z,15.1,station_visibility_nmi,ndbc,62163
,,4801,2022-06-16T09:00:00Z,13,station_visibility_nmi,ndbc,62164
,,4802,2022-06-16T09:00:00Z,11.6,station_visibility_nmi,ndbc,62165
,,4803,2022-06-16T09:00:00Z,14.4,station_visibility_nmi,ndbc,62170
,,4804,2022-06-16T09:00:00Z,14.4,station_visibility_nmi,ndbc,62304
,,4805,2022-06-16T09:00:00Z,13.3,station_visibility_nmi,ndbc,62305
,,4806,2022-06-16T09:00:00Z,14.1,station_visibility_nmi,ndbc,62442
,,4807,2022-06-16T09:00:00Z,9.8,station_visibility_nmi,ndbc,63110
,,4808,2022-06-16T09:00:00Z,10.8,station_visibility_nmi,ndbc,63112
,,4809,2022-06-16T09:00:00Z,10.7,station_visibility_nmi,ndbc,63115
,,4810,2022-06-16T09:00:00Z,8.8,station_visibility_nmi,ndbc,64045
,,4811,2022-06-16T08:45:00Z,22.7,station_visibility_nmi,ndbc,ACXS1
,,4812,2022-06-16T09:30:00Z,8.7,station_visibility_nmi,ndbc,AMAA2
,,4813,2022-06-16T08:30:00Z,15.1,station_visibility_nmi,ndbc,ANMN6
,,4814,2022-06-16T08:45:00Z,25,station_visibility_nmi,ndbc,APXF1
,,4815,2022-06-16T08:45:00Z,9.4,station_visibility_nmi,ndbc,BGXN3
,,4816,2022-06-16T09:18:00Z,27.3,station_visibility_nmi,ndbc,BLIF1
,,4817,2022-06-16T08:30:00Z,19.3,station_visibility_nmi,ndbc,BSLM2
,,4818,2022-06-16T09:00:00Z,20.9,station_visibility_nmi,ndbc,BUFN6
,,4819,2022-06-16T09:22:00Z,7.3,station_visibility_nmi,ndbc,CDEA2
,,4820,2022-06-16T09:20:00Z,19.4,station_visibility_nmi,ndbc,CHII2
,,4821,2022-06-16T09:00:00Z,20.6,station_visibility_nmi,ndbc,CMTI2
,,4822,2022-06-16T09:00:00Z,20.4,station_visibility_nmi,ndbc,CNDO1
,,4823,2022-06-16T09:30:00Z,20.6,station_visibility_nmi,ndbc,CNII2
,,4824,2022-06-16T09:00:00Z,20.1,station_visibility_nmi,ndbc,CPVM2
,,4825,2022-06-16T09:24:00Z,6.6,station_visibility_nmi,ndbc,CRGA2
,,4826,2022-06-16T09:10:00Z,6.1,station_visibility_nmi,ndbc,CSPA2
,,4827,2022-06-16T09:00:00Z,5.1,station_visibility_nmi,ndbc,CWCI
,,4828,2022-06-16T09:00:00Z,13.1,station_visibility_nmi,ndbc,DISW3
,,4829,2022-06-16T08:30:00Z,18.2,station_visibility_nmi,ndbc,DRSD1
,,4830,2022-06-16T09:00:00Z,14.4,station_visibility_nmi,ndbc,DTLM4
,,4831,2022-06-16T09:00:00Z,14,station_visibility_nmi,ndbc,DULM5
,,4832,2022-06-16T09:18:00Z,27.4,station_visibility_nmi,ndbc,EFLA1
,,4833,2022-06-16T09:18:00Z,26.2,station_visibility_nmi,ndbc,EINL1
,,4834,2022-06-16T08:45:00Z,8.6,station_visibility_nmi,ndbc,ELXC1
,,4835,2022-06-16T09:24:00Z,5.8,station_visibility_nmi,ndbc,EROA2
,,4836,2022-06-16T09:32:00Z,7.6,station_visibility_nmi,ndbc,ERXA2
,,4837,2022-06-16T09:00:00Z,22,station_visibility_nmi,ndbc,FAIO1
,,4838,2022-06-16T09:00:00Z,22.5,station_visibility_nmi,ndbc,FBIS1
,,4839,2022-06-16T09:30:00Z,5.3,station_visibility_nmi,ndbc,FILA2
,,4840,2022-06-16T09:00:00Z,16,station_visibility_nmi,ndbc,FRXM3
,,4841,2022-06-16T09:00:00Z,19.4,station_visibility_nmi,ndbc,FTGM4
,,4842,2022-06-16T09:18:00Z,23.4,station_visibility_nmi,ndbc,GCTF1
,,4843,2022-06-16T09:00:00Z,3.5,station_visibility_nmi,ndbc,GDMM5
,,4844,2022-06-16T09:33:00Z,6.5,station_visibility_nmi,ndbc,GEXA2
,,4845,2022-06-16T09:32:00Z,9.6,station_visibility_nmi,ndbc,GIXA2
,,4846,2022-06-16T09:30:00Z,13.9,station_visibility_nmi,ndbc,GRIM4
,,4847,2022-06-16T08:45:00Z,24,station_visibility_nmi,ndbc,GTXF1
,,4848,2022-06-16T09:32:00Z,5.3,station_visibility_nmi,ndbc,GUXA2
,,4849,2022-06-16T09:32:00Z,8.6,station_visibility_nmi,ndbc,HAXA2
,,4850,2022-06-16T09:18:00Z,27.3,station_visibility_nmi,ndbc,HIVT2
,,4851,2022-06-16T09:00:00Z,19,station_visibility_nmi,ndbc,HLNM4
,,4852,2022-06-16T09:32:00Z,6.4,station_visibility_nmi,ndbc,HMSA2
,,4853,2022-06-16T09:00:00Z,19.7,station_visibility_nmi,ndbc,HRBM4
,,4854,2022-06-16T09:00:00Z,9.8,station_visibility_nmi,ndbc,IOSN3
,,4855,2022-06-16T08:30:00Z,17.5,station_visibility_nmi,ndbc,JCRN4
,,4856,2022-06-16T09:33:00Z,7.3,station_visibility_nmi,ndbc,JLXA2
,,4857,2022-06-16T09:32:00Z,6.9,station_visibility_nmi,ndbc,JMLA2
,,4858,2022-06-16T09:33:00Z,7.9,station_visibility_nmi,ndbc,JNGA2
,,4859,2022-06-16T08:45:00Z,23.2,station_visibility_nmi,ndbc,JOXP4
,,4860,2022-06-16T09:35:00Z,25,station_visibility_nmi,ndbc,KBQX
,,4861,2022-06-16T09:32:00Z,8,station_visibility_nmi,ndbc,KEXA2
,,4862,2022-06-16T09:35:00Z,23,station_visibility_nmi,ndbc,KGBK
,,4863,2022-06-16T09:35:00Z,23,station_visibility_nmi,ndbc,KGHB
,,4864,2022-06-16T08:56:00Z,2.2,station_visibility_nmi,ndbc,KGNA
,,4865,2022-06-16T09:35:00Z,24,station_visibility_nmi,ndbc,KGRY
,,4866,2022-06-16T09:45:00Z,23,station_visibility_nmi,ndbc,KGUL
,,4867,2022-06-16T09:35:00Z,25,station_visibility_nmi,ndbc,KHHV
,,4868,2022-06-16T08:56:00Z,16.1,station_visibility_nmi,ndbc,KP53
,,4869,2022-06-16T08:55:00Z,-3.9,station_visibility_nmi,ndbc,KP58
,,4870,2022-06-16T08:51:00Z,13.9,station_visibility_nmi,ndbc,KP59
,,4871,2022-06-16T09:00:00Z,25.9,station_visibility_nmi,ndbc,KTNF1
,,4872,2022-06-16T09:35:00Z,24,station_visibility_nmi,ndbc,KVAF
,,4873,2022-06-16T09:35:00Z,25,station_visibility_nmi,ndbc,KVKY
,,4874,2022-06-16T09:35:00Z,24,station_visibility_nmi,ndbc,KVOA
,,4875,2022-06-16T09:10:00Z,13.4,station_visibility_nmi,ndbc,LCNA2
,,4876,2022-06-16T09:00:00Z,16,station_visibility_nmi,ndbc,LDTM4
,,4877,2022-06-16T09:32:00Z,8.6,station_visibility_nmi,ndbc,LIXA2
,,4878,2022-06-16T09:30:00Z,24.1,station_visibility_nmi,ndbc,LONF1
,,4879,2022-06-16T09:00:00Z,17.1,station_visibility_nmi,ndbc,LPNM4
,,4880,2022-06-16T09:18:00Z,25.2,station_visibility_nmi,ndbc,LTJF1
,,4881,2022-06-16T09:00:00Z,19.4,station_visibility_nmi,ndbc,LTRM4
,,4882,2022-06-16T09:00:00Z,19.5,station_visibility_nmi,ndbc,MACM4
,,4883,2022-06-16T09:00:00Z,25.5,station_visibility_nmi,ndbc,MAXT2
,,4884,2022-06-16T09:18:00Z,22.5,station_visibility_nmi,ndbc,MBPA1
,,4885,2022-06-16T09:00:00Z,12.3,station_visibility_nmi,ndbc,MCGM4
,,4886,2022-06-16T09:20:00Z,19.4,station_visibility_nmi,ndbc,MCYI3
,,4887,2022-06-16T09:00:00Z,12.5,station_visibility_nmi,ndbc,MDRM1
,,4888,2022-06-16T09:18:00Z,26.5,station_visibility_nmi,ndbc,MHBT2
,,4889,2022-06-16T09:00:00Z,13.4,station_visibility_nmi,ndbc,MISM1
,,4890,2022-06-16T09:30:00Z,16.9,station_visibility_nmi,ndbc,MKGM4
,,4891,2022-06-16T09:00:00Z,17.3,station_visibility_nmi,ndbc,MNMM4
,,4892,2022-06-16T09:00:00Z,19.5,station_visibility_nmi,ndbc,MRHO1
,,4893,2022-06-16T09:32:00Z,7.8,station_visibility_nmi,ndbc,MRNA2
,,4894,2022-06-16T09:32:00Z,10.8,station_visibility_nmi,ndbc,MRYA2
,,4895,2022-06-16T09:18:00Z,23.3,station_visibility_nmi,ndbc,MTBF1
,,4896,2022-06-16T09:32:00Z,5.2,station_visibility_nmi,ndbc,MVXA2
,,4897,2022-06-16T09:32:00Z,6,station_visibility_nmi,ndbc,MXXA2
,,4898,2022-06-16T08:45:00Z,14.9,station_visibility_nmi,ndbc,NAXR1
,,4899,2022-06-16T09:18:00Z,28.1,station_visibility_nmi,ndbc,NFDF1
,,4900,2022-06-16T08:45:00Z,22.9,station_visibility_nmi,ndbc,NIWS1
,,4901,2022-06-16T09:32:00Z,6.5,station_visibility_nmi,ndbc,NKLA2
,,4902,2022-06-16T09:32:00Z,6.5,station_visibility_nmi,ndbc,NKXA2
,,4903,2022-06-16T08:30:00Z,15.2,station_visibility_nmi,ndbc,NPXN6
,,4904,2022-06-16T09:00:00Z,11.4,station_visibility_nmi,ndbc,OBXC1
,,4905,2022-06-16T09:00:00Z,19.4,station_visibility_nmi,ndbc,OSGN6
,,4906,2022-06-16T08:45:00Z,21.9,station_visibility_nmi,ndbc,OWXO1
,,4907,2022-06-16T09:33:00Z,7.3,station_visibility_nmi,ndbc,PAXA2
,,4908,2022-06-16T08:30:00Z,11.3,station_visibility_nmi,ndbc,PBFW1
,,4909,2022-06-16T09:10:00Z,6.9,station_visibility_nmi,ndbc,PBPA2
,,4910,2022-06-16T09:00:00Z,12.8,station_visibility_nmi,ndbc,PDVR1
,,4911,2022-06-16T09:33:00Z,6.9,station_visibility_nmi,ndbc,PGXA2
,,4912,2022-06-16T09:30:00Z,8.3,station_visibility_nmi,ndbc,PILA2
,,4913,2022-06-16T09:00:00Z,14,station_visibility_nmi,ndbc,PKBW3
,,4914,2022-06-16T09:10:00Z,8.1,station_visibility_nmi,ndbc,PRTA2
,,4915,2022-06-16T09:00:00Z,16,station_visibility_nmi,ndbc,PRUR1
,,4916,2022-06-16T09:00:00Z,18,station_visibility_nmi,ndbc,PTIM4
,,4917,2022-06-16T09:32:00Z,9.6,station_visibility_nmi,ndbc,PTLA2
,,4918,2022-06-16T09:18:00Z,23.4,station_visibility_nmi,ndbc,PTOA1
,,4919,2022-06-16T09:00:00Z,9.9,station_visibility_nmi,ndbc,PXSC1
,,4920,2022-06-16T09:32:00Z,7.8,station_visibility_nmi,ndbc,RIXA2
,,4921,2022-06-16T08:45:00Z,23.5,station_visibility_nmi,ndbc,RKXF1
,,4922,2022-06-16T09:30:00Z,22.7,station_visibility_nmi,ndbc,SANF1
,,4923,2022-06-16T09:00:00Z,24.8,station_visibility_nmi,ndbc,SAUF1
,,4924,2022-06-16T09:00:00Z,25.2,station_visibility_nmi,ndbc,SAXG1
,,4925,2022-06-16T09:32:00Z,8.2,station_visibility_nmi,ndbc,SCXA2
,,4926,2022-06-16T09:26:00Z,7.2,station_visibility_nmi,ndbc,SDIA2
,,4927,2022-06-16T09:00:00Z,12.2,station_visibility_nmi,ndbc,SEIM1
,,4928,2022-06-16T08:45:00Z,9.1,station_visibility_nmi,ndbc,SFXC1
,,4929,2022-06-16T09:00:00Z,19,station_visibility_nmi,ndbc,SGNW3
,,4930,2022-06-16T09:00:00Z,24.5,station_visibility_nmi,ndbc,SGOF1
,,4931,2022-06-16T09:33:00Z,8.3,station_visibility_nmi,ndbc,SHXA2
,,4932,2022-06-16T09:30:00Z,10.5,station_visibility_nmi,ndbc,SISW1
,,4933,2022-06-16T09:33:00Z,7.1,station_visibility_nmi,ndbc,SKXA2
,,4934,2022-06-16T09:33:00Z,7.7,station_visibility_nmi,ndbc,SLXA2
,,4935,2022-06-16T09:30:00Z,23.6,station_visibility_nmi,ndbc,SMKF1
,,4936,2022-06-16T08:30:00Z,10.2,station_visibility_nmi,ndbc,SNTO3
,,4937,2022-06-16T09:33:00Z,8.1,station_visibility_nmi,ndbc,SPXA2
,,4938,2022-06-16T09:00:00Z,22.6,station_visibility_nmi,ndbc,SRST2
,,4939,2022-06-16T09:33:00Z,7.7,station_visibility_nmi,ndbc,STXA2
,,4940,2022-06-16T09:33:00Z,8.2,station_visibility_nmi,ndbc,SXXA2
,,4941,2022-06-16T09:00:00Z,21.9,station_visibility_nmi,ndbc,THRO1
,,4942,2022-06-16T08:45:00Z,14.8,station_visibility_nmi,ndbc,TIXC1
,,4943,2022-06-16T09:32:00Z,7.2,station_visibility_nmi,ndbc,TKEA2
,,4944,2022-06-16T09:00:00Z,16.1,station_visibility_nmi,ndbc,TKPN6
,,4945,2022-06-16T09:18:00Z,26.6,station_visibility_nmi,ndbc,TLVT2
,,4946,2022-06-16T09:18:00Z,26.1,station_visibility_nmi,ndbc,TXVT2
,,4947,2022-06-16T09:18:00Z,26.5,station_visibility_nmi,ndbc,UTVT2
,,4948,2022-06-16T09:00:00Z,23.5,station_visibility_nmi,ndbc,VENF1
,,4949,2022-06-16T09:18:00Z,26.3,station_visibility_nmi,ndbc,VTBT2
,,4950,2022-06-16T09:33:00Z,10.1,station_visibility_nmi,ndbc,WCXA2
,,4951,2022-06-16T09:00:00Z,10.5,station_visibility_nmi,ndbc,WEXM1
,,4952,2022-06-16T08:45:00Z,26,station_visibility_nmi,ndbc,WKXA1
,,4953,2022-06-16T09:00:00Z,18.1,station_visibility_nmi,ndbc,WNEM4
,,4954,2022-06-16T09:00:00Z,10.6,station_visibility_nmi,ndbc,WPOW1
,,4955,2022-06-16T09:00:00Z,17.5,station_visibility_nmi,ndbc,WSLM4
,,4956,2022-06-16T08:30:00Z,15.9,station_visibility_nmi,ndbc,YRSV2
,,4957,2022-06-16T07:54:00Z,2.64,water_level_ft,ndbc,ARPF1
,,4958,2022-06-16T08:00:00Z,0.17,water_level_ft,ndbc,BDVF1
,,4959,2022-06-16T08:00:00Z,-0.29,water_level_ft,ndbc,BKYF1
,,4960,2022-06-16T08:00:00Z,-0.24,water_level_ft,ndbc,BNKF1
,,4961,2022-06-16T07:00:00Z,-0.14,water_level_ft,ndbc,BWSF1
,,4962,2022-06-16T08:00:00Z,0.78,water_level_ft,ndbc,CANF1
,,4963,2022-06-16T08:00:00Z,-0.07,water_level_ft,ndbc,CNBF1
,,4964,2022-06-16T07:00:00Z,-0.36,water_level_ft,ndbc,CWAF1
,,4965,2022-06-16T07:00:00Z,-0.24,water_level_ft,ndbc,DKKF1
,,4966,2022-06-16T08:54:00Z,2.99,water_level_ft,ndbc,FHPF1
,,4967,2022-06-16T08:00:00Z,0.29,water_level_ft,ndbc,GBIF1
,,4968,2022-06-16T08:00:00Z,-0.23,water_level_ft,ndbc,GBTF1
,,4969,2022-06-16T08:00:00Z,0.6,water_level_ft,ndbc,GKYF1
,,4970,2022-06-16T08:00:00Z,-0.24,water_level_ft,ndbc,HCEF1
,,4971,2022-06-16T08:00:00Z,-0.05,water_level_ft,ndbc,JBYF1
,,4972,2022-06-16T08:00:00Z,-1.08,water_level_ft,ndbc,JKYF1
,,4973,2022-06-16T07:00:00Z,-0.23,water_level_ft,ndbc,LBSF1
,,4974,2022-06-16T08:00:00Z,-0.18,water_level_ft,ndbc,LMDF1
,,4975,2022-06-16T08:00:00Z,0.69,water_level_ft,ndbc,LMRF1
,,4976,2022-06-16T08:00:00Z,0.02,water_level_ft,ndbc,LRIF1
,,4977,2022-06-16T07:00:00Z,-0.38,water_level_ft,ndbc,LRKF1
,,4978,2022-06-16T08:00:00Z,-0.24,water_level_ft,ndbc,LSNF1
,,4979,2022-06-16T08:00:00Z,0.01,water_level_ft,ndbc,MDKF1
,,4980,2022-06-16T08:00:00Z,0.09,water_level_ft,ndbc,MNBF1
,,4981,2022-06-16T08:00:00Z,-0.35,water_level_ft,ndbc,NRRF1
,,4982,2022-06-16T08:00:00Z,-0.6,water_level_ft,ndbc,PKYF1
,,4983,2022-06-16T07:54:00Z,3.35,water_level_ft,ndbc,SHPF1
,,4984,2022-06-16T08:00:00Z,0.94,water_level_ft,ndbc,SREF1
,,4985,2022-06-16T08:00:00Z,-0.18,water_level_ft,ndbc,TBYF1
,,4986,2022-06-16T08:00:00Z,-0.25,water_level_ft,ndbc,TCVF1
,,4987,2022-06-16T07:00:00Z,-0.07,water_level_ft,ndbc,THRF1
,,4988,2022-06-16T08:00:00Z,0.14,water_level_ft,ndbc,TPEF1
,,4989,2022-06-16T08:00:00Z,0.33,water_level_ft,ndbc,TRRF1
,,4990,2022-06-16T08:00:00Z,0.1,water_level_ft,ndbc,WIWF1
,,4991,2022-06-16T08:00:00Z,0.51,water_level_ft,ndbc,WPLF1
,,4992,2022-06-16T08:00:00Z,-0.34,water_level_ft,ndbc,WRBF1
,,4993,2022-06-16T07:00:00Z,-0.57,water_level_ft,ndbc,WWEF1

#group,false,false,false,false,true,true,true
#datatype,string,long,dateTime:RFC3339,long,string,string,string
#default,_result,,,,,,
,result,table,_time,_value,_field,_measurement,station_id
,,4994,2022-06-16T08:50:00Z,58,wave_dir_degt,ndbc,41008
,,4995,2022-06-16T09:00:00Z,105,wave_dir_degt,ndbc,41052
,,4996,2022-06-16T09:00:00Z,62,wave_dir_degt,ndbc,41053
,,4997,2022-06-16T08:35:00Z,108,wave_dir_degt,ndbc,41065
,,4998,2022-06-16T09:17:00Z,81,wave_dir_degt,ndbc,41076
,,4999,2022-06-16T09:00:00Z,89,wave_dir_degt,ndbc,41108
,,5000,2022-06-16T09:00:00Z,105,wave_dir_degt,ndbc,41112
,,5001,2022-06-16T09:00:00Z,101,wave_dir_degt,ndbc,41117
,,5002,2022-06-16T09:26:00Z,59,wave_dir_degt,ndbc,41121
,,5003,2022-06-16T09:00:00Z,99,wave_dir_degt,ndbc,42095
,,5004,2022-06-16T09:26:00Z,223,wave_dir_degt,ndbc,42099
,,5005,2022-06-16T08:50:00Z,95,wave_dir_degt,ndbc,44005
,,5006,2022-06-16T09:26:00Z,55,wave_dir_degt,ndbc,44086
,,5007,2022-06-16T09:00:00Z,82,wave_dir_degt,ndbc,44088
,,5008,2022-06-16T09:26:00Z,85,wave_dir_degt,ndbc,44089
,,5009,2022-06-16T08:56:00Z,77,wave_dir_degt,ndbc,44091
,,5010,2022-06-16T09:26:00Z,68,wave_dir_degt,ndbc,44095
,,5011,2022-06-16T09:26:00Z,167,wave_dir_degt,ndbc,44097
,,5012,2022-06-16T09:26:00Z,103,wave_dir_degt,ndbc,44098
,,5013,2022-06-16T09:30:00Z,247,wave_dir_degt,ndbc,45024
,,5014,2022-06-16T09:40:00Z,151,wave_dir_degt,ndbc,45025
,,5015,2022-06-16T09:30:00Z,198,wave_dir_degt,ndbc,45026
,,5016,2022-06-16T09:30:00Z,32,wave_dir_degt,ndbc,45027
,,5017,2022-06-16T09:30:00Z,211,wave_dir_degt,ndbc,45029
,,5018,2022-06-16T09:20:00Z,206,wave_dir_degt,ndbc,45161
,,5019,2022-06-16T09:20:00Z,124,wave_dir_degt,ndbc,45162
,,5020,2022-06-16T09:00:00Z,232,wave_dir_degt,ndbc,45163
,,5021,2022-06-16T09:30:00Z,192,wave_dir_degt,ndbc,45165
,,5022,2022-06-16T09:00:00Z,223,wave_dir_degt,ndbc,45167
,,5023,2022-06-16T09:30:00Z,219,wave_dir_degt,ndbc,45168
,,5024,2022-06-16T09:20:00Z,295,wave_dir_degt,ndbc,45170
,,5025,2022-06-16T09:30:00Z,66,wave_dir_degt,ndbc,45174
,,5026,2022-06-16T09:30:00Z,234,wave_dir_degt,ndbc,45176
,,5027,2022-06-16T09:26:00Z,113,wave_dir_degt,ndbc,45180
,,5028,2022-06-16T09:30:00Z,264,wave_dir_degt,ndbc,45186
,,5029,2022-06-16T09:30:00Z,65,wave_dir_degt,ndbc,45187
,,5030,2022-06-16T09:00:00Z,266,wave_dir_degt,ndbc,45194
,,5031,2022-06-16T09:20:00Z,251,wave_dir_degt,ndbc,45196
,,5032,2022-06-16T09:20:00Z,214,wave_dir_degt,ndbc,45197
,,5033,2022-06-16T09:30:00Z,42,wave_dir_degt,ndbc,45198
,,5034,2022-06-16T08:50:00Z,159,wave_dir_degt,ndbc,46035
,,5035,2022-06-16T08:50:00Z,168,wave_dir_degt,ndbc,46060
,,5036,2022-06-16T08:50:00Z,209,wave_dir_degt,ndbc,46061
,,5037,2022-06-16T08:50:00Z,94,wave_dir_degt,ndbc,46073
,,5038,2022-06-16T08:50:00Z,117,wave_dir_degt,ndbc,46080
,,5039,2022-06-16T08:50:00Z,213,wave_dir_degt,ndbc,46082
,,5040,2022-06-16T08:50:00Z,213,wave_dir_degt,ndbc,46083
,,5041,2022-06-16T07:20:00Z,258,wave_dir_degt,ndbc,46100
,,5042,2022-06-16T09:00:00Z,234,wave_dir_degt,ndbc,46108
,,5043,2022-06-16T08:56:00Z,303,wave_dir_degt,ndbc,46114
,,5044,2022-06-16T09:26:00Z,269,wave_dir_degt,ndbc,46211
,,5045,2022-06-16T09:26:00Z,301,wave_dir_degt,ndbc,46213
,,5046,2022-06-16T09:26:00Z,332,wave_dir_degt,ndbc,46214
,,5047,2022-06-16T09:26:00Z,301,wave_dir_degt,ndbc,46215
,,5048,2022-06-16T09:26:00Z,310,wave_dir_degt,ndbc,46218
,,5049,2022-06-16T09:26:00Z,279,wave_dir_degt,ndbc,46221
,,5050,2022-06-16T09:26:00Z,272,wave_dir_degt,ndbc,46222
,,5051,2022-06-16T09:26:00Z,202,wave_dir_degt,ndbc,46224
,,5052,2022-06-16T09:26:00Z,281,wave_dir_degt,ndbc,46225
,,5053,2022-06-16T09:26:00Z,226,wave_dir_degt,ndbc,46229
,,5054,2022-06-16T08:56:00Z,278,wave_dir_degt,ndbc,46232
,,5055,2022-06-16T09:26:00Z,271,wave_dir_degt,ndbc,46235
,,5056,2022-06-16T08:30:00Z,293,wave_dir_degt,ndbc,46237
,,5057,2022-06-16T09:26:00Z,300,wave_dir_degt,ndbc,46239
,,5058,2022-06-16T09:26:00Z,212,wave_dir_degt,ndbc,46243
,,5059,2022-06-16T09:26:00Z,305,wave_dir_degt,ndbc,46244
,,5060,2022-06-16T08:26:00Z,268,wave_dir_degt,ndbc,46246
,,5061,2022-06-16T09:26:00Z,261,wave_dir_degt,ndbc,46248
,,5062,2022-06-16T08:56:00Z,276,wave_dir_degt,ndbc,46251
,,5063,2022-06-16T09:26:00Z,272,wave_dir_degt,ndbc,46253
,,5064,2022-06-16T09:26:00Z,282,wave_dir_degt,ndbc,46254
,,5065,2022-06-16T09:26:00Z,206,wave_dir_degt,ndbc,46256
,,5066,2022-06-16T08:56:00Z,270,wave_dir_degt,ndbc,46258
,,5067,2022-06-16T09:26:00Z,326,wave_dir_degt,ndbc,46259
,,5068,2022-06-16T09:00:00Z,278,wave_dir_degt,ndbc,46266
,,5069,2022-06-16T09:00:00Z,246,wave_dir_degt,ndbc,46268
,,5070,2022-06-16T09:00:00Z,271,wave_dir_degt,ndbc,46269
,,5071,2022-06-16T08:56:00Z,42,wave_dir_degt,ndbc,51202
,,5072,2022-06-16T09:15:00Z,89,wave_dir_degt,ndbc,51206
,,5073,2022-06-16T08:56:00Z,60,wave_dir_degt,ndbc,51208
,,5074,2022-06-16T09:00:00Z,163,wave_dir_degt,ndbc,51211
,,5075,2022-06-16T09:00:00Z,167,wave_dir_degt,ndbc,51212
,,5076,2022-06-16T08:56:00Z,8,wave_dir_degt,ndbc,52202
,,5077,2022-06-16T09:00:00Z,89,wave_dir_degt,ndbc,52212
,,5078,2022-06-16T08:35:00Z,125,wave_dir_degt,ndbc,SSBN7

#group,false,false,false,false,true,true,true
#datatype,string,long,dateTime:RFC3339,double,string,string,string
#default,_result,,,,,,
,result,table,_time,_value,_field,_measurement,station_id
,,5079,2022-06-16T07:00:00Z,4,wind_dir_degt,ndbc,13001
,,5080,2022-06-16T07:00:00Z,37,wind_dir_degt,ndbc,13002
,,5081,2022-06-16T07:00:00Z,351,wind_dir_degt,ndbc,13008
,,5082,2022-06-16T07:00:00Z,127,wind_dir_degt,ndbc,14040
,,5083,2022-06-16T07:00:00Z,109,wind_dir_degt,ndbc,14043
,,5084,2022-06-16T07:00:00Z,128,wind_dir_degt,ndbc,15001
,,5085,2022-06-16T09:00:00Z,207,wind_dir_degt,ndbc,15002
,,5086,2022-06-16T07:00:00Z,164,wind_dir_degt,ndbc,15006
,,5087,2022-06-16T09:00:00Z,180,wind_dir_degt,ndbc,22101
,,5088,2022-06-16T09:00:00Z,310,wind_dir_degt,ndbc,22102
,,5089,2022-06-16T09:00:00Z,110,wind_dir_degt,ndbc,22103
,,5090,2022-06-16T09:00:00Z,230,wind_dir_degt,ndbc,22104
,,5091,2022-06-16T09:00:00Z,140,wind_dir_degt,ndbc,22105
,,5092,2022-06-16T09:00:00Z,190,wind_dir_degt,ndbc,22106
,,5093,2022-06-16T09:00:00Z,170,wind_dir_degt,ndbc,22107
,,5094,2022-06-16T09:00:00Z,160,wind_dir_degt,ndbc,22108
,,5095,2022-06-16T08:00:00Z,105,wind_dir_degt,ndbc,31005
,,5096,2022-06-16T07:00:00Z,177,wind_dir_degt,ndbc,31006
,,5097,2022-06-16T07:00:00Z,135,wind_dir_degt,ndbc,31007
,,5098,2022-06-16T08:30:00Z,120,wind_dir_degt,ndbc,32ST0
,,5099,2022-06-16T09:20:00Z,30,wind_dir_degt,ndbc,41001
,,5100,2022-06-16T09:20:00Z,60,wind_dir_degt,ndbc,41002
,,5101,2022-06-16T09:20:00Z,120,wind_dir_degt,ndbc,41004
,,5102,2022-06-16T08:50:00Z,70,wind_dir_degt,ndbc,41008
,,5103,2022-06-16T09:20:00Z,240,wind_dir_degt,ndbc,41009
,,5104,2022-06-16T09:20:00Z,280,wind_dir_degt,ndbc,41010
,,5105,2022-06-16T09:20:00Z,110,wind_dir_degt,ndbc,41013
,,5106,2022-06-16T09:08:00Z,130,wind_dir_degt,ndbc,41024
,,5107,2022-06-16T09:20:00Z,70,wind_dir_degt,ndbc,41025
,,5108,2022-06-16T09:08:00Z,130,wind_dir_degt,ndbc,41029
,,5109,2022-06-16T07:08:00Z,120,wind_dir_degt,ndbc,41033
,,5110,2022-06-16T09:08:00Z,130,wind_dir_degt,ndbc,41037
,,5111,2022-06-16T08:08:00Z,130,wind_dir_degt,ndbc,41038
,,5112,2022-06-16T09:20:00Z,80,wind_dir_degt,ndbc,41040
,,5113,2022-06-16T09:20:00Z,110,wind_dir_degt,ndbc,41043
,,5114,2022-06-16T09:20:00Z,140,wind_dir_degt,ndbc,41046
,,5115,2022-06-16T09:20:00Z,240,wind_dir_degt,ndbc,41047
,,5116,2022-06-16T09:20:00Z,20,wind_dir_degt,ndbc,41048
,,5117,2022-06-16T09:20:00Z,230,wind_dir_degt,ndbc,41049
,,5118,2022-06-16T09:00:00Z,110,wind_dir_degt,ndbc,41052
,,5119,2022-06-16T09:00:00Z,130,wind_dir_degt,ndbc,41053
,,5120,2022-06-16T09:08:00Z,140,wind_dir_degt,ndbc,41064
,,5121,2022-06-16T09:08:00Z,120,wind_dir_degt,ndbc,41066
,,5122,2022-06-16T09:00:00Z,62,wind_dir_degt,ndbc,41139
,,5123,2022-06-16T09:20:00Z,120,wind_dir_degt,ndbc,42002
,,5124,2022-06-16T08:30:00Z,50,wind_dir_degt,ndbc,42013
,,5125,2022-06-16T09:20:00Z,170,wind_dir_degt,ndbc,42020
,,5126,2022-06-16T08:30:00Z,360,wind_dir_degt,ndbc,42022
,,5127,2022-06-16T08:30:00Z,10,wind_dir_degt,ndbc,42023
,,5128,2022-06-16T08:30:00Z,100,wind_dir_degt,ndbc,42026
,,5129,2022-06-16T09:20:00Z,200,wind_dir_degt,ndbc,42035
,,5130,2022-06-16T09:20:00Z,300,wind_dir_degt,ndbc,42036
,,5131,2022-06-16T09:20:00Z,200,wind_dir_degt,ndbc,42039
,,5132,2022-06-16T09:20:00Z,160,wind_dir_degt,ndbc,42040
,,5133,2022-06-16T09:20:00Z,80,wind_dir_degt,ndbc,42055
,,5134,2022-06-16T09:20:00Z,120,wind_dir_degt,ndbc,42056
,,5135,2022-06-16T09:20:00Z,170,wind_dir_degt,ndbc,42059
,,5136,2022-06-16T08:30:00Z,90,wind_dir_degt,ndbc,42085
,,5137,2022-06-16T08:50:00Z,180,wind_dir_degt,ndbc,44005
,,5138,2022-06-16T09:20:00Z,200,wind_dir_degt,ndbc,44007
,,5139,2022-06-16T09:20:00Z,20,wind_dir_degt,ndbc,44008
,,5140,2022-06-16T09:20:00Z,150,wind_dir_degt,ndbc,44009
,,5141,2022-06-16T09:20:00Z,180,wind_dir_degt,ndbc,44013
,,5142,2022-06-16T09:20:00Z,80,wind_dir_degt,ndbc,44014
,,5143,2022-06-16T09:20:00Z,190,wind_dir_degt,ndbc,44017
,,5144,2022-06-16T09:20:00Z,160,wind_dir_degt,ndbc,44018
,,5145,2022-06-16T09:20:00Z,180,wind_dir_degt,ndbc,44020
,,5146,2022-06-16T09:15:00Z,120,wind_dir_degt,ndbc,44022
,,5147,2022-06-16T08:50:00Z,180,wind_dir_degt,ndbc,44027
,,5148,2022-06-16T08:04:00Z,190,wind_dir_degt,ndbc,44030
,,5149,2022-06-16T08:04:00Z,190,wind_dir_degt,ndbc,44032
,,5150,2022-06-16T08:04:00Z,180,wind_dir_degt,ndbc,44033
,,5151,2022-06-16T08:04:00Z,190,wind_dir_degt,ndbc,44034
,,5152,2022-06-16T08:04:00Z,190,wind_dir_degt,ndbc,44037
,,5153,2022-06-16T09:15:00Z,130,wind_dir_degt,ndbc,44040
,,5154,2022-06-16T09:18:00Z,170,wind_dir_degt,ndbc,44041
,,5155,2022-06-16T09:12:00Z,160,wind_dir_degt,ndbc,44042
,,5156,2022-06-16T09:12:00Z,170,wind_dir_degt,ndbc,44058
,,5157,2022-06-16T09:12:00Z,180,wind_dir_degt,ndbc,44062
,,5158,2022-06-16T09:12:00Z,170,wind_dir_degt,ndbc,44063
,,5159,2022-06-16T09:18:00Z,140,wind_dir_degt,ndbc,44064
,,5160,2022-06-16T09:20:00Z,160,wind_dir_degt,ndbc,44065
,,5161,2022-06-16T09:20:00Z,90,wind_dir_degt,ndbc,44066
,,5162,2022-06-16T09:00:00Z,160,wind_dir_degt,ndbc,44069
,,5163,2022-06-16T09:18:00Z,200,wind_dir_degt,ndbc,44072
,,5164,2022-06-16T09:00:00Z,10,wind_dir_degt,ndbc,44137
,,5165,2022-06-16T09:00:00Z,30,wind_dir_degt,ndbc,44150
,,5166,2022-06-16T09:00:00Z,250,wind_dir_degt,ndbc,44258
,,5167,2022-06-16T09:00:00Z,280,wind_dir_degt,ndbc,44488
,,5168,2022-06-16T09:00:00Z,290,wind_dir_degt,ndbc,44489
,,5169,2022-06-16T09:00:00Z,210,wind_dir_degt,ndbc,44490
,,5170,2022-06-16T09:30:00Z,180,wind_dir_degt,ndbc,45001
,,5171,2022-06-16T09:30:00Z,190,wind_dir_degt,ndbc,45002
,,5172,2022-06-16T09:30:00Z,180,wind_dir_degt,ndbc,45003
,,5173,2022-06-16T09:30:00Z,180,wind_dir_degt,ndbc,45004
,,5174,2022-06-16T09:30:00Z,210,wind_dir_degt,ndbc,45005
,,5175,2022-06-16T09:30:00Z,190,wind_dir_degt,ndbc,45006
,,5176,2022-06-16T09:30:00Z,210,wind_dir_degt,ndbc,45007
,,5177,2022-06-16T09:30:00Z,220,wind_dir_degt,ndbc,45008
,,5178,2022-06-16T09:30:00Z,170,wind_dir_degt,ndbc,45012
,,5179,2022-06-16T09:30:00Z,200,wind_dir_degt,ndbc,45024
,,5180,2022-06-16T09:40:00Z,200,wind_dir_degt,ndbc,45025
,,5181,2022-06-16T09:30:00Z,150,wind_dir_degt,ndbc,45026
,,5182,2022-06-16T09:30:00Z,220,wind_dir_degt,ndbc,45027
,,5183,2022-06-16T09:30:00Z,230,wind_dir_degt,ndbc,45028
,,5184,2022-06-16T09:30:00Z,180,wind_dir_degt,ndbc,45029
,,5185,2022-06-16T09:00:00Z,230,wind_dir_degt,ndbc,45132
,,5186,2022-06-16T09:00:00Z,180,wind_dir_degt,ndbc,45135
,,5187,2022-06-16T09:00:00Z,150,wind_dir_degt,ndbc,45136
,,5188,2022-06-16T09:00:00Z,180,wind_dir_degt,ndbc,45137
,,5189,2022-06-16T09:00:00Z,350,wind_dir_degt,ndbc,45139
,,5190,2022-06-16T09:00:00Z,220,wind_dir_degt,ndbc,45142
,,5191,2022-06-16T09:00:00Z,230,wind_dir_degt,ndbc,45143
,,5192,2022-06-16T09:00:00Z,200,wind_dir_degt,ndbc,45149
,,5193,2022-06-16T09:00:00Z,210,wind_dir_degt,ndbc,45151
,,5194,2022-06-16T09:00:00Z,180,wind_dir_degt,ndbc,45152
,,5195,2022-06-16T09:00:00Z,210,wind_dir_degt,ndbc,45154
,,5196,2022-06-16T09:00:00Z,80,wind_dir_degt,ndbc,45159
,,5197,2022-06-16T09:20:00Z,170,wind_dir_degt,ndbc,45161
,,5198,2022-06-16T09:20:00Z,170,wind_dir_degt,ndbc,45162
,,5199,2022-06-16T09:00:00Z,210,wind_dir_degt,ndbc,45163
,,5200,2022-06-16T09:30:00Z,190,wind_dir_degt,ndbc,45165
,,5201,2022-06-16T09:00:00Z,200,wind_dir_degt,ndbc,45167
,,5202,2022-06-16T09:30:00Z,200,wind_dir_degt,ndbc,45168
,,5203,2022-06-16T09:20:00Z,100,wind_dir_degt,ndbc,45170
,,5204,2022-06-16T09:30:00Z,210,wind_dir_degt,ndbc,45174
,,5205,2022-06-16T09:35:00Z,260,wind_dir_degt,ndbc,45175
,,5206,2022-06-16T09:30:00Z,230,wind_dir_degt,ndbc,45176
,,5207,2022-06-16T09:30:00Z,220,wind_dir_degt,ndbc,45183
,,5208,2022-06-16T09:20:00Z,210,wind_dir_degt,ndbc,45196
,,5209,2022-06-16T09:20:00Z,150,wind_dir_degt,ndbc,45197
,,5210,2022-06-16T09:30:00Z,170,wind_dir_degt,ndbc,45198
,,5211,2022-06-16T09:20:00Z,160,wind_dir_degt,ndbc,46001
,,5212,2022-06-16T09:20:00Z,250,wind_dir_degt,ndbc,46002
,,5213,2022-06-16T09:00:00Z,10,wind_dir_degt,ndbc,46004
,,5214,2022-06-16T09:20:00Z,150,wind_dir_degt,ndbc,46005
,,5215,2022-06-16T09:20:00Z,310,wind_dir_degt,ndbc,46006
,,5216,2022-06-16T09:30:00Z,310,wind_dir_degt,ndbc,46011
,,5217,2022-06-16T09:30:00Z,320,wind_dir_degt,ndbc,46012
,,5218,2022-06-16T09:30:00Z,310,wind_dir_degt,ndbc,46013
,,5219,2022-06-16T09:30:00Z,270,wind_dir_degt,ndbc,46014
,,5220,2022-06-16T09:30:00Z,250,wind_dir_degt,ndbc,46015
,,5221,2022-06-16T09:30:00Z,170,wind_dir_degt,ndbc,46022
,,5222,2022-06-16T09:30:00Z,150,wind_dir_degt,ndbc,46025
,,5223,2022-06-16T09:30:00Z,310,wind_dir_degt,ndbc,46026
,,5224,2022-06-16T09:30:00Z,310,wind_dir_degt,ndbc,46027
,,5225,2022-06-16T09:30:00Z,320,wind_dir_degt,ndbc,46028
,,5226,2022-06-16T09:30:00Z,180,wind_dir_degt,ndbc,46029
,,5227,2022-06-16T08:50:00Z,70,wind_dir_degt,ndbc,46035
,,5228,2022-06-16T09:00:00Z,30,wind_dir_degt,ndbc,46036
,,5229,2022-06-16T09:30:00Z,340,wind_dir_degt,ndbc,46042
,,5230,2022-06-16T09:20:00Z,300,wind_dir_degt,ndbc,46047
,,5231,2022-06-16T09:30:00Z,230,wind_dir_degt,ndbc,46050
,,5232,2022-06-16T09:30:00Z,100,wind_dir_degt,ndbc,46053
,,5233,2022-06-16T09:30:00Z,30,wind_dir_degt,ndbc,46054
,,5234,2022-06-16T09:20:00Z,300,wind_dir_degt,ndbc,46059
,,5235,2022-06-16T08:50:00Z,240,wind_dir_degt,ndbc,46060
,,5236,2022-06-16T08:50:00Z,60,wind_dir_degt,ndbc,46061
,,5237,2022-06-16T09:20:00Z,230,wind_dir_degt,ndbc,46066
,,5238,2022-06-16T09:20:00Z,110,wind_dir_degt,ndbc,46075
,,5239,2022-06-16T09:20:00Z,230,wind_dir_degt,ndbc,46076
,,5240,2022-06-16T08:50:00Z,260,wind_dir_degt,ndbc,46077
,,5241,2022-06-16T09:20:00Z,160,wind_dir_degt,ndbc,46078
,,5242,2022-06-16T08:50:00Z,80,wind_dir_degt,ndbc,46080
,,5243,2022-06-16T08:50:00Z,300,wind_dir_degt,ndbc,46081
,,5244,2022-06-16T08:50:00Z,270,wind_dir_degt,ndbc,46082
,,5245,2022-06-16T08:50:00Z,330,wind_dir_degt,ndbc,46083
,,5246,2022-06-16T09:20:00Z,340,wind_dir_degt,ndbc,46084
,,5247,2022-06-16T09:20:00Z,340,wind_dir_degt,ndbc,46085
,,5248,2022-06-16T09:30:00Z,160,wind_dir_degt,ndbc,46086
,,5249,2022-06-16T09:20:00Z,140,wind_dir_degt,ndbc,46089
,,5250,2022-06-16T09:16:00Z,310,wind_dir_degt,ndbc,46092
,,5251,2022-06-16T07:50:00Z,170,wind_dir_degt,ndbc,46097
,,5252,2022-06-16T07:40:00Z,210,wind_dir_degt,ndbc,46098
,,5253,2022-06-16T06:50:00Z,150,wind_dir_degt,ndbc,46099
,,5254,2022-06-16T07:20:00Z,180,wind_dir_degt,ndbc,46100
,,5255,2022-06-16T09:00:00Z,120,wind_dir_degt,ndbc,46131
,,5256,2022-06-16T09:00:00Z,70,wind_dir_degt,ndbc,46132
,,5257,2022-06-16T09:00:00Z,250,wind_dir_degt,ndbc,46145
,,5258,2022-06-16T09:00:00Z,350,wind_dir_degt,ndbc,46146
,,5259,2022-06-16T09:00:00Z,300,wind_dir_degt,ndbc,46147
,,5260,2022-06-16T09:00:00Z,220,wind_dir_degt,ndbc,46181
,,5261,2022-06-16T09:00:00Z,270,wind_dir_degt,ndbc,46183
,,5262,2022-06-16T09:00:00Z,210,wind_dir_degt,ndbc,46185
,,5263,2022-06-16T09:00:00Z,20,wind_dir_degt,ndbc,46204
,,5264,2022-06-16T09:00:00Z,320,wind_dir_degt,ndbc,46205
,,5265,2022-06-16T09:00:00Z,120,wind_dir_degt,ndbc,46206
,,5266,2022-06-16T09:00:00Z,40,wind_dir_degt,ndbc,46207
,,5267,2022-06-16T09:00:00Z,100,wind_dir_degt,ndbc,46303
,,5268,2022-06-16T09:00:00Z,50,wind_dir_degt,ndbc,46304
,,5269,2022-06-16T09:20:00Z,70,wind_dir_degt,ndbc,51000
,,5270,2022-06-16T09:20:00Z,70,wind_dir_degt,ndbc,51001
,,5271,2022-06-16T09:20:00Z,80,wind_dir_degt,ndbc,51002
,,5272,2022-06-16T09:20:00Z,50,wind_dir_degt,ndbc,51003
,,5273,2022-06-16T09:20:00Z,80,wind_dir_degt,ndbc,51004
,,5274,2022-06-16T09:20:00Z,80,wind_dir_degt,ndbc,51101
,,5275,2022-06-16T08:30:00Z,80,wind_dir_degt,ndbc,51WH0
,,5276,2022-06-16T07:00:00Z,124,wind_dir_degt,ndbc,53006
,,5277,2022-06-16T09:00:00Z,110,wind_dir_degt,ndbc,62029
,,5278,2022-06-16T09:00:00Z,90,wind_dir_degt,ndbc,62050
,,5279,2022-06-16T09:00:00Z,190,wind_dir_degt,ndbc,62081
,,5280,2022-06-16T09:00:00Z,110,wind_dir_degt,ndbc,62103
,,5281,2022-06-16T09:00:00Z,80,wind_dir_degt,ndbc,62107
,,5282,2022-06-16T09:00:00Z,260,wind_dir_degt,ndbc,62114
,,5283,2022-06-16T09:00:00Z,200,wind_dir_degt,ndbc,62121
,,5284,2022-06-16T09:00:00Z,130,wind_dir_degt,ndbc,62124
,,5285,2022-06-16T09:00:00Z,360,wind_dir_degt,ndbc,62127
,,5286,2022-06-16T09:00:00Z,260,wind_dir_degt,ndbc,62130
,,5287,2022-06-16T09:00:00Z,220,wind_dir_degt,ndbc,62135
,,5288,2022-06-16T09:00:00Z,210,wind_dir_degt,ndbc,62144
,,5289,2022-06-16T09:00:00Z,220,wind_dir_degt,ndbc,62145
,,5290,2022-06-16T09:00:00Z,210,wind_dir_degt,ndbc,62148
,,5291,2022-06-16T09:00:00Z,280,wind_dir_degt,ndbc,62149
,,5292,2022-06-16T09:00:00Z,90,wind_dir_degt,ndbc,62163
,,5293,2022-06-16T09:00:00Z,250,wind_dir_degt,ndbc,62164
,,5294,2022-06-16T09:00:00Z,320,wind_dir_degt,ndbc,62165
,,5295,2022-06-16T09:00:00Z,110,wind_dir_degt,ndbc,62170
,,5296,2022-06-16T09:00:00Z,70,wind_dir_degt,ndbc,62304
,,5297,2022-06-16T09:00:00Z,150,wind_dir_degt,ndbc,62305
,,5298,2022-06-16T09:00:00Z,200,wind_dir_degt,ndbc,62442
,,5299,2022-06-16T09:00:00Z,190,wind_dir_degt,ndbc,63110
,,5300,2022-06-16T09:00:00Z,250,wind_dir_degt,ndbc,63112
,,5301,2022-06-16T09:00:00Z,230,wind_dir_degt,ndbc,63115
,,5302,2022-06-16T09:00:00Z,240,wind_dir_degt,ndbc,63117
,,5303,2022-06-16T09:00:00Z,180,wind_dir_degt,ndbc,64045
,,5304,2022-06-16T09:00:00Z,220,wind_dir_degt,ndbc,AAMC1
,,5305,2022-06-16T09:00:00Z,120,wind_dir_degt,ndbc,ADKA2
,,5306,2022-06-16T08:54:00Z,140,wind_dir_degt,ndbc,AGXC1
,,5307,2022-06-16T09:00:00Z,130,wind_dir_degt,ndbc,ALIA2
,,5308,2022-06-16T09:30:00Z,240,wind_dir_degt,ndbc,AMAA2
,,5309,2022-06-16T09:18:00Z,150,wind_dir_degt,ndbc,ANPT2
,,5310,2022-06-16T09:00:00Z,300,wind_dir_degt,ndbc,ANVC1
,,5311,2022-06-16T09:00:00Z,140,wind_dir_degt,ndbc,APAM2
,,5312,2022-06-16T09:18:00Z,340,wind_dir_degt,ndbc,APCF1
,,5313,2022-06-16T09:30:00Z,210,wind_dir_degt,ndbc,APNM4
,,5314,2022-06-16T08:45:00Z,300,wind_dir_degt,ndbc,APXF1
,,5315,2022-06-16T09:12:00Z,170,wind_dir_degt,ndbc,AROP4
,,5316,2022-06-16T09:00:00Z,130,wind_dir_degt,ndbc,ASTO3
,,5317,2022-06-16T09:00:00Z,90,wind_dir_degt,ndbc,ATKA2
,,5318,2022-06-16T09:30:00Z,180,wind_dir_degt,ndbc,AUGA2
,,5319,2022-06-16T09:12:00Z,190,wind_dir_degt,ndbc,AWRT2
,,5320,2022-06-16T09:18:00Z,130,wind_dir_degt,ndbc,BABT2
,,5321,2022-06-16T08:48:00Z,90,wind_dir_degt,ndbc,BAXC1
,,5322,2022-06-16T08:36:00Z,170,wind_dir_degt,ndbc,BDRN4
,,5323,2022-06-16T09:00:00Z,80,wind_dir_degt,ndbc,BFTN7
,,5324,2022-06-16T08:54:00Z,140,wind_dir_degt,ndbc,BGCF1
,,5325,2022-06-16T08:45:00Z,100,wind_dir_degt,ndbc,BGXN3
,,5326,2022-06-16T08:40:00Z,80,wind_dir_degt,ndbc,BHRI3
,,5327,2022-06-16T08:40:00Z,200,wind_dir_degt,ndbc,BIGM4
,,5328,2022-06-16T09:00:00Z,180,wind_dir_degt,ndbc,BISM2
,,5329,2022-06-16T09:18:00Z,110,wind_dir_degt,ndbc,BKBF1
,,5330,2022-06-16T09:30:00Z,320,wind_dir_degt,ndbc,BLIA2
,,5331,2022-06-16T09:18:00Z,110,wind_dir_degt,ndbc,BLIF1
,,5332,2022-06-16T09:26:00Z,140,wind_dir_degt,ndbc,BLTA2
,,5333,2022-06-16T09:00:00Z,170,wind_dir_degt,ndbc,BLTM2
,,5334,2022-06-16T09:00:00Z,190,wind_dir_degt,ndbc,BLTM3
,,5335,2022-06-16T09:00:00Z,140,wind_dir_degt,ndbc,BMTW1
,,5336,2022-06-16T09:00:00Z,180,wind_dir_degt,ndbc,BRHC3
,,5337,2022-06-16T09:00:00Z,190,wind_dir_degt,ndbc,BRND1
,,5338,2022-06-16T08:40:00Z,200,wind_dir_degt,ndbc,BSBM4
,,5339,2022-06-16T08:30:00Z,200,wind_dir_degt,ndbc,BSLM2
,,5340,2022-06-16T09:00:00Z,240,wind_dir_degt,ndbc,BUFN6
,,5341,2022-06-16T09:00:00Z,160,wind_dir_degt,ndbc,BUZM3
,,5342,2022-06-16T09:18:00Z,160,wind_dir_degt,ndbc,BZST2
,,5343,2022-06-16T09:00:00Z,130,wind_dir_degt,ndbc,CAMM2
,,5344,2022-06-16T09:18:00Z,220,wind_dir_degt,ndbc,CAPL1
,,5345,2022-06-16T09:00:00Z,20,wind_dir_degt,ndbc,CDRF1
,,5346,2022-06-16T09:32:00Z,240,wind_dir_degt,ndbc,CDXA2
,,5347,2022-06-16T08:36:00Z,230,wind_dir_degt,ndbc,CHAO3
,,5348,2022-06-16T09:18:00Z,130,wind_dir_degt,ndbc,CHAV3
,,5349,2022-06-16T09:00:00Z,140,wind_dir_degt,ndbc,CHBV2
,,5350,2022-06-16T09:00:00Z,130,wind_dir_degt,ndbc,CHCM2
,,5351,2022-06-16T09:20:00Z,160,wind_dir_degt,ndbc,CHII2
,,5352,2022-06-16T09:12:00Z,100,wind_dir_degt,ndbc,CHSV3
,,5353,2022-06-16T09:00:00Z,210,wind_dir_degt,ndbc,CHTM3
,,5354,2022-06-16T09:00:00Z,90,wind_dir_degt,ndbc,CHTS1
,,5355,2022-06-16T09:00:00Z,140,wind_dir_degt,ndbc,CHYV2
,,5356,2022-06-16T09:00:00Z,70,wind_dir_degt,ndbc,CLKN7
,,5357,2022-06-16T09:00:00Z,220,wind_dir_degt,ndbc,CLSM4
,,5358,2022-06-16T09:00:00Z,140,wind_dir_degt,ndbc,CMAN4
,,5359,2022-06-16T07:04:00Z,170,wind_dir_degt,ndbc,CMLN3
,,5360,2022-06-16T08:30:00Z,220,wind_dir_degt,ndbc,CMPO1
,,5361,2022-06-16T09:00:00Z,120,wind_dir_degt,ndbc,CMTI2
,,5362,2022-06-16T09:00:00Z,200,wind_dir_degt,ndbc,CNDO1
,,5363,2022-06-16T09:30:00Z,280,wind_dir_degt,ndbc,CNII2
,,5364,2022-06-16T09:00:00Z,120,wind_dir_degt,ndbc,COVM2
,,5365,2022-06-16T09:00:00Z,130,wind_dir_degt,ndbc,CPMW1
,,5366,2022-06-16T09:00:00Z,150,wind_dir_degt,ndbc,CPNW1
,,5367,2022-06-16T09:24:00Z,350,wind_dir_degt,ndbc,CRGA2
,,5368,2022-06-16T09:00:00Z,200,wind_dir_degt,ndbc,CRYV2
,,5369,2022-06-16T09:10:00Z,60,wind_dir_degt,ndbc,CSPA2
,,5370,2022-06-16T09:12:00Z,50,wind_dir_degt,ndbc,CWBF1
,,5371,2022-06-16T09:00:00Z,240,wind_dir_degt,ndbc,CWCI
,,5372,2022-06-16T09:00:00Z,220,wind_dir_degt,ndbc,DBLN6
,,5373,2022-06-16T09:00:00Z,190,wind_dir_degt,ndbc,DELD1
,,5374,2022-06-16T09:00:00Z,120,wind_dir_degt,ndbc,DESW1
,,5375,2022-06-16T09:00:00Z,180,wind_dir_degt,ndbc,DISW3
,,5376,2022-06-16T09:00:00Z,170,wind_dir_degt,ndbc,DOMV2
,,5377,2022-06-16T09:00:00Z,240,wind_dir_degt,ndbc,DPXC1
,,5378,2022-06-16T08:30:00Z,160,wind_dir_degt,ndbc,DRSD1
,,5379,2022-06-16T09:00:00Z,210,wind_dir_degt,ndbc,DTLM4
,,5380,2022-06-16T09:00:00Z,110,wind_dir_degt,ndbc,DUKN7
,,5381,2022-06-16T09:00:00Z,210,wind_dir_degt,ndbc,DULM5
,,5382,2022-06-16T09:18:00Z,230,wind_dir_degt,ndbc,EINL1
,,5383,2022-06-16T08:45:00Z,150,wind_dir_degt,ndbc,ELXC1
,,5384,2022-06-16T09:18:00Z,180,wind_dir_degt,ndbc,EMAT2
,,5385,2022-06-16T09:18:00Z,210,wind_dir_degt,ndbc,EPTT2
,,5386,2022-06-16T09:00:00Z,210,wind_dir_degt,ndbc,EREP1
,,5387,2022-06-16T09:24:00Z,10,wind_dir_degt,ndbc,EROA2
,,5388,2022-06-16T09:32:00Z,20,wind_dir_degt,ndbc,ERXA2
,,5389,2022-06-16T09:12:00Z,100,wind_dir_degt,ndbc,ESPP4
,,5390,2022-06-16T09:00:00Z,230,wind_dir_degt,ndbc,FAIO1
,,5391,2022-06-16T09:00:00Z,110,wind_dir_degt,ndbc,FBIS1
,,5392,2022-06-16T09:00:00Z,10,wind_dir_degt,ndbc,FFIA2
,,5393,2022-06-16T08:54:00Z,80,wind_dir_degt,ndbc,FHPF1
,,5394,2022-06-16T09:30:00Z,310,wind_dir_degt,ndbc,FILA2
,,5395,2022-06-16T09:18:00Z,340,wind_dir_degt,ndbc,FMOA1
,,5396,2022-06-16T09:18:00Z,120,wind_dir_degt,ndbc,FMRF1
,,5397,2022-06-16T09:00:00Z,260,wind_dir_degt,ndbc,FOXR1
,,5398,2022-06-16T09:00:00Z,80,wind_dir_degt,ndbc,FPKG1
,,5399,2022-06-16T09:18:00Z,180,wind_dir_degt,ndbc,FPST2
,,5400,2022-06-16T08:40:00Z,240,wind_dir_degt,ndbc,FPTM4
,,5401,2022-06-16T09:18:00Z,150,wind_dir_degt,ndbc,FRDF1
,,5402,2022-06-16T08:36:00Z,30,wind_dir_degt,ndbc,FRDW1
,,5403,2022-06-16T09:00:00Z,160,wind_dir_degt,ndbc,FSKM2
,,5404,2022-06-16T09:00:00Z,220,wind_dir_degt,ndbc,FTGM4
,,5405,2022-06-16T09:00:00Z,290,wind_dir_degt,ndbc,FTPC1
,,5406,2022-06-16T09:00:00Z,80,wind_dir_degt,ndbc,FWYF1
,,5407,2022-06-16T08:30:00Z,190,wind_dir_degt,ndbc,GELO1
,,5408,2022-06-16T09:33:00Z,180,wind_dir_degt,ndbc,GEXA2
,,5409,2022-06-16T09:32:00Z,250,wind_dir_degt,ndbc,GIXA2
,,5410,2022-06-16T09:30:00Z,230,wind_dir_degt,ndbc,GRIM4
,,5411,2022-06-16T08:40:00Z,210,wind_dir_degt,ndbc,GRMM4
,,5412,2022-06-16T09:18:00Z,180,wind_dir_degt,ndbc,GRRT2
,,5413,2022-06-16T08:40:00Z,220,wind_dir_degt,ndbc,GSLM4
,,5414,2022-06-16T08:40:00Z,240,wind_dir_degt,ndbc,GTLM4
,,5415,2022-06-16T09:18:00Z,210,wind_dir_degt,ndbc,GTOT2
,,5416,2022-06-16T08:45:00Z,230,wind_dir_degt,ndbc,GTXF1
,,5417,2022-06-16T09:32:00Z,210,wind_dir_degt,ndbc,GUXA2
,,5418,2022-06-16T09:32:00Z,190,wind_dir_degt,ndbc,HAXA2
,,5419,2022-06-16T09:00:00Z,80,wind_dir_degt,ndbc,HCGN7
,,5420,2022-06-16T09:00:00Z,220,wind_dir_degt,ndbc,HHLO1
,,5421,2022-06-16T09:18:00Z,210,wind_dir_degt,ndbc,HIST2
,,5422,2022-06-16T09:00:00Z,180,wind_dir_degt,ndbc,HLNM4
,,5423,2022-06-16T08:30:00Z,150,wind_dir_degt,ndbc,HMRA2
,,5424,2022-06-16T09:32:00Z,150,wind_dir_degt,ndbc,HMSA2
,,5425,2022-06-16T09:00:00Z,260,wind_dir_degt,ndbc,HRBM4
,,5426,2022-06-16T09:32:00Z,90,wind_dir_degt,ndbc,ICYA2
,,5427,2022-06-16T09:00:00Z,210,wind_dir_degt,ndbc,ILOH1
,,5428,2022-06-16T09:00:00Z,200,wind_dir_degt,ndbc,IOSN3
,,5429,2022-06-16T09:18:00Z,170,wind_dir_degt,ndbc,IRDT2
,,5430,2022-06-16T08:00:00Z,210,wind_dir_degt,ndbc,JAKI2
,,5431,2022-06-16T09:33:00Z,110,wind_dir_degt,ndbc,JLXA2
,,5432,2022-06-16T09:32:00Z,330,wind_dir_degt,ndbc,JMLA2
,,5433,2022-06-16T09:00:00Z,110,wind_dir_degt,ndbc,JMPN7
,,5434,2022-06-16T09:00:00Z,30,wind_dir_degt,ndbc,JNEA2
,,5435,2022-06-16T09:33:00Z,310,wind_dir_degt,ndbc,JNGA2
,,5436,2022-06-16T08:45:00Z,60,wind_dir_degt,ndbc,JOXP4
,,5437,2022-06-16T09:35:00Z,180,wind_dir_degt,ndbc,KBQX
,,5438,2022-06-16T09:00:00Z,200,wind_dir_degt,ndbc,KDAA2
,,5439,2022-06-16T09:00:00Z,140,wind_dir_degt,ndbc,KECA2
,,5440,2022-06-16T09:32:00Z,330,wind_dir_degt,ndbc,KEXA2
,,5441,2022-06-16T09:00:00Z,150,wind_dir_degt,ndbc,KGCA2
,,5442,2022-06-16T09:45:00Z,200,wind_dir_degt,ndbc,KGUL
,,5443,2022-06-16T09:00:00Z,70,wind_dir_degt,ndbc,KLIH1
,,5444,2022-06-16T09:00:00Z,260,wind_dir_degt,ndbc,KNSW3
,,5445,2022-06-16T08:56:00Z,200,wind_dir_degt,ndbc,KP53
,,5446,2022-06-16T08:55:00Z,230,wind_dir_degt,ndbc,KP58
,,5447,2022-06-16T08:51:00Z,240,wind_dir_degt,ndbc,KP59
,,5448,2022-06-16T09:00:00Z,210,wind_dir_degt,ndbc,KPTN6
,,5449,2022-06-16T09:00:00Z,160,wind_dir_degt,ndbc,KPTV2
,,5450,2022-06-16T09:00:00Z,80,wind_dir_degt,ndbc,KTNF1
,,5451,2022-06-16T09:35:00Z,190,wind_dir_degt,ndbc,KVAF
,,5452,2022-06-16T09:00:00Z,90,wind_dir_degt,ndbc,KWHH1
,,5453,2022-06-16T09:00:00Z,250,wind_dir_degt,ndbc,KWNW3
,,5454,2022-06-16T09:18:00Z,70,wind_dir_degt,ndbc,KYWF1
,,5455,2022-06-16T08:36:00Z,70,wind_dir_degt,ndbc,LAPW1
,,5456,2022-06-16T09:10:00Z,330,wind_dir_degt,ndbc,LCNA2
,,5457,2022-06-16T09:10:00Z,210,wind_dir_degt,ndbc,LDLC3
,,5458,2022-06-16T09:00:00Z,200,wind_dir_degt,ndbc,LDTM4
,,5459,2022-06-16T09:32:00Z,340,wind_dir_degt,ndbc,LIXA2
,,5460,2022-06-16T09:00:00Z,180,wind_dir_degt,ndbc,LJAC1
,,5461,2022-06-16T09:20:00Z,190,wind_dir_degt,ndbc,LJPC1
,,5462,2022-06-16T09:18:00Z,140,wind_dir_degt,ndbc,LKWF1
,,5463,2022-06-16T09:20:00Z,200,wind_dir_degt,ndbc,LMFS1
,,5464,2022-06-16T09:00:00Z,180,wind_dir_degt,ndbc,LNDC1
,,5465,2022-06-16T09:30:00Z,240,wind_dir_degt,ndbc,LORO1
,,5466,2022-06-16T09:00:00Z,190,wind_dir_degt,ndbc,LPNM4
,,5467,2022-06-16T09:18:00Z,180,wind_dir_degt,ndbc,LQAT2
,,5468,2022-06-16T09:18:00Z,140,wind_dir_degt,ndbc,LTBV3
,,5469,2022-06-16T09:00:00Z,230,wind_dir_degt,ndbc,LTRM4
,,5470,2022-06-16T09:18:00Z,190,wind_dir_degt,ndbc,LUIT2
,,5471,2022-06-16T09:00:00Z,190,wind_dir_degt,ndbc,LWTV2
,,5472,2022-06-16T09:00:00Z,240,wind_dir_degt,ndbc,MACM4
,,5473,2022-06-16T09:00:00Z,190,wind_dir_degt,ndbc,MAXT2
,,5474,2022-06-16T09:18:00Z,220,wind_dir_degt,ndbc,MBET2
,,5475,2022-06-16T09:00:00Z,120,wind_dir_degt,ndbc,MBIN7
,,5476,2022-06-16T09:00:00Z,130,wind_dir_degt,ndbc,MBNN7
,,5477,2022-06-16T09:18:00Z,30,wind_dir_degt,ndbc,MCGA1
,,5478,2022-06-16T09:00:00Z,220,wind_dir_degt,ndbc,MCGM4
,,5479,2022-06-16T09:20:00Z,140,wind_dir_degt,ndbc,MCYI3
,,5480,2022-06-16T09:00:00Z,200,wind_dir_degt,ndbc,MDRM1
,,5481,2022-06-16T08:36:00Z,230,wind_dir_degt,ndbc,MEYC1
,,5482,2022-06-16T09:18:00Z,70,wind_dir_degt,ndbc,MGIP4
,,5483,2022-06-16T09:18:00Z,170,wind_dir_degt,ndbc,MHBT2
,,5484,2022-06-16T09:00:00Z,150,wind_dir_degt,ndbc,MHRN6
,,5485,2022-06-16T09:00:00Z,160,wind_dir_degt,ndbc,MISM1
,,5486,2022-06-16T09:30:00Z,210,wind_dir_degt,ndbc,MKGM4
,,5487,2022-06-16T09:20:00Z,250,wind_dir_degt,ndbc,MLWW3
,,5488,2022-06-16T09:00:00Z,240,wind_dir_degt,ndbc,MNMM4
,,5489,2022-06-16T09:00:00Z,190,wind_dir_degt,ndbc,MNPV2
,,5490,2022-06-16T08:36:00Z,80,wind_dir_degt,ndbc,MOKH1
,,5491,2022-06-16T09:00:00Z,210,wind_dir_degt,ndbc,MRHO1
,,5492,2022-06-16T09:32:00Z,310,wind_dir_degt,ndbc,MRNA2
,,5493,2022-06-16T09:00:00Z,130,wind_dir_degt,ndbc,MROS1
,,5494,2022-06-16T09:32:00Z,320,wind_dir_degt,ndbc,MRYA2
,,5495,2022-06-16T09:18:00Z,110,wind_dir_degt,ndbc,MTBF1
,,5496,2022-06-16T09:32:00Z,40,wind_dir_degt,ndbc,MVXA2
,,5497,2022-06-16T09:32:00Z,280,wind_dir_degt,ndbc,MXXA2
,,5498,2022-06-16T09:00:00Z,300,wind_dir_degt,ndbc,MZXC1
,,5499,2022-06-16T08:40:00Z,230,wind_dir_degt,ndbc,NABM4
,,5500,2022-06-16T08:45:00Z,210,wind_dir_degt,ndbc,NAXR1
,,5501,2022-06-16T09:00:00Z,160,wind_dir_degt,ndbc,NBLP1
,,5502,2022-06-16T09:00:00Z,160,wind_dir_degt,ndbc,NCDV2
,,5503,2022-06-16T09:18:00Z,210,wind_dir_degt,ndbc,NCHT2
,,5504,2022-06-16T09:18:00Z,90,wind_dir_degt,ndbc,NFDF1
,,5505,2022-06-16T08:45:00Z,120,wind_dir_degt,ndbc,NIWS1
,,5506,2022-06-16T08:24:00Z,210,wind_dir_degt,ndbc,NJLC1
,,5507,2022-06-16T09:32:00Z,90,wind_dir_degt,ndbc,NKLA2
,,5508,2022-06-16T09:00:00Z,200,wind_dir_degt,ndbc,NKTA2
,,5509,2022-06-16T09:32:00Z,280,wind_dir_degt,ndbc,NKXA2
,,5510,2022-06-16T09:00:00Z,220,wind_dir_degt,ndbc,NMTA2
,,5511,2022-06-16T08:40:00Z,220,wind_dir_degt,ndbc,NPDW3
,,5512,2022-06-16T09:18:00Z,60,wind_dir_degt,ndbc,NPSF1
,,5513,2022-06-16T08:30:00Z,120,wind_dir_degt,ndbc,NPXN6
,,5514,2022-06-16T08:30:00Z,210,wind_dir_degt,ndbc,NREP1
,,5515,2022-06-16T08:36:00Z,120,wind_dir_degt,ndbc,NTBC1
,,5516,2022-06-16T09:00:00Z,210,wind_dir_degt,ndbc,NTKM3
,,5517,2022-06-16T09:12:00Z,180,wind_dir_degt,ndbc,NUET2
,,5518,2022-06-16T09:18:00Z,260,wind_dir_degt,ndbc,NWCL1
,,5519,2022-06-16T09:00:00Z,160,wind_dir_degt,ndbc,NWHC3
,,5520,2022-06-16T09:00:00Z,150,wind_dir_degt,ndbc,NWPO3
,,5521,2022-06-16T09:00:00Z,180,wind_dir_degt,ndbc,NWPR1
,,5522,2022-06-16T09:00:00Z,60,wind_dir_degt,ndbc,NWWH1
,,5523,2022-06-16T09:00:00Z,200,wind_dir_degt,ndbc,OCIM2
,,5524,2022-06-16T09:00:00Z,210,wind_dir_degt,ndbc,OKXC1
,,5525,2022-06-16T09:00:00Z,230,wind_dir_degt,ndbc,OLCN6
,,5526,2022-06-16T09:00:00Z,100,wind_dir_degt,ndbc,OLSA2
,,5527,2022-06-16T09:00:00Z,230,wind_dir_degt,ndbc,OMHC1
,,5528,2022-06-16T09:18:00Z,80,wind_dir_degt,ndbc,OPTF1
,,5529,2022-06-16T09:00:00Z,80,wind_dir_degt,ndbc,ORIN7
,,5530,2022-06-16T09:00:00Z,150,wind_dir_degt,ndbc,OSGN6
,,5531,2022-06-16T08:00:00Z,210,wind_dir_degt,ndbc,OTNM4
,,5532,2022-06-16T08:45:00Z,220,wind_dir_degt,ndbc,OWXO1
,,5533,2022-06-16T09:18:00Z,130,wind_dir_degt,ndbc,PACT2
,,5534,2022-06-16T09:33:00Z,310,wind_dir_degt,ndbc,PAXA2
,,5535,2022-06-16T08:30:00Z,150,wind_dir_degt,ndbc,PBFW1
,,5536,2022-06-16T09:12:00Z,360,wind_dir_degt,ndbc,PCBF1
,,5537,2022-06-16T09:18:00Z,140,wind_dir_degt,ndbc,PCGT2
,,5538,2022-06-16T09:18:00Z,10,wind_dir_degt,ndbc,PCLF1
,,5539,2022-06-16T09:12:00Z,150,wind_dir_degt,ndbc,PCNT2
,,5540,2022-06-16T09:00:00Z,190,wind_dir_degt,ndbc,PCOC1
,,5541,2022-06-16T09:00:00Z,290,wind_dir_degt,ndbc,PDVR1
,,5542,2022-06-16T09:18:00Z,70,wind_dir_degt,ndbc,PEGF1
,,5543,2022-06-16T08:54:00Z,120,wind_dir_degt,ndbc,PFDC1
,,5544,2022-06-16T09:00:00Z,140,wind_dir_degt,ndbc,PFXC1
,,5545,2022-06-16T09:00:00Z,80,wind_dir_degt,ndbc,PGBP7
,,5546,2022-06-16T09:33:00Z,360,wind_dir_degt,ndbc,PGXA2
,,5547,2022-06-16T09:30:00Z,210,wind_dir_degt,ndbc,PILA2
,,5548,2022-06-16T09:18:00Z,200,wind_dir_degt,ndbc,PILL1
,,5549,2022-06-16T09:00:00Z,190,wind_dir_degt,ndbc,PILM4
,,5550,2022-06-16T09:00:00Z,230,wind_dir_degt,ndbc,PKBW3
,,5551,2022-06-16T09:00:00Z,350,wind_dir_degt,ndbc,PLXA2
,,5552,2022-06-16T08:40:00Z,180,wind_dir_degt,ndbc,PNGW3
,,5553,2022-06-16T09:00:00Z,230,wind_dir_degt,ndbc,PNLM4
,,5554,2022-06-16T09:00:00Z,200,wind_dir_degt,ndbc,PORO3
,,5555,2022-06-16T09:18:00Z,170,wind_dir_degt,ndbc,PORT2
,,5556,2022-06-16T09:00:00Z,180,wind_dir_degt,ndbc,PPTM2
,,5557,2022-06-16T09:00:00Z,180,wind_dir_degt,ndbc,PPXC1
,,5558,2022-06-16T09:00:00Z,110,wind_dir_degt,ndbc,PRDA2
,,5559,2022-06-16T09:00:00Z,140,wind_dir_degt,ndbc,PRJC1
,,5560,2022-06-16T09:10:00Z,330,wind_dir_degt,ndbc,PRTA2
,,5561,2022-06-16T09:00:00Z,280,wind_dir_degt,ndbc,PSBC1
,,5562,2022-06-16T09:00:00Z,180,wind_dir_degt,ndbc,PSBM1
,,5563,2022-06-16T09:00:00Z,220,wind_dir_degt,ndbc,PSCM4
,,5564,2022-06-16T09:00:00Z,140,wind_dir_degt,ndbc,PSXC1
,,5565,2022-06-16T09:00:00Z,160,wind_dir_degt,ndbc,PTAT2
,,5566,2022-06-16T09:18:00Z,20,wind_dir_degt,ndbc,PTBM6
,,5567,2022-06-16T09:00:00Z,20,wind_dir_degt,ndbc,PTGC1
,,5568,2022-06-16T09:00:00Z,230,wind_dir_degt,ndbc,PTIM4
,,5569,2022-06-16T09:18:00Z,160,wind_dir_degt,ndbc,PTIT2
,,5570,2022-06-16T09:32:00Z,310,wind_dir_degt,ndbc,PTLA2
,,5571,2022-06-16T09:00:00Z,220,wind_dir_degt,ndbc,PTWW1
,,5572,2022-06-16T09:00:00Z,260,wind_dir_degt,ndbc,PVDR1
,,5573,2022-06-16T08:40:00Z,280,wind_dir_degt,ndbc,PWAW3
,,5574,2022-06-16T08:54:00Z,150,wind_dir_degt,ndbc,PXAC1
,,5575,2022-06-16T09:00:00Z,260,wind_dir_degt,ndbc,QPTR1
,,5576,2022-06-16T09:00:00Z,210,wind_dir_degt,ndbc,RCKM4
,,5577,2022-06-16T09:00:00Z,160,wind_dir_degt,ndbc,RCMC1
,,5578,2022-06-16T09:18:00Z,170,wind_dir_degt,ndbc,RCPT2
,,5579,2022-06-16T09:00:00Z,160,wind_dir_degt,ndbc,RDDA2
,,5580,2022-06-16T09:32:00Z,320,wind_dir_degt,ndbc,RIXA2
,,5581,2022-06-16T08:45:00Z,60,wind_dir_degt,ndbc,RKXF1
,,5582,2022-06-16T09:12:00Z,160,wind_dir_degt,ndbc,RLIT2
,,5583,2022-06-16T09:18:00Z,220,wind_dir_degt,ndbc,RLOT2
,,5584,2022-06-16T09:00:00Z,190,wind_dir_degt,ndbc,ROAM4
,,5585,2022-06-16T09:00:00Z,160,wind_dir_degt,ndbc,ROBN4
,,5586,2022-06-16T09:00:00Z,150,wind_dir_degt,ndbc,RPLV2
,,5587,2022-06-16T09:00:00Z,200,wind_dir_degt,ndbc,RPRN6
,,5588,2022-06-16T09:18:00Z,170,wind_dir_degt,ndbc,RSJT2
,,5589,2022-06-16T09:18:00Z,160,wind_dir_degt,ndbc,RTAT2
,,5590,2022-06-16T09:00:00Z,290,wind_dir_degt,ndbc,RTYC1
,,5591,2022-06-16T09:30:00Z,90,wind_dir_degt,ndbc,SANF1
,,5592,2022-06-16T09:18:00Z,100,wind_dir_degt,ndbc,SAPF1
,,5593,2022-06-16T09:00:00Z,150,wind_dir_degt,ndbc,SAUF1
,,5594,2022-06-16T09:00:00Z,120,wind_dir_degt,ndbc,SAXG1
,,5595,2022-06-16T09:00:00Z,130,wind_dir_degt,ndbc,SBEO3
,,5596,2022-06-16T09:00:00Z,200,wind_dir_degt,ndbc,SBIO1
,,5597,2022-06-16T09:00:00Z,160,wind_dir_degt,ndbc,SBLM4
,,5598,2022-06-16T09:32:00Z,240,wind_dir_degt,ndbc,SCXA2
,,5599,2022-06-16T09:00:00Z,140,wind_dir_degt,ndbc,SDHN4
,,5600,2022-06-16T09:26:00Z,280,wind_dir_degt,ndbc,SDIA2
,,5601,2022-06-16T09:18:00Z,160,wind_dir_degt,ndbc,SDRT2
,,5602,2022-06-16T08:45:00Z,270,wind_dir_degt,ndbc,SFXC1
,,5603,2022-06-16T09:18:00Z,180,wind_dir_degt,ndbc,SGNT2
,,5604,2022-06-16T09:00:00Z,250,wind_dir_degt,ndbc,SGNW3
,,5605,2022-06-16T09:12:00Z,260,wind_dir_degt,ndbc,SHBL1
,,5606,2022-06-16T07:54:00Z,320,wind_dir_degt,ndbc,SHPF1
,,5607,2022-06-16T09:22:00Z,280,wind_dir_degt,ndbc,SISA2
,,5608,2022-06-16T09:30:00Z,280,wind_dir_degt,ndbc,SISW1
,,5609,2022-06-16T09:18:00Z,130,wind_dir_degt,ndbc,SJNP4
,,5610,2022-06-16T09:00:00Z,160,wind_dir_degt,ndbc,SJSN4
,,5611,2022-06-16T09:12:00Z,30,wind_dir_degt,ndbc,SKCF1
,,5612,2022-06-16T09:33:00Z,340,wind_dir_degt,ndbc,SKXA2
,,5613,2022-06-16T09:00:00Z,160,wind_dir_degt,ndbc,SLIM2
,,5614,2022-06-16T08:40:00Z,220,wind_dir_degt,ndbc,SLVM5
,,5615,2022-06-16T09:33:00Z,70,wind_dir_degt,ndbc,SLXA2
,,5616,2022-06-16T09:30:00Z,100,wind_dir_degt,ndbc,SMKF1
,,5617,2022-06-16T09:00:00Z,160,wind_dir_degt,ndbc,SNDA2
,,5618,2022-06-16T08:30:00Z,200,wind_dir_degt,ndbc,SNTO3
,,5619,2022-06-16T09:00:00Z,150,wind_dir_degt,ndbc,SPGF1
,,5620,2022-06-16T09:33:00Z,10,wind_dir_degt,ndbc,SPXA2
,,5621,2022-06-16T09:00:00Z,180,wind_dir_degt,ndbc,SRST2
,,5622,2022-06-16T09:00:00Z,190,wind_dir_degt,ndbc,STDM4
,,5623,2022-06-16T09:33:00Z,100,wind_dir_degt,ndbc,STXA2
,,5624,2022-06-16T09:30:00Z,190,wind_dir_degt,ndbc,SVNM4
,,5625,2022-06-16T09:00:00Z,240,wind_dir_degt,ndbc,SWPM4
,,5626,2022-06-16T08:40:00Z,180,wind_dir_degt,ndbc,SXHW3
,,5627,2022-06-16T09:33:00Z,350,wind_dir_degt,ndbc,SXXA2
,,5628,2022-06-16T08:40:00Z,240,wind_dir_degt,ndbc,TAWM4
,,5629,2022-06-16T09:00:00Z,150,wind_dir_degt,ndbc,TBIM4
,,5630,2022-06-16T09:00:00Z,140,wind_dir_degt,ndbc,TCBM2
,,5631,2022-06-16T09:00:00Z,180,wind_dir_degt,ndbc,TCMW1
,,5632,2022-06-16T09:00:00Z,190,wind_dir_degt,ndbc,THLO1
,,5633,2022-06-16T09:00:00Z,220,wind_dir_degt,ndbc,THRO1
,,5634,2022-06-16T08:45:00Z,270,wind_dir_degt,ndbc,TIXC1
,,5635,2022-06-16T09:32:00Z,40,wind_dir_degt,ndbc,TKEA2
,,5636,2022-06-16T09:00:00Z,170,wind_dir_degt,ndbc,TKPN6
,,5637,2022-06-16T09:00:00Z,100,wind_dir_degt,ndbc,TOKW1
,,5638,2022-06-16T09:00:00Z,140,wind_dir_degt,ndbc,TPLM2
,,5639,2022-06-16T09:18:00Z,190,wind_dir_degt,ndbc,TRDF1
,,5640,2022-06-16T09:20:00Z,210,wind_dir_degt,ndbc,TWCO1
,,5641,2022-06-16T09:18:00Z,190,wind_dir_degt,ndbc,TXPT2
,,5642,2022-06-16T09:00:00Z,140,wind_dir_degt,ndbc,UNLA2
,,5643,2022-06-16T09:00:00Z,290,wind_dir_degt,ndbc,UPBC1
,,5644,2022-06-16T09:12:00Z,70,wind_dir_degt,ndbc,VAKF1
,,5645,2022-06-16T09:18:00Z,90,wind_dir_degt,ndbc,VCAF1
,,5646,2022-06-16T09:18:00Z,190,wind_dir_degt,ndbc,VCAT2
,,5647,2022-06-16T09:00:00Z,70,wind_dir_degt,ndbc,VDZA2
,,5648,2022-06-16T09:00:00Z,120,wind_dir_degt,ndbc,VENF1
,,5649,2022-06-16T09:18:00Z,150,wind_dir_degt,ndbc,VTBT2
,,5650,2022-06-16T09:00:00Z,180,wind_dir_degt,ndbc,WAHV2
,,5651,2022-06-16T09:00:00Z,100,wind_dir_degt,ndbc,WAKP8
,,5652,2022-06-16T09:00:00Z,150,wind_dir_degt,ndbc,WASD2
,,5653,2022-06-16T09:30:00Z,150,wind_dir_degt,ndbc,WATS1
,,5654,2022-06-16T09:33:00Z,30,wind_dir_degt,ndbc,WCXA2
,,5655,2022-06-16T09:00:00Z,180,wind_dir_degt,ndbc,WDSV2
,,5656,2022-06-16T09:00:00Z,290,wind_dir_degt,ndbc,WELM1
,,5657,2022-06-16T09:00:00Z,240,wind_dir_degt,ndbc,WEXM1
,,5658,2022-06-16T08:40:00Z,290,wind_dir_degt,ndbc,WFPM4
,,5659,2022-06-16T08:00:00Z,220,wind_dir_degt,ndbc,WHRI2
,,5660,2022-06-16T09:00:00Z,210,wind_dir_degt,ndbc,WNEM4
,,5661,2022-06-16T09:00:00Z,10,wind_dir_degt,ndbc,WPOW1
,,5662,2022-06-16T08:36:00Z,110,wind_dir_degt,ndbc,WPTW1
,,5663,2022-06-16T09:00:00Z,210,wind_dir_degt,ndbc,WSLM4
,,5664,2022-06-16T09:00:00Z,180,wind_dir_degt,ndbc,YKRV2
,,5665,2022-06-16T09:00:00Z,170,wind_dir_degt,ndbc,YKTV2
,,5666,2022-06-16T07:00:00Z,4,wind_speed_mps,ndbc,13001
,,5667,2022-06-16T07:00:00Z,8.6,wind_speed_mps,ndbc,13002
,,5668,2022-06-16T07:00:00Z,7,wind_speed_mps,ndbc,13008
,,5669,2022-06-16T07:00:00Z,9.3,wind_speed_mps,ndbc,14040
,,5670,2022-06-16T07:00:00Z,10.9,wind_speed_mps,ndbc,14043
,,5671,2022-06-16T07:00:00Z,6.6,wind_speed_mps,ndbc,15001
,,5672,2022-06-16T09:00:00Z,6.8,wind_speed_mps,ndbc,15002
,,5673,2022-06-16T07:00:00Z,4.8,wind_speed_mps,ndbc,15006
,,5674,2022-06-16T09:00:00Z,3,wind_speed_mps,ndbc,22101
,,5675,2022-06-16T09:00:00Z,2,wind_speed_mps,ndbc,22102
,,5676,2022-06-16T09:00:00Z,2,wind_speed_mps,ndbc,22103
,,5677,2022-06-16T09:00:00Z,6,wind_speed_mps,ndbc,22104
,,5678,2022-06-16T09:00:00Z,3,wind_speed_mps,ndbc,22105
,,5679,2022-06-16T09:00:00Z,3,wind_speed_mps,ndbc,22106
,,5680,2022-06-16T09:00:00Z,5,wind_speed_mps,ndbc,22107
,,5681,2022-06-16T09:00:00Z,2,wind_speed_mps,ndbc,22108
,,5682,2022-06-16T08:00:00Z,5.8,wind_speed_mps,ndbc,31005
,,5683,2022-06-16T07:00:00Z,5.8,wind_speed_mps,ndbc,31006
,,5684,2022-06-16T07:00:00Z,3.5,wind_speed_mps,ndbc,31007
,,5685,2022-06-16T08:30:00Z,8,wind_speed_mps,ndbc,32ST0
,,5686,2022-06-16T09:20:00Z,6,wind_speed_mps,ndbc,41001
,,5687,2022-06-16T09:20:00Z,6,wind_speed_mps,ndbc,41002
,,5688,2022-06-16T09:20:00Z,4,wind_speed_mps,ndbc,41004
,,5689,2022-06-16T08:50:00Z,3,wind_speed_mps,ndbc,41008
,,5690,2022-06-16T09:20:00Z,2,wind_speed_mps,ndbc,41009
,,5691,2022-06-16T09:20:00Z,4,wind_speed_mps,ndbc,41010
,,5692,2022-06-16T09:20:00Z,5,wind_speed_mps,ndbc,41013
,,5693,2022-06-16T09:08:00Z,4,wind_speed_mps,ndbc,41024
,,5694,2022-06-16T09:20:00Z,3,wind_speed_mps,ndbc,41025
,,5695,2022-06-16T09:08:00Z,4,wind_speed_mps,ndbc,41029
,,5696,2022-06-16T07:08:00Z,4,wind_speed_mps,ndbc,41033
,,5697,2022-06-16T09:08:00Z,4,wind_speed_mps,ndbc,41037
,,5698,2022-06-16T08:08:00Z,5,wind_speed_mps,ndbc,41038
,,5699,2022-06-16T09:20:00Z,9,wind_speed_mps,ndbc,41040
,,5700,2022-06-16T09:20:00Z,6,wind_speed_mps,ndbc,41043
,,5701,2022-06-16T09:20:00Z,6,wind_speed_mps,ndbc,41044
,,5702,2022-06-16T09:20:00Z,1,wind_speed_mps,ndbc,41046
,,5703,2022-06-16T09:20:00Z,7,wind_speed_mps,ndbc,41047
,,5704,2022-06-16T09:20:00Z,6,wind_speed_mps,ndbc,41048
,,5705,2022-06-16T09:20:00Z,7,wind_speed_mps,ndbc,41049
,,5706,2022-06-16T09:00:00Z,6,wind_speed_mps,ndbc,41052
,,5707,2022-06-16T09:00:00Z,4,wind_speed_mps,ndbc,41053
,,5708,2022-06-16T09:08:00Z,4,wind_speed_mps,ndbc,41064
,,5709,2022-06-16T09:08:00Z,5,wind_speed_mps,ndbc,41066
,,5710,2022-06-16T09:00:00Z,7.1,wind_speed_mps,ndbc,41139
,,5711,2022-06-16T08:30:00Z,9,wind_speed_mps,ndbc,41NT0
,,5712,2022-06-16T09:20:00Z,2,wind_speed_mps,ndbc,42002
,,5713,2022-06-16T09:20:00Z,0,wind_speed_mps,ndbc,42012
,,5714,2022-06-16T08:30:00Z,2,wind_speed_mps,ndbc,42013
,,5715,2022-06-16T09:20:00Z,6,wind_speed_mps,ndbc,42019
,,5716,2022-06-16T09:20:00Z,7,wind_speed_mps,ndbc,42020
,,5717,2022-06-16T08:30:00Z,2,wind_speed_mps,ndbc,42022
,,5718,2022-06-16T08:30:00Z,4,wind_speed_mps,ndbc,42023
,,5719,2022-06-16T08:30:00Z,5,wind_speed_mps,ndbc,42026
,,5720,2022-06-16T09:20:00Z,5,wind_speed_mps,ndbc,42035
,,5721,2022-06-16T09:20:00Z,1,wind_speed_mps,ndbc,42036
,,5722,2022-06-16T09:20:00Z,1,wind_speed_mps,ndbc,42039
,,5723,2022-06-16T09:20:00Z,2,wind_speed_mps,ndbc,42040
,,5724,2022-06-16T09:20:00Z,7,wind_speed_mps,ndbc,42055
,,5725,2022-06-16T09:20:00Z,4,wind_speed_mps,ndbc,42056
,,5726,2022-06-16T09:20:00Z,8,wind_speed_mps,ndbc,42059
,,5727,2022-06-16T09:20:00Z,9,wind_speed_mps,ndbc,42060
,,5728,2022-06-16T08:30:00Z,7,wind_speed_mps,ndbc,42085
,,5729,2022-06-16T08:50:00Z,3,wind_speed_mps,ndbc,44005
,,5730,2022-06-16T09:20:00Z,2,wind_speed_mps,ndbc,44007
,,5731,2022-06-16T09:20:00Z,4,wind_speed_mps,ndbc,44008
,,5732,2022-06-16T09:20:00Z,5,wind_speed_mps,ndbc,44009
,,5733,2022-06-16T09:20:00Z,5,wind_speed_mps,ndbc,44013
,,5734,2022-06-16T09:20:00Z,4,wind_speed_mps,ndbc,44014
,,5735,2022-06-16T09:20:00Z,2,wind_speed_mps,ndbc,44017
,,5736,2022-06-16T09:20:00Z,3,wind_speed_mps,ndbc,44018
,,5737,2022-06-16T09:20:00Z,3,wind_speed_mps,ndbc,44020
,,5738,2022-06-16T09:15:00Z,2,wind_speed_mps,ndbc,44022
,,5739,2022-06-16T09:20:00Z,4,wind_speed_mps,ndbc,44025
,,5740,2022-06-16T08:50:00Z,2,wind_speed_mps,ndbc,44027
,,5741,2022-06-16T08:04:00Z,2,wind_speed_mps,ndbc,44030
,,5742,2022-06-16T08:04:00Z,2,wind_speed_mps,ndbc,44032
,,5743,2022-06-16T08:04:00Z,1,wind_speed_mps,ndbc,44033
,,5744,2022-06-16T08:04:00Z,3,wind_speed_mps,ndbc,44034
,,5745,2022-06-16T08:04:00Z,4,wind_speed_mps,ndbc,44037
,,5746,2022-06-16T09:15:00Z,2,wind_speed_mps,ndbc,44040
,,5747,2022-06-16T09:18:00Z,4,wind_speed_mps,ndbc,44041
,,5748,2022-06-16T09:12:00Z,5,wind_speed_mps,ndbc,44042
,,5749,2022-06-16T09:12:00Z,6,wind_speed_mps,ndbc,44058
,,5750,2022-06-16T09:12:00Z,8,wind_speed_mps,ndbc,44062
,,5751,2022-06-16T09:12:00Z,8,wind_speed_mps,ndbc,44063
,,5752,2022-06-16T09:18:00Z,3,wind_speed_mps,ndbc,44064
,,5753,2022-06-16T09:20:00Z,6,wind_speed_mps,ndbc,44065
,,5754,2022-06-16T09:20:00Z,2,wind_speed_mps,ndbc,44066
,,5755,2022-06-16T09:00:00Z,4,wind_speed_mps,ndbc,44069
,,5756,2022-06-16T09:18:00Z,3,wind_speed_mps,ndbc,44072
,,5757,2022-06-16T09:00:00Z,8,wind_speed_mps,ndbc,44137
,,5758,2022-06-16T09:00:00Z,6,wind_speed_mps,ndbc,44150
,,5759,2022-06-16T09:00:00Z,1,wind_speed_mps,ndbc,44258
,,5760,2022-06-16T09:00:00Z,2,wind_speed_mps,ndbc,44488
,,5761,2022-06-16T09:00:00Z,3,wind_speed_mps,ndbc,44489
,,5762,2022-06-16T09:00:00Z,2,wind_speed_mps,ndbc,44490
,,5763,2022-06-16T09:30:00Z,3,wind_speed_mps,ndbc,45001
,,5764,2022-06-16T09:30:00Z,5,wind_speed_mps,ndbc,45002
,,5765,2022-06-16T09:30:00Z,2,wind_speed_mps,ndbc,45003
,,5766,2022-06-16T09:30:00Z,4,wind_speed_mps,ndbc,45004
,,5767,2022-06-16T09:30:00Z,6,wind_speed_mps,ndbc,45005
,,5768,2022-06-16T09:30:00Z,7,wind_speed_mps,ndbc,45006
,,5769,2022-06-16T09:30:00Z,4,wind_speed_mps,ndbc,45007
,,5770,2022-06-16T09:30:00Z,6,wind_speed_mps,ndbc,45008
,,5771,2022-06-16T09:30:00Z,4,wind_speed_mps,ndbc,45012
,,5772,2022-06-16T09:40:00Z,4,wind_speed_mps,ndbc,45022
,,5773,2022-06-16T09:30:00Z,5,wind_speed_mps,ndbc,45024
,,5774,2022-06-16T09:40:00Z,4,wind_speed_mps,ndbc,45025
,,5775,2022-06-16T09:30:00Z,2,wind_speed_mps,ndbc,45026
,,5776,2022-06-16T09:30:00Z,1,wind_speed_mps,ndbc,45027
,,5777,2022-06-16T09:30:00Z,2,wind_speed_mps,ndbc,45028
,,5778,2022-06-16T09:30:00Z,5,wind_speed_mps,ndbc,45029
,,5779,2022-06-16T09:00:00Z,6,wind_speed_mps,ndbc,45132
,,5780,2022-06-16T09:00:00Z,6,wind_speed_mps,ndbc,45135
,,5781,2022-06-16T09:00:00Z,2,wind_speed_mps,ndbc,45136
,,5782,2022-06-16T09:00:00Z,5,wind_speed_mps,ndbc,45137
,,5783,2022-06-16T09:00:00Z,1,wind_speed_mps,ndbc,45139
,,5784,2022-06-16T09:00:00Z,6,wind_speed_mps,ndbc,45142
,,5785,2022-06-16T09:00:00Z,2,wind_speed_mps,ndbc,45143
,,5786,2022-06-16T09:00:00Z,5,wind_speed_mps,ndbc,45149
,,5787,2022-06-16T09:00:00Z,3,wind_speed_mps,ndbc,45151
,,5788,2022-06-16T09:00:00Z,6,wind_speed_mps,ndbc,45152
,,5789,2022-06-16T09:00:00Z,5,wind_speed_mps,ndbc,45154
,,5790,2022-06-16T09:00:00Z,0,wind_speed_mps,ndbc,45159
,,5791,2022-06-16T09:20:00Z,4,wind_speed_mps,ndbc,45161
,,5792,2022-06-16T09:20:00Z,6,wind_speed_mps,ndbc,45162
,,5793,2022-06-16T09:00:00Z,6,wind_speed_mps,ndbc,45163
,,5794,2022-06-16T09:00:00Z,5,wind_speed_mps,ndbc,45164
,,5795,2022-06-16T09:30:00Z,6,wind_speed_mps,ndbc,45165
,,5796,2022-06-16T09:00:00Z,6,wind_speed_mps,ndbc,45167
,,5797,2022-06-16T09:30:00Z,6,wind_speed_mps,ndbc,45168
,,5798,2022-06-16T09:20:00Z,3,wind_speed_mps,ndbc,45170
,,5799,2022-06-16T09:30:00Z,2,wind_speed_mps,ndbc,45174
,,5800,2022-06-16T09:35:00Z,7,wind_speed_mps,ndbc,45175
,,5801,2022-06-16T09:30:00Z,5,wind_speed_mps,ndbc,45176
,,5802,2022-06-16T09:30:00Z,4,wind_speed_mps,ndbc,45183
,,5803,2022-06-16T09:20:00Z,3,wind_speed_mps,ndbc,45196
,,5804,2022-06-16T09:20:00Z,5,wind_speed_mps,ndbc,45197
,,5805,2022-06-16T09:30:00Z,3,wind_speed_mps,ndbc,45198
,,5806,2022-06-16T09:20:00Z,3,wind_speed_mps,ndbc,46001
,,5807,2022-06-16T09:20:00Z,8,wind_speed_mps,ndbc,46002
,,5808,2022-06-16T09:00:00Z,6,wind_speed_mps,ndbc,46004
,,5809,2022-06-16T09:20:00Z,6,wind_speed_mps,ndbc,46005
,,5810,2022-06-16T09:20:00Z,11,wind_speed_mps,ndbc,46006
,,5811,2022-06-16T09:30:00Z,11,wind_speed_mps,ndbc,46011
,,5812,2022-06-16T09:30:00Z,9,wind_speed_mps,ndbc,46012
,,5813,2022-06-16T09:30:00Z,9,wind_speed_mps,ndbc,46013
,,5814,2022-06-16T09:30:00Z,1,wind_speed_mps,ndbc,46014
,,5815,2022-06-16T09:30:00Z,3,wind_speed_mps,ndbc,46015
,,5816,2022-06-16T09:30:00Z,1,wind_speed_mps,ndbc,46022
,,5817,2022-06-16T09:30:00Z,6,wind_speed_mps,ndbc,46025
,,5818,2022-06-16T09:30:00Z,7,wind_speed_mps,ndbc,46026
,,5819,2022-06-16T09:30:00Z,2,wind_speed_mps,ndbc,46027
,,5820,2022-06-16T09:30:00Z,14,wind_speed_mps,ndbc,46028
,,5821,2022-06-16T09:30:00Z,6,wind_speed_mps,ndbc,46029
,,5822,2022-06-16T08:50:00Z,11,wind_speed_mps,ndbc,46035
,,5823,2022-06-16T09:00:00Z,9,wind_speed_mps,ndbc,46036
,,5824,2022-06-16T09:30:00Z,8,wind_speed_mps,ndbc,46042
,,5825,2022-06-16T09:20:00Z,6,wind_speed_mps,ndbc,46047
,,5826,2022-06-16T09:30:00Z,10,wind_speed_mps,ndbc,46050
,,5827,2022-06-16T09:30:00Z,7,wind_speed_mps,ndbc,46053
,,5828,2022-06-16T09:30:00Z,4,wind_speed_mps,ndbc,46054
,,5829,2022-06-16T09:20:00Z,7,wind_speed_mps,ndbc,46059
,,5830,2022-06-16T08:50:00Z,4,wind_speed_mps,ndbc,46060
,,5831,2022-06-16T08:50:00Z,4,wind_speed_mps,ndbc,46061
,,5832,2022-06-16T09:20:00Z,4,wind_speed_mps,ndbc,46066
,,5833,2022-06-16T09:20:00Z,2,wind_speed_mps,ndbc,46072
,,5834,2022-06-16T08:50:00Z,13,wind_speed_mps,ndbc,46073
,,5835,2022-06-16T09:20:00Z,12,wind_speed_mps,ndbc,46075
,,5836,2022-06-16T09:20:00Z,5,wind_speed_mps,ndbc,46076
,,5837,2022-06-16T08:50:00Z,6,wind_speed_mps,ndbc,46077
,,5838,2022-06-16T09:20:00Z,2,wind_speed_mps,ndbc,46078
,,5839,2022-06-16T08:50:00Z,2,wind_speed_mps,ndbc,46080
,,5840,2022-06-16T08:50:00Z,2,wind_speed_mps,ndbc,46081
,,5841,2022-06-16T08:50:00Z,7,wind_speed_mps,ndbc,46082
,,5842,2022-06-16T08:50:00Z,8,wind_speed_mps,ndbc,46083
,,5843,2022-06-16T09:20:00Z,8,wind_speed_mps,ndbc,46084
,,5844,2022-06-16T09:20:00Z,3,wind_speed_mps,ndbc,46085
,,5845,2022-06-16T09:30:00Z,1,wind_speed_mps,ndbc,46086
,,5846,2022-06-16T09:20:00Z,6,wind_speed_mps,ndbc,46089
,,5847,2022-06-16T09:16:00Z,8,wind_speed_mps,ndbc,46092
,,5848,2022-06-16T07:50:00Z,8,wind_speed_mps,ndbc,46097
,,5849,2022-06-16T07:40:00Z,8,wind_speed_mps,ndbc,46098
,,5850,2022-06-16T06:50:00Z,5,wind_speed_mps,ndbc,46099
,,5851,2022-06-16T07:20:00Z,5,wind_speed_mps,ndbc,46100
,,5852,2022-06-16T09:20:00Z,1,wind_speed_mps,ndbc,46121
,,5853,2022-06-16T09:00:00Z,4,wind_speed_mps,ndbc,46131
,,5854,2022-06-16T09:00:00Z,0,wind_speed_mps,ndbc,46132
,,5855,2022-06-16T09:00:00Z,4,wind_speed_mps,ndbc,46145
,,5856,2022-06-16T09:00:00Z,3,wind_speed_mps,ndbc,46146
,,5857,2022-06-16T09:00:00Z,3,wind_speed_mps,ndbc,46147
,,5858,2022-06-16T09:00:00Z,4,wind_speed_mps,ndbc,46181
,,5859,2022-06-16T09:00:00Z,3,wind_speed_mps,ndbc,46183
,,5860,2022-06-16T09:00:00Z,7,wind_speed_mps,ndbc,46185
,,5861,2022-06-16T09:00:00Z,3,wind_speed_mps,ndbc,46204
,,5862,2022-06-16T09:00:00Z,7,wind_speed_mps,ndbc,46205
,,5863,2022-06-16T09:00:00Z,2,wind_speed_mps,ndbc,46206
,,5864,2022-06-16T09:00:00Z,2,wind_speed_mps,ndbc,46207
,,5865,2022-06-16T09:00:00Z,2,wind_speed_mps,ndbc,46303
,,5866,2022-06-16T09:00:00Z,3,wind_speed_mps,ndbc,46304
,,5867,2022-06-16T09:20:00Z,9,wind_speed_mps,ndbc,51000
,,5868,2022-06-16T09:20:00Z,9,wind_speed_mps,ndbc,51001
,,5869,2022-06-16T09:20:00Z,6,wind_speed_mps,ndbc,51002
,,5870,2022-06-16T09:20:00Z,7,wind_speed_mps,ndbc,51003
,,5871,2022-06-16T09:20:00Z,8,wind_speed_mps,ndbc,51004
,,5872,2022-06-16T09:20:00Z,9,wind_speed_mps,ndbc,51101
,,5873,2022-06-16T08:30:00Z,7,wind_speed_mps,ndbc,51WH0
,,5874,2022-06-16T07:00:00Z,9.9,wind_speed_mps,ndbc,53006
,,5875,2022-06-16T09:00:00Z,4.6,wind_speed_mps,ndbc,62029
,,5876,2022-06-16T09:00:00Z,4.1,wind_speed_mps,ndbc,62050
,,5877,2022-06-16T09:00:00Z,7.2,wind_speed_mps,ndbc,62081
,,5878,2022-06-16T09:00:00Z,1,wind_speed_mps,ndbc,62103
,,5879,2022-06-16T09:00:00Z,4.6,wind_speed_mps,ndbc,62107
,,5880,2022-06-16T09:00:00Z,4.6,wind_speed_mps,ndbc,62114
,,5881,2022-06-16T09:00:00Z,4.1,wind_speed_mps,ndbc,62121
,,5882,2022-06-16T09:00:00Z,3.6,wind_speed_mps,ndbc,62144
,,5883,2022-06-16T09:00:00Z,7.2,wind_speed_mps,ndbc,62145
,,5884,2022-06-16T09:00:00Z,3.6,wind_speed_mps,ndbc,62148
,,5885,2022-06-16T09:00:00Z,2.6,wind_speed_mps,ndbc,62149
,,5886,2022-06-16T09:00:00Z,7.7,wind_speed_mps,ndbc,62163
,,5887,2022-06-16T09:00:00Z,3.6,wind_speed_mps,ndbc,62164
,,5888,2022-06-16T09:00:00Z,1.5,wind_speed_mps,ndbc,62165
,,5889,2022-06-16T09:00:00Z,1.5,wind_speed_mps,ndbc,62170
,,5890,2022-06-16T09:00:00Z,3.6,wind_speed_mps,ndbc,62304
,,5891,2022-06-16T09:00:00Z,3.1,wind_speed_mps,ndbc,62305
,,5892,2022-06-16T09:00:00Z,4.6,wind_speed_mps,ndbc,62442
,,5893,2022-06-16T09:00:00Z,1,wind_speed_mps,ndbc,63110
,,5894,2022-06-16T09:00:00Z,3.1,wind_speed_mps,ndbc,63112
,,5895,2022-06-16T09:00:00Z,5.7,wind_speed_mps,ndbc,63115
,,5896,2022-06-16T09:00:00Z,4.6,wind_speed_mps,ndbc,63117
,,5897,2022-06-16T09:00:00Z,4.6,wind_speed_mps,ndbc,64045
,,5898,2022-06-16T09:00:00Z,2.1,wind_speed_mps,ndbc,AAMC1
,,5899,2022-06-16T08:45:00Z,0,wind_speed_mps,ndbc,ACXS1
,,5900,2022-06-16T09:00:00Z,5.1,wind_speed_mps,ndbc,ADKA2
,,5901,2022-06-16T08:54:00Z,0.5,wind_speed_mps,ndbc,AGXC1
,,5902,2022-06-16T09:00:00Z,3.1,wind_speed_mps,ndbc,ALIA2
,,5903,2022-06-16T09:30:00Z,5.1,wind_speed_mps,ndbc,AMAA2
,,5904,2022-06-16T09:18:00Z,0,wind_speed_mps,ndbc,AMRL1
,,5905,2022-06-16T08:30:00Z,0,wind_speed_mps,ndbc,ANMN6
,,5906,2022-06-16T09:18:00Z,6.2,wind_speed_mps,ndbc,ANPT2
,,5907,2022-06-16T09:00:00Z,2.1,wind_speed_mps,ndbc,ANVC1
,,5908,2022-06-16T09:00:00Z,2.6,wind_speed_mps,ndbc,APAM2
,,5909,2022-06-16T09:18:00Z,0.5,wind_speed_mps,ndbc,APCF1
,,5910,2022-06-16T09:30:00Z,4.1,wind_speed_mps,ndbc,APNM4
,,5911,2022-06-16T09:00:00Z,0,wind_speed_mps,ndbc,APRP7
,,5912,2022-06-16T08:45:00Z,1.5,wind_speed_mps,ndbc,APXF1
,,5913,2022-06-16T09:12:00Z,2.6,wind_speed_mps,ndbc,AROP4
,,5914,2022-06-16T07:54:00Z,0,wind_speed_mps,ndbc,ARPF1
,,5915,2022-06-16T09:00:00Z,0.5,wind_speed_mps,ndbc,ASTO3
,,5916,2022-06-16T09:00:00Z,0,wind_speed_mps,ndbc,ATGM1
,,5917,2022-06-16T09:00:00Z,2.6,wind_speed_mps,ndbc,ATKA2
,,5918,2022-06-16T09:30:00Z,5.7,wind_speed_mps,ndbc,AUGA2
,,5919,2022-06-16T09:12:00Z,5.1,wind_speed_mps,ndbc,AWRT2
,,5920,2022-06-16T09:18:00Z,6.2,wind_speed_mps,ndbc,BABT2
,,5921,2022-06-16T08:48:00Z,2.1,wind_speed_mps,ndbc,BAXC1
,,5922,2022-06-16T08:36:00Z,2.1,wind_speed_mps,ndbc,BDRN4
,,5923,2022-06-16T09:00:00Z,1.5,wind_speed_mps,ndbc,BFTN7
,,5924,2022-06-16T08:54:00Z,2.1,wind_speed_mps,ndbc,BGCF1
,,5925,2022-06-16T08:45:00Z,0.5,wind_speed_mps,ndbc,BGXN3
,,5926,2022-06-16T08:40:00Z,3.6,wind_speed_mps,ndbc,BHRI3
,,5927,2022-06-16T08:40:00Z,2.1,wind_speed_mps,ndbc,BIGM4
,,5928,2022-06-16T09:00:00Z,6.7,wind_speed_mps,ndbc,BISM2
,,5929,2022-06-16T09:18:00Z,2.1,wind_speed_mps,ndbc,BKBF1
,,5930,2022-06-16T09:30:00Z,2.6,wind_speed_mps,ndbc,BLIA2
,,5931,2022-06-16T09:18:00Z,1,wind_speed_mps,ndbc,BLIF1
,,5932,2022-06-16T09:26:00Z,0.5,wind_speed_mps,ndbc,BLTA2
,,5933,2022-06-16T09:00:00Z,2.1,wind_speed_mps,ndbc,BLTM2
,,5934,2022-06-16T09:00:00Z,3.6,wind_speed_mps,ndbc,BLTM3
,,5935,2022-06-16T09:00:00Z,1,wind_speed_mps,ndbc,BMTW1
,,5936,2022-06-16T09:00:00Z,1.5,wind_speed_mps,ndbc,BRHC3
,,5937,2022-06-16T09:00:00Z,6.7,wind_speed_mps,ndbc,BRND1
,,5938,2022-06-16T08:40:00Z,5.1,wind_speed_mps,ndbc,BSBM4
,,5939,2022-06-16T08:30:00Z,2.6,wind_speed_mps,ndbc,BSLM2
,,5940,2022-06-16T09:00:00Z,3.1,wind_speed_mps,ndbc,BUFN6
,,5941,2022-06-16T09:00:00Z,1.5,wind_speed_mps,ndbc,BURL1
,,5942,2022-06-16T09:00:00Z,5.7,wind_speed_mps,ndbc,BUZM3
,,5943,2022-06-16T09:18:00Z,3.1,wind_speed_mps,ndbc,BZST2
,,5944,2022-06-16T09:00:00Z,3.6,wind_speed_mps,ndbc,CAMM2
,,5945,2022-06-16T09:18:00Z,3.6,wind_speed_mps,ndbc,CAPL1
,,5946,2022-06-16T09:22:00Z,0,wind_speed_mps,ndbc,CDEA2
,,5947,2022-06-16T09:00:00Z,1.5,wind_speed_mps,ndbc,CDRF1
,,5948,2022-06-16T09:32:00Z,1,wind_speed_mps,ndbc,CDXA2
,,5949,2022-06-16T09:00:00Z,0,wind_speed_mps,ndbc,CECC1
,,5950,2022-06-16T09:00:00Z,0,wind_speed_mps,ndbc,CFWM1
,,5951,2022-06-16T08:36:00Z,1.5,wind_speed_mps,ndbc,CHAO3
,,5952,2022-06-16T09:18:00Z,2.6,wind_speed_mps,ndbc,CHAV3
,,5953,2022-06-16T09:00:00Z,2.6,wind_speed_mps,ndbc,CHBV2
,,5954,2022-06-16T09:00:00Z,2.1,wind_speed_mps,ndbc,CHCM2
,,5955,2022-06-16T09:20:00Z,6.7,wind_speed_mps,ndbc,CHII2
,,5956,2022-06-16T09:12:00Z,2.6,wind_speed_mps,ndbc,CHSV3
,,5957,2022-06-16T09:00:00Z,0.5,wind_speed_mps,ndbc,CHTM3
,,5958,2022-06-16T09:00:00Z,3.6,wind_speed_mps,ndbc,CHTS1
,,5959,2022-06-16T09:00:00Z,4.1,wind_speed_mps,ndbc,CHYV2
,,5960,2022-06-16T09:00:00Z,4.6,wind_speed_mps,ndbc,CLKN7
,,5961,2022-06-16T09:00:00Z,5.1,wind_speed_mps,ndbc,CLSM4
,,5962,2022-06-16T09:00:00Z,3.1,wind_speed_mps,ndbc,CMAN4
,,5963,2022-06-16T07:04:00Z,1,wind_speed_mps,ndbc,CMLN3
,,5964,2022-06-16T08:30:00Z,4.1,wind_speed_mps,ndbc,CMPO1
,,5965,2022-06-16T09:00:00Z,3.1,wind_speed_mps,ndbc,CMTI2
,,5966,2022-06-16T09:00:00Z,2.6,wind_speed_mps,ndbc,CNDO1
,,5967,2022-06-16T09:30:00Z,2.1,wind_speed_mps,ndbc,CNII2
,,5968,2022-06-16T09:00:00Z,7.7,wind_speed_mps,ndbc,COVM2
,,5969,2022-06-16T09:00:00Z,1.5,wind_speed_mps,ndbc,CPMW1
,,5970,2022-06-16T09:00:00Z,1.5,wind_speed_mps,ndbc,CPNW1
,,5971,2022-06-16T09:11:00Z,2.1,wind_speed_mps,ndbc,CPXC1
,,5972,2022-06-16T09:24:00Z,2.1,wind_speed_mps,ndbc,CRGA2
,,5973,2022-06-16T09:00:00Z,0,wind_speed_mps,ndbc,CRVA2
,,5974,2022-06-16T09:00:00Z,2.1,wind_speed_mps,ndbc,CRYV2
,,5975,2022-06-16T09:10:00Z,1,wind_speed_mps,ndbc,CSPA2
,,5976,2022-06-16T09:12:00Z,2.1,wind_speed_mps,ndbc,CWBF1
,,5977,2022-06-16T09:00:00Z,5.1,wind_speed_mps,ndbc,CWCI
,,5978,2022-06-16T09:00:00Z,6.7,wind_speed_mps,ndbc,DBLN6
,,5979,2022-06-16T09:00:00Z,3.1,wind_speed_mps,ndbc,DELD1
,,5980,2022-06-16T09:00:00Z,5.1,wind_speed_mps,ndbc,DESW1
,,5981,2022-06-16T09:00:00Z,8.2,wind_speed_mps,ndbc,DISW3
,,5982,2022-06-16T09:00:00Z,2.6,wind_speed_mps,ndbc,DOMV2
,,5983,2022-06-16T07:30:00Z,1,wind_speed_mps,ndbc,DPHA1
,,5984,2022-06-16T09:00:00Z,5.7,wind_speed_mps,ndbc,DPXC1
,,5985,2022-06-16T08:30:00Z,2.1,wind_speed_mps,ndbc,DRSD1
,,5986,2022-06-16T09:00:00Z,1.5,wind_speed_mps,ndbc,DTLM4
,,5987,2022-06-16T09:00:00Z,4.1,wind_speed_mps,ndbc,DUKN7
,,5988,2022-06-16T09:00:00Z,3.1,wind_speed_mps,ndbc,DULM5
,,5989,2022-06-16T09:18:00Z,2.1,wind_speed_mps,ndbc,EINL1
,,5990,2022-06-16T08:45:00Z,1.5,wind_speed_mps,ndbc,ELXC1
,,5991,2022-06-16T09:18:00Z,4.6,wind_speed_mps,ndbc,EMAT2
,,5992,2022-06-16T09:18:00Z,3.6,wind_speed_mps,ndbc,EPTT2
,,5993,2022-06-16T09:00:00Z,2.1,wind_speed_mps,ndbc,EREP1
,,5994,2022-06-16T09:24:00Z,11.3,wind_speed_mps,ndbc,EROA2
,,5995,2022-06-16T09:32:00Z,10.3,wind_speed_mps,ndbc,ERXA2
,,5996,2022-06-16T09:12:00Z,4.1,wind_speed_mps,ndbc,ESPP4
,,5997,2022-06-16T09:00:00Z,10.8,wind_speed_mps,ndbc,FAIO1
,,5998,2022-06-16T09:00:00Z,5.1,wind_speed_mps,ndbc,FBIS1
,,5999,2022-06-16T09:00:00Z,6.7,wind_speed_mps,ndbc,FFIA2
,,6000,2022-06-16T08:54:00Z,2.1,wind_speed_mps,ndbc,FHPF1
,,6001,2022-06-16T09:30:00Z,1,wind_speed_mps,ndbc,FILA2
,,6002,2022-06-16T09:18:00Z,2.6,wind_speed_mps,ndbc,FMOA1
,,6003,2022-06-16T09:18:00Z,1.5,wind_speed_mps,ndbc,FMRF1
,,6004,2022-06-16T09:00:00Z,1.5,wind_speed_mps,ndbc,FOXR1
,,6005,2022-06-16T09:00:00Z,4.1,wind_speed_mps,ndbc,FPKG1
,,6006,2022-06-16T09:18:00Z,6.2,wind_speed_mps,ndbc,FPST2
,,6007,2022-06-16T08:40:00Z,5.1,wind_speed_mps,ndbc,FPTM4
,,6008,2022-06-16T09:18:00Z,0.5,wind_speed_mps,ndbc,FRDF1
,,6009,2022-06-16T08:36:00Z,2.1,wind_speed_mps,ndbc,FRDW1
,,6010,2022-06-16T09:00:00Z,5.7,wind_speed_mps,ndbc,FSKM2
,,6011,2022-06-16T09:00:00Z,4.1,wind_speed_mps,ndbc,FTGM4
,,6012,2022-06-16T09:00:00Z,6.2,wind_speed_mps,ndbc,FTPC1
,,6013,2022-06-16T09:00:00Z,6.2,wind_speed_mps,ndbc,FWYF1
,,6014,2022-06-16T09:00:00Z,0,wind_speed_mps,ndbc,GBWW3
,,6015,2022-06-16T08:30:00Z,2.1,wind_speed_mps,ndbc,GELO1
,,6016,2022-06-16T09:33:00Z,0.5,wind_speed_mps,ndbc,GEXA2
,,6017,2022-06-16T09:18:00Z,3.1,wind_speed_mps,ndbc,GISL1
,,6018,2022-06-16T09:32:00Z,1,wind_speed_mps,ndbc,GIXA2
,,6019,2022-06-16T09:30:00Z,11.8,wind_speed_mps,ndbc,GRIM4
,,6020,2022-06-16T08:40:00Z,3.1,wind_speed_mps,ndbc,GRMM4
,,6021,2022-06-16T09:18:00Z,2.6,wind_speed_mps,ndbc,GRRT2
,,6022,2022-06-16T08:40:00Z,12.4,wind_speed_mps,ndbc,GSLM4
,,6023,2022-06-16T08:40:00Z,4.6,wind_speed_mps,ndbc,GTLM4
,,6024,2022-06-16T09:18:00Z,2.1,wind_speed_mps,ndbc,GTOT2
,,6025,2022-06-16T09:00:00Z,0,wind_speed_mps,ndbc,GTRM4
,,6026,2022-06-16T08:45:00Z,1,wind_speed_mps,ndbc,GTXF1
,,6027,2022-06-16T09:32:00Z,0.5,wind_speed_mps,ndbc,GUXA2
,,6028,2022-06-16T09:32:00Z,1.5,wind_speed_mps,ndbc,HAXA2
,,6029,2022-06-16T09:00:00Z,2.1,wind_speed_mps,ndbc,HCGN7
,,6030,2022-06-16T09:00:00Z,4.6,wind_speed_mps,ndbc,HHLO1
,,6031,2022-06-16T09:18:00Z,1.5,wind_speed_mps,ndbc,HIST2
,,6032,2022-06-16T09:00:00Z,6.7,wind_speed_mps,ndbc,HLNM4
,,6033,2022-06-16T08:30:00Z,2.1,wind_speed_mps,ndbc,HMRA2
,,6034,2022-06-16T09:32:00Z,1.5,wind_speed_mps,ndbc,HMSA2
,,6035,2022-06-16T09:00:00Z,2.6,wind_speed_mps,ndbc,HRBM4
,,6036,2022-06-16T09:32:00Z,0.5,wind_speed_mps,ndbc,ICYA2
,,6037,2022-06-16T09:00:00Z,1.5,wind_speed_mps,ndbc,ILOH1
,,6038,2022-06-16T09:00:00Z,5.1,wind_speed_mps,ndbc,IOSN3
,,6039,2022-06-16T09:18:00Z,5.7,wind_speed_mps,ndbc,IRDT2
,,6040,2022-06-16T08:00:00Z,1,wind_speed_mps,ndbc,JAKI2
,,6041,2022-06-16T08:30:00Z,0,wind_speed_mps,ndbc,JCRN4
,,6042,2022-06-16T09:33:00Z,1,wind_speed_mps,ndbc,JLXA2
,,6043,2022-06-16T09:32:00Z,5.1,wind_speed_mps,ndbc,JMLA2
,,6044,2022-06-16T09:00:00Z,4.1,wind_speed_mps,ndbc,JMPN7
,,6045,2022-06-16T09:00:00Z,1,wind_speed_mps,ndbc,JNEA2
,,6046,2022-06-16T09:33:00Z,2.6,wind_speed_mps,ndbc,JNGA2
,,6047,2022-06-16T08:45:00Z,0.5,wind_speed_mps,ndbc,JOXP4
,,6048,2022-06-16T09:35:00Z,6.7,wind_speed_mps,ndbc,KBQX
,,6049,2022-06-16T09:00:00Z,1,wind_speed_mps,ndbc,KDAA2
,,6050,2022-06-16T09:00:00Z,0.5,wind_speed_mps,ndbc,KECA2
,,6051,2022-06-16T09:32:00Z,3.6,wind_speed_mps,ndbc,KEXA2
,,6052,2022-06-16T09:00:00Z,6.2,wind_speed_mps,ndbc,KGCA2
,,6053,2022-06-16T09:35:00Z,0,wind_speed_mps,ndbc,KGHB
,,6054,2022-06-16T08:56:00Z,0,wind_speed_mps,ndbc,KGNA
,,6055,2022-06-16T09:35:00Z,0,wind_speed_mps,ndbc,KGRY
,,6056,2022-06-16T09:45:00Z,2.1,wind_speed_mps,ndbc,KGUL
,,6057,2022-06-16T09:35:00Z,2.6,wind_speed_mps,ndbc,KHHV
,,6058,2022-06-16T09:00:00Z,6.7,wind_speed_mps,ndbc,KLIH1
,,6059,2022-06-16T09:00:00Z,3.6,wind_speed_mps,ndbc,KNSW3
,,6060,2022-06-16T08:56:00Z,4.1,wind_speed_mps,ndbc,KP53
,,6061,2022-06-16T08:55:00Z,2.1,wind_speed_mps,ndbc,KP58
,,6062,2022-06-16T08:51:00Z,3.6,wind_speed_mps,ndbc,KP59
,,6063,2022-06-16T09:00:00Z,3.6,wind_speed_mps,ndbc,KPTN6
,,6064,2022-06-16T09:00:00Z,3.1,wind_speed_mps,ndbc,KPTV2
,,6065,2022-06-16T09:00:00Z,0.5,wind_speed_mps,ndbc,KTNF1
,,6066,2022-06-16T09:35:00Z,5.1,wind_speed_mps,ndbc,KVAF
,,6067,2022-06-16T09:35:00Z,0,wind_speed_mps,ndbc,KVKY
,,6068,2022-06-16T09:35:00Z,1.5,wind_speed_mps,ndbc,KVOA
,,6069,2022-06-16T09:00:00Z,3.1,wind_speed_mps,ndbc,KWHH1
,,6070,2022-06-16T09:00:00Z,2.1,wind_speed_mps,ndbc,KWNW3
,,6071,2022-06-16T09:18:00Z,1.5,wind_speed_mps,ndbc,KYWF1
,,6072,2022-06-16T08:36:00Z,2.1,wind_speed_mps,ndbc,LAPW1
,,6073,2022-06-16T09:10:00Z,4.6,wind_speed_mps,ndbc,LCNA2
,,6074,2022-06-16T09:10:00Z,1.5,wind_speed_mps,ndbc,LDLC3
,,6075,2022-06-16T09:00:00Z,5.7,wind_speed_mps,ndbc,LDTM4
,,6076,2022-06-16T09:32:00Z,5.7,wind_speed_mps,ndbc,LIXA2
,,6077,2022-06-16T09:00:00Z,1.5,wind_speed_mps,ndbc,LJAC1
,,6078,2022-06-16T09:20:00Z,1,wind_speed_mps,ndbc,LJPC1
,,6079,2022-06-16T09:18:00Z,2.6,wind_speed_mps,ndbc,LKWF1
,,6080,2022-06-16T09:20:00Z,3.1,wind_speed_mps,ndbc,LMFS1
,,6081,2022-06-16T09:00:00Z,2.6,wind_speed_mps,ndbc,LNDC1
,,6082,2022-06-16T09:30:00Z,4.1,wind_speed_mps,ndbc,LONF1
,,6083,2022-06-16T09:02:00Z,1.5,wind_speed_mps,ndbc,LOPL1
,,6084,2022-06-16T09:30:00Z,10.8,wind_speed_mps,ndbc,LORO1
,,6085,2022-06-16T09:00:00Z,2.6,wind_speed_mps,ndbc,LPNM4
,,6086,2022-06-16T09:18:00Z,8.2,wind_speed_mps,ndbc,LQAT2
,,6087,2022-06-16T09:18:00Z,3.1,wind_speed_mps,ndbc,LTBV3
,,6088,2022-06-16T09:00:00Z,3.1,wind_speed_mps,ndbc,LTRM4
,,6089,2022-06-16T09:18:00Z,4.1,wind_speed_mps,ndbc,LUIT2
,,6090,2022-06-16T09:00:00Z,3.6,wind_speed_mps,ndbc,LWTV2
,,6091,2022-06-16T09:00:00Z,6.2,wind_speed_mps,ndbc,MACM4
,,6092,2022-06-16T09:00:00Z,6.7,wind_speed_mps,ndbc,MAXT2
,,6093,2022-06-16T09:18:00Z,6.7,wind_speed_mps,ndbc,MBET2
,,6094,2022-06-16T09:00:00Z,4.6,wind_speed_mps,ndbc,MBIN7
,,6095,2022-06-16T09:00:00Z,2.6,wind_speed_mps,ndbc,MBNN7
,,6096,2022-06-16T09:18:00Z,2.6,wind_speed_mps,ndbc,MCGA1
,,6097,2022-06-16T09:00:00Z,3.1,wind_speed_mps,ndbc,MCGM4
,,6098,2022-06-16T09:20:00Z,3.1,wind_speed_mps,ndbc,MCYI3
,,6099,2022-06-16T09:00:00Z,6.2,wind_speed_mps,ndbc,MDRM1
,,6100,2022-06-16T08:36:00Z,1,wind_speed_mps,ndbc,MEYC1
,,6101,2022-06-16T09:18:00Z,1.5,wind_speed_mps,ndbc,MGIP4
,,6102,2022-06-16T09:18:00Z,0,wind_speed_mps,ndbc,MGZP4
,,6103,2022-06-16T09:18:00Z,5.7,wind_speed_mps,ndbc,MHBT2
,,6104,2022-06-16T09:00:00Z,2.6,wind_speed_mps,ndbc,MHRN6
,,6105,2022-06-16T09:00:00Z,4.1,wind_speed_mps,ndbc,MISM1
,,6106,2022-06-16T09:30:00Z,5.7,wind_speed_mps,ndbc,MKGM4
,,6107,2022-06-16T09:20:00Z,3.1,wind_speed_mps,ndbc,MLWW3
,,6108,2022-06-16T09:00:00Z,4.6,wind_speed_mps,ndbc,MNMM4
,,6109,2022-06-16T09:00:00Z,1.5,wind_speed_mps,ndbc,MNPV2
,,6110,2022-06-16T08:36:00Z,5.1,wind_speed_mps,ndbc,MOKH1
,,6111,2022-06-16T09:00:00Z,2.6,wind_speed_mps,ndbc,MRHO1
,,6112,2022-06-16T09:30:00Z,0,wind_speed_mps,ndbc,MRKA2
,,6113,2022-06-16T09:32:00Z,1,wind_speed_mps,ndbc,MRNA2
,,6114,2022-06-16T09:00:00Z,5.1,wind_speed_mps,ndbc,MROS1
,,6115,2022-06-16T09:32:00Z,3.1,wind_speed_mps,ndbc,MRYA2
,,6116,2022-06-16T09:18:00Z,3.1,wind_speed_mps,ndbc,MTBF1
,,6117,2022-06-16T09:32:00Z,1,wind_speed_mps,ndbc,MVXA2
,,6118,2022-06-16T09:32:00Z,2.1,wind_speed_mps,ndbc,MXXA2
,,6119,2022-06-16T09:18:00Z,0,wind_speed_mps,ndbc,MYPF1
,,6120,2022-06-16T09:00:00Z,3.6,wind_speed_mps,ndbc,MZXC1
,,6121,2022-06-16T08:40:00Z,4.1,wind_speed_mps,ndbc,NABM4
,,6122,2022-06-16T08:45:00Z,1,wind_speed_mps,ndbc,NAXR1
,,6123,2022-06-16T09:00:00Z,1.5,wind_speed_mps,ndbc,NBLP1
,,6124,2022-06-16T09:00:00Z,2.1,wind_speed_mps,ndbc,NCDV2
,,6125,2022-06-16T09:18:00Z,1.5,wind_speed_mps,ndbc,NCHT2
,,6126,2022-06-16T09:18:00Z,2.1,wind_speed_mps,ndbc,NFDF1
,,6127,2022-06-16T08:45:00Z,2.6,wind_speed_mps,ndbc,NIWS1
,,6128,2022-06-16T08:24:00Z,0.5,wind_speed_mps,ndbc,NJLC1
,,6129,2022-06-16T09:32:00Z,11.8,wind_speed_mps,ndbc,NKLA2
,,6130,2022-06-16T09:00:00Z,5.7,wind_speed_mps,ndbc,NKTA2
,,6131,2022-06-16T09:32:00Z,1,wind_speed_mps,ndbc,NKXA2
,,6132,2022-06-16T09:00:00Z,2.6,wind_speed_mps,ndbc,NMTA2
,,6133,2022-06-16T08:40:00Z,2.6,wind_speed_mps,ndbc,NPDW3
,,6134,2022-06-16T09:18:00Z,1.5,wind_speed_mps,ndbc,NPSF1
,,6135,2022-06-16T08:30:00Z,1.5,wind_speed_mps,ndbc,NPXN6
,,6136,2022-06-16T08:30:00Z,3.6,wind_speed_mps,ndbc,NREP1
,,6137,2022-06-16T08:36:00Z,4.6,wind_speed_mps,ndbc,NTBC1
,,6138,2022-06-16T09:00:00Z,1,wind_speed_mps,ndbc,NTKM3
,,6139,2022-06-16T09:12:00Z,5.7,wind_speed_mps,ndbc,NUET2
,,6140,2022-06-16T09:18:00Z,3.1,wind_speed_mps,ndbc,NWCL1
,,6141,2022-06-16T09:00:00Z,2.1,wind_speed_mps,ndbc,NWHC3
,,6142,2022-06-16T09:00:00Z,3.1,wind_speed_mps,ndbc,NWPO3
,,6143,2022-06-16T09:00:00Z,1.5,wind_speed_mps,ndbc,NWPR1
,,6144,2022-06-16T09:00:00Z,3.1,wind_speed_mps,ndbc,NWWH1
,,6145,2022-06-16T09:00:00Z,2.6,wind_speed_mps,ndbc,OCIM2
,,6146,2022-06-16T08:00:00Z,0,wind_speed_mps,ndbc,OKSI2
,,6147,2022-06-16T09:00:00Z,1,wind_speed_mps,ndbc,OKXC1
,,6148,2022-06-16T09:00:00Z,4.1,wind_speed_mps,ndbc,OLCN6
,,6149,2022-06-16T09:00:00Z,11.3,wind_speed_mps,ndbc,OLSA2
,,6150,2022-06-16T09:00:00Z,3.1,wind_speed_mps,ndbc,OMHC1
,,6151,2022-06-16T09:00:00Z,0,wind_speed_mps,ndbc,OOUH1
,,6152,2022-06-16T09:18:00Z,0.5,wind_speed_mps,ndbc,OPTF1
,,6153,2022-06-16T09:00:00Z,1.5,wind_speed_mps,ndbc,ORIN7
,,6154,2022-06-16T09:00:00Z,6.2,wind_speed_mps,ndbc,OSGN6
,,6155,2022-06-16T08:00:00Z,3.6,wind_speed_mps,ndbc,OTNM4
,,6156,2022-06-16T08:45:00Z,1.5,wind_speed_mps,ndbc,OWXO1
,,6157,2022-06-16T09:18:00Z,0,wind_speed_mps,ndbc,PACF1
,,6158,2022-06-16T09:18:00Z,3.6,wind_speed_mps,ndbc,PACT2
,,6159,2022-06-16T09:33:00Z,1.5,wind_speed_mps,ndbc,PAXA2
,,6160,2022-06-16T08:30:00Z,1,wind_speed_mps,ndbc,PBFW1
,,6161,2022-06-16T09:10:00Z,0,wind_speed_mps,ndbc,PBPA2
,,6162,2022-06-16T09:12:00Z,1.5,wind_speed_mps,ndbc,PCBF1
,,6163,2022-06-16T09:18:00Z,2.6,wind_speed_mps,ndbc,PCGT2
,,6164,2022-06-16T09:18:00Z,0.5,wind_speed_mps,ndbc,PCLF1
,,6165,2022-06-16T09:12:00Z,6.7,wind_speed_mps,ndbc,PCNT2
,,6166,2022-06-16T09:00:00Z,2.6,wind_speed_mps,ndbc,PCOC1
,,6167,2022-06-16T09:00:00Z,2.1,wind_speed_mps,ndbc,PDVR1
,,6168,2022-06-16T09:18:00Z,4.1,wind_speed_mps,ndbc,PEGF1
,,6169,2022-06-16T08:54:00Z,1.5,wind_speed_mps,ndbc,PFDC1
,,6170,2022-06-16T09:00:00Z,2.1,wind_speed_mps,ndbc,PFXC1
,,6171,2022-06-16T09:00:00Z,2.1,wind_speed_mps,ndbc,PGBP7
,,6172,2022-06-16T09:33:00Z,5.7,wind_speed_mps,ndbc,PGXA2
,,6173,2022-06-16T09:30:00Z,1.5,wind_speed_mps,ndbc,PILA2
,,6174,2022-06-16T09:18:00Z,0.5,wind_speed_mps,ndbc,PILL1
,,6175,2022-06-16T09:00:00Z,6.7,wind_speed_mps,ndbc,PILM4
,,6176,2022-06-16T09:00:00Z,2.1,wind_speed_mps,ndbc,PKBW3
,,6177,2022-06-16T09:00:00Z,1,wind_speed_mps,ndbc,PLXA2
,,6178,2022-06-16T08:40:00Z,6.7,wind_speed_mps,ndbc,PNGW3
,,6179,2022-06-16T09:00:00Z,3.1,wind_speed_mps,ndbc,PNLM4
,,6180,2022-06-16T09:00:00Z,5.1,wind_speed_mps,ndbc,PORO3
,,6181,2022-06-16T09:18:00Z,1.5,wind_speed_mps,ndbc,PORT2
,,6182,2022-06-16T09:30:00Z,0,wind_speed_mps,ndbc,POTA2
,,6183,2022-06-16T09:00:00Z,5.1,wind_speed_mps,ndbc,PPTM2
,,6184,2022-06-16T09:00:00Z,6.2,wind_speed_mps,ndbc,PPXC1
,,6185,2022-06-16T09:00:00Z,7.2,wind_speed_mps,ndbc,PRDA2
,,6186,2022-06-16T09:00:00Z,2.1,wind_speed_mps,ndbc,PRJC1
,,6187,2022-06-16T09:10:00Z,1,wind_speed_mps,ndbc,PRTA2
,,6188,2022-06-16T09:00:00Z,4.6,wind_speed_mps,ndbc,PSBC1
,,6189,2022-06-16T09:00:00Z,1.5,wind_speed_mps,ndbc,PSBM1
,,6190,2022-06-16T09:00:00Z,2.1,wind_speed_mps,ndbc,PSCM4
,,6191,2022-06-16T09:00:00Z,0,wind_speed_mps,ndbc,PSLC1
,,6192,2022-06-16T09:00:00Z,2.1,wind_speed_mps,ndbc,PSXC1
,,6193,2022-06-16T09:00:00Z,6.7,wind_speed_mps,ndbc,PTAT2
,,6194,2022-06-16T09:18:00Z,2.1,wind_speed_mps,ndbc,PTBM6
,,6195,2022-06-16T09:00:00Z,0,wind_speed_mps,ndbc,PTCR1
,,6196,2022-06-16T09:00:00Z,5.7,wind_speed_mps,ndbc,PTGC1
,,6197,2022-06-16T09:00:00Z,3.1,wind_speed_mps,ndbc,PTIM4
,,6198,2022-06-16T09:18:00Z,3.1,wind_speed_mps,ndbc,PTIT2
,,6199,2022-06-16T09:32:00Z,2.6,wind_speed_mps,ndbc,PTLA2
,,6200,2022-06-16T09:00:00Z,0.5,wind_speed_mps,ndbc,PTWW1
,,6201,2022-06-16T09:00:00Z,0.5,wind_speed_mps,ndbc,PVDR1
,,6202,2022-06-16T08:40:00Z,3.1,wind_speed_mps,ndbc,PWAW3
,,6203,2022-06-16T08:54:00Z,2.1,wind_speed_mps,ndbc,PXAC1
,,6204,2022-06-16T09:00:00Z,0,wind_speed_mps,ndbc,PXOC1
,,6205,2022-06-16T09:00:00Z,2.1,wind_speed_mps,ndbc,QPTR1
,,6206,2022-06-16T09:00:00Z,2.1,wind_speed_mps,ndbc,RCKM4
,,6207,2022-06-16T09:00:00Z,5.7,wind_speed_mps,ndbc,RCMC1
,,6208,2022-06-16T09:18:00Z,7.2,wind_speed_mps,ndbc,RCPT2
,,6209,2022-06-16T09:00:00Z,3.6,wind_speed_mps,ndbc,RDDA2
,,6210,2022-06-16T09:32:00Z,2.6,wind_speed_mps,ndbc,RIXA2
,,6211,2022-06-16T08:45:00Z,1,wind_speed_mps,ndbc,RKXF1
,,6212,2022-06-16T09:12:00Z,5.7,wind_speed_mps,ndbc,RLIT2
,,6213,2022-06-16T09:18:00Z,1.5,wind_speed_mps,ndbc,RLOT2
,,6214,2022-06-16T09:00:00Z,2.6,wind_speed_mps,ndbc,ROAM4
,,6215,2022-06-16T09:00:00Z,4.1,wind_speed_mps,ndbc,ROBN4
,,6216,2022-06-16T09:00:00Z,5.7,wind_speed_mps,ndbc,RPLV2
,,6217,2022-06-16T09:00:00Z,6.2,wind_speed_mps,ndbc,RPRN6
,,6218,2022-06-16T09:18:00Z,8.8,wind_speed_mps,ndbc,RSJT2
,,6219,2022-06-16T09:18:00Z,2.6,wind_speed_mps,ndbc,RTAT2
,,6220,2022-06-16T09:00:00Z,4.1,wind_speed_mps,ndbc,RTYC1
,,6221,2022-06-16T09:30:00Z,5.7,wind_speed_mps,ndbc,SANF1
,,6222,2022-06-16T09:18:00Z,1,wind_speed_mps,ndbc,SAPF1
,,6223,2022-06-16T09:00:00Z,2.1,wind_speed_mps,ndbc,SAUF1
,,6224,2022-06-16T09:00:00Z,1,wind_speed_mps,ndbc,SAXG1
,,6225,2022-06-16T09:00:00Z,3.1,wind_speed_mps,ndbc,SBEO3
,,6226,2022-06-16T09:00:00Z,7.2,wind_speed_mps,ndbc,SBIO1
,,6227,2022-06-16T09:00:00Z,6.7,wind_speed_mps,ndbc,SBLM4
,,6228,2022-06-16T09:32:00Z,3.6,wind_speed_mps,ndbc,SCXA2
,,6229,2022-06-16T09:00:00Z,2.6,wind_speed_mps,ndbc,SDHN4
,,6230,2022-06-16T09:26:00Z,1,wind_speed_mps,ndbc,SDIA2
,,6231,2022-06-16T09:18:00Z,7.2,wind_speed_mps,ndbc,SDRT2
,,6232,2022-06-16T08:45:00Z,5.7,wind_speed_mps,ndbc,SFXC1
,,6233,2022-06-16T09:18:00Z,5.1,wind_speed_mps,ndbc,SGNT2
,,6234,2022-06-16T09:00:00Z,5.1,wind_speed_mps,ndbc,SGNW3
,,6235,2022-06-16T09:00:00Z,0,wind_speed_mps,ndbc,SGOF1
,,6236,2022-06-16T09:12:00Z,3.1,wind_speed_mps,ndbc,SHBL1
,,6237,2022-06-16T07:54:00Z,2.1,wind_speed_mps,ndbc,SHPF1
,,6238,2022-06-16T09:33:00Z,0,wind_speed_mps,ndbc,SHXA2
,,6239,2022-06-16T09:22:00Z,5.7,wind_speed_mps,ndbc,SISA2
,,6240,2022-06-16T09:30:00Z,2.6,wind_speed_mps,ndbc,SISW1
,,6241,2022-06-16T09:18:00Z,3.1,wind_speed_mps,ndbc,SJNP4
,,6242,2022-06-16T09:00:00Z,7.2,wind_speed_mps,ndbc,SJSN4
,,6243,2022-06-16T09:12:00Z,1.5,wind_speed_mps,ndbc,SKCF1
,,6244,2022-06-16T09:33:00Z,1.5,wind_speed_mps,ndbc,SKXA2
,,6245,2022-06-16T09:00:00Z,4.1,wind_speed_mps,ndbc,SLIM2
,,6246,2022-06-16T08:40:00Z,6.2,wind_speed_mps,ndbc,SLVM5
,,6247,2022-06-16T09:33:00Z,1.5,wind_speed_mps,ndbc,SLXA2
,,6248,2022-06-16T09:30:00Z,5.1,wind_speed_mps,ndbc,SMKF1
,,6249,2022-06-16T09:00:00Z,4.1,wind_speed_mps,ndbc,SNDA2
,,6250,2022-06-16T08:30:00Z,2.1,wind_speed_mps,ndbc,SNTO3
,,6251,2022-06-16T09:00:00Z,0.5,wind_speed_mps,ndbc,SPGF1
,,6252,2022-06-16T09:33:00Z,2.1,wind_speed_mps,ndbc,SPXA2
,,6253,2022-06-16T09:00:00Z,4.6,wind_speed_mps,ndbc,SRST2
,,6254,2022-06-16T09:00:00Z,9.3,wind_speed_mps,ndbc,STDM4
,,6255,2022-06-16T09:33:00Z,0.5,wind_speed_mps,ndbc,STXA2
,,6256,2022-06-16T09:30:00Z,9.3,wind_speed_mps,ndbc,SVNM4
,,6257,2022-06-16T09:00:00Z,3.6,wind_speed_mps,ndbc,SWPM4
,,6258,2022-06-16T08:40:00Z,4.6,wind_speed_mps,ndbc,SXHW3
,,6259,2022-06-16T09:33:00Z,1.5,wind_speed_mps,ndbc,SXXA2
,,6260,2022-06-16T08:40:00Z,3.1,wind_speed_mps,ndbc,TAWM4
,,6261,2022-06-16T09:00:00Z,5.7,wind_speed_mps,ndbc,TBIM4
,,6262,2022-06-16T09:00:00Z,2.1,wind_speed_mps,ndbc,TCBM2
,,6263,2022-06-16T09:00:00Z,0.5,wind_speed_mps,ndbc,TCMW1
,,6264,2022-06-16T09:18:00Z,0,wind_speed_mps,ndbc,TESL1
,,6265,2022-06-16T09:00:00Z,8.2,wind_speed_mps,ndbc,THLO1
,,6266,2022-06-16T09:00:00Z,3.6,wind_speed_mps,ndbc,THRO1
,,6267,2022-06-16T08:17:00Z,0,wind_speed_mps,ndbc,TIBC1
,,6268,2022-06-16T08:45:00Z,1,wind_speed_mps,ndbc,TIXC1
,,6269,2022-06-16T09:32:00Z,0.5,wind_speed_mps,ndbc,TKEA2
,,6270,2022-06-16T09:00:00Z,3.1,wind_speed_mps,ndbc,TKPN6
,,6271,2022-06-16T09:00:00Z,2.6,wind_speed_mps,ndbc,TOKW1
,,6272,2022-06-16T09:00:00Z,7.2,wind_speed_mps,ndbc,TPLM2
,,6273,2022-06-16T09:18:00Z,1.5,wind_speed_mps,ndbc,TRDF1
,,6274,2022-06-16T09:20:00Z,7.7,wind_speed_mps,ndbc,TWCO1
,,6275,2022-06-16T09:18:00Z,3.1,wind_speed_mps,ndbc,TXPT2
,,6276,2022-06-16T09:00:00Z,9.3,wind_speed_mps,ndbc,UNLA2
,,6277,2022-06-16T09:00:00Z,4.6,wind_speed_mps,ndbc,UPBC1
,,6278,2022-06-16T09:12:00Z,3.1,wind_speed_mps,ndbc,VAKF1
,,6279,2022-06-16T09:18:00Z,2.1,wind_speed_mps,ndbc,VCAF1
,,6280,2022-06-16T09:18:00Z,4.1,wind_speed_mps,ndbc,VCAT2
,,6281,2022-06-16T09:00:00Z,0.5,wind_speed_mps,ndbc,VDZA2
,,6282,2022-06-16T09:00:00Z,1,wind_speed_mps,ndbc,VENF1
,,6283,2022-06-16T09:18:00Z,3.1,wind_speed_mps,ndbc,VTBT2
,,6284,2022-06-16T09:00:00Z,2.6,wind_speed_mps,ndbc,WAHV2
,,6285,2022-06-16T09:00:00Z,5.7,wind_speed_mps,ndbc,WAKP8
,,6286,2022-06-16T09:00:00Z,2.6,wind_speed_mps,ndbc,WASD2
,,6287,2022-06-16T09:30:00Z,0.5,wind_speed_mps,ndbc,WATS1
,,6288,2022-06-16T08:45:00Z,0,wind_speed_mps,ndbc,WAXM3
,,6289,2022-06-16T09:33:00Z,1.5,wind_speed_mps,ndbc,WCXA2
,,6290,2022-06-16T09:00:00Z,2.6,wind_speed_mps,ndbc,WDSV2
,,6291,2022-06-16T09:00:00Z,1.5,wind_speed_mps,ndbc,WELM1
,,6292,2022-06-16T09:00:00Z,1,wind_speed_mps,ndbc,WEXM1
,,6293,2022-06-16T08:40:00Z,3.6,wind_speed_mps,ndbc,WFPM4
,,6294,2022-06-16T08:00:00Z,4.1,wind_speed_mps,ndbc,WHRI2
,,6295,2022-06-16T09:00:00Z,2.6,wind_speed_mps,ndbc,WNEM4
,,6296,2022-06-16T09:00:00Z,2.1,wind_speed_mps,ndbc,WPOW1
,,6297,2022-06-16T08:36:00Z,3.6,wind_speed_mps,ndbc,WPTW1
,,6298,2022-06-16T08:00:00Z,2.6,wind_speed_mps,ndbc,WRBF1
,,6299,2022-06-16T09:00:00Z,9.8,wind_speed_mps,ndbc,WSLM4
,,6300,2022-06-16T09:18:00Z,0,wind_speed_mps,ndbc,WYCM6
,,6301,2022-06-16T09:00:00Z,5.7,wind_speed_mps,ndbc,YKRV2
,,6302,2022-06-16T09:00:00Z,1,wind_speed_mps,ndbc,YKTV2
,,6303,2022-06-16T08:30:00Z,0,wind_speed_mps,ndbc,YRSV2

